motif_id	motif_alt_id	sequence_name	start	stop	strand	score	p-value	q-value	matched_sequence
pattern_2		17:47024829:G:T:A:wC	122	151	+	45.4268	5.94e-18	6.88e-13	CTTTGGGAGGCCGAGGCGGGTGGATCACGA
pattern_2		17:80666278:C:T:A:wC	127	156	+	45.4268	5.94e-18	6.88e-13	CTTTGGGAGGCCGAGGCGGGTGGATCACGA
pattern_2		2:112399560:G:A:A:wC	62	91	+	45.2439	7.54e-18	6.88e-13	CTTTGGGAGGCCGAGGCGGGCGGATCACGA
pattern_2		9:205297:A:G:A:wC	72	101	+	45.2439	7.54e-18	6.88e-13	CTTTGGGAGGCCGAGGCGGGCGGATCACGA
pattern_2		8:538149:C:A:R:wC	75	104	+	45.2439	7.54e-18	6.88e-13	CTTTGGGAGGCCGAGGCGGGCGGATCACGA
pattern_2		19:12374506:C:T:R:wC	89	118	+	45.2439	7.54e-18	6.88e-13	CTTTGGGAGGCCGAGGCGGGCGGATCACGA
pattern_2		17:70496105:C:T:A:wC	127	156	+	45.2439	7.54e-18	6.88e-13	CTTTGGGAGGCCGAGGCGGGCGGATCACGA
pattern_2		10:97877485:G:A:A:wC	128	157	+	45.2439	7.54e-18	6.88e-13	CTTTGGGAGGCCGAGGCGGGCGGATCACGA
pattern_2		8:17514797:A:G:A:wC	135	164	+	45.2439	7.54e-18	6.88e-13	CTTTGGGAGGCCGAGGCGGGCGGATCACGA
pattern_2		2:100680279:C:T:A:wC	127	156	+	45.122	9.66e-18	7.93e-13	CTTTGGGAGGCTGAGGCGGGTGGATCACCT
pattern_2		17:19486721:C:T:A:wC	161	190	+	44.939	1.42e-17	1.06e-12	CTTTGGGAGGCTGAGGCGGGCGGATCACCT
pattern_2		8:144395504:C:T:A:wC	71	100	+	44.8171	1.72e-17	1.18e-12	CTTTGGGAGGCCGAGGTGGGTGGATCACCT
pattern_2		6:125042407:G:A:R:wC	10	39	+	44.7683	1.92e-17	1.21e-12	CTTTGGGAGGCCGAGGCGGGAGGATCACGA
pattern_2		16:74532561:G:A:A:wC	56	85	+	44.6341	2.43e-17	1.43e-12	CTTTGGGAGGCCGAGGCGGGTGGATCATCT
pattern_2		7:128334356:C:T:R:wC	84	113	+	44.2927	4.22e-17	2.31e-12	CTTTGGGAGGCTGAGGCGGGCGGATCACTT
pattern_2		1:3743995:G:A:A:wC	123	152	-	44.0732	5.78e-17	2.97e-12	CTTTGGGAGGCCGAGGCAGGAGGATCACTT
pattern_2		17:47135491:T:C:A:wC	117	146	+	43.9756	6.83e-17	3.3e-12	CTTTGGGAGGCCAAGGCGGGCGGATCACCT
pattern_2		10:42862079:T:C:A:wC	169	198	+	43.6707	1.07e-16	4.86e-12	CTTTGGGAGGCCGAGGCGGGTGGGTCACCT
pattern_2		19:12374506:C:T:A:wC	89	118	+	43.5976	1.16e-16	5.02e-12	CTTTGGGAGGCTGAGGCGGGCGGATCACGA
pattern_2		9:132524895:C:G:A:wC	87	116	-	43.3293	1.71e-16	6.19e-12	CTTTGGGAGGCCAAGGCGGGCGGATCACTT
pattern_2		17:80429127:T:C:A:wC	59	88	+	43.2927	1.81e-16	6.19e-12	CTTTGGGAGGCCGAGGTGGGCGGATCACGA
pattern_2		2:3634399:C:T:A:wC	84	113	+	43.2927	1.81e-16	6.19e-12	CTTTGGGAGGCCGAGGTGGGCGGATCACGA
pattern_2		17:46957696:G:C:A:wC	112	141	+	43.2927	1.81e-16	6.19e-12	CTTTGGGAGGCCGAGGCGGGTGGATCATGA
pattern_2		9:5329029:T:C:R:wC	129	158	+	43.2927	1.81e-16	6.19e-12	CTTTGGGAGGCCGAGGCGGGTGGATCATGA
pattern_2		7:130994364:G:A:R:wC	142	171	-	43.1707	2.15e-16	7.06e-12	CTTTGGGAGGCTGAGGTGGGTGGATCACCT
pattern_2		2:61378186:C:A:A:wC	121	150	+	43.0732	2.46e-16	7.76e-12	CTTTGGGAGGCCGAGGCGGGAGGATCACAA
pattern_2		10:46349801:T:C:R:wC	129	158	+	42.9878	2.78e-16	8.46e-12	CTTTGGGAGGCTGAGGCGGGTGGATCATCT
pattern_2		16:81539375:C:T:R:wC	75	104	+	42.7683	3.75e-16	1.1e-11	CTTTGGGAGGCCAAGGCAGGTGGATCACCT
pattern_2		16:73596300:C:T:A:wC	49	78	+	42.6341	4.46e-16	1.14e-11	CTTTGGGAGGCCAAGGCGGGCGGATCACGA
pattern_2		9:140314407:C:T:A:wC	59	88	+	42.6341	4.46e-16	1.14e-11	CTTTGGGAGGCCAAGGCGGGCGGATCACGA
pattern_2		15:50726068:T:C:A:wC	68	97	-	42.6341	4.46e-16	1.14e-11	CTTTGGGAGGCCAAGGCGGGCGGATCACGA
pattern_2		7:970039:C:T:A:wC	129	158	+	42.6341	4.46e-16	1.14e-11	CTTTGGGAGGCCAAGGCGGGCGGATCACGA
pattern_2		2:176020823:C:G:A:wC	130	159	+	42.5854	4.77e-16	1.19e-11	CTTTGGGAGGCCAAGGCAGGCGGATCACCT
pattern_2		11:70238030:T:C:R:wC	59	88	+	42.3902	6.12e-16	1.44e-11	CTTTGGGAGGCTGAGGCAGGTGGATCACGA
pattern_2		14:105764099:T:C:R:wC	89	118	+	42.3902	6.12e-16	1.44e-11	CTTTGGGAGGCTGAGGCAGGTGGATCACGA
pattern_2		3:159556462:A:G:R:wC	72	101	+	42.1585	8.29e-16	1.79e-11	CTTTGGGAGGCCGAGGCAGGCGGATCACAA
pattern_2		10:46038984:T:C:R:wC	117	146	+	42.1585	8.29e-16	1.79e-11	CTTTGGGAGGCCGAGGCAGGCGGATCACAA
pattern_2		10:46038984:T:C:A:wC	117	146	+	42.1585	8.29e-16	1.79e-11	CTTTGGGAGGCCGAGGCAGGCGGATCACAA
pattern_2		17:66133442:T:C:R:wC	88	117	-	42.122	8.67e-16	1.81e-11	CTTTGGGAGGCCAAGGCAGGTGGATCACTT
pattern_2		22:50847279:C:T:A:wC	119	148	+	42.1098	8.84e-16	1.81e-11	CTTTGGGAGGCCGAGGCGAGTGGATCACCT
pattern_2		13:99577216:C:T:A:wC	57	86	+	41.9268	1.11e-15	2.23e-11	CTTTGGGAGGCAGAGGCAGGTGGATCACCT
pattern_2		4:176725993:G:A:R:wC	58	87	+	41.7927	1.32e-15	2.58e-11	CTTTGGGAGGCAGAGGCGGGCGGATCACGA
pattern_2		9:138891645:C:G:R:wC	59	88	+	41.7195	1.45e-15	2.77e-11	CTTTGGGAGGCCGAGGCAGGCAGATCACGA
pattern_2		8:145997226:A:G:A:wC	139	168	+	41.561	1.76e-15	3.29e-11	CTTTGGGAGGCCAAGGTGGGTGGATCACTT
pattern_2		9:34349863:G:A:R:wC	128	157	+	41.4268	2.06e-15	3.66e-11	CTTTGGGAGGCCAAGGCAGGTGGATCACGA
pattern_2		8:102471269:G:T:A:wC	130	159	+	41.4268	2.06e-15	3.66e-11	CTTTGGGAGGCCAAGGCAGGTGGATCACGA
pattern_2		2:86414853:G:C:A:wC	35	64	+	41.4146	2.1e-15	3.66e-11	CTTTGGGAGGCTGAGGCAGGCAGATCACCT
pattern_2		19:49460778:C:T:R:wC	88	117	-	41.378	2.19e-15	3.74e-11	CTTTGGGAGGCCAAGGTGGGCGGATCACTT
pattern_2		1:39336236:C:T:A:wC	84	113	+	41.3415	2.29e-15	3.74e-11	CTTTGGGAGGCCGAGGTGGGTGGATCATGA
pattern_2		1:40033651:C:T:R:wC	133	162	+	41.3293	2.32e-15	3.74e-11	CTTTGGGAGGCCGAGGCGGGCGAATCACAA
pattern_2		9:135844640:G:A:R:wC	112	141	-	41.3293	2.32e-15	3.74e-11	CTTTGGGAGGCTGAGGCAGGCGGATCTCCT
pattern_2		11:32993406:G:A:A:wC	58	87	+	41.1585	2.86e-15	4.35e-11	CTTTGGGAGGCCGAGGTGGGCGGATCATGA
pattern_2		13:41684306:G:A:R:wC	116	145	+	41.1585	2.86e-15	4.35e-11	CTTTGGGAGGCCGAGGTGGGCAGATCACGA
pattern_2		22:32760562:T:C:A:wC	117	146	+	41.1585	2.86e-15	4.35e-11	CTTTGGGAGGCCGAGGTGGGCGGATCATGA
pattern_2		8:144395504:C:T:R:wC	71	100	+	40.939	3.7e-15	5.52e-11	CTTTGGGAGGCCGAGGTGGGTGGATCACCC
pattern_0		15:55616231:G:A:A:wC	113	142	+	29.2738	4.09e-15	7.65e-10	CCTGGCTAATTTTTGTATTTTTAGTAGAGA
pattern_0		18:12910458:C:A:R:wC	156	185	+	29.2738	4.09e-15	7.65e-10	CCTGGCTAATTTTTGTATTTTTAGTAGAGA
pattern_0		1:157049393:G:C:A:wC	157	186	+	29.2738	4.09e-15	7.65e-10	CCTGGCTAATTTTTGTATTTTTAGTAGAGA
pattern_0		17:4888111:C:T:R:wC	133	162	-	29.2738	4.09e-15	7.65e-10	CCTGGCTAATTTTTGTATTTTTAGTAGAGA
pattern_0		22:24023137:C:T:R:wC	171	200	+	29.2738	4.09e-15	7.65e-10	CCTGGCTAATTTTTGTATTTTTAGTAGAGA
pattern_2		19:16237605:T:C:A:wC	57	86	+	40.8049	4.33e-15	6.33e-11	GTTTGGGAGGCTGAGGCGGGCAGATCACCT
pattern_2		1:150204405:G:A:R:wC	132	161	+	40.7927	4.39e-15	6.33e-11	CTTTCGGAGGCCGAGGCGGGCGGATCACGA
pattern_2		14:78185723:G:A:R:wC	112	141	+	40.7683	4.51e-15	6.39e-11	CTTTGGGAGGCCAAGGCAGGAGGATCACGA
pattern_2		9:99095694:C:T:R:wC	39	68	+	40.6829	4.99e-15	6.71e-11	CTTTGGGAGGCTGAGGCGGGTGGACCACGA
pattern_2		9:117091002:C:T:R:wC	129	158	+	40.6829	4.99e-15	6.71e-11	CTGTGGGAGGCCGAGGTGGGCGGATCACCT
pattern_2		2:85639361:C:T:A:wC	129	158	+	40.6829	4.99e-15	6.71e-11	CTTTGGGAGGCCAAGGCGGGTGGATCATGA
pattern_2		2:233788734:A:G:A:wC	67	96	+	40.561	5.75e-15	7.61e-11	CTTTGGGAGGCTAAGGTGGGTGGATCACCT
pattern_2		22:39557612:G:A:R:wC	68	97	+	40.5	6.17e-15	8.05e-11	CTTTGGGAGGCTGAGGTGTGTGGATCACCT
pattern_0		1:38405257:T:C:A:wC	118	147	+	29.1548	6.42e-15	1e-09	CCCGGCTAATTTTTTTATTTTTAGTAGAGA
pattern_2		19:19812865:T:C:A:wC	165	194	-	40.3049	7.7e-15	9.88e-11	CTTTGGGAGGCCGAGGCGGGCGGTTCATGA
pattern_2		9:69499956:C:T:A:wC	50	79	+	40.2439	8.26e-15	1.04e-10	CTTTGGGAGGCCGAGGCGGGCTGATCATGA
pattern_2		4:113456271:G:A:A:wC	112	141	+	40.2317	8.37e-15	1.04e-10	CTTTGAGAGGCCAAGGCGGGCGGATCACCT
pattern_2		17:43165887:T:C:R:wC	90	119	+	40.1585	9.1e-15	1.12e-10	CTTTGGGAGGTCGAGGCAGGCGGATGACCT
pattern_2		14:73447434:C:G:R:wC	164	193	-	40.0854	9.86e-15	1.19e-10	CTTGGGGAGGCCGAGGCAGGTGGATCACGA
pattern_2		17:9155479:T:A:R:wC	137	166	+	40.0122	1.07e-14	1.27e-10	CTTTGGGAGGCCGAGGCGGGCGGACCATGA
pattern_2		19:52370845:A:G:R:wC	37	66	+	39.9512	1.15e-14	1.34e-10	CTTTGGGAGGCTGAGGTGGGCGGATCACAA
pattern_2		20:360062:T:C:A:wC	106	135	+	39.878	1.24e-14	1.44e-10	CTTTGGGAGGCCGAGGCAGGTGGATTATCT
pattern_0		16:84782132:G:A:R:wC	36	65	+	28.9286	1.38e-14	1.84e-09	CCAGGCTAATTTTTGTATTTTTAGTAGAGA
pattern_2		19:18237882:G:A:A:wC	42	71	-	39.6585	1.58e-14	1.76e-10	CTTTGGGAGGCAGAGGCGGGCGGATCATGA
pattern_2		19:18237882:G:A:R:wC	42	71	-	39.6585	1.58e-14	1.76e-10	CTTTGGGAGGCAGAGGCGGGCGGATCATGA
pattern_2		2:25105921:C:T:A:wC	152	181	+	39.6585	1.58e-14	1.76e-10	CTTTGGGAGGCAGAGGCGGGCAGATCACGA
pattern_2		2:161122134:A:G:R:wC	67	96	+	39.5976	1.69e-14	1.85e-10	GTTTGGGAGGCCGAGGAGGGTGGATCACTT
pattern_2		15:65172582:C:T:A:wC	119	148	+	39.5854	1.72e-14	1.85e-10	CTTTGGGAGGCCGAGGCAGGCAGATCATGA
pattern_2		16:81539375:C:T:A:wC	75	104	+	39.4024	2.09e-14	2.17e-10	CTTTGGGAGGCCAAGGCAGGTGGATTACCT
pattern_2		17:37100166:C:T:R:wC	133	162	+	39.378	2.14e-14	2.17e-10	CTTTAGGAGGCCGAGGTAGGAGGATCACTT
pattern_2		17:37100166:C:T:A:wC	133	162	+	39.378	2.14e-14	2.17e-10	CTTTAGGAGGCCGAGGTAGGAGGATCACTT
pattern_2		10:28780373:T:C:A:wC	138	167	+	39.378	2.14e-14	2.17e-10	CTTTAGGAGGCCAAGGCAGGTGGATCACTT
pattern_2		22:31660758:A:G:A:wC	141	170	+	39.378	2.14e-14	2.17e-10	CTTTGGGAGGCCGAGGTGGGCGAATCACAA
pattern_2		15:73152573:C:T:A:wC	133	162	+	39.2927	2.35e-14	2.35e-10	CTTTGGGAGGCCAAGGCAGGTGGATCATGA
pattern_0		19:53233572:G:A:R:wC	3	32	-	28.75	2.45e-14	1.91e-09	CCCGGCTAATTTTTGTATTTTTAGTAGAGA
pattern_0		18:43789673:T:C:A:wC	147	176	+	28.75	2.45e-14	1.91e-09	CCCGGCTAATTTTTGTATTTTTAGTAGAGA
pattern_0		3:172529861:A:G:A:wC	171	200	+	28.75	2.45e-14	1.91e-09	CCCGGCTAATTTTTGTATTTTTAGTAGAGA
pattern_0		8:66471836:A:G:A:wC	153	182	-	28.75	2.45e-14	1.91e-09	CCCGGCTAATTTTTGTATTTTTAGTAGAGA
pattern_0		19:887434:G:A:A:wC	162	191	-	28.75	2.45e-14	1.91e-09	CCCGGCTAATTTTTGTATTTTTAGTAGAGA
pattern_2		2:28819826:C:T:A:wC	159	188	+	39.2439	2.47e-14	2.45e-10	CTTTGGGAGGCTGAGGCGGGCGAATCATGA
pattern_2		7:137989231:T:G:R:wC	112	141	+	39.1585	2.71e-14	2.65e-10	CTTTGGGAGGCCAAGGTGGGCTGATCACCT
pattern_0		11:32719175:G:A:R:wC	113	142	+	28.6905	2.95e-14	2.13e-09	CGTGGCTAATTTTTGTATTTTTAGTAGAGA
pattern_2		16:72038001:G:A:A:wC	171	200	-	39.0732	2.97e-14	2.87e-10	CTTTGGGAGGCTGAGGAGGGCGGATCACGA
pattern_2		3:52770310:T:G:A:wC	147	176	+	39.0244	3.12e-14	2.98e-10	CTTTGGGAGGCCGAGGTGGGCAGATCATGA
pattern_2		17:30075491:C:T:A:wC	127	156	+	38.9756	3.29e-14	3.1e-10	CTTTAGGAGGCCGAGGCAGGCAGATCACGA
pattern_2		1:35685383:C:T:A:wC	76	105	+	38.8415	3.79e-14	3.53e-10	TTTTGGGAGGCCGAGGCGGGCAGATCACGA
pattern_2		16:84782132:G:A:R:wC	112	141	-	38.6829	4.46e-14	4.12e-10	CTTTGAGAGGCTGAGGCAGGAGGATCACTT
pattern_2		10:102081001:T:C:A:wC	70	99	+	38.5	5.39e-14	4.92e-10	CTTTGGGAGGTCGAGGTGGGTGGATCACAA
pattern_2		21:34147896:G:A:R:wC	44	73	-	38.4878	5.46e-14	4.93e-10	CTTTGGGAGGCCGAGGTGGGCAGATTACTT
pattern_2		3:44562365:T:C:R:wC	55	84	-	38.3659	6.19e-14	5.52e-10	CTTTGGGAGGCCAAGGCGGGCAGATCATGA
pattern_2		8:117707603:C:T:A:wC	48	77	-	38.3049	6.58e-14	5.81e-10	CTTTGGGAGGCCAAGGTGGGCGGATCCTTT
pattern_2		12:116954393:T:C:R:wC	55	84	-	38.1341	7.82e-14	6.77e-10	CTCTGGGAGGCTGAGGTGGGCGGATCATGA
pattern_2		17:57510745:C:T:R:wC	118	147	-	38.122	7.92e-14	6.77e-10	ACTTGGGAGGCTGAGGCAGGAGAATCACTT
pattern_2		17:42650550:C:T:A:wC	133	162	-	38.122	7.92e-14	6.77e-10	ACTTGGGAGGCTGAGGCAGGAGAATCACTT
pattern_2		19:12724191:C:G:A:wC	59	88	+	38.1098	8.02e-14	6.79e-10	CTTTGGGAGGCCAAGGAGGGCGGATCACGA
pattern_2		20:16541716:C:T:A:wC	73	102	+	37.939	9.51e-14	7.97e-10	CTTTGGGAGGCTGAGGTGGGTGGGTCATCT
pattern_2		11:65575056:T:C:A:wC	84	113	+	37.8537	1.04e-13	8.59e-10	ACTTGGGAGGCTGAGGCGGGAGGATCACTC
pattern_2		12:27836289:C:T:A:wC	43	72	-	37.7927	1.1e-13	9.04e-10	CTTTGGGAGGCCGAGGCAGGCAGGTCGCTT
pattern_2		1:39307727:G:A:R:wC	72	101	+	37.6829	1.23e-13	9.97e-10	CTTCAGGAGGCTGAGGCAGGTGGATCACGA
pattern_2		16:89848203:C:G:A:wC	59	88	+	37.6341	1.29e-13	1.04e-09	CTTTGAGAGGCCGAGACGGGCGGATCACGA
pattern_2		3:183450024:A:G:R:wC	69	98	+	37.4756	1.5e-13	1.2e-09	CTTTGGGAGACTGAGGCAGGTGGATCACGA
pattern_2		1:160973006:C:T:A:wC	107	136	-	37.1829	2e-13	1.58e-09	ACTTGGGAGGCTGAGGCAGGAGAATCCCTT
pattern_2		8:124430463:G:A:A:wC	82	111	+	37.1098	2.14e-13	1.68e-09	CTTTGGGAGGCCGAGGTGAGCGGATCTCTT
pattern_2		19:36188913:T:C:R:wC	139	168	-	36.8537	2.74e-13	2.12e-09	ACTCGGGAGGCTGAGGCAGGAGGATCGCTT
pattern_2		19:49969934:G:A:R:wC	38	67	+	36.7927	2.9e-13	2.23e-09	CTTCGCGAGGCTGAGGCAGGCGGATCACGA
pattern_2		11:12071436:T:C:A:wC	129	158	+	36.7561	3e-13	2.28e-09	CTTTGAGAGGCCAAGGCGGGCAGATCACGA
pattern_2		2:38894870:T:C:A:wC	98	127	+	36.7439	3.04e-13	2.29e-09	ACCTGGGAGGCTGAGGCAGGAGAATCACTT
pattern_2		10:23356621:C:T:A:wC	32	61	-	36.622	3.41e-13	2.54e-09	GTTTGGGAGGCCGAGGTGGGAGGATTGCTT
pattern_2		19:30288488:C:T:A:wC	103	132	-	36.5976	3.48e-13	2.55e-09	ACTTGGGAGGCTGAGGCAGGAGAATCGCTT
pattern_2		19:30288488:C:T:R:wC	103	132	-	36.5976	3.48e-13	2.55e-09	ACTTGGGAGGCTGAGGCAGGAGAATCGCTT
pattern_2		19:887434:G:A:A:wC	88	117	+	36.5854	3.52e-13	2.56e-09	CTTTGGGAGGCCAAGGCGGGCAGATCTCAA
pattern_2		3:100114009:T:C:R:wC	59	88	+	36.4878	3.86e-13	2.78e-09	CTTTGGGAGGCCGAGGCAGGCAGAGCATGA
pattern_2		5:76744510:T:C:A:wC	39	68	+	36.3049	4.58e-13	3.27e-09	CTGTGGGAGGCTGAGGCAGGTGGATCATGA
pattern_0		8:124430463:G:A:A:wC	158	187	-	27.7024	4.61e-13	2.38e-08	CCTGGCTAATTTTTGTATTTTTAGTAGAGG
pattern_2		2:85525344:C:T:R:wC	126	155	+	36.2317	4.9e-13	3.47e-09	CTTTGGGAGGTTGAGGTGGGCAGATCACGA
pattern_2		15:55616231:G:A:A:wC	54	83	-	36.1585	5.24e-13	3.62e-09	ACTCGGGAGGCTGAGGCAGGAGAATCACTT
pattern_2		20:48781981:G:C:R:wC	122	151	+	36.1585	5.24e-13	3.62e-09	ACTCGGGAGGCTGAGGCAGGAGAATCACTT
pattern_2		13:21641905:G:A:A:wC	113	142	-	36.1585	5.24e-13	3.62e-09	ACTCGGGAGGCTGAGGCAGGAGAATCACTT
pattern_0		20:3100862:G:A:A:wC	61	90	-	27.6429	5.34e-13	2.38e-08	CCCAGCTAATTTTTGTATTTTTAGTAGAGA
pattern_0		1:90245736:G:A:A:wC	109	138	+	27.6429	5.34e-13	2.38e-08	CCCAGCTAATTTTTGTATTTTTAGTAGAGA
pattern_0		16:70186245:A:G:A:wC	107	136	-	27.6429	5.34e-13	2.38e-08	CCCAGCTAATTTTTGTATTTTTAGTAGAGA
pattern_0		5:76744510:T:C:A:wC	113	142	-	27.6429	5.34e-13	2.38e-08	CCCAGCTAATTTTTGTATTTTTAGTAGAGA
pattern_0		11:68911500:A:C:R:wC	145	174	+	27.6429	5.34e-13	2.38e-08	CCCAGCTAATTTTTGTATTTTTAGTAGAGA
pattern_0		2:161122134:A:G:R:wC	130	159	-	27.6429	5.34e-13	2.38e-08	CCCAGCTAATTTTTGTATTTTTAGTAGAGA
pattern_0		2:233788734:A:G:A:wC	143	172	-	27.6429	5.34e-13	2.38e-08	CCCAGCTAATTTTTGTATTTTTAGTAGAGA
pattern_2		17:66215837:A:T:A:wC	35	64	-	36.0366	5.86e-13	4.01e-09	ACTTGAGAGGCTGAGGTGGGAGGATCACTT
pattern_2		14:21707803:C:T:R:wC	84	113	+	35.9268	6.48e-13	4.4e-09	CTTTGGGAGGCTGAGGCGAGCAAATCACCT
pattern_2		8:20793770:C:G:R:wC	129	158	+	35.6463	8.35e-13	5.59e-09	CTTTGGGAGGCTGAGATGGGCAGATCACGA
pattern_2		7:99520082:C:T:A:wC	73	102	+	35.6341	8.45e-13	5.59e-09	CTTGGGGAGGCCGAGGCAGGCAGATCATGA
pattern_2		17:46962021:G:A:R:wC	95	124	+	35.6341	8.45e-13	5.59e-09	CCTAGGGAGGCTGAGGCAGGAGAATCGCTT
pattern_2		13:53858586:C:T:R:wC	55	84	-	35.4878	9.63e-13	6.33e-09	ACTTGGGAGGCTGAGGCAGGAGAATGGCCT
pattern_0		16:83978402:A:G:R:wC	73	102	-	27.369	1.04e-12	4.34e-08	CCTGGCTAATTTTTGTATTTTTAGTACAGA
pattern_0		8:127374774:T:C:R:wC	135	164	-	27.3571	1.07e-12	4.34e-08	CCAGGCTAATTTTTGTATTTTTAGTAGAGG
pattern_2		16:74526649:G:A:A:wC	57	86	+	35.3171	1.12e-12	6.92e-09	ACTTGGGAGGCTGAGGCAGGAGAATGGCGT
pattern_2		2:86418955:A:G:A:wC	72	101	+	35.3171	1.12e-12	6.92e-09	ACTTGGGAGGCTGAGGCAGGAGAATGGCGT
pattern_2		11:46495302:A:G:A:wC	98	127	-	35.3171	1.12e-12	6.92e-09	ACTTGGGAGGCTGAGGCAGGAGAATGGCGT
pattern_2		17:581967:C:T:A:wC	111	140	-	35.3171	1.12e-12	6.92e-09	ACTTGGGAGGCTGAGGCAGGAGAATGGCGT
pattern_2		7:23250854:C:T:R:wC	147	176	+	35.3171	1.12e-12	6.92e-09	ACTTGGGAGGCTGAGGCAGGAGAATGGCGT
pattern_2		17:47342782:C:T:R:wC	131	160	-	35.3171	1.12e-12	6.92e-09	ACTTGGGAGGCTGAGGCAGGAGAATGGCGT
pattern_2		3:119372364:G:T:R:wC	160	189	-	35.3171	1.12e-12	6.92e-09	ACTTGGGAGGCTGAGGCAGGAGAATGGCGT
pattern_2		4:4404145:T:C:A:wC	169	198	-	35.3171	1.12e-12	6.92e-09	ACTTGGGAGGCTGAGGCAGGAGAATGGCGT
pattern_2		22:45603296:T:C:R:wC	107	136	-	35.2439	1.2e-12	7.33e-09	ACTTGGGAGGCTGGGGCAGGAGAATCACGT
pattern_2		5:76035067:G:A:R:wC	156	185	+	35.1098	1.35e-12	8.19e-09	TTTAGTGAGGCCGAGGCGGGTGGATCACCT
pattern_2		2:101627074:C:A:R:wC	127	156	+	35.0732	1.39e-12	8.4e-09	CTTTAGGAGGCTGAGGTGGGCAGATCACAA
pattern_2		16:2013316:A:C:R:wC	157	186	+	35.0366	1.44e-12	8.55e-09	CTTTGGGAGACTGAGGTGGGCGGATCACAA
pattern_2		16:2013316:A:C:A:wC	157	186	+	35.0366	1.44e-12	8.55e-09	CTTTGGGAGACTGAGGTGGGCGGATCACAA
pattern_0		1:54669984:A:G:R:wC	2	31	-	27.2143	1.49e-12	5.79e-08	CCCAACTAATTTTTGTATTTTTAGTAGAGA
pattern_2		14:104019888:C:T:R:wC	117	146	+	34.878	1.65e-12	9.75e-09	ACTTGGGAGGCCGAGGCAGGAGAATTGCTT
pattern_2		5:140146894:A:G:R:wC	44	73	-	34.8049	1.76e-12	1.03e-08	CTTTGGGAGGCTGAGGAGGGCAGATCATGA
pattern_0		7:6599034:G:C:A:wC	164	193	+	27.0952	1.94e-12	7.28e-08	CCCTGTTAATTTTTGTATTTTTAGTAGAGA
pattern_2		18:12910458:C:A:R:wC	97	126	-	34.6341	2.04e-12	1.18e-08	ACTCGGGAGGCTGAGGCAGGAGAATCGCTT
pattern_2		10:105771405:G:A:R:wC	113	142	-	34.6341	2.04e-12	1.18e-08	ACTCGGGAGGCTGAGGCAGGAGAATCGCTT
pattern_2		6:121817249:A:G:A:wC	83	112	+	34.378	2.54e-12	1.45e-08	CTTTGGGAGGCCAAGGAGGGTGAATCACAA
pattern_2		19:49587245:T:C:A:wC	114	143	-	34.378	2.54e-12	1.45e-08	ACTTGAGAGGCTGAGGCAGGAGAATCACTT
pattern_2		1:245157800:C:T:R:wC	131	160	-	34.0244	3.43e-12	1.94e-08	ACTTGGGAGGCTGAGGCAGGAGACTCACTT
pattern_0		3:194686788:C:T:A:wC	9	38	+	26.8333	3.46e-12	1.24e-07	CCCAGCTAATTTTTGTATTTTTTGTAGAGA
pattern_2		14:21707803:C:T:A:wC	84	113	+	33.9756	3.58e-12	2.01e-08	CTTTGGGAGGCTGAGGTGAGCAAATCACCT
pattern_2		3:75422368:C:A:R:wC	46	75	-	33.9146	3.76e-12	2.09e-08	CTTTGGGAGGCTGAGGCACGCGAATCACAA
pattern_2		10:104316581:C:A:A:wC	120	149	+	33.9146	3.76e-12	2.09e-08	CTTTGGGAGCCCGAGACAGGCAGATCACTT
pattern_2		18:43789673:T:C:A:wC	88	117	-	33.878	3.88e-12	2.14e-08	ACTCGGGAGGCTGAGGCGGAAGAATCACTT
pattern_2		18:5586542:A:G:A:wC	56	85	-	33.8171	4.08e-12	2.22e-08	ACTCGGGAGGCTAAGGTAGGAGGATCACTT
pattern_2		18:5586542:A:G:R:wC	56	85	-	33.8171	4.08e-12	2.22e-08	ACTCGGGAGGCTAAGGTAGGAGGATCACTT
pattern_2		22:41127062:C:T:A:wC	158	187	-	33.7439	4.34e-12	2.35e-08	ATTCGGGAGGCTGAGGCAGGAGAATGGCGT
pattern_2		19:1031812:G:T:R:wC	1	30	-	33.6463	4.71e-12	2.53e-08	ACTCGGGAGGCTGAGGCAGGGGAATCACTT
pattern_2		3:150435403:G:T:R:wC	154	183	-	33.622	4.8e-12	2.56e-08	ACTTGGGAGGCTGAGGCAGGAGAATGGCAT
pattern_2		17:26250721:A:G:A:wC	113	142	-	33.4146	5.7e-12	2.59e-08	ACTCAGGAGGCTGAGGCAGGAGAATCACTT
pattern_2		17:26250721:A:G:R:wC	113	142	-	33.4146	5.7e-12	2.59e-08	ACTCAGGAGGCTGAGGCAGGAGAATCACTT
pattern_2		17:79598887:G:C:A:wC	138	167	-	33.4146	5.7e-12	2.59e-08	ACTCAGGAGGCTGAGGCAGGAGAATCACTT
pattern_2		18:75230:G:A:A:wC	112	141	+	33.378	5.88e-12	2.59e-08	CTTTGGGAGGCTAAGGCGGGTGCATTGCCT
pattern_2		9:97723266:G:A:R:wC	17	46	+	33.3537	6e-12	2.59e-08	ACTCGGGAGGCTGAGGCAGGAGAATGGCGT
pattern_2		19:8403727:T:C:A:wC	21	50	+	33.3537	6e-12	2.59e-08	ACTCGGGAGGCTGAGGCAGGAGAATGGCGT
pattern_2		19:53975022:C:T:R:wC	33	62	+	33.3537	6e-12	2.59e-08	ACTCGGGAGGCTGAGGCAGGAGAATGGCGT
pattern_2		19:49402332:C:T:R:wC	51	80	+	33.3537	6e-12	2.59e-08	ACTCGGGAGGCTGAGGCAGGAGAATGGCGT
pattern_2		22:38498985:G:A:R:wC	57	86	+	33.3537	6e-12	2.59e-08	ACTCGGGAGGCTGAGGCAGGAGAATGGCGT
pattern_2		12:101690279:G:T:A:wC	59	88	+	33.3537	6e-12	2.59e-08	ACTCGGGAGGCTGAGGCAGGAGAATGGCGT
pattern_2		16:72038001:G:A:A:wC	37	66	-	33.3537	6e-12	2.59e-08	ACTCGGGAGGCTGAGGCAGGAGAATGGCGT
pattern_2		17:74576721:G:A:R:wC	70	99	+	33.3537	6e-12	2.59e-08	ACTCGGGAGGCTGAGGCAGGAGAATGGCGT
pattern_2		14:73447434:C:G:R:wC	41	70	-	33.3537	6e-12	2.59e-08	ACTCGGGAGGCTGAGGCAGGAGAATGGCGT
pattern_2		2:54244011:C:T:R:wC	51	80	-	33.3537	6e-12	2.59e-08	ACTCGGGAGGCTGAGGCAGGAGAATGGCGT
pattern_2		11:69611810:T:C:A:wC	58	87	-	33.3537	6e-12	2.59e-08	ACTCGGGAGGCTGAGGCAGGAGAATGGCGT
pattern_2		19:55698586:A:G:R:wC	116	145	+	33.3537	6e-12	2.59e-08	ACTCGGGAGGCTGAGGCAGGAGAATGGCGT
pattern_2		7:76251126:G:A:A:wC	120	149	+	33.3537	6e-12	2.59e-08	ACTCGGGAGGCTGAGGCAGGAGAATGGCGT
pattern_2		7:76251126:G:A:R:wC	120	149	+	33.3537	6e-12	2.59e-08	ACTCGGGAGGCTGAGGCAGGAGAATGGCGT
pattern_2		4:148453347:A:G:A:wC	120	149	+	33.3537	6e-12	2.59e-08	ACTCGGGAGGCTGAGGCAGGAGAATGGCGT
pattern_2		19:50049882:T:G:A:wC	122	151	+	33.3537	6e-12	2.59e-08	ACTCGGGAGGCTGAGGCAGGAGAATGGCGT
pattern_2		13:95923213:G:A:A:wC	125	154	+	33.3537	6e-12	2.59e-08	ACTCGGGAGGCTGAGGCAGGAGAATGGCGT
pattern_2		13:27111501:C:T:R:wC	99	128	-	33.3537	6e-12	2.59e-08	ACTCGGGAGGCTGAGGCAGGAGAATGGCGT
pattern_2		10:79662478:C:T:R:wC	129	158	+	33.3537	6e-12	2.59e-08	ACTCGGGAGGCTGAGGCAGGAGAATGGCGT
pattern_2		6:125042407:G:A:R:wC	132	161	+	33.3537	6e-12	2.59e-08	ACTCGGGAGGCTGAGGCAGGAGAATGGCGT
pattern_2		19:3410135:T:C:R:wC	103	132	-	33.3537	6e-12	2.59e-08	ACTCGGGAGGCTGAGGCAGGAGAATGGCGT
pattern_2		16:89325052:C:T:R:wC	111	140	-	33.3537	6e-12	2.59e-08	ACTCGGGAGGCTGAGGCAGGAGAATGGCGT
pattern_2		15:32899868:C:T:R:wC	114	143	-	33.3537	6e-12	2.59e-08	ACTCGGGAGGCTGAGGCAGGAGAATGGCGT
pattern_2		5:441695:T:C:A:wC	131	160	-	33.3537	6e-12	2.59e-08	ACTCGGGAGGCTGAGGCAGGAGAATGGCGT
pattern_2		19:19867394:T:C:R:wC	131	160	-	33.3537	6e-12	2.59e-08	ACTCGGGAGGCTGAGGCAGGAGAATGGCGT
pattern_2		11:133908374:G:A:R:wC	136	165	-	33.3537	6e-12	2.59e-08	ACTCGGGAGGCTGAGGCAGGAGAATGGCGT
pattern_2		7:4807826:T:C:R:wC	137	166	-	33.3537	6e-12	2.59e-08	ACTCGGGAGGCTGAGGCAGGAGAATGGCGT
pattern_2		16:70186245:A:G:A:wC	166	195	+	33.3537	6e-12	2.59e-08	ACTCGGGAGGCTGAGGCAGGAGATTCACTT
pattern_2		11:57328155:G:A:A:wC	138	167	-	33.3537	6e-12	2.59e-08	ACTCGGGAGGCTGAGGCAGGAGAATGGCGT
pattern_2		11:918837:G:T:A:wC	160	189	-	33.3537	6e-12	2.59e-08	ACTCGGGAGGCTGAGGCAGGAGAATGGCGT
pattern_2		9:35824717:T:C:R:wC	161	190	-	33.3537	6e-12	2.59e-08	ACTCGGGAGGCTGAGGCAGGAGAATGGCGT
pattern_2		7:29398110:G:A:R:wC	168	197	-	33.3537	6e-12	2.59e-08	ACTCGGGAGGCTGAGGCAGGAGAATGGCGT
pattern_2		16:83978402:A:G:R:wC	132	161	+	33.3171	6.18e-12	2.66e-08	ACTTGGGAGGTTGAGGCAGGAGAATCGCTT
pattern_2		14:58693402:C:T:A:wC	116	145	-	33.2317	6.63e-12	2.83e-08	ACTTGGGAGGCTGAGGCAGGAGAATTGCTT
pattern_2		6:13330152:G:A:A:wC	110	139	+	33.1341	7.17e-12	3.05e-08	CTTTGGGAAGCCGAGGCAGGCGGATCACCT
pattern_0		1:19657596:C:T:A:wC	168	197	+	26.4524	7.64e-12	2.65e-07	CTCAGCTAATTTTTGTATTTTTAGTAGAGA
pattern_2		12:120979323:C:A:R:wC	114	143	-	33.0488	7.69e-12	3.25e-08	GCTCGGGAGGCTGAGGCAGGAGAATGGCGT
pattern_2		6:159339293:G:A:A:wC	96	125	-	32.9146	8.57e-12	3.61e-08	ACTCGGGAGGCCGAGGCAGGAGAATTGCTT
pattern_2		1:112381195:C:A:R:wC	73	102	+	32.878	8.83e-12	3.68e-08	ACTCGGGAGGCTGAGGCAGGAGAATGGCTT
pattern_2		19:8402132:G:A:R:wC	155	184	-	32.878	8.83e-12	3.68e-08	ACTCGGGAGGCTGAGGCAGGAGAATGGCTT
pattern_2		12:110289501:T:G:A:wC	104	133	-	32.8537	9.01e-12	3.73e-08	TCTTGGGAGGCTGAGGCAGGAGAATCGCTA
pattern_2		19:7201760:C:G:R:wC	113	142	-	32.8049	9.37e-12	3.85e-08	ACTTGGGAGGCTGAGGCAGGGGAATGGCGT
pattern_2		19:7201760:C:G:A:wC	113	142	-	32.8049	9.37e-12	3.85e-08	ACTTGGGAGGCTGAGGCAGGGGAATGGCGT
pattern_2		15:40906141:G:A:A:wC	54	83	-	32.6585	1.05e-11	4.3e-08	ACTAGGGAGGCTGAGGCAGGAGAATGGCGT
pattern_2		5:68755913:C:T:R:wC	106	135	+	32.6341	1.07e-11	4.37e-08	CTTTGGGCGGCTAAGGCAGATGGATCACTT
pattern_2		3:192618469:C:T:R:wC	117	146	+	32.6098	1.1e-11	4.43e-08	CTTTAGGAGGCCGAGGCGAGCAGAGCACGA
pattern_2		12:133168727:T:C:A:wC	58	87	+	32.5366	1.16e-11	4.67e-08	ACTGGGGAGGCCGAGGCAGGAGAATGGCTT
pattern_0		3:100114009:T:C:R:wC	133	162	-	26.2381	1.17e-11	3.91e-07	CCTGCTAATTTTTTGTATTTTTAGTAGAGA
pattern_2		10:114567410:C:T:R:wC	57	86	+	32.5122	1.18e-11	4.74e-08	TTCGGGGAGGCCAAGGCAGGAGGATCACCT
pattern_0		16:3743046:T:C:A:wC	162	191	+	26.2143	1.23e-11	3.96e-07	CATGCCTAATTTTTGTATTTTTAGTAGAGA
pattern_0		17:45936273:C:T:A:wC	126	155	+	26.1786	1.31e-11	4.1e-07	CCTGGCTAATTTTTGTATTTTTGGTAGAGA
pattern_2		19:10631375:A:G:R:wC	74	103	+	32.3537	1.34e-11	5.35e-08	ACTCCGGAGGCTGAGGCAGGAGAATCACCT
pattern_2		17:4888111:C:T:R:wC	59	88	+	32.2561	1.45e-11	5.75e-08	CTGTAGGAGGCCGAGATGGGCGGATCACTA
pattern_2		20:37266874:T:C:A:wC	73	102	+	32.2195	1.49e-11	5.89e-08	ACTTGGGAGGCTGAGGCAGGAGAACGGCGT
pattern_2		17:45936273:C:T:A:wC	67	96	-	32.1707	1.55e-11	6.09e-08	ACTTGGGAGGTTGAGGCATGAGAATCACTT
pattern_0		20:48781981:G:C:R:wC	63	92	-	26.0833	1.58e-11	4.76e-07	CCCAGCCAATTTTTGTATTTTTAGTAAAGA
pattern_2		16:28829228:A:G:A:wC	113	142	-	32.122	1.61e-11	6.3e-08	ACTCGGGAGGCTGAGGCAGGGGAATCGCTT
pattern_2		16:19935763:G:A:A:wC	114	143	-	32.1098	1.63e-11	6.33e-08	CTTTGGGAAGCCGAGGTGGGTGGATCACTT
pattern_2		10:99103492:A:G:R:wC	101	130	+	32.0244	1.74e-11	6.74e-08	TTTTGGGAGGCTGAGGTGAGTGGATCTCCT
pattern_2		16:4024128:C:T:A:wC	114	143	-	32	1.77e-11	6.83e-08	ACTCAGGAGGCTGAGGCGGGAGAATGGCGT
pattern_2		14:100810593:G:T:R:wC	163	192	-	31.9024	1.91e-11	7.24e-08	CCTCAGGAGGCCGAGGCTGGCTGATCACTC
pattern_2		9:117084452:T:A:R:wC	51	80	+	31.8902	1.93e-11	7.24e-08	ACTCAGGAGGCTGAGGCAGGAGAATCGCTT
pattern_2		2:55859215:T:A:R:wC	78	107	-	31.8902	1.93e-11	7.24e-08	ACTCAGGAGGCTGAGGCAGGAGAATCGCTT
pattern_2		12:54569883:G:A:A:wC	116	145	+	31.8902	1.93e-11	7.24e-08	ACTCAGGAGGCTGAGGCAGGAGAATCGCTT
pattern_2		8:125504255:T:G:A:wC	160	189	-	31.8902	1.93e-11	7.24e-08	ACTCAGGAGGCTGAGGCAGGAGAATCGCTT
pattern_2		2:152263544:T:C:A:wC	171	200	-	31.8902	1.93e-11	7.24e-08	ACTCAGGAGGCTGAGGCAGGAGAATCGCTT
pattern_0		1:39307727:G:A:R:wC	10	39	-	25.8929	2.26e-11	4.8e-07	CCAGCTAATTTTTTGTATTTTTAGTAGAGA
pattern_0		2:26457507:G:A:A:wC	56	85	-	25.8929	2.26e-11	4.8e-07	CCAGCTAATTTTTTGTATTTTTAGTAGAGA
pattern_0		1:26067089:G:A:A:wC	98	127	+	25.8929	2.26e-11	4.8e-07	CCAGCTAATTTTTTGTATTTTTAGTAGAGA
pattern_0		7:64482282:T:C:R:wC	131	160	+	25.8929	2.26e-11	4.8e-07	CCAGCTAATTTTTTGTATTTTTAGTAGAGA
pattern_0		19:49969934:G:A:R:wC	112	141	-	25.8929	2.26e-11	4.8e-07	CCAGCTAATTTTTTGTATTTTTAGTAGAGA
pattern_0		13:27111501:C:T:A:wC	159	188	+	25.8929	2.26e-11	4.8e-07	CCAGCTAATTTTTTGTATTTTTAGTAGAGA
pattern_0		13:27111501:C:T:R:wC	159	188	+	25.8929	2.26e-11	4.8e-07	CCAGCTAATTTTTTGTATTTTTAGTAGAGA
pattern_0		19:12724191:C:G:A:wC	133	162	-	25.8929	2.26e-11	4.8e-07	CCAGCTAATTTTTTGTATTTTTAGTAGAGA
pattern_0		6:121817249:A:G:A:wC	150	179	-	25.8929	2.26e-11	4.8e-07	CCAGCTAATTTTTTGTATTTTTAGTAGAGA
pattern_0		2:3634399:C:T:A:wC	158	187	-	25.8929	2.26e-11	4.8e-07	CCAGCTAATTTTTTGTATTTTTAGTAGAGA
pattern_0		12:111761923:G:A:A:wC	160	189	-	25.8929	2.26e-11	4.8e-07	CCAGCTAATTTTTTGTATTTTTAGTAGAGA
pattern_0		19:12374506:C:T:R:wC	163	192	-	25.8929	2.26e-11	4.8e-07	CCAGCTAATTTTTTGTATTTTTAGTAGAGA
pattern_0		19:12374506:C:T:A:wC	163	192	-	25.8929	2.26e-11	4.8e-07	CCAGCTAATTTTTTGTATTTTTAGTAGAGA
pattern_2		3:184091881:T:C:R:wC	124	153	+	31.6829	2.27e-11	8.32e-08	ACTTGGGAGACTGAGGCAGGAGAATCGCTT
pattern_2		2:95833187:C:G:A:wC	53	82	+	31.6585	2.31e-11	8.32e-08	ACTCGGGAGGCTGAGGCAGGAGAATGGCAT
pattern_2		13:21341377:G:A:R:wC	57	86	+	31.6585	2.31e-11	8.32e-08	ACTCGGGAGGCTGAGGCAGGAGAATGGCAT
pattern_2		19:53233572:G:A:R:wC	62	91	+	31.6585	2.31e-11	8.32e-08	ACTCGGGAGGCTGAGGCAGGAGAATGGCAT
pattern_2		12:57461028:A:G:A:wC	68	97	+	31.6585	2.31e-11	8.32e-08	ACTCGGGAGGCTGAGGCAGGAGAATGGCAT
pattern_2		13:27111501:C:T:A:wC	99	128	-	31.6585	2.31e-11	8.32e-08	ACTCGGGAGGCTGAGGCAGGAGAATGGCAT
pattern_2		14:91266259:C:T:A:wC	114	143	-	31.6585	2.31e-11	8.32e-08	ACTCGGGAGGCTGAGGCAGGAGAATGGCAT
pattern_2		6:38669792:C:T:A:wC	114	143	-	31.6585	2.31e-11	8.32e-08	ACTCGGGAGGCTGAGGCAGGAGAATGGCAT
pattern_2		2:60852853:T:C:A:wC	121	150	-	31.6585	2.31e-11	8.32e-08	ACTCGGGAGGCTGAGGCAGGAGAATGGCAT
pattern_2		12:133296933:A:G:A:wC	160	189	-	31.6463	2.33e-11	8.36e-08	ACTTGGGAGGCTGAGGCAGAAGAATGGCGT
pattern_2		11:32719175:G:A:R:wC	54	83	-	31.5854	2.44e-11	8.72e-08	GCTCAGGAGGCTGAGGCAGGAGAATCGCTT
pattern_2		16:70186245:A:G:A:wC	31	60	+	31.5	2.61e-11	9.28e-08	ATTTGGGAGGCCAAGGTGAGTGAATCATCT
pattern_2		19:10682247:A:G:R:wC	83	112	+	31.4878	2.63e-11	9.32e-08	ACTTGGGAGGCTGAGGCAGGAGAATGGTAT
pattern_2		9:16744121:C:G:R:wC	43	72	-	31.4024	2.81e-11	9.91e-08	ACTCGGGAGGCTGAGGTAGGAGAATGGCGT
pattern_2		10:30638515:C:T:R:wC	121	150	+	31.3049	3.03e-11	1.06e-07	CTTTGAGAGGCTGAGGGAGGTGAATCTCCT
pattern_2		7:138731988:T:A:R:wC	76	105	+	31.2683	3.11e-11	1.09e-07	ACTCGGGAGGCTGAGGCAGGAGAATTGCTT
pattern_2		1:110187031:C:T:A:wC	92	121	-	31.2195	3.23e-11	1.12e-07	ACTCGGGAGGCTGAGGCAGGAAAATGGCGT
pattern_2		19:1520924:C:A:R:wC	137	166	-	31.2195	3.23e-11	1.12e-07	ACTCGGGAGGCTGAGGCAGGAGAATGGTGT
pattern_2		3:154103599:G:A:A:wC	91	120	-	31.1829	3.32e-11	1.15e-07	ACTAGGGAGGCTGAGGCAGGTGAATGGTGT
pattern_2		10:16848997:C:T:A:wC	94	123	-	31.1585	3.39e-11	1.16e-07	CTTCCGGAGGCCAACGTGGGTGGATCACCT
pattern_2		19:18237882:G:A:A:wC	167	196	+	31.1463	3.42e-11	1.16e-07	ACTTGAGAGGCTGAGGTGGGAGGATTGCTT
pattern_2		19:18237882:G:A:R:wC	167	196	+	31.1463	3.42e-11	1.16e-07	ACTTGAGAGGCTGAGGTGGGAGGATTGCTT
pattern_2		3:154103599:G:A:R:wC	91	120	-	31	3.82e-11	1.29e-07	ACTAGGGAGGCTGAGGCAGGCGAATGGTGT
pattern_2		16:69223549:G:A:R:wC	80	109	+	30.9878	3.85e-11	1.3e-07	CCTAGGGAGGCTGAGGCAGGGGAATCGTTT
pattern_0		1:65277944:C:T:R:wC	31	60	-	25.5833	3.97e-11	8.25e-07	CCTGGCTAATTTTTTTATATTTTTAGTAGA
pattern_2		5:96506796:T:C:R:wC	58	87	+	30.939	4e-11	1.34e-07	CCTCGGGAGGCTGAGGCAGGAGCATTGCTT
pattern_2		20:36552888:A:G:A:wC	57	86	+	30.8902	4.14e-11	1.38e-07	ACTCGAGAGGCTGAGGCAGGAGAATCGCTT
pattern_2		19:1031812:G:T:R:wC	139	168	-	30.8902	4.14e-11	1.38e-07	CTTTGGAAGGCCGAGGCAGGCAGATCACGT
pattern_2		8:145654298:G:A:A:wC	74	103	-	30.8659	4.22e-11	1.4e-07	ACTTCGGAGGCTGAGGCAGGAGAATGGCGT
pattern_2		1:38405257:T:C:A:wC	59	88	-	30.8537	4.26e-11	1.4e-07	ACTCGGGAGGCTGAGGCTGGAGAATGGCAT
pattern_2		4:2685085:C:T:A:wC	136	165	-	30.8537	4.26e-11	1.4e-07	ACCTGGGAGGCTGAGACAGGAGCATCACTT
pattern_2		19:1519560:T:C:A:wC	91	120	-	30.8415	4.3e-11	1.41e-07	ACTCGGGAGGCTGAGGCAGGGGAATGGCGT
pattern_2		19:10631375:A:G:A:wC	74	103	+	30.8293	4.34e-11	1.42e-07	ACTCCGGAGGCTGAGGCAGGAGAATCGCCT
pattern_2		13:95923250:G:A:A:wC	88	117	+	30.7439	4.62e-11	1.51e-07	ACTCGGGAGGCTAAGGCAGGAGAATGGCGT
pattern_2		10:8125134:C:T:A:wC	35	64	+	30.6829	4.84e-11	1.57e-07	ACTTGGGAGGCTGACGCAGGAGAATGGCGT
pattern_2		3:106221324:G:A:A:wC	57	86	+	30.6098	5.11e-11	1.62e-07	ACTCAGGAGGCTGAGGCAGGAGAATGGCGT
pattern_2		7:83302264:G:A:R:wC	44	73	-	30.6098	5.11e-11	1.62e-07	ACTCAGGAGGCTGAGGCAGGAGAATGGCGT
pattern_2		12:131653587:G:C:R:wC	118	147	+	30.6098	5.11e-11	1.62e-07	ACTCAGGAGGCTGAGGCAGGAGAATGGCGT
pattern_2		19:16461254:G:A:R:wC	128	157	+	30.6098	5.11e-11	1.62e-07	ACTCAGGAGGCTGAGGCAGGAGAATGGCGT
pattern_2		6:35432100:C:T:A:wC	114	143	-	30.6098	5.11e-11	1.62e-07	ACTCAGGAGGCTGAGGCAGGAGAATGGCGT
pattern_2		6:35432100:C:T:R:wC	114	143	-	30.6098	5.11e-11	1.62e-07	ACTCAGGAGGCTGAGGCAGGAGAATGGCGT
pattern_2		11:213723:T:G:A:wC	76	105	+	30.5488	5.35e-11	1.68e-07	CTTTGGGAGACTGAGGCAGGTAGAGCACAA
pattern_2		15:51312751:G:A:R:wC	151	180	-	30.5488	5.35e-11	1.68e-07	ACTCAGGAGGCTGAGGCAGGAGAATCAATT
pattern_2		16:4105786:G:C:A:wC	38	67	+	30.5244	5.44e-11	1.71e-07	ACTTGGGAGGCTGAGGCAGGAGAACGGCAT
pattern_2		22:31660758:A:G:A:wC	5	34	+	30.5122	5.49e-11	1.71e-07	CATTGGGAGGCCGAGGCGGGCAAATCACTT
pattern_2		9:38261501:C:T:R:wC	53	82	-	30.4878	5.59e-11	1.74e-07	ACTCGGGAGGCTGAGGCAGGAGAATGGCAA
pattern_0		5:173414643:G:A:A:wC	53	82	-	25.381	5.65e-11	1.13e-06	CCTGGCTAATTTTTGCATTTTTAGTAGAAA
pattern_0		5:173414643:G:A:R:wC	53	82	-	25.381	5.65e-11	1.13e-06	CCTGGCTAATTTTTGCATTTTTAGTAGAAA
pattern_2		10:79683235:C:T:R:wC	136	165	+	30.3171	6.34e-11	1.97e-07	TTTTGGGAGGCTGAGGCAAGCAGATCGCTT
pattern_2		5:179735213:A:G:A:wC	32	61	+	30.2561	6.63e-11	2.05e-07	ACTCGGGAGGCTGAGGCAGGAGAGTGGCGT
pattern_2		3:197816514:C:G:R:wC	53	82	+	30.2317	6.75e-11	2.08e-07	ACTCGGGAGGCTGAGGCCGGAGAATGATGT
pattern_2		4:113599558:C:T:R:wC	102	131	+	30.2073	6.88e-11	2.11e-07	CTTTGGGAGGCCAAAGTGGGTGGATCACCT
pattern_2		7:6599034:G:C:A:wC	105	134	-	30.1829	7e-11	2.14e-07	ACTCCGGAGGCTGAGGCAGGAGAATCGCTT
pattern_2		1:9692131:T:C:A:wC	139	168	-	30.1707	7.06e-11	2.15e-07	ACTCAGGAGGCCGAGGCAGGAGAATTGCTT
pattern_2		7:99800958:G:A:A:wC	50	79	-	30.1341	7.25e-11	2.18e-07	ACTTGGGAGGCTGAGGCAGGAGAACTGCTT
pattern_2		8:109013098:T:C:A:wC	121	150	+	30.1341	7.25e-11	2.18e-07	ACTCAGGAGGCTGAGGCAGGAGAATGGCTT
pattern_2		22:32155445:T:C:R:wC	114	143	-	30.1341	7.25e-11	2.18e-07	ACTCAGGAGGCTGAGGCAGGAGAATGGCTT
pattern_2		22:42436322:G:A:A:wC	104	133	-	30.0488	7.72e-11	2.3e-07	ACTCAGGAGGCTGAGGCAGGAGAATTACTT
pattern_2		20:45095161:T:C:R:wC	161	190	-	30.0488	7.72e-11	2.3e-07	ACTCGGGAGGCTGAGGCAGGAGAATTGCAT
pattern_0		12:57461028:A:G:A:wC	8	37	-	25.1905	7.82e-11	1.53e-06	GCAGCTAATTTTTTGTATTTTTAGTAGAGA
pattern_2		1:112381195:C:A:A:wC	73	102	+	30.0122	7.93e-11	2.36e-07	ACTCGGGAGGCTGAGGCAGGAGAATGGATT
pattern_2		22:17613614:C:T:A:wC	65	94	+	29.9756	8.14e-11	2.4e-07	ACTCGGGAGGCCAAGGTGAGAGAATCACTT
pattern_2		22:17613614:C:T:R:wC	65	94	+	29.9756	8.14e-11	2.4e-07	ACTCGGGAGGCCAAGGTGAGAGAATCACTT
pattern_2		17:35132900:C:T:A:wC	146	175	+	29.9024	8.59e-11	2.53e-07	ACTTTGGAGGCCGAGGCGGGCAGATCACTT
pattern_2		17:15414354:C:T:A:wC	3	32	+	29.7561	9.54e-11	2.79e-07	ACTCAGGAGGCTGAGGCAGGAGAATCGTTT
pattern_2		5:140030243:A:T:A:wC	118	147	-	29.7561	9.54e-11	2.79e-07	ACTCAGGAGGCTGAGGCAGGAAAATCGCTT
pattern_2		11:129720116:A:G:A:wC	143	172	-	29.7195	9.8e-11	2.85e-07	ACTCGGGAGACTGAGGCAGGAGAATCGCTT
pattern_4		3:133480388:T:C:R:wC	47	76	-	24.4881	1.02e-10	9.58e-05	TTTTATTTTTTTATTTTTTATTTTTTTGAG
pattern_2		9:131683700:C:A:R:wC	77	106	-	29.5976	1.07e-10	3.09e-07	GCTCGCGAGGCTGAGGCAGGAGAATGGCGT
pattern_2		19:6442589:C:T:R:wC	170	199	-	29.5976	1.07e-10	3.09e-07	ACTTGGCAGGCTGAGGCAGGAGAATTGCTT
pattern_2		12:41092128:C:T:A:wC	109	138	-	29.5854	1.08e-10	3.1e-07	ACTCGGGAGGCTGAGGCAGGAAAATAATGT
pattern_2		10:14568914:G:A:A:wC	122	151	-	29.5854	1.08e-10	3.1e-07	ACTCAGGAGGCTGAGGCAGGAGAATAGCGT
pattern_2		14:36099810:C:T:A:wC	12	41	-	29.4634	1.18e-10	3.36e-07	CTTTGGGAGGCCCTGGCTGGTGGATCACTT
pattern_2		7:44872900:T:C:R:wC	131	160	-	29.4634	1.18e-10	3.36e-07	ACTCAGGAGGCTGAGGCATGAGAATGACGT
pattern_2		1:26067089:G:A:A:wC	38	67	-	29.4512	1.19e-10	3.37e-07	GCTTGGGAGGCTGAGACAGGAGAATGGCAT
pattern_2		1:19657596:C:T:A:wC	109	138	-	29.439	1.2e-10	3.39e-07	ACTTGGGAGGTTGAGGCAGGAGAATCGCTC
pattern_2		6:117523471:C:A:R:wC	120	149	-	29.4268	1.21e-10	3.41e-07	ACTCGCGAGGCTGAGGCAGGAGAATGGCTT
pattern_2		1:247633437:A:G:A:wC	56	85	+	29.4146	1.22e-10	3.43e-07	CTTTGGGAGGCCGAAGCGGGCAGATCACAA
pattern_0		12:131653587:G:C:R:wC	58	87	-	24.8929	1.28e-10	2.44e-06	CCAGCTAATTTTTTGTATTTTTAGTAGACA
pattern_0		11:70238030:T:C:R:wC	133	162	-	24.8452	1.38e-10	2.58e-06	CCCGGATAAGTTTTGTATTTTTAGTAGAGA
pattern_2		14:74749769:C:T:R:wC	33	62	+	29.2195	1.4e-10	3.92e-07	ACTAAGGAGGCTGAGGCGGGAGAATTGCTT
pattern_0		1:247288981:G:C:A:wC	11	40	+	24.8214	1.43e-10	2.63e-06	CCCGGCTAAATTTTGCATTTTTAGTAGAGA
pattern_0		3:154103599:G:A:A:wC	150	179	+	24.7976	1.49e-10	2.63e-06	CCCAGCTATTTTTTGTATTTTTAGTAGAGA
pattern_0		3:154103599:G:A:R:wC	150	179	+	24.7976	1.49e-10	2.63e-06	CCCAGCTATTTTTTGTATTTTTAGTAGAGA
pattern_2		2:26457507:G:A:A:wC	116	145	+	29.061	1.57e-10	4.37e-07	ACTTGGGAGGCTGAGGCAGGAGAACAGTGT
pattern_0		20:10731494:T:C:R:wC	158	187	-	24.7619	1.58e-10	2.73e-06	CCCAGCTAATTTTTGTATTTTCAGTAGAGA
pattern_2		17:38069076:G:A:A:wC	137	166	+	29.0488	1.58e-10	4.4e-07	CTTTGGGAGGCTGTGGCAGGCAGATCACTT
pattern_2		11:344001:G:A:R:wC	116	145	+	28.9756	1.66e-10	4.6e-07	ACTCGGGAGGCTGAGGCACGAGAATGGCGT
pattern_2		11:344001:G:A:A:wC	116	145	+	28.9756	1.66e-10	4.6e-07	ACTCGGGAGGCTGAGGCACGAGAATGGCGT
pattern_0		19:30288488:C:T:R:wC	163	192	+	24.7143	1.7e-10	2.8e-06	CCGGCTAATTTTTTTTATTTTTAGTAGAGA
pattern_0		19:30288488:C:T:A:wC	163	192	+	24.7143	1.7e-10	2.8e-06	CCGGCTAATTTTTTTTATTTTTAGTAGAGA
pattern_2		12:111761923:G:A:A:wC	86	115	+	28.939	1.71e-10	4.64e-07	CTTTGGGAGGCCAAAGCGGGCGGATCACAA
pattern_0		10:79662478:C:T:R:wC	69	98	-	24.7024	1.73e-10	2.8e-06	CTAGCTAATTTTTTGTATTTTTAGTAGAGA
pattern_0		22:39557612:G:A:R:wC	153	182	-	24.7024	1.73e-10	2.8e-06	GCCGGTAATTTTTTGTATTTTTAGTAGAAA
pattern_2		1:109264069:C:T:R:wC	11	40	+	28.9146	1.74e-10	4.64e-07	ACTCAGGAGGCTGAGGCAGGAGAATGGCAT
pattern_2		7:70178784:A:T:R:wC	87	116	+	28.9146	1.74e-10	4.64e-07	ACTCAGGAGGCTGAGGCAGGAGAATGGCAT
pattern_2		14:33649898:A:G:R:wC	96	125	+	28.9146	1.74e-10	4.64e-07	ACTCAGGAGGCTGAGGCAGGAGAATGGCAT
pattern_2		10:126500187:A:G:A:wC	109	138	+	28.9146	1.74e-10	4.64e-07	ACTCAGGAGGCTGAGGCAGGAGAATGGCAT
pattern_2		1:1544450:G:A:A:wC	116	145	+	28.9146	1.74e-10	4.64e-07	ACTCAGGAGGCTGAGGCAGGAGAATGGCAT
pattern_2		2:219279588:G:A:R:wC	98	127	-	28.9146	1.74e-10	4.64e-07	ACTCAGGAGGCTGAGGCAGGAGAATGGCAT
pattern_2		14:104513043:C:T:A:wC	139	168	-	28.9146	1.74e-10	4.64e-07	ACTCAGGAGGCTGAGGCAGGAGAATGGCAT
pattern_2		17:73194987:G:A:R:wC	143	172	-	28.9146	1.74e-10	4.64e-07	ACTCAGGAGGCTGAGGCAGGAGAATGGCAT
pattern_2		3:129095895:G:A:R:wC	160	189	-	28.9146	1.74e-10	4.64e-07	ACTCAGGAGGCTGAGGCAGGAGAATGGCAT
pattern_2		19:17372199:C:T:R:wC	145	174	-	28.9024	1.75e-10	4.67e-07	ACTCCGGAGGCTGAGGCAGGAGAATGGCGT
pattern_2		8:102468587:C:T:R:wC	138	167	+	28.8902	1.77e-10	4.69e-07	CTTTGGGAGGCCGACACAGGCAGTTCAACT
pattern_2		17:8203122:T:C:A:wC	31	60	+	28.8293	1.84e-10	4.86e-07	ACTAGGGAGGCTGAGGCAGGAAAATGGCAT
pattern_2		12:133422998:G:A:A:wC	50	79	-	28.8293	1.84e-10	4.86e-07	ACTCGGGAGGCTGAGGAAGGAGAATGGCGT
pattern_2		6:10778021:G:A:R:wC	50	79	-	28.7561	1.94e-10	5.07e-07	ACTCAGGAGGCTGAGGCAAGAGAATCACTT
pattern_2		3:129074542:T:C:R:wC	126	155	-	28.7561	1.94e-10	5.07e-07	ACTCGAGAGGCTGAGGCAGGAGAATAGCCT
pattern_2		3:129074542:T:C:A:wC	126	155	-	28.7561	1.94e-10	5.07e-07	ACTCGAGAGGCTGAGGCAGGAGAATAGCCT
pattern_0		7:44872900:T:C:R:wC	3	32	+	24.619	1.98e-10	3.14e-06	CCTGGCTAATTTCTGTATTTTTAGTAGAGA
pattern_2		18:24514448:C:T:R:wC	84	113	-	28.6707	2.06e-10	5.36e-07	CTTTGGGAGGCGGGGGCGGGCGGATCACAA
pattern_2		19:17308734:T:G:A:wC	118	147	+	28.622	2.13e-10	5.53e-07	ACTCAGGAGGCTGAGGCGAGAGAATCGCTT
pattern_2		18:51752453:C:T:A:wC	34	63	+	28.5976	2.16e-10	5.61e-07	GCTCCGGAGGCTGAGGCAGGAGAATGGCGT
pattern_0		12:70592523:G:A:A:wC	61	90	-	24.5595	2.17e-10	3.38e-06	CCTGACTAATCTTTGTATTTTTAGTAGAGA
pattern_2		2:43434128:C:T:R:wC	102	131	+	28.5854	2.18e-10	5.62e-07	TTTGGAGAGACCGAGGCGGGAGGATCACTT
pattern_2		2:43434128:C:T:A:wC	102	131	+	28.5854	2.18e-10	5.62e-07	TTTGGAGAGACCGAGGCGGGAGGATCACTT
pattern_0		3:184091881:T:C:R:wC	65	94	-	24.5476	2.21e-10	3.39e-06	CCCAGCTAATTTTTGTATTTTTGGTAGAGA
pattern_2		15:53164357:A:T:R:wC	53	82	+	28.5244	2.28e-10	5.82e-07	ACTCAGGAGGCTGAGGCAGGAGAATTGCTT
pattern_2		19:40821578:T:G:R:wC	98	127	+	28.5244	2.28e-10	5.82e-07	ACTCAGGAGGCTGAGGCAGGAGAATTGCTT
pattern_2		19:4408291:A:G:A:wC	98	127	-	28.439	2.42e-10	6.14e-07	ACTCGGGAGACTGAGGCAGGAGAATGGCGT
pattern_2		1:205059066:G:A:A:wC	113	142	-	28.439	2.42e-10	6.14e-07	ACTTAGGAGGTTGAGGCAGGAGAATCGTTT
pattern_2		17:4950592:T:C:A:wC	51	80	-	28.3415	2.58e-10	6.53e-07	ACTTGGAAGGCTGAGGCAGGAGGATCACTT
pattern_2		9:114325819:T:C:A:wC	166	195	-	28.3415	2.58e-10	6.53e-07	AGTCGGGAGGCTGAGGCAGGAGAATGGCAT
pattern_2		9:112094532:A:G:R:wC	106	135	-	28.3293	2.61e-10	6.56e-07	CTCGGAGAGGCTGAGGCAGGAGAATGGCGT
pattern_2		15:85914683:G:A:A:wC	50	79	-	28.2805	2.69e-10	6.76e-07	ACTTCGGAGGCTGAGACAGGAGAATCGCTT
pattern_2		12:70592523:G:A:A:wC	120	149	+	28.2195	2.81e-10	7.03e-07	ACTCAGGAGGCTGAGGCAGAAGAATCGCTT
pattern_2		7:6786326:A:G:R:wC	160	189	-	28.122	3e-10	7.49e-07	ACTCGGGAGGCTGAGGCAGGAGAACGGTGT
pattern_2		13:31042452:G:T:R:wC	139	168	-	28.0976	3.05e-10	7.6e-07	ACTCGGGAGGCTGAGGCAGAAGAATCGATT
pattern_0		18:24514448:C:T:R:wC	10	39	+	24.3095	3.18e-10	3.81e-06	CCGGCTAATTTTTTGTATTTTTAGTAGAGA
pattern_0		22:22987598:A:G:A:wC	24	53	+	24.3095	3.18e-10	3.81e-06	CCGGCTAATTTTTTGTATTTTTAGTAGAGA
pattern_0		11:67346469:C:T:R:wC	13	42	-	24.3095	3.18e-10	3.81e-06	CCGGCTAATTTTTTGTATTTTTAGTAGAGA
pattern_0		1:112381195:C:A:A:wC	13	42	-	24.3095	3.18e-10	3.81e-06	CCGGCTAATTTTTTGTATTTTTAGTAGAGA
pattern_0		1:112381195:C:A:R:wC	13	42	-	24.3095	3.18e-10	3.81e-06	CCGGCTAATTTTTTGTATTTTTAGTAGAGA
pattern_0		16:89285085:G:C:A:wC	43	72	-	24.3095	3.18e-10	3.81e-06	CCGGCTAATTTTTTGTATTTTTAGTAGAGA
pattern_0		5:179056171:G:A:R:wC	56	85	-	24.3095	3.18e-10	3.81e-06	CCGGCTAATTTTTTGTATTTTTAGTAGAGA
pattern_0		6:125042407:G:A:R:wC	72	101	-	24.3095	3.18e-10	3.81e-06	CCGGCTAATTTTTTGTATTTTTAGTAGAGA
pattern_0		2:54244011:C:T:R:wC	111	140	+	24.3095	3.18e-10	3.81e-06	CCGGCTAATTTTTTGTATTTTTAGTAGAGA
pattern_0		9:131683700:C:A:R:wC	137	166	+	24.3095	3.18e-10	3.81e-06	CCGGCTAATTTTTTGTATTTTTAGTAGAGA
pattern_0		14:58841995:T:C:R:wC	159	188	+	24.3095	3.18e-10	3.81e-06	CCGGCTAATTTTTTGTATTTTTAGTAGAGA
pattern_0		11:32993406:G:A:A:wC	132	161	-	24.3095	3.18e-10	3.81e-06	CCGGCTAATTTTTTGTATTTTTAGTAGAGA
pattern_0		9:112094532:A:G:R:wC	167	196	+	24.3095	3.18e-10	3.81e-06	CCGGCTAATTTTTTGTATTTTTAGTAGAGA
pattern_0		2:112399560:G:A:A:wC	139	168	-	24.3095	3.18e-10	3.81e-06	CCGGCTAATTTTTTGTATTTTTAGTAGAGA
pattern_0		16:89325052:C:T:R:wC	171	200	+	24.3095	3.18e-10	3.81e-06	CCGGCTAATTTTTTGTATTTTTAGTAGAGA
pattern_0		1:39336236:C:T:A:wC	158	187	-	24.3095	3.18e-10	3.81e-06	CCGGCTAATTTTTTGTATTTTTAGTAGAGA
pattern_0		14:105764099:T:C:R:wC	163	192	-	24.3095	3.18e-10	3.81e-06	CCGGCTAATTTTTTGTATTTTTAGTAGAGA
pattern_2		20:3100862:G:A:A:wC	120	149	+	27.9634	3.34e-10	8.27e-07	ACTCCAGAGGCTGAGGCAGGAGAATCACTT
pattern_2		1:706778:G:A:R:wC	160	189	-	27.9634	3.34e-10	8.27e-07	ACTCCAGAGGCTGAGGCAGGAGAATCACTT
pattern_2		1:1768779:C:T:R:wC	114	143	-	27.9512	3.37e-10	8.31e-07	ACTCAGGAGGCCAAGGCAGGAGAATGGCAT
pattern_0		20:57542074:A:G:R:wC	23	52	+	24.2619	3.41e-10	4.04e-06	CCAGCTAATTTTTTGTACTTTTAGTAGAGA
pattern_2		16:487224:G:C:A:wC	43	72	+	27.9024	3.49e-10	8.57e-07	ACTGGGGAGGCTAAGGCAGGAGAATCGTTT
pattern_2		9:138814436:A:G:A:wC	167	196	-	27.7927	3.75e-10	9.17e-07	ACTTGGGAGGCTGAGACAGCAAAATCGCTT
pattern_2		9:138814436:A:G:R:wC	167	196	-	27.7927	3.75e-10	9.17e-07	ACTTGGGAGGCTGAGACAGCAAAATCGCTT
pattern_2		11:66341005:C:G:R:wC	35	64	+	27.7805	3.79e-10	9.22e-07	ACTCGGGAGGCTGAGGCAGGAGAATGGCAC
pattern_2		2:44008228:A:G:R:wC	132	161	+	27.7317	3.91e-10	9.5e-07	CTTTGGAAGGCTGAGGTGGGAAGATCACTT
pattern_2		14:74041056:C:A:A:wC	112	141	-	27.6341	4.18e-10	1.01e-06	ACGTGGGAGGCTGAGGCAGAAGAATCAATT
pattern_2		4:39483872:C:T:R:wC	129	158	-	27.622	4.21e-10	1.02e-06	ATTCAGGAGGCAGAGGCACGAGAATCACTT
pattern_2		21:45513545:G:A:A:wC	83	112	+	27.5732	4.35e-10	1.05e-06	ACTCGGGAGGCTGATGCAGAAGAATCACTT
pattern_2		1:90245736:G:A:A:wC	50	79	-	27.4024	4.88e-10	1.17e-06	ACTCGGGAGGCTGAGACAGGAGAATTGCTT
pattern_0		11:123353693:G:A:A:wC	4	33	-	24.0119	4.93e-10	5.77e-06	CTCGACTAATTTTTGCATTTTTAGTAGAGA
pattern_4		9:97503617:C:T:R:wC	13	42	+	23.5357	5.02e-10	0.000236	TGTTTTTATTTTATTTTTTATTTTTTTATT
pattern_2		7:29390646:C:A:R:wC	67	96	+	27.1951	5.6e-10	1.34e-06	GCTCGAGAGACTGAGGCAGGAGAATCACTT
pattern_2		14:100050006:A:G:A:wC	128	157	+	27.1341	5.83e-10	1.39e-06	ACTCAGGAGGCTAAGGCAGAAGAATCACTT
pattern_2		14:100050006:A:G:R:wC	128	157	+	27.1341	5.83e-10	1.39e-06	ACTCAGGAGGCTAAGGCAGAAGAATCACTT
pattern_2		9:131197305:T:C:A:wC	167	196	-	27.122	5.87e-10	1.39e-06	ACTCAGGAGGCTGAGGCAGGAAAATCAGTT
pattern_2		6:158496605:G:A:A:wC	57	86	+	26.9756	6.47e-10	1.53e-06	ACTCAGGAGACTGAGGCAGGAGAATCGCTT
pattern_0		7:130994364:G:A:R:wC	66	95	+	23.8214	6.48e-10	7.48e-06	GCTGGCTAATTGTTGTATTTTTAGTAGAGA
pattern_2		8:25397347:G:C:A:wC	74	103	-	26.9268	6.68e-10	1.58e-06	ACTGAGGAGGCTGAGGCAGGAGAATGGCAT
pattern_2		19:4006482:G:C:R:wC	126	155	+	26.878	6.9e-10	1.62e-06	CTTTGGGAGGTTGAAGCGGGCAGATCACTT
pattern_2		8:17574213:G:C:R:wC	50	79	-	26.8659	6.95e-10	1.63e-06	ACTCAAGAGGCTGAGGCAGGAGAATGGCGT
pattern_2		3:75421226:T:A:A:wC	117	146	+	26.8171	7.18e-10	1.67e-06	CTTTGGGAGGCCGAGGAGGGCAGATCACAG
pattern_2		22:23985332:C:T:R:wC	122	151	-	26.8171	7.18e-10	1.67e-06	ACTTGAGAGGCTGAGGCATGAGAATTGCTT
pattern_2		9:131564080:A:G:R:wC	160	189	-	26.7439	7.53e-10	1.75e-06	ACTCGGGAGACTGAGGCAGGAGAATGGCAT
pattern_2		14:36099810:C:T:A:wC	145	174	+	26.5	8.82e-10	2.05e-06	CTTTGGGAAGCTGAGGCGGGCCAATCACCT
pattern_0		14:33649898:A:G:R:wC	36	65	-	23.5833	9.04e-10	1.03e-05	CCAGCTAATTTTTTGTATTTTTAATACAGA
pattern_2		8:136871213:G:T:A:wC	95	124	+	26.4146	9.32e-10	2.16e-06	ACTTGTGGGGCTGAGGCAGGAGAATGGCGT
pattern_2		4:1257311:T:C:A:wC	163	192	-	26.3902	9.47e-10	2.18e-06	ACTCAGGAGGCTGAGGCAGGAGAATTGTTT
pattern_2		17:73988617:G:A:A:wC	3	32	-	26.3415	9.77e-10	2.25e-06	TTTTGGGAGGCCAAGGCACGCAGATCCCTC
pattern_0		7:29390646:C:A:R:wC	8	37	-	23.4762	1.05e-09	1.18e-05	ACCGGCTAACTTTTGTATTTTTAGTAGAGA
pattern_2		16:23653343:C:T:A:wC	109	138	-	26.1951	1.07e-09	2.46e-06	ACTCGAGACGCTGAGGCAGGAGAATCGCTT
pattern_2		14:93016815:A:G:R:wC	142	171	-	26.1829	1.08e-09	2.47e-06	ACTCAGGAGGCTAAGGTAGGAGGATTGCTT
pattern_2		19:51126928:A:G:A:wC	120	149	+	26.122	1.12e-09	2.56e-06	ACTTGGGAGGCTGAAGCAGGAGAATCACTT
pattern_2		21:38398211:T:C:R:wC	164	193	-	26.122	1.12e-09	2.56e-06	ACTTGGGAGGCTGAAGCAGGAGAATCACTT
pattern_2		19:53500694:G:C:R:wC	86	115	-	26.0366	1.19e-09	2.69e-06	ACTCAGGAGGCTGAGCCAGGAGAATGGCGT
pattern_2		15:56133889:C:G:A:wC	80	109	-	25.9756	1.23e-09	2.79e-06	ACTCAGGAGCCTGAGGCAGGAGAATGGCGT
pattern_2		17:4333499:T:C:A:wC	131	160	-	25.939	1.26e-09	2.85e-06	GCTCAGGAGGCTGAGGCATGAGAATGGCAT
pattern_2		12:111978537:C:T:A:wC	161	190	-	25.9146	1.28e-09	2.89e-06	ACTCAGGAGGCTAAGGCAGGAGAATTGCTT
pattern_2		15:41733249:A:G:A:wC	120	149	-	25.8902	1.3e-09	2.92e-06	ATTTGGGAGGTTGAGGCAGAAGAATGGAGT
pattern_2		8:66471836:A:G:A:wC	79	108	+	25.7561	1.42e-09	3.17e-06	CGTTGGGAGGCTGAAGCGGGCGGATCATGA
pattern_2		9:116845484:C:T:A:wC	117	146	+	25.7195	1.45e-09	3.24e-06	ACTCGGGAGCCTGAGGCAGAAGAATCATTT
pattern_0		16:72038001:G:A:A:wC	97	126	+	23.2024	1.51e-09	1.68e-05	CCGACTAATTTTTTGTATTTTTAGTAGAGA
pattern_2		10:77185310:G:C:A:wC	54	83	-	25.6463	1.52e-09	3.38e-06	CTTTGGGAAGCTGAGGTGGGAGGATCAGTT
pattern_2		7:44088819:G:A:R:wC	136	165	-	25.6341	1.53e-09	3.4e-06	ACTCAGGAGGTTGAGGCAGGAGAATGGCAT
pattern_0		19:10682247:A:G:R:wC	23	52	-	23.119	1.69e-09	1.83e-05	CTGGCTAATTTTTTGTATTTTTAGTAGAGA
pattern_0		12:3053028:G:C:R:wC	158	187	+	23.119	1.69e-09	1.83e-05	CTGGCTAATTTTTTGTATTTTTAGTAGAGA
pattern_0		19:17308734:T:G:A:wC	59	88	-	23.0952	1.74e-09	1.87e-05	CCTGGCTGATTTTTGTATTTTTAGTGGAGA
pattern_2		3:196330302:G:C:R:wC	73	102	+	25.4024	1.77e-09	3.92e-06	ACTAGGGAGGCTGAGGCAGGAGAACGGGGT
pattern_2		3:172529861:A:G:A:wC	112	141	-	25.2927	1.9e-09	4.18e-06	ACTCAAGAGGCTGAGGCACGAGAATCACTT
pattern_2		7:129081665:A:C:R:wC	126	155	-	25.2927	1.9e-09	4.18e-06	CTTTGGAGGGCCAAGGCAGGAGGATCACTT
pattern_2		16:5088515:C:T:R:wC	92	121	-	25.0732	2.17e-09	4.77e-06	ACTTGGCAGACTGAGGCAGGAGAATGGCAT
pattern_2		19:4264176:G:A:A:wC	72	101	+	25.0488	2.21e-09	4.83e-06	ACTCAGGAGGCTGAGACAGGAGAATGGCAT
pattern_2		13:113352130:C:T:A:wC	92	121	-	24.8537	2.49e-09	5.43e-06	CTTTGGGAAGCAGAGGTGGGCAGATCATCT
pattern_2		10:64892322:G:A:R:wC	49	78	+	24.8293	2.53e-09	5.5e-06	ACTTAAGAGACTGAGGTGTGAGGATCGCCT
pattern_2		17:63680086:G:A:R:wC	62	91	+	24.8171	2.54e-09	5.53e-06	ACTCGGAAGGCTGAGGCAGGTGAATCACTT
pattern_2		5:179056171:G:A:R:wC	116	145	+	24.7683	2.62e-09	5.68e-06	ACACGGGAGGCTGAGGCAGGAGAATGGCTC
pattern_2		17:35132006:T:C:R:wC	104	133	-	24.7561	2.64e-09	5.71e-06	CGTTGGGAGGCAGAGGCAGGAGGAATGCTC
pattern_2		17:19553659:A:G:A:wC	135	164	-	24.7317	2.68e-09	5.78e-06	ATCTGGGAGGTTGGGGCAGGAGGACTGCTT
pattern_0		7:83302264:G:A:R:wC	104	133	+	22.7381	2.75e-09	2.92e-05	CCGGCTAATTTTTTGTATTTTTAGTAGAGG
pattern_0		16:89744494:G:A:A:wC	17	46	+	22.7143	2.83e-09	2.94e-05	CTGGCTAATTTTTTGTATTTTTAATAGAGA
pattern_0		16:89744494:G:A:R:wC	17	46	+	22.7143	2.83e-09	2.94e-05	CTGGCTAATTTTTTGTATTTTTAATAGAGA
pattern_2		7:64482282:T:C:R:wC	71	100	-	24.6098	2.89e-09	6.21e-06	ACTCAGGAGGCTGAGACAGGAAAATGGCGT
pattern_0		19:4408291:A:G:A:wC	158	187	+	22.6786	2.96e-09	3.04e-05	CCGGCTAATTTTTTGTACTTTTAGTAGAGA
pattern_2		12:129389210:T:C:A:wC	168	197	-	24.5366	3.02e-09	6.47e-06	ACTTGGGAAGCTGAGGCAGGAGAATCGCTT
pattern_2		12:7953128:A:G:R:wC	138	167	-	24.5122	3.07e-09	6.55e-06	ACTCAGGAGGCTGAGGGAAGAGAATCACTT
pattern_2		17:46982380:G:A:A:wC	114	143	+	24.4268	3.23e-09	6.88e-06	ACTCAGGAGGCTGAGGCACAAGAATCCCTT
pattern_0		11:46495302:A:G:A:wC	158	187	+	22.6071	3.24e-09	3.29e-05	CCGGCTAACTTTTTGTATTTTTAGTGGAGA
pattern_2		11:3824726:C:T:R:wC	131	160	-	24.3293	3.42e-09	7.28e-06	ACTTGGGAGGCTGAGGAACGAGAATTGCTT
pattern_2		22:31939973:A:G:A:wC	56	85	+	24.3049	3.47e-09	7.37e-06	CTTTGGGAGGCCAAGGTCAGCAGATTGTCT
pattern_0		15:79522376:C:T:R:wC	122	151	+	22.5476	3.48e-09	3.5e-05	GCCTGCTAATTTTTGTATTTTTAGTAGGGA
pattern_2		8:27581292:T:A:R:wC	160	189	-	23.939	4.33e-09	9.16e-06	ACTCGGGAGGCTGAGGTCGGAGACTCGTTT
pattern_0		8:25397347:G:C:A:wC	134	163	+	22.3333	4.52e-09	4.5e-05	CCGGCTAATTGTTTGTATTTTTAGTAGAGA
pattern_0		16:3491429:G:A:R:wC	51	80	-	22.1905	5.36e-09	5.23e-05	CAGCCTTAATTTTTGTAATTTTAGTAGAGA
pattern_0		16:74532561:G:A:A:wC	132	161	-	22.1905	5.36e-09	5.23e-05	CCCACCTAATTTTTGAATTTTTAGTAGAGA
pattern_2		2:86414853:G:C:A:wC	171	200	+	23.2195	6.61e-09	1.4e-05	ACTCGGGAGGCTGAAGCAGGAGAATCCCTT
pattern_2		14:100810593:G:T:R:wC	26	55	-	23.2073	6.66e-09	1.4e-05	ACTCGGCAGGCTGAGGCAGGAGAATGAGGC
pattern_4		13:74711955:C:T:A:wC	15	44	+	21.5833	7.51e-09	0.00235	AAATCTTTTTTTATTTTTTATTTTATTTAT
pattern_2		11:63985628:A:G:R:wC	47	76	-	22.8171	8.35e-09	1.75e-05	ACTCAGGACGCTGAGGCAGGAGAACGGCGT
pattern_2		1:116452800:C:T:A:wC	121	150	+	22.7439	8.71e-09	1.82e-05	ACTCAGGAGGCTGAGCTGGGAGGATTGATT
pattern_2		1:116452800:C:T:R:wC	121	150	+	22.7439	8.71e-09	1.82e-05	ACTCAGGAGGCTGAGCTGGGAGGATTGATT
pattern_2		2:145775791:C:T:A:wC	11	40	+	22.7317	8.77e-09	1.83e-05	ACTTGGGAAGCAGAGGCAGGAGAATCGCTT
pattern_2		11:10664595:A:G:A:wC	116	145	+	22.6829	9.02e-09	1.87e-05	ACTCGGGAAGCTGAGGCGGGAGAATGGCGT
pattern_2		19:54705928:T:C:R:wC	161	190	-	22.6707	9.08e-09	1.88e-05	ACTTGGGAGGCTAAGATAGGAGAATTGTTT
pattern_2		15:40693443:G:A:R:wC	138	167	-	22.6585	9.14e-09	1.89e-05	TACTGGGAGGCTGAGGCGGGAGAATGCCGT
pattern_2		1:45969036:G:C:R:wC	23	52	+	22.6341	9.27e-09	1.91e-05	ACTCGGGAGGCTGAAGCAGGAGAATCGCTT
pattern_0		13:95923250:G:A:A:wC	28	57	-	21.7143	9.33e-09	8.82e-05	CAGGCTAATTTTTTGTATTTTTAGTAGAGA
pattern_0		13:95923213:G:A:A:wC	65	94	-	21.7143	9.33e-09	8.82e-05	CAGGCTAATTTTTTGTATTTTTAGTAGAGA
pattern_0		19:16237605:T:C:A:wC	133	162	-	21.7143	9.33e-09	8.82e-05	CAGGCTAATTTTTTGTATTTTTAGTAGAGA
pattern_2		11:68911500:A:C:R:wC	86	115	-	22.5488	9.74e-09	2e-05	ACTTGGCAGGCTGAGTCAGGAGAATCACTT
pattern_2		8:61175613:T:C:R:wC	141	170	+	22.4634	1.02e-08	2.1e-05	ATTTGGAAGGCTGAGACGGGCAGATAACCT
pattern_2		8:6697316:G:A:A:wC	128	157	-	22.3049	1.12e-08	2.29e-05	CTTTGGGAGACGGAGGCAGACAGATCACTT
pattern_2		9:38609434:C:A:R:wC	33	62	+	22.2927	1.13e-08	2.3e-05	ACTTGGTAGGCTGAGGCAGGAGAATAGCGT
pattern_0		17:66133442:T:C:R:wC	11	40	+	21.5238	1.16e-08	0.000108	CCTGGCTAACTTGTGTATTTTTAGTAGAGA
pattern_2		7:29038802:T:C:A:wC	15	44	+	22.1707	1.21e-08	2.46e-05	ACTGGGGAGGCTGAAGCAGGAGAATCACTT
pattern_2		20:8618626:T:C:A:wC	116	145	-	22.1098	1.25e-08	2.54e-05	ACTCGGGAGGCTGAGGCAGGAGAATGGCGG
pattern_0		2:101867170:C:G:R:wC	160	189	+	21.4524	1.25e-08	0.000116	CTCGGCCAATTTTTATATTTTTAGTAGATT
pattern_2		2:170401673:T:C:R:wC	76	105	+	22.0976	1.26e-08	2.54e-05	CTTTGGATGGCTGAGGTGGGAGGATTGCTT
pattern_2		2:70164840:G:A:R:wC	106	135	-	22.0976	1.26e-08	2.54e-05	GCTTGGGAGGCTTAGGCAGGGGAATCGCTT
pattern_2		22:22987598:A:G:A:wC	120	149	-	22.0854	1.27e-08	2.55e-05	CTTTGGGAGGCCGAGGCCTGTAATGCCAGC
pattern_2		10:27224988:A:G:A:wC	29	58	+	22.061	1.28e-08	2.58e-05	ACTCGGGAGGCTGAAGCAGGAGGACCACAT
pattern_0		19:4264176:G:A:A:wC	12	41	-	21.4286	1.28e-08	0.000118	CCGGCTAATTTTTTGTATTTTTAGCAGAGA
pattern_2		4:123619335:T:C:R:wC	164	193	-	21.9756	1.35e-08	2.7e-05	ACTCACGAGGCTGAGGCAGGAGAACTGCTT
pattern_0		4:176725993:G:A:R:wC	132	161	-	21.3333	1.43e-08	0.00013	CCAGCTAATTTTTTGTGTTTTTAGTAGAGA
pattern_4		9:89733000:A:G:A:wC	23	52	+	21.0238	1.47e-08	0.00287	TTTTATTTTATTTTATTTTATTTTATTATT
pattern_2		19:53944758:G:A:R:wC	141	170	-	21.8049	1.48e-08	2.97e-05	ACTCAGGAGGTTGAGGCAAAAGAATCACTT
pattern_0		17:66215837:A:T:A:wC	94	123	+	21.2857	1.5e-08	0.000135	TCTGGCTAATTTTTTTTTTTTTTTTGTAGA
pattern_2		6:109759854:C:T:A:wC	137	166	-	21.7683	1.51e-08	3.02e-05	ACTCGGGAAGCTGAGGCTGGAGAATCGCTT
pattern_2		1:245131916:A:T:R:wC	61	90	+	21.6829	1.59e-08	3.16e-05	ACTTGGGAGGTTGCGGTGGGAGGGTCACTT
pattern_0		19:55698586:A:G:R:wC	56	85	-	21.2143	1.62e-08	0.000143	CCGGCTAATTTTTTGTATTTTTGGTAGAGA
pattern_0		1:39307727:G:A:R:wC	146	175	-	21.2143	1.62e-08	0.000143	CTGGCTAATTTTTTGTATTTTTAGTACAGA
pattern_2		1:1651631:T:G:A:wC	102	131	-	21.622	1.64e-08	3.26e-05	ACTTGGAAGGCTGAGGCAGGAGAATGGCAT
pattern_2		11:122093882:C:T:A:wC	107	136	-	21.5732	1.69e-08	3.34e-05	ACCTGGGAGGCAGAGGTTGCAGTGTGCCGA
pattern_2		16:89285085:G:C:A:wC	103	132	+	21.5366	1.72e-08	3.39e-05	ACTCTGGAGGCTGAGGCAGGAGAATGGCGT
pattern_2		5:157968191:C:G:R:wC	150	179	-	21.5366	1.72e-08	3.39e-05	ACTCTGGAGGCTGAGGCAGGAGAATGGCGT
pattern_0		3:159556462:A:G:R:wC	151	180	-	21.1429	1.75e-08	0.000153	CCCGGCTAATTTTTTTATATTTTTTTTGGT
pattern_0		2:64940340:C:T:R:wC	167	196	+	21.131	1.78e-08	0.000154	CTGGCTAATTTTTTGTATTTTTTTTATAGA
pattern_4		1:90234055:C:A:A:wC	21	50	+	20.8452	1.81e-08	0.00287	ATTTCTTTTTTTATTTTTTATTTTTTCTAT
pattern_0		19:10631375:A:G:A:wC	15	44	-	21.1071	1.82e-08	0.000155	CCCGGCTAAGTTTTATATTTTTAGTGGAGA
pattern_0		19:10631375:A:G:R:wC	15	44	-	21.1071	1.82e-08	0.000155	CCCGGCTAAGTTTTATATTTTTAGTGGAGA
pattern_4		5:96506796:T:C:R:wC	171	200	-	20.8333	1.84e-08	0.00287	ATTTTTTTATTTTTATTTTATTTTATTTTT
pattern_2		3:178765504:G:A:A:wC	132	161	+	21.4146	1.84e-08	3.61e-05	ACTCAGGAGGCTGAAGCAGGAGAATCACTT
pattern_2		22:38309938:G:A:A:wC	144	173	-	21.4146	1.84e-08	3.61e-05	ACTCAGGAGGCTGAAGCAGGAGAATCACTT
pattern_2		19:1026006:C:A:R:wC	96	125	-	21.3537	1.9e-08	3.73e-05	ACTTGGGAGGCTGAGGCCGAAGGGGGAGGA
pattern_0		9:135844640:G:A:R:wC	34	63	+	21.0238	1.99e-08	0.000167	CCTGGCTAATTTTTTTGTATTTTTAGTAGA
pattern_0		17:581967:C:T:A:wC	170	199	+	21.0238	1.99e-08	0.000167	CCTGGCTAATTTTTTTGTATTTTTAGTAGA
pattern_2		20:10731494:T:C:R:wC	82	111	+	21.2683	1.99e-08	3.9e-05	CTTTGGGAGGCTGAGTCATGCAGATTGCTT
pattern_2		6:158978631:G:T:A:wC	118	147	-	21.2317	2.03e-08	3.97e-05	ACTTGGGAGGCTGAAGCAGGAGAATTGCTT
pattern_2		9:135876535:C:G:A:wC	118	147	+	21.122	2.16e-08	4.2e-05	ACTTGGGAGGCAGAAAGGGGTGGATCACCT
pattern_2		17:41467997:C:T:A:wC	73	102	+	21.0854	2.2e-08	4.28e-05	CTTTGGAAGGCCGAGGAGGGCAGATTATGA
pattern_2		16:1853698:G:A:R:wC	54	83	-	21.0366	2.26e-08	4.38e-05	ACTCCAGAGGCTGAGGCAGGAGAACAGCGT
pattern_4		8:22373383:T:C:A:wC	158	187	+	20.6429	2.28e-08	0.00306	TTTTATTTTATTTTATTTTATTTTATTTTG
pattern_0		8:109013098:T:C:A:wC	62	91	-	20.8452	2.41e-08	0.000197	CCTGGTTAATTTTTTTGTATTTTTAGTAGA
pattern_0		10:102081001:T:C:A:wC	146	175	-	20.8452	2.41e-08	0.000197	CCTGGTTAATTTTTTTGTATTTTTAGTAGA
pattern_2		16:3743046:T:C:A:wC	107	136	-	20.9146	2.42e-08	4.67e-05	ACTTTGGAGGCTGAGACAGGAGAATCGCTT
pattern_0		22:17613614:C:T:R:wC	5	34	-	20.8333	2.44e-08	0.000197	CCAGCTAATTTTCTGTATTTTTAATAGAGA
pattern_0		22:17613614:C:T:A:wC	5	34	-	20.8333	2.44e-08	0.000197	CCAGCTAATTTTCTGTATTTTTAATAGAGA
pattern_5		1:87770251:T:C:A:wC	2	31	+	20.75	2.44e-08	0.013	TTTTTGAAAAATATTTTTTAAAAGTTTCCA
pattern_2		1:54669984:A:G:R:wC	60	89	+	20.7927	2.58e-08	4.98e-05	ACTTGAGAAGCTGAGGCAGGAGAATCGCTT
pattern_4		13:74711955:C:T:A:wC	20	49	+	20.4881	2.72e-08	0.00319	TTTTTTTATTTTTTATTTTATTTATTTATT
pattern_2		11:46377770:T:C:A:wC	75	104	+	20.6829	2.74e-08	5.27e-05	CTTTGGGAGGCTAAGGGAGATATATCGGCA
pattern_5		12:66385194:C:G:A:wC	157	186	+	20.631	2.78e-08	0.013	AAAATAATTTTAATTTTATAATTTTGACAT
pattern_0		4:185620401:G:A:A:wC	9	38	-	20.7024	2.79e-08	0.000216	GCTAATTTTTTTTTGTATTTTTAGTAGAGA
pattern_0		7:76251126:G:A:R:wC	60	89	-	20.7024	2.79e-08	0.000216	CCGGCTACTTTTTTGTATTTTTAGTAGAGA
pattern_0		7:76251126:G:A:A:wC	60	89	-	20.7024	2.79e-08	0.000216	CCGGCTACTTTTTTGTATTTTTAGTAGAGA
pattern_0		9:16744121:C:G:R:wC	106	135	+	20.7024	2.79e-08	0.000216	GCTAATTTTTTTTTGTATTTTTAGTAGAGA
pattern_0		3:183450024:A:G:R:wC	143	172	-	20.7024	2.79e-08	0.000216	GCTAATTTTTTTTTGTATTTTTAGTAGAGA
pattern_0		14:73447434:C:G:R:wC	100	129	+	20.6786	2.86e-08	0.00022	CCAGGCTAATTTTTTTGTATTTTTAGTAGA
pattern_0		19:52370845:A:G:R:wC	123	152	-	20.6429	2.97e-08	0.000226	CCCGGCTAATTTTTTTTTTTTTTTTTGTAT
pattern_2		3:45040889:G:T:R:wC	146	175	+	20.5122	3e-08	5.76e-05	CTTTGGGATGCCAAGGCAGATGAATTCCCT
pattern_2		16:2990529:C:T:A:wC	107	136	-	20.4878	3.04e-08	5.83e-05	ACTCAGGGGGCTGAGACAGGAGAATTGCTT
pattern_2		3:142277135:C:A:A:wC	84	113	+	20.4634	3.08e-08	5.89e-05	CTTTAGAAGGCTGGGGAAGGTGGATCACTT
pattern_0		19:50049882:T:G:A:wC	62	91	-	20.5833	3.16e-08	0.000237	CCAGGCTAATTTTTTAAATATTTTTAGTAG
pattern_0		7:99520082:C:T:A:wC	149	178	-	20.5833	3.16e-08	0.000237	CCCGGCTAATTTTTTTGAATTTTTAGTAGA
pattern_2		12:85592376:C:T:A:wC	169	198	-	20.3902	3.21e-08	6.11e-05	ACTTGGGAAGCTGAGGCAGGAGAATGGAGT
pattern_2		19:4268019:G:A:R:wC	129	158	-	20.3537	3.27e-08	6.22e-05	ACTTGGGAGGCTGAGGCAGAGAACTGCTCA
pattern_0		9:140314407:C:T:A:wC	135	164	-	20.5	3.44e-08	0.000256	CCCGGCTAATTTTTTTGTATTTTTAGTAGA
pattern_2		5:173414643:G:A:R:wC	120	149	+	20.1463	3.65e-08	6.91e-05	TCTCCGGAGGTTGAGGCAAGCGAATCGCTT
pattern_2		5:173414643:G:A:A:wC	120	149	+	20.1463	3.65e-08	6.91e-05	TCTCCGGAGGTTGAGGCAAGCGAATCGCTT
pattern_2		8:6513533:G:A:A:wC	85	114	+	20.122	3.7e-08	6.98e-05	TCTAAGGAGGCTGACACAGGAGAATCGCTT
pattern_4		9:97503617:C:T:R:wC	21	50	+	20.1667	3.86e-08	0.00358	TTTTATTTTTTATTTTTTTATTTTTTTATT
pattern_2		13:74711955:C:T:A:wC	142	171	-	19.8659	4.24e-08	7.98e-05	ACTTGTGAGTCTGAGGCAGGAGAATCGCTT
pattern_2		1:157049393:G:C:A:wC	98	127	-	19.8049	4.37e-08	8.22e-05	ATTCGAGAGGCTGAGGTGGGAGAAATGGTT
pattern_2		8:19977311:C:G:R:wC	50	79	+	19.7561	4.49e-08	8.41e-05	TTCTGGGAGGTCAGGGCGGGCCAATGCACT
pattern_0		9:38261501:C:T:R:wC	113	142	+	20.2143	4.59e-08	0.000338	CCGGCTAATCTTTTGTATTTTTAGTAGAGA
pattern_0		22:31660758:A:G:A:wC	81	110	-	20.1429	4.93e-08	0.000357	CCAGCCTAATCATTGTATTTTTAGTAGAGA
pattern_0		19:3410135:T:C:R:wC	163	192	+	20.1429	4.93e-08	0.000357	CCGGCTTTTTTTTTGTATTTTTAATAGAGA
pattern_2		22:17613614:C:T:A:wC	97	126	+	19.561	4.97e-08	9.29e-05	ACTTGGGAGGCAGAGGTTGCAGTGAGCCGA
pattern_0		11:63985628:A:G:R:wC	106	135	+	20.0238	5.54e-08	0.000399	CCTGGCTAATTTTTTTGTATTATTAGTAGA
pattern_2		3:36953424:A:T:R:wC	108	137	+	19.2683	5.78e-08	0.000108	TTTTGGGAGGCCGAAGCAGGCAGATTAGCT
pattern_2		2:101867170:C:G:R:wC	101	130	-	19.2317	5.89e-08	0.00011	ACTTGGGAGGATGAGGCAGAAGAATGGCTT
pattern_0		11:69611810:T:C:A:wC	118	147	+	19.9524	5.94e-08	0.000424	CCGGCTAATTTTTTATATTTGTAGTAGAGA
pattern_4		8:22373383:T:C:A:wC	143	172	+	19.7619	5.94e-08	0.00358	CTTTATTTTATTTTATTTTATTTTATTTTA
pattern_2		3:156532666:C:T:R:wC	105	134	+	19.2073	5.97e-08	0.000111	ACTGGAAAGGCTGAGGTGGGAGGATCGCCT
pattern_4		9:89733000:A:G:A:wC	3	32	+	19.6905	6.4e-08	0.00358	TTTTATTTTATTTTATTTTATTTTATTTTA
pattern_4		9:89733000:A:G:A:wC	8	37	+	19.6905	6.4e-08	0.00358	TTTTATTTTATTTTATTTTATTTTATTTTA
pattern_4		9:89733000:A:G:A:wC	13	42	+	19.6905	6.4e-08	0.00358	TTTTATTTTATTTTATTTTATTTTATTTTA
pattern_4		9:89733000:A:G:A:wC	18	47	+	19.6905	6.4e-08	0.00358	TTTTATTTTATTTTATTTTATTTTATTTTA
pattern_4		8:22373383:T:C:A:wC	148	177	+	19.6905	6.4e-08	0.00358	TTTTATTTTATTTTATTTTATTTTATTTTA
pattern_4		8:22373383:T:C:A:wC	153	182	+	19.6905	6.4e-08	0.00358	TTTTATTTTATTTTATTTTATTTTATTTTA
pattern_4		1:156184598:G:A:A:wC	155	184	+	19.6786	6.48e-08	0.00358	TATTATTATTATTATTATTATTATTTTTTT
pattern_0		7:99800958:G:A:A:wC	109	138	+	19.8571	6.52e-08	0.000462	CCCAGCTAATTTTTATAGTTTTAGTAAAGA
pattern_0		19:16461254:G:A:R:wC	69	98	-	19.8452	6.59e-08	0.000464	CCCAGCAAATTTTTTTGTATTTTTAGTAGA
pattern_3		9:34349863:G:A:R:wC	67	96	-	18.6552	7.06e-08	0.0428	TGGCCTAAATTTAAATTTTAATAGGTACAA
pattern_2		4:113490103:C:T:A:wC	56	85	+	18.8537	7.15e-08	0.000133	AATCAGGAGGCTGAGGAAGGAGAATCACCT
pattern_0		8:136871213:G:T:A:wC	35	64	-	19.75	7.23e-08	0.000501	CCGGCTAATTTTTTGTGTTTTTAGTAGAGA
pattern_0		19:1519560:T:C:A:wC	151	180	+	19.75	7.23e-08	0.000501	CCGGCTAATTTTTTGTGTTTTTAGTAGAGA
pattern_2		2:214018981:C:G:A:wC	158	187	-	18.6707	7.85e-08	0.000145	ACTCAGAAGGCTGAGGCAGGAGAATCGCAT
pattern_2		6:54749149:G:A:R:wC	120	149	+	18.622	8.05e-08	0.000148	ACTTGGGAGGCTGAGTCATGAGAATTGCTT
pattern_0		22:38498985:G:A:R:wC	168	197	-	19.631	8.1e-08	0.000557	CCTGGCTAATTTTTTTTTTTTTTTAATTTT
pattern_0		5:64924881:T:C:A:wC	26	55	+	19.619	8.19e-08	0.000559	GCTAATTTTTTTTTGTATTTTGAGTAGAGA
pattern_2		4:57764340:G:A:R:wC	128	157	+	18.5488	8.35e-08	0.000154	ACTCAGGAAGCTGAGGCAGGAGAATGGCGT
pattern_0		15:85914683:G:A:A:wC	109	138	+	19.5952	8.38e-08	0.000568	CTCCGCTAATATTTTTGTATTTAGTAGAGA
pattern_2		14:104035292:G:A:R:wC	11	40	-	18.5366	8.4e-08	0.000154	CTTTGGGAAGCCGAAGCAGGTGGATCATTT
pattern_2		6:42989920:T:G:R:wC	116	145	-	18.4268	8.88e-08	0.000163	GCTCTGGAGGCTGAGGCAGCAGAATGGCGT
pattern_0		13:52975580:C:G:A:wC	112	141	+	19.5119	9.06e-08	0.00061	TCCGGCTAATTTTTTTGTATTTTTAGTAGA
pattern_2		15:99789951:A:C:R:wC	22	51	+	18.3293	9.33e-08	0.000171	CTTTGGGAGCCAGAGGTGGGAATTTTAAAA
pattern_2		18:12032461:C:G:A:wC	35	64	+	18.2805	9.56e-08	0.000174	CGTTGAGAGGCTGAGGCAGGATTGAGGCCA
pattern_2		20:57542074:A:G:R:wC	99	128	-	18.2195	9.85e-08	0.000179	CTTTGGGAGGATGAAGCGGGCAGATCACTT
pattern_2		19:44297043:G:A:A:wC	134	163	+	18.2073	9.91e-08	0.00018	ACTCAGGAGGCTGGGACAGGAGAGTTGCTT
pattern_2		14:74749769:C:T:R:wC	65	94	+	18.1829	1e-07	0.000181	ACCTGGGAGGCAGAGGTTGCAGTGAGCCGA
pattern_2		2:55859215:T:A:R:wC	46	75	-	18.1829	1e-07	0.000181	ACCTGGGAGGCAGAGGTTGCAGTGAGCCGA
pattern_2		14:100050006:A:G:R:wC	160	189	+	18.1829	1e-07	0.000181	ACCTGGGAGGCAGAGGTTGCAGTGAGCCGA
pattern_2		14:100050006:A:G:A:wC	160	189	+	18.1829	1e-07	0.000181	ACCTGGGAGGCAGAGGTTGCAGTGAGCCGA
pattern_0		11:344001:G:A:R:wC	57	86	-	19.3929	1.01e-07	0.000663	CCCAGCTAATTTTTTTGTATTTTTAGTAGA
pattern_0		11:344001:G:A:A:wC	57	86	-	19.3929	1.01e-07	0.000663	CCCAGCTAATTTTTTTGTATTTTTAGTAGA
pattern_0		9:69499956:C:T:A:wC	126	155	-	19.3929	1.01e-07	0.000663	CCCAGCTAATTTTTTTGTATTTTTAGTAGA
pattern_0		9:205297:A:G:A:wC	148	177	-	19.3929	1.01e-07	0.000663	CCCAGCTAATTTTTTTGTATTTTTAGTAGA
pattern_4		17:73194987:G:A:R:wC	24	53	+	19.2381	1.01e-07	0.00529	ATTTTTAAAATTTTTTTTTACTTTTTAAAA
pattern_2		3:11961617:A:G:R:wC	113	142	-	17.9756	1.11e-07	0.0002	ACTCGGAAGGCTGAGGCAAGAGAATCGCTT
pattern_2		7:99800958:G:A:A:wC	17	46	-	17.9146	1.15e-07	0.000206	CCCCGGGAGGCAGAGGTTGCAGTGAGCCGA
pattern_2		22:24023137:C:T:R:wC	112	141	-	17.9024	1.15e-07	0.000206	ACTCTGGAGGCTGATGCAGGAGAATCGCTT
pattern_4		7:30545924:A:G:A:wC	119	148	+	19.0952	1.17e-07	0.00574	ATTTATTTATTTTATTTTTATTTTTTTGAG
pattern_0		8:103073924:T:A:A:wC	66	95	+	19.2262	1.18e-07	0.000769	TTTGAATAATATTTTTAAATGTATTCAACA
pattern_0		12:41092128:C:T:A:wC	168	197	+	19.2143	1.2e-07	0.000772	CCCAGTTAATTTTTTTGTATTTTTAGTAGA
pattern_2		15:82436504:G:A:R:wC	78	107	+	17.8171	1.2e-07	0.000215	TTCCTGGAGGCTGAGGTGGGAGGAGCGCTT
pattern_4		9:97503617:C:T:R:wC	29	58	+	19.0476	1.23e-07	0.00574	TTTATTTTTTTATTTTTTTATTTTTTTGAG
pattern_0		19:8402132:G:A:R:wC	43	72	+	19.1667	1.25e-07	0.000801	CCTGGCTAATTTTTTTTTTTTTTTTTTTTT
pattern_4		1:90234055:C:A:A:wC	14	43	+	19	1.28e-07	0.00574	ATTTTTTATTTCTTTTTTTATTTTTTATTT
pattern_0		1:35685383:C:T:A:wC	152	181	-	19.131	1.29e-07	0.000822	CCAGCTAATTTTTTGTACTTTTTTGGTAGA
pattern_0		11:68633551:T:C:R:wC	116	145	-	19.119	1.31e-07	0.000825	CCCGGCTACTTTTTTTCTTTTAAAGAGTAA
pattern_2		22:17613614:C:T:R:wC	97	126	+	17.5976	1.34e-07	0.000239	ACTCGGGAGGCAGAGGTTGCAGTGAGCCGA
pattern_2		2:213151472:G:A:A:wC	54	83	-	17.561	1.37e-07	0.000243	ACTTGGGGAGCTGAGGCAGGAGGATTGTGT
pattern_2		2:43431862:G:A:R:wC	141	170	+	17.5488	1.37e-07	0.000244	ATCCGGGAGGCAGAGGTTGCAGTGAGACGA
pattern_0		8:6697316:G:A:A:wC	52	81	+	19.0357	1.41e-07	0.000885	CCTGGGTAATTTTTTTATTTTTAGTAGAGA
pattern_0		16:89848203:C:G:A:wC	135	164	-	19.0238	1.42e-07	0.000888	CTGGCTAATTTTTTGTATATTTTTAGTAGA
pattern_4		3:24341272:A:T:A:wC	85	114	+	18.8333	1.51e-07	0.00623	CTTTTTTATTTATTTTTTTATTTATTTTTT
pattern_4		3:106221324:G:A:A:wC	170	199	-	18.8214	1.53e-07	0.00623	ATGTATTATTATTTTTTTTATTTTTTTTTT
pattern_2		7:36082757:A:G:A:wC	115	144	+	17.3293	1.53e-07	0.000271	GCCAGGGAGGTTGAGGCTGCAGTGGGCCCT
pattern_0		17:9155479:T:A:R:wC	78	107	-	18.9286	1.55e-07	0.000962	CCCGGCCAATTTTTTAAATATATTTTTAGT
pattern_3		22:31991001:G:A:R:wC	62	91	+	17.908	1.58e-07	0.0428	TAATAATAATTTATTTATTTATTTATTTAT
pattern_2		17:73037868:C:G:R:wC	82	111	+	17.2317	1.6e-07	0.000283	GCATGCCTGGCTGAGGCACGTGGATTGCTT
pattern_4		1:156184598:G:A:A:wC	152	181	+	18.75	1.64e-07	0.00637	GATTATTATTATTATTATTATTATTATTTT
pattern_2		17:15414354:C:T:A:wC	35	64	+	17.1829	1.64e-07	0.000289	ACCCGGGAGGCAGAGGTTGCAGTAAGCTGA
pattern_5		1:87029337:C:T:A:wC	6	35	+	18.8333	1.69e-07	0.0528	AAATCTAAATATATTTTATAATTGAAAGAG
pattern_4		1:156184598:G:A:A:wC	158	187	+	18.6786	1.75e-07	0.00637	TATTATTATTATTATTATTATTTTTTTTTT
pattern_2		11:67346469:C:T:R:wC	73	102	+	17.0122	1.78e-07	0.000313	ACTCTGGAGGCTGAGGAAGGAGAATGGCGT
pattern_0		19:1031812:G:T:R:wC	63	92	+	18.7738	1.78e-07	0.0011	GGCTAATTTTTTTTGTATATTTAGTAGAGA
pattern_4		21:37368393:T:C:A:wC	14	43	+	18.6429	1.81e-07	0.00637	TTTTTTTATTTATTTTTTTATTTCAATAGG
pattern_4		19:19475717:G:C:R:wC	1	30	-	18.631	1.83e-07	0.00637	CATTTTCTTTTTTATTTTTATTATTATTTT
pattern_0		3:188066896:T:C:R:wC	169	198	+	18.7381	1.84e-07	0.00113	GGGGAAGAATTTTTTTAAAAAAATTTAAAA
pattern_4		5:96506796:T:C:R:wC	166	195	-	18.5714	1.94e-07	0.0065	TTTATTTTTATTTTATTTTATTTTTTTGGA
pattern_3		20:16541716:C:T:A:wC	1	30	+	17.6897	1.98e-07	0.0428	TAACAATCATCTTTTTTTAAAAAAATATAA
pattern_0		8:538149:C:A:R:wC	149	178	-	18.5952	2.09e-07	0.00127	GGCTAATTTTTTTTGTATTTTTAGTAGAGA
pattern_3		21:43513327:G:T:A:wC	85	114	+	17.5747	2.23e-07	0.0428	TTAATTAATTTTATTTTTTGTTTTTTATAG
pattern_3		17:73194987:G:A:R:wC	24	53	+	17.5517	2.28e-07	0.0428	ATTTTTAAAATTTTTTTTTACTTTTTAAAA
pattern_0		19:53500694:G:C:R:wC	146	175	+	18.4524	2.37e-07	0.00143	CCGGCTAATTTTTTATATTTTTAGCAGAGA
pattern_4		11:69457293:C:T:A:wC	122	151	+	18.3571	2.37e-07	0.00768	ACTTAGTTATTTTTTTAATATTTTTAAATA
pattern_0		7:129081665:A:C:R:wC	50	79	+	18.4405	2.39e-07	0.00144	CCAGCTAATTTTGTTTATCTTTTGTAGAAA
pattern_0		1:110187031:C:T:A:wC	152	181	+	18.4048	2.47e-07	0.00147	CCAGCTAATTTTTTGTATTTTTAGAGACGG
pattern_0		3:188066896:T:C:R:wC	171	200	-	18.369	2.55e-07	0.00151	CTTTTTAAATTTTTTTAAAAAAATTCTTCC
pattern_1		12:66385194:C:G:A:wC	26	55	-	17.3929	2.56e-07	0.167	AATTTTAAAATTATTTAAATAAAACTTGTC
pattern_0		19:52370845:A:G:R:wC	111	140	-	18.3452	2.6e-07	0.00153	TTTTTTTTTTTTTTGTATTTTTAGTAGAGA
pattern_2		5:131916940:A:C:R:wC	20	49	-	16.2195	2.6e-07	0.000451	ACCCGGGAGGCAGAGGTTGCAGTGAGCCGA
pattern_2		6:122796370:T:C:R:wC	53	82	-	16.2195	2.6e-07	0.000451	CCTCAGGAGGCTGAGGTTGCAGTGAGCTGA
pattern_2		1:157049393:G:C:A:wC	66	95	-	16.2195	2.6e-07	0.000451	ACCCGGGAGGCAGAGGTTGCAGTGAGCCGA
pattern_2		7:138731988:T:A:R:wC	108	137	+	16.2195	2.6e-07	0.000451	ACCCGGGAGGCAGAGGTTGCAGTGAGCCGA
pattern_2		21:46383063:G:C:R:wC	140	169	-	16.2195	2.6e-07	0.000451	ACTCAGAAGGCTGAGGCAGAAGAATCGCTT
pattern_2		22:19689697:C:G:R:wC	159	188	-	16.2195	2.6e-07	0.000451	ACCCGGGAGGCAGAGGTTGCAGTGAGCCGA
pattern_4		2:54834839:G:A:R:wC	16	45	-	18.2381	2.65e-07	0.00829	CTTTAAAAATTAATTTATTAATTTTTTTTT
pattern_0		20:37266874:T:C:A:wC	14	43	-	18.3214	2.65e-07	0.00155	CCCGGCTAATTTTTTTTTTTTGTATTTTTA
pattern_2		13:41684306:G:A:R:wC	20	49	+	16.122	2.72e-07	0.000472	GTTTGGAAGGCCAAGGTGGAAGAATTGCTT
pattern_0		1:1768779:C:T:R:wC	7	36	+	18.2857	2.74e-07	0.00159	TTGAGTTAATTTTTTTTTTTTTTTTTGAGA
pattern_2		2:142902921:T:G:R:wC	128	157	+	15.9756	2.92e-07	0.000504	CTTTGGGAGGCTGAGGTGGCAGATCACCTG
pattern_2		2:25105921:C:T:A:wC	29	58	+	15.9146	3e-07	0.000518	GCCCGGGAGGCAGAGGTTGCAGTGAGCCGA
pattern_4		2:242698423:C:T:A:wC	130	159	+	18.0952	3.02e-07	0.00914	AATTATTGATTTCTTTTTTATTGCATTATA
pattern_0		17:8203122:T:C:A:wC	138	167	-	18.1548	3.06e-07	0.00177	CGGCCTCAATTTTTTTTTTTTTTTTTGAGA
pattern_2		3:32537625:A:G:A:wC	57	86	+	15.6829	3.34e-07	0.000575	ACTTGGGTGGCTGAAGCATGAGAATTGCTT
pattern_2		21:45725857:T:C:A:wC	101	130	+	15.6098	3.46e-07	0.000593	CCCTGGGTGGCTGAGGCCGGAGGGGCTCTG
pattern_2		21:45725857:T:C:R:wC	101	130	+	15.6098	3.46e-07	0.000593	CCCTGGGTGGCTGAGGCCGGAGGGGCTCTG
pattern_2		9:15880555:A:G:A:wC	99	128	-	15.5976	3.48e-07	0.000595	ACTCAGGAGTCTGAGGCAGGAAATTCGCCT
pattern_4		9:89733000:A:G:A:wC	28	57	+	17.9167	3.55e-07	0.0104	TTTTATTTTATTTTATTTTATTATTTGAGA
pattern_2		9:89733000:A:G:A:wC	134	163	-	15.5122	3.62e-07	0.000617	GCTCTGCAGGCTGAGGCAGGAGAATTGCTT
pattern_5		21:37477069:C:T:A:wC	24	53	+	17.9881	3.63e-07	0.0749	ATTAAAAAGAAAATTTTATATTTGAGTGCT
pattern_0		6:159339293:G:A:A:wC	155	184	+	17.9405	3.67e-07	0.00211	ACCCAACTAATTTTGTATTTTTAGTACAGA
pattern_4		1:205059066:G:A:A:wC	5	34	+	17.8571	3.74e-07	0.0106	ATTTATTTTATTTATTTTTATTTTTTTAGA
pattern_2		16:83978402:A:G:R:wC	164	193	+	15.3171	3.96e-07	0.000674	ACCTGGGAGGCAGAGGTTGCAGTGAGCAGA
pattern_2		16:3491429:G:A:R:wC	112	141	+	15.3049	3.98e-07	0.000676	CTTTGGAAGGTGGAGGCGAGTGGATCACCT
pattern_0		8:538149:C:A:R:wC	152	181	-	17.8452	3.98e-07	0.00227	CCCGGCTAATTTTTTTTGTATTTTTAGTAG
pattern_5		11:69457293:C:T:A:wC	133	162	-	17.881	3.99e-07	0.0749	TTTTCAAAAAATATTTAAAAATATTAAAAA
pattern_3		7:29398110:G:A:R:wC	2	31	+	16.9885	4.02e-07	0.0577	TAAAAAAAATTTTAATTTAAAAATAAAAGA
pattern_2		4:185620401:G:A:A:wC	72	101	+	15.2073	4.16e-07	0.000706	ATTCGGGAGGATGAGGCAGGAGAATAGCAC
pattern_2		14:91266259:C:T:A:wC	82	111	-	15.1707	4.23e-07	0.000716	CCCCAGGAGGCAGAGGTTGCAGTGAGCCGA
pattern_0		19:49460778:C:T:R:wC	12	41	+	17.7619	4.27e-07	0.00241	CCTGGCTAGTTTTTGTATTTTTAGTAGAGA
pattern_0		2:172406705:A:G:A:wC	169	198	+	17.7619	4.27e-07	0.00241	CCTGGCTAGTTTTTGTATTTTTAGTAGAGA
pattern_2		20:61734477:T:C:A:wC	148	177	-	15.1463	4.28e-07	0.000722	CTGAGCGAGGCTGGGGCTGGTTCTTGGCCA
pattern_3		1:26852707:T:C:R:wC	76	105	-	16.9195	4.31e-07	0.0577	TTGCTAAAAAATAAATAATAAAATACATAA
pattern_0		7:128334356:C:T:R:wC	161	190	-	17.75	4.31e-07	0.00241	CCTGGCTAATTTTTGTATTTTTTAGTAGAG
pattern_2		22:29109409:G:A:R:wC	135	164	-	15.122	4.32e-07	0.000729	ACTCGGGAGGCTGAGGCAGAATGGCGTGAA
pattern_2		3:184091881:T:C:R:wC	156	185	+	15	4.57e-07	0.000769	ATCCGGGAGGCTGAGGTTGCAGTGAGTTGA
pattern_2		5:158319479:G:A:R:wC	7	36	+	14.9634	4.65e-07	0.00078	ACTCGGGAAGCTGAGGGAGGAGAATTGCTT
pattern_0		19:887434:G:A:A:wC	28	57	-	17.6548	4.66e-07	0.0026	CCGGCCAAATTTTTGTTTTTTAATTACATT
pattern_0		4:148453347:A:G:A:wC	60	89	-	17.6429	4.71e-07	0.0026	CCGGCTAATTTTTTGTATTTTTTTTTTTTT
pattern_4		1:26852707:T:C:R:wC	71	100	+	17.5952	4.72e-07	0.013	ATTTATTATGTATTTTATTATTTATTTTTT
pattern_0		2:219279588:G:A:R:wC	157	186	+	17.631	4.76e-07	0.0026	CCCGGCTAATTTTTGTTTTGTTTTTTTTTT
pattern_0		16:23653343:C:T:A:wC	168	197	+	17.631	4.76e-07	0.0026	CCCGGCTAATTTTTGTATTTTTTGGTAGAG
pattern_0		17:57510745:C:T:R:wC	8	37	-	17.5952	4.9e-07	0.00267	TGAAAAAAAAATTTTTAAAAATTAAAAATA
pattern_1		12:66385194:C:G:A:wC	33	62	+	16.7857	4.91e-07	0.167	TTTATTTAAATAATTTTAAAATTTTGTTAT
pattern_4		5:140030243:A:T:A:wC	9	38	+	17.5238	5.03e-07	0.0135	TGATTCTTTTCTTTTTTTTATTTTTTTGAG
pattern_2		7:75754486:T:C:A:wC	82	111	-	14.7805	5.05e-07	0.000844	ACTTGGGAGGCGGAGTCAGGAGAATCGCTT
pattern_2		14:58841995:T:C:R:wC	99	128	-	14.7805	5.05e-07	0.000844	ACTCAGGAGGCTGAAGCAGGAAAATGGCAT
pattern_3		1:159010232:T:G:A:wC	163	192	+	16.7471	5.1e-07	0.0598	GAACAAAAAGTTTTATGTTCTAAATTTAGA
pattern_0		16:1853698:G:A:R:wC	113	142	+	17.5357	5.14e-07	0.00278	CCCAGCTAATTTTTTTTTTTTTTTTTTTTT
pattern_4		8:22373383:T:C:A:wC	138	167	+	17.4881	5.19e-07	0.0135	TTCTTCTTTATTTTATTTTATTTTATTTTA
pattern_2		2:112382879:C:T:A:wC	139	168	-	14.7195	5.19e-07	0.000866	ACTCAGGAGGCTGAAGCAGGAGAATAGAGT
pattern_0		16:69223549:G:A:R:wC	21	50	-	17.4881	5.35e-07	0.00288	CCTGGCTAATTTTCGTATTTTTAGTAGAGA
pattern_2		10:62500217:C:T:R:wC	114	143	+	14.6341	5.39e-07	0.000896	ATTTCCAAGGCCGAGGCAGGAGTATAGCTT
pattern_2		19:41259325:A:G:R:wC	144	173	-	14.6341	5.39e-07	0.000896	ACCTGGGAGGCAGAGGTTGTAGTGAGCCAA
pattern_2		17:4950592:T:C:A:wC	19	48	-	14.6098	5.45e-07	0.000904	GCCCAGGAGGTCGAGGCTGTAGTGAGCCGT
pattern_0		16:89325052:C:T:R:wC	2	31	+	17.4405	5.56e-07	0.00297	GCTGTCTATTTTTTTTTTTTTTTTTTTTGA
pattern_0		15:40906141:G:A:A:wC	113	142	+	17.4167	5.67e-07	0.00301	CCTGGCTCATTTTTTTGTATTTTTAGTAGA
pattern_5		21:43513327:G:T:A:wC	85	114	+	17.4643	5.71e-07	0.0892	TTAATTAATTTTATTTTTTGTTTTTTATAG
pattern_0		16:2990529:C:T:A:wC	166	195	+	17.369	5.89e-07	0.00312	CCGAGCTGATTTTTGTATTTGCAGTAGAGA
pattern_2		13:114057197:A:G:R:wC	33	62	+	14.4146	5.95e-07	0.000983	ACCTGGGCGTCTGAGGCTGGAGGAAGCTCT
pattern_2		11:32719175:G:A:R:wC	22	51	-	14.4146	5.95e-07	0.000983	ATCTGGGAGGCAGAGGTTGCAGTGAGCGGA
pattern_0		20:16541716:C:T:A:wC	5	34	-	17.3571	5.95e-07	0.00313	TCTATTATATTTTTTTAAAAAAAGATGATT
pattern_0		17:73194987:G:A:R:wC	8	37	+	17.3452	6.01e-07	0.00314	CTCGGCTAATTTTTTAATTTTTAAAATTTT
pattern_2		7:29038802:T:C:A:wC	47	76	+	14.3537	6.11e-07	0.00101	ACCTGGGAGGCAGAGGTTGCAGTGAGCTAA
pattern_4		16:3111193:T:C:A:wC	46	75	-	17.2976	6.11e-07	0.0152	TCTTATTATTATTATTTTTATTTTTATTTT
pattern_3		20:12973521:A:T:A:wC	73	102	-	16.5517	6.16e-07	0.0642	TTAAAAAAATCTTTGCAATAGCATGTACAA
pattern_4		11:69457293:C:T:A:wC	129	158	+	17.2857	6.18e-07	0.0152	TATTTTTTTAATATTTTTAAATATTTTTTG
pattern_2		5:178075667:T:C:R:wC	30	59	+	14.3293	6.18e-07	0.00102	GCCCAGGAGGTCGAGGCTGCAGTGAGCTGT
pattern_0		13:52975580:C:G:A:wC	114	143	+	17.3095	6.18e-07	0.0032	CGGCTAATTTTTTTGTATTTTTAGTAGAGA
pattern_0		9:140314407:C:T:A:wC	133	162	-	17.3095	6.18e-07	0.0032	CGGCTAATTTTTTTGTATTTTTAGTAGAGA
pattern_1		11:69457293:C:T:A:wC	133	162	-	16.5357	6.36e-07	0.167	TTTTCAAAAAATATTTAAAAATATTAAAAA
pattern_0		1:116452800:C:T:A:wC	62	91	-	17.2619	6.43e-07	0.00329	TCCGACTAATTTTTTTTTTTTTTTTGAACC
pattern_0		1:116452800:C:T:R:wC	62	91	-	17.2619	6.43e-07	0.00329	TCCGACTAATTTTTTTTTTTTTTTTGAACC
pattern_4		15:84657643:T:A:R:wC	55	84	+	17.2381	6.43e-07	0.0152	GCCTGGTTCTTTATTTTTTATTTTTATTTA
pattern_2		9:131861118:A:C:R:wC	142	171	-	14.2317	6.45e-07	0.00106	ACCAGGGAGGCCAAGGTTGCAGTGAGCTGA
pattern_4		9:97503617:C:T:R:wC	6	35	+	17.2262	6.5e-07	0.0152	CCCCTTTTGTTTTTATTTTATTTTTTATTT
pattern_4		11:88071072:A:G:A:wC	126	155	+	17.2024	6.63e-07	0.0152	ATTTTTTTTTTTTATTTTTATTTTTTTTGC
pattern_0		12:27836289:C:T:A:wC	107	136	+	17.2143	6.68e-07	0.0034	CCTAAAGATATTTTTTAAATAGAATGTAGA
pattern_2		19:19812865:T:C:A:wC	32	61	-	14.1463	6.7e-07	0.0011	ACTCAGAAGGCTAAGGCAAGAGAATCACTT
pattern_0		19:51126928:A:G:A:wC	61	90	-	17.1667	6.94e-07	0.00351	CCCTGCTAATTTTTTTTTTTTTTTTTTTTT
pattern_2		15:73668046:T:C:R:wC	65	94	+	14.0488	7e-07	0.00114	TCCTGGGGGGTCAAGGAGTGGGGAACGCGA
pattern_0		15:40906141:G:A:A:wC	115	144	+	17.131	7.14e-07	0.00359	TGGCTCATTTTTTTGTATTTTTAGTAGAGA
pattern_0		3:196330302:G:C:R:wC	14	43	-	17.0952	7.34e-07	0.00366	CCCGGCTAATTTTTTTGTACTTTTAGTAGA
pattern_0		17:4950592:T:C:A:wC	110	139	+	17.0952	7.34e-07	0.00366	CCTGGCTAATTTTTAAAGTATTTGTAGAGA
pattern_1		3:188066896:T:C:R:wC	171	200	-	16.3929	7.35e-07	0.167	CTTTTTAAATTTTTTTAAAAAAATTCTTCC
pattern_4		3:133480388:T:C:R:wC	54	83	-	17.0595	7.49e-07	0.0167	TTCTGGTTTTTATTTTTTTATTTTTTATTT
pattern_2		16:70580142:G:A:R:wC	66	95	-	13.8293	7.71e-07	0.00126	CTTTGGGAGGGTGAAGTGGGAGGCTCACTT
pattern_4		22:31991001:G:A:R:wC	55	84	-	17	7.87e-07	0.0172	AATAAATAAATAAATTATTATTATTTCTTC
pattern_2		18:48283949:T:C:A:wC	37	66	-	13.7805	7.87e-07	0.00128	CCAAGGGACGCTAAGGATTGTGGGCCACCA
pattern_5		17:73194987:G:A:R:wC	25	54	+	17.0595	8e-07	0.0916	TTTTTAAAATTTTTTTTTACTTTTTAAAAT
pattern_0		3:178765504:G:A:A:wC	67	96	-	16.9405	8.3e-07	0.00407	TATTTTTTTTTTTTGTATTTTTAGTAGAGA
pattern_0		14:100050006:A:G:A:wC	68	97	-	16.9405	8.3e-07	0.00407	CCGGCTAATGTTTTGTATTTTTTTAGTAGA
pattern_0		14:100050006:A:G:R:wC	68	97	-	16.9405	8.3e-07	0.00407	CCGGCTAATGTTTTGTATTTTTTTAGTAGA
pattern_2		3:52770310:T:G:A:wC	103	132	+	13.622	8.44e-07	0.00137	TTATAGCAGGCCGGGCCTGGTGGCTCACGC
pattern_0		2:55859215:T:A:R:wC	137	166	+	16.9167	8.46e-07	0.00412	GCCGGCTAACGTTTGTATTTTTTTTTCAGT
pattern_4		7:6079662:T:C:A:wC	141	170	+	16.9048	8.52e-07	0.0182	TTTTTAGTTTTATTTTTTTATTTTTTTTGA
pattern_2		17:45936273:C:T:A:wC	35	64	-	13.5854	8.57e-07	0.00139	ACCCAGGAGGCTGAGGTTGCAGTGAGCCAA
pattern_2		17:46962021:G:A:R:wC	127	156	+	13.5366	8.76e-07	0.00142	ACCTGGGAGGCAGAGGTTGCGGTGAGCTGA
pattern_2		12:42456782:C:T:A:wC	4	33	+	13.5244	8.8e-07	0.00142	GCCAGGGAGGCAGAGGTTGCAGTGAGCCAA
pattern_2		9:97503617:C:T:R:wC	137	166	-	13.5122	8.85e-07	0.00143	ACTCGGGGGGCTGAAGCAGAAGAATGGCGT
pattern_1		4:1381798:A:G:R:wC	170	199	+	16.2024	8.9e-07	0.167	CTTTTTAAATTTATTTCAACAGTATTTTGT
pattern_2		12:6047720:C:T:R:wC	121	150	+	13.4878	8.94e-07	0.00144	CTTTGGGAGATCGAAGCAAATGGATTACCT
pattern_0		2:38894870:T:C:A:wC	14	43	+	16.8452	8.95e-07	0.00427	CCCGGCTAATTTTTTTGTGTTTTTGGTAGA
pattern_0		19:1031812:G:T:R:wC	60	89	+	16.8452	8.95e-07	0.00427	CCCGGCTAATTTTTTTTGTATATTTAGTAG
pattern_0		8:109013098:T:C:A:wC	60	89	-	16.8452	8.95e-07	0.00427	TGGTTAATTTTTTTGTATTTTTAGTAGAGA
pattern_0		10:102081001:T:C:A:wC	144	173	-	16.8452	8.95e-07	0.00427	TGGTTAATTTTTTTGTATTTTTAGTAGAGA
pattern_2		8:73443198:G:T:R:wC	167	196	-	13.4756	8.99e-07	0.00144	ACCCAGGAGGCAGAGGTTGCAGTGAGCCGA
pattern_4		3:24341272:A:T:A:wC	89	118	+	16.7857	9.41e-07	0.0194	TTTATTTATTTTTTTATTTATTTTTTTTTT
pattern_4		1:90234055:C:A:A:wC	2	31	+	16.7738	9.5e-07	0.0194	GTTTTTGTTTTAATTTTTTATTTCTTTTTT
pattern_0		20:37266874:T:C:A:wC	7	36	-	16.75	9.64e-07	0.00458	AATTTTTTTTTTTTGTATTTTTAGTAGAGA
pattern_2		8:27581292:T:A:R:wC	128	157	-	13.3049	9.68e-07	0.00155	ACCTAGGAGGCAGAGGTTGCAGTGAGCTGA
pattern_5		16:89744494:G:A:A:wC	109	138	-	16.7976	9.91e-07	0.0916	TACTATAAAAATATTTTTTTTAAATTAGCC
pattern_5		16:89744494:G:A:R:wC	109	138	-	16.7976	9.91e-07	0.0916	TACTATAAAAATATTTTTTTTAAATTAGCC
pattern_2		5:159620983:A:G:A:wC	31	60	+	13.2439	9.94e-07	0.00159	CCTTGGGCGGTCGATGGGACTGGGCGCCGT
pattern_2		2:213151472:G:A:A:wC	22	51	-	13.0854	1.06e-06	0.0017	ACTCAGGAGGTCAAGGCTGCAGTGAGTCGA
pattern_2		8:127374774:T:C:R:wC	69	98	+	13.0122	1.1e-06	0.00175	CTTTGGGAAGCCGAGGCAGAACACTCAGGA
pattern_2		12:7353351:C:A:R:wC	124	153	+	12.9634	1.12e-06	0.00178	ACTCGGCAGGCTGAAGCAGGAGAATCAGGC
pattern_2		12:7353351:C:A:A:wC	124	153	+	12.9634	1.12e-06	0.00178	ACTCGGCAGGCTGAAGCAGGAGAATCAGGC
pattern_4		1:67424488:A:G:R:wC	118	147	+	16.5714	1.12e-06	0.0219	TAGAGAAATTTAATTTATTATTCCACAGGA
pattern_0		11:63985628:A:G:R:wC	108	137	+	16.5357	1.14e-06	0.00538	TGGCTAATTTTTTTGTATTATTAGTAGAGA
pattern_4		9:4834438:C:G:A:wC	134	163	+	16.5476	1.14e-06	0.0219	TTTTTTTTTTTTTTTTTTTAATTTTCCGGT
pattern_4		1:39336236:C:T:A:wC	17	46	-	16.5357	1.16e-06	0.0219	CTATTTGTTTTTACTTTTTATTTTTTTTGA
pattern_2		7:130994364:G:A:R:wC	7	36	-	12.8902	1.16e-06	0.00183	ACTTGGGAGTCTGAGGCAGACTCAAGACTT
pattern_2		16:73596300:C:T:A:wC	5	34	+	12.878	1.16e-06	0.00184	CTATGAGAGGCCGGGCGCGGTGGCTCACAC
pattern_4		8:22335170:C:T:A:wC	56	85	+	16.5238	1.17e-06	0.0219	TAATTAGGCATTTTATTTTATTTTATTTTT
pattern_0		19:44297043:G:A:A:wC	73	102	-	16.5	1.17e-06	0.0055	TCTGGGTAATTTTTGTATTTTTAATAGTGA
pattern_3		15:38838432:A:T:R:wC	53	82	-	15.8506	1.19e-06	0.102	AAGTTATAATTTATGTAAAATGTTATTAAA
pattern_5		19:56983930:A:G:R:wC	167	196	+	16.5476	1.21e-06	0.0916	TGAACAGTAAATATATTTTCCTTATGATTT
pattern_4		3:129095895:G:A:R:wC	45	74	+	16.4405	1.25e-06	0.023	TAATGATAACATTATTATTATTATTTTTAT
pattern_0		18:5586542:A:G:R:wC	115	144	+	16.4048	1.26e-06	0.00586	CATGACTATTTTTTTTTTTTTTTTTGTAGA
pattern_0		18:5586542:A:G:A:wC	115	144	+	16.4048	1.26e-06	0.00586	CATGACTATTTTTTTTTTTTTTTTTGTAGA
pattern_5		14:100363254:A:C:R:wC	4	33	+	16.4881	1.27e-06	0.0916	TTTAAAAAAGGAATTTTTTAGTAAAAATTT
pattern_2		18:43789673:T:C:A:wC	56	85	-	12.6707	1.27e-06	0.002	ACCCGGGAGGCAGAGGTTGTAGTGAGCCAA
pattern_2		4:15730146:G:T:A:wC	129	158	-	12.6585	1.28e-06	0.00201	ACTTGAAAGGATGAGGCAGGAGGATCACTT
pattern_2		11:122093882:C:T:A:wC	139	168	-	12.622	1.3e-06	0.00204	ACTCCGGAAGCTGAGGCAGGAAAATTGCTT
pattern_5		17:73194987:G:A:R:wC	24	53	+	16.4524	1.31e-06	0.0916	ATTTTTAAAATTTTTTTTTACTTTTTAAAA
pattern_4		4:119376994:C:G:A:wC	119	148	+	16.381	1.31e-06	0.0236	ATAAGTGGAATCATATATTATTAATATGTG
pattern_2		7:36082757:A:G:A:wC	83	112	+	12.5488	1.34e-06	0.0021	TTGAGGGGTGCTGAGGCGGGAGGATCAGTT
pattern_0		9:135844640:G:A:R:wC	36	65	+	16.3214	1.34e-06	0.00618	TGGCTAATTTTTTTGTATTTTTAGTAGAGA
pattern_0		7:6079662:T:C:A:wC	144	173	+	16.3214	1.34e-06	0.00618	TTAGTTTTATTTTTTTATTTTTTTTGAAAC
pattern_5		7:137989231:T:G:R:wC	25	54	-	16.4167	1.34e-06	0.0916	TCTTTCATAGGTATTTTATACTTCATAAAC
pattern_1		1:151858888:A:G:R:wC	164	193	+	15.75	1.38e-06	0.213	ACATGGAAAAATATTTTTAAAAACATGGGA
pattern_0		1:1651631:T:G:A:wC	162	191	+	16.2738	1.39e-06	0.00637	CCGGCTAATTTTTTTTGTATTTTTTAGTAG
pattern_0		1:1544450:G:A:A:wC	53	82	-	16.2381	1.43e-06	0.00651	GCTAATTTTTTTGTGTATTTTTTGTAGAGA
pattern_2		4:145909138:T:C:R:wC	156	185	-	12.3659	1.44e-06	0.00226	GCTCAGGAGGTTGAGGCTGCAGTGAGCTAT
pattern_0		16:5088515:C:T:R:wC	151	180	+	16.2143	1.45e-06	0.0066	CCCGGCTAATTTTTGTATTTTAGTAGAGAA
pattern_4		8:61175613:T:C:R:wC	31	60	+	16.25	1.45e-06	0.0255	GGCTGTTGTTATATTTATAATTTCTAAAAG
pattern_4		2:170401673:T:C:R:wC	154	183	-	16.2381	1.47e-06	0.0255	ATTTATTTACTTATTTTAAATTTAAATAAA
pattern_2		7:36828643:T:C:A:wC	106	135	+	12.3171	1.47e-06	0.0023	GTCTGAGTGGTCCAGGTAGGGGGAGCCTAC
pattern_5		5:96506796:T:C:R:wC	169	198	-	16.2976	1.47e-06	0.0916	TTTTTTATTTTTATTTTATTTTATTTTTTT
pattern_0		4:4404145:T:C:A:wC	46	75	+	16.1429	1.53e-06	0.00683	CCTGGTTATTTTTTTTTTTTTTTTTTTTTT
pattern_4		17:73194987:G:A:R:wC	34	63	+	16.1786	1.54e-06	0.0258	TTTTTTTTTACTTTTTAAAATTTTTTTTTT
pattern_4		16:3111193:T:C:A:wC	40	69	-	16.1786	1.54e-06	0.0258	TATTATTATTTTTATTTTTATTTTTGAGAC
pattern_0		19:51126928:A:G:A:wC	60	89	-	16.131	1.55e-06	0.00683	CCTGCTAATTTTTTTTTTTTTTTTTTTTTT
pattern_0		14:73447434:C:G:R:wC	102	131	+	16.131	1.55e-06	0.00683	AGGCTAATTTTTTTGTATTTTTAGTAGAGA
pattern_0		14:21707803:C:T:A:wC	160	189	-	16.131	1.55e-06	0.00683	CCCAGCTAGTTTTTGTATTTTTAGTAGAGA
pattern_0		14:21707803:C:T:R:wC	160	189	-	16.131	1.55e-06	0.00683	CCCAGCTAGTTTTTGTATTTTTAGTAGAGA
pattern_0		17:43165887:T:C:R:wC	166	195	-	16.131	1.55e-06	0.00683	CCCAGCTAGTTTTTGTATTTTTAGTAGAGA
pattern_2		5:459771:C:T:R:wC	91	120	-	12.1585	1.57e-06	0.00246	CTCTGGGAGCCCAAGGGGGTGTGTGGTCCA
pattern_3		8:12853270:A:T:R:wC	141	170	-	15.5402	1.58e-06	0.102	AGAATAAAATCTTTCTGAAAAATGTTATAA
pattern_4		9:89733000:A:G:A:wC	31	60	+	16.1429	1.58e-06	0.0261	TATTTTATTTTATTTTATTATTTGAGACGG
pattern_3		14:64721649:T:C:R:wC	82	111	-	15.5287	1.6e-06	0.102	TAAGTGAAAGTATTATGTTGTAAAACATAA
pattern_0		16:3111193:T:C:A:wC	43	72	-	16.0833	1.6e-06	0.00704	TATTATTATTATTTTTATTTTTATTTTTGA
pattern_2		4:15730146:G:T:A:wC	97	126	-	12.1098	1.61e-06	0.0025	ACCCAGGAGGTTGAGGTTACAATATGACAT
pattern_0		8:538149:C:A:R:wC	151	180	-	16.0595	1.63e-06	0.00713	CCGGCTAATTTTTTTTGTATTTTTAGTAGA
pattern_3		11:69457293:C:T:A:wC	119	148	+	15.4943	1.65e-06	0.102	TGCACTTAGTTATTTTTTTAATATTTTTAA
pattern_0		11:65575056:T:C:A:wC	26	55	-	16.0357	1.66e-06	0.00723	TCTGGCTAATTTTTAAATATTTTGCAGAAA
pattern_4		20:51570506:C:T:R:wC	5	34	+	16.0714	1.67e-06	0.0271	AGTAGTAGAAAAATTTATTACTTTTTAAAT
pattern_5		15:73152573:C:T:A:wC	65	94	+	16.131	1.68e-06	0.0916	TAATTCAAAAATATTGTAAGTTGAAAATGC
pattern_3		12:66385194:C:G:A:wC	22	51	+	15.4713	1.68e-06	0.102	GAGGGACAAGTTTTATTTAAATAATTTTAA
pattern_0		16:73596300:C:T:A:wC	125	154	-	16.0119	1.69e-06	0.00732	CCCAGCTAATTTTTATGTATTTTTAGTAGA
pattern_3		2:54834839:G:A:R:wC	170	199	-	15.4483	1.72e-06	0.102	AGTAGAAAAATTTTATTTTCAAATATATTT
pattern_5		17:40724276:C:T:A:wC	152	181	+	16.0952	1.72e-06	0.0916	TACATATTGGAAATTTTTTATTTTTCTAAA
pattern_3		3:177150245:T:A:A:wC	68	97	+	15.4368	1.73e-06	0.102	ATAAGTAAATTTTCTCATTATTAATTAACA
pattern_1		4:156432025:C:T:R:wC	17	46	-	15.5119	1.73e-06	0.213	CTTTTATCAATTATTTTAAAATAGTATCTA
pattern_4		6:13330152:G:A:A:wC	9	38	-	16.0238	1.74e-06	0.0277	CTTATTTATTTTAGTTTTTATTGGATCTGT
pattern_0		1:245131916:A:T:R:wC	2	31	-	15.9643	1.75e-06	0.00755	TCTGGCTAGTTTTTGTATTTTTTGTAGAGA
pattern_0		15:38838432:A:T:R:wC	80	109	+	15.9286	1.8e-06	0.00772	CTTTATTTATTTATTTATTTATTTTTGAGA
pattern_4		10:118398304:C:A:A:wC	52	81	+	15.9762	1.8e-06	0.028	TGTTTTTTCTTTTTTTGTTATTTTATTTTA
pattern_5		11:93959939:C:T:R:wC	124	153	+	16.0357	1.81e-06	0.0916	TGTTCTAATGGAATTTTTTATTTATTTATT
pattern_5		19:19475717:G:C:R:wC	167	196	-	16.0357	1.81e-06	0.0916	TAAGAAATAAGTATTTGTTGTTTGTAAGCC
pattern_4		4:148453347:A:G:A:wC	43	72	-	15.9643	1.82e-06	0.028	TTTTTTTTTTTTTTTTTTTAGTAGAGACGG
pattern_2		15:38838432:A:T:R:wC	154	183	-	11.7805	1.84e-06	0.00286	ACCCAGGAGGCAGAGGTTGCAGTGAGCCAA
pattern_5		9:97503617:C:T:R:wC	13	42	+	16	1.86e-06	0.0916	TGTTTTTATTTTATTTTTTATTTTTTTATT
pattern_2		3:194686788:C:T:A:wC	83	112	-	11.7561	1.86e-06	0.00289	CTTTGGAATGCCAGGGTGGGTGGATCACAA
pattern_4		11:93959939:C:T:R:wC	136	165	+	15.9167	1.89e-06	0.0281	ATTTTTTATTTATTTATTTATTTTTATTTT
pattern_0		7:70178784:A:T:R:wC	27	56	-	15.8452	1.91e-06	0.00817	CCCGGCTAATTTCTTTGTATTTTTAGTAGA
pattern_4		3:129095895:G:A:R:wC	54	83	+	15.8929	1.92e-06	0.0281	CATTATTATTATTATTTTTATTTTTGAGAT
pattern_4		3:111612191:A:G:R:wC	112	141	-	15.8929	1.92e-06	0.0281	ATTTTTTTAATAAATTAAAATTATACTCAG
pattern_2		13:52975580:C:G:A:wC	22	51	-	11.6463	1.95e-06	0.00299	ACCCGGGAGGCAGAGCTTGCAGTGAGCCGA
pattern_2		22:51219704:G:A:A:wC	89	118	+	11.6463	1.95e-06	0.00299	ACCCGGGAGGCAGAGCTTGCAGTGAGCCGA
pattern_2		3:106221324:G:A:A:wC	89	118	+	11.6463	1.95e-06	0.00299	ACCCGGGAGGCAGAGCTTGCAGTGAGCCGA
pattern_2		6:35432100:C:T:A:wC	82	111	-	11.6463	1.95e-06	0.00299	ACCCGGGAGGCAGAGCTTGCAGTGAGCCGA
pattern_2		15:40693443:G:A:R:wC	106	135	-	11.6463	1.95e-06	0.00299	ACCCGGGAGGCAGAGCTTGCAGTGAGCCGA
pattern_0		12:41092128:C:T:A:wC	170	199	+	15.8214	1.95e-06	0.00828	CAGTTAATTTTTTTGTATTTTTAGTAGAGA
pattern_4		1:90203065:T:C:A:wC	24	53	-	15.869	1.96e-06	0.0281	ATCTTTTATAATATATTTTACTGTACCTTT
pattern_0		19:16461254:G:A:R:wC	67	96	-	15.8095	1.96e-06	0.00831	CAGCAAATTTTTTTGTATTTTTAGTAGAGA
pattern_2		1:3319061:A:G:A:wC	145	174	+	11.622	1.97e-06	0.00302	CCCTCTGAGGCACAGATTGGGGGGTCCTTT
pattern_4		11:8074982:A:G:A:wC	147	176	+	15.8571	1.98e-06	0.0281	TTATTTATCTTTATTTATTAATTTATCTAT
pattern_2		14:104151400:C:T:R:wC	45	74	-	11.5854	2e-06	0.00306	CCATGGGACGCTGAGCAAGTCAGTTAACCA
pattern_2		3:178765504:G:A:A:wC	164	193	+	11.561	2.02e-06	0.00308	GTCCGGGAGGCAAAGGTTGCAGTGAGCTGA
pattern_1		11:69457293:C:T:A:wC	130	159	+	15.3452	2.03e-06	0.213	ATTTTTTTAATATTTTTAAATATTTTTTGA
pattern_2		3:42746774:G:C:A:wC	118	147	-	11.5122	2.06e-06	0.00314	TCCCAGGAGCCCAGGGCAGGGTGACCTCCA
pattern_3		6:96988696:A:T:R:wC	91	120	-	15.2414	2.06e-06	0.114	TCACCAATATTTCCATTTTATTATATAAAA
pattern_0		11:69457293:C:T:A:wC	133	162	-	15.7381	2.07e-06	0.00864	TTTTCAAAAAATATTTAAAAATATTAAAAA
pattern_0		8:144395504:C:T:R:wC	146	175	-	15.7381	2.07e-06	0.00864	CCTGGCTAATTTTTGTATTTTAGTACAGAT
pattern_0		8:144395504:C:T:A:wC	146	175	-	15.7381	2.07e-06	0.00864	CCTGGCTAATTTTTGTATTTTAGTACAGAT
pattern_4		15:84657643:T:A:R:wC	61	90	+	15.7857	2.09e-06	0.0289	TTCTTTATTTTTTATTTTTATTTATTTATT
pattern_4		4:186619696:G:C:A:wC	48	77	-	15.7857	2.09e-06	0.0289	TTTTGTTTTGTTTTGTTTCATTTTTTTGAG
pattern_0		17:80429127:T:C:A:wC	133	162	-	15.7143	2.11e-06	0.00876	CCGGCTACTTTTTTGAATTTTTAGTAGAGA
pattern_2		9:111618796:C:T:A:wC	21	50	-	11.4268	2.13e-06	0.00324	CTTGGGGCGGTTAAGGAGGCCTGGTGCATT
pattern_1		14:64721649:T:C:R:wC	126	155	-	15.2857	2.14e-06	0.213	TTCTTACAAATTATTTCTAATAGACTTACA
pattern_0		3:196330302:G:C:R:wC	12	41	-	15.6786	2.16e-06	0.00891	CGGCTAATTTTTTTGTACTTTTAGTAGAGA
pattern_0		1:148239834:G:T:A:wC	58	87	-	15.6786	2.16e-06	0.00891	CTAAAATACATTTTTTATCATATTTTGAAA
pattern_5		4:101131793:T:C:R:wC	164	193	-	15.7738	2.2e-06	0.103	TTTGTAATAAATATTTAAAGCTATTAATCT
pattern_4		13:113352130:C:T:A:wC	19	48	+	15.6905	2.25e-06	0.0306	TTTTTTTTTTTTTTTTTTTAGTAGAGATGG
pattern_3		5:140146894:A:G:R:wC	165	194	-	15.1379	2.26e-06	0.118	AAGAAAAAAACTGTATATCAATAATTTCAT
pattern_2		9:131558430:G:C:A:wC	134	163	-	11.2683	2.27e-06	0.00345	ACTGGGGAGGCTGACACAGGAATTGCTTGA
pattern_4		16:3111193:T:C:A:wC	58	87	-	15.6548	2.31e-06	0.031	ACTCTTCTTTCTTCTTATTATTATTATTTT
pattern_0		2:86418955:A:G:A:wC	17	46	-	15.5833	2.32e-06	0.0095	CACGCCTAATTTTTTTTTTTTTTTTTTTTT
pattern_2		16:89744494:G:A:A:wC	131	160	+	11.1829	2.35e-06	0.00356	TTATAGTAGGCTGAGGCGTGAGAATGGCAT
pattern_2		16:89744494:G:A:R:wC	131	160	+	11.1829	2.35e-06	0.00356	TTATAGTAGGCTGAGGCGTGAGAATGGCAT
pattern_2		2:64940340:C:T:R:wC	107	136	-	11.1707	2.36e-06	0.00357	ACTTTGGAAGCTGAGGTGGGGGAATCACTT
pattern_0		8:95676369:T:G:R:wC	75	104	+	15.5476	2.38e-06	0.00971	TCAGCTTTTTTTTTTTTTTTTTTTTTGAGA
pattern_0		9:97503617:C:T:R:wC	32	61	+	15.5238	2.42e-06	0.00984	ATTTTTTTATTTTTTTATTTTTTTGAGATG
pattern_1		4:184585015:G:A:A:wC	35	64	-	15.1429	2.44e-06	0.213	CATTCATAATTAATTTTTAAAAACTCATAT
pattern_4		21:36480002:C:T:R:wC	142	171	+	15.5714	2.46e-06	0.0321	TGTTTTCTTATTATTTTTTACTTTCATTTG
pattern_4		21:36480002:C:T:A:wC	142	171	+	15.5714	2.46e-06	0.0321	TGTTTTCTTATTATTTTTTACTTTCATTTG
pattern_1		4:101131793:T:C:R:wC	144	173	-	15.119	2.49e-06	0.213	CTATTAATCTTTATTTAAATAAAATGTATC
pattern_4		21:37439152:A:T:R:wC	65	94	+	15.5119	2.58e-06	0.0331	ATCTTTAAATTTCTGTTTTATTTCTTAAAT
pattern_2		7:49815474:C:T:A:wC	58	87	-	10.9512	2.58e-06	0.0039	CCTCGGGTGGCTCGGGCGTGGGCGCGAGTT
pattern_5		10:14568914:G:A:A:wC	13	42	+	15.5476	2.61e-06	0.113	TCAGAAATATTAATTTTTTTTTTTTTTTGA
pattern_2		10:134316231:G:A:A:wC	3	32	-	10.8537	2.68e-06	0.00404	AGGAGGGAGAGCAAGGCTGGAGGATCCCTT
pattern_2		11:707152:G:C:A:wC	161	190	-	10.8537	2.68e-06	0.00404	GGAAAGGAGACCGAGGCAGGCGGAGAAGGC
pattern_5		22:31991001:G:A:R:wC	45	74	-	15.4762	2.75e-06	0.113	TAAATTATTATTATTTCTTCATTATGTCCC
pattern_4		8:113945521:C:T:R:wC	23	52	-	15.4167	2.77e-06	0.0348	TAATAGAGATATTTTTATCATTATACACCA
pattern_0		10:16848997:C:T:A:wC	14	43	+	15.3333	2.77e-06	0.0111	CCCAGCTAATTCTTGTATTGTTAGTAGAGA
pattern_0		7:29182099:C:T:A:wC	138	167	+	15.3333	2.77e-06	0.0111	CCAGATACTTTTTTTTTTTTTTTTGAGACA
pattern_5		7:6079662:T:C:A:wC	141	170	+	15.4643	2.78e-06	0.113	TTTTTAGTTTTATTTTTTTATTTTTTTTGA
pattern_2		17:66454017:G:T:R:wC	46	75	+	10.7561	2.79e-06	0.00419	GCGCGTGACGCAAAGGCAGCAGGCCCACGT
pattern_3		4:113599558:C:T:R:wC	32	61	+	14.8966	2.79e-06	0.131	CTTATAAAAGTAATTTTTTGAAAACTAAGA
pattern_3		9:131197305:T:C:A:wC	50	79	+	14.8966	2.79e-06	0.131	TAATTTTTATTTATTTATTTATTTATTTAT
pattern_4		1:9692131:T:C:A:wC	24	53	+	15.4048	2.79e-06	0.0348	TTCTATCTTTCTTTTTTTTATTTTTGTTTT
pattern_0		2:43431862:G:A:R:wC	57	86	-	15.3214	2.8e-06	0.0111	CCCGGCTAATTTTTGTATTTTTGTAGAGAC
pattern_2		9:117084452:T:A:R:wC	83	112	+	10.7317	2.82e-06	0.00422	ACCCAGGAGGCACAGGTTGCAGTGAGCCGA
pattern_0		8:23082971:G:T:R:wC	115	144	+	15.3095	2.82e-06	0.0111	CCTGCCTTTTTTTTTTTTTTTTTTTTTTGA
pattern_0		11:344001:G:A:A:wC	55	84	-	15.2976	2.84e-06	0.0111	CAGCTAATTTTTTTGTATTTTTAGTAGAGA
pattern_0		11:344001:G:A:R:wC	55	84	-	15.2976	2.84e-06	0.0111	CAGCTAATTTTTTTGTATTTTTAGTAGAGA
pattern_0		1:156184598:G:A:A:wC	149	178	+	15.2976	2.84e-06	0.0111	CCAGATTATTATTATTATTATTATTATTAT
pattern_0		9:69499956:C:T:A:wC	124	153	-	15.2976	2.84e-06	0.0111	CAGCTAATTTTTTTGTATTTTTAGTAGAGA
pattern_0		9:205297:A:G:A:wC	146	175	-	15.2976	2.84e-06	0.0111	CAGCTAATTTTTTTGTATTTTTAGTAGAGA
pattern_4		10:118398304:C:A:A:wC	62	91	+	15.369	2.87e-06	0.0348	TTTTTTGTTATTTTATTTTATTTTAGATTC
pattern_0		6:38669792:C:T:A:wC	7	36	+	15.2738	2.89e-06	0.0113	CCTGAATTTTTTTTTTTTTTTTTTTTTAGA
pattern_4		21:37463631:T:C:A:wC	16	45	-	15.3571	2.9e-06	0.0348	GCTTAGAATTATTATTATTATTTTTTTTTT
pattern_4		11:93959939:C:T:R:wC	142	171	+	15.3571	2.9e-06	0.0348	TATTTATTTATTTATTTTTATTTTTTGCTT
pattern_2		11:107992325:T:A:A:wC	162	191	+	10.6341	2.93e-06	0.00438	GCTCCGGAGGCTGGTGCAGGTGAGCGGGGT
pattern_1		19:50049882:T:G:A:wC	61	90	+	14.9167	3e-06	0.216	TCTACTAAAAATATTTAAAAAATTAGCCTG
pattern_4		13:74711955:C:T:A:wC	8	37	+	15.3095	3e-06	0.0357	GTTAGAAAAATCTTTTTTTATTTTTTATTT
pattern_0		16:1853698:G:A:R:wC	114	143	+	15.2143	3.02e-06	0.0117	CCAGCTAATTTTTTTTTTTTTTTTTTTTTG
pattern_2		7:101242902:G:A:R:wC	17	46	-	10.5366	3.05e-06	0.00455	TGTTGGGAGGCCAAGCTCAGCGAGTGATCA
pattern_4		9:131197305:T:C:A:wC	51	80	+	15.2857	3.05e-06	0.0357	AATTTTTATTTATTTATTTATTTATTTATT
pattern_5		17:57510745:C:T:R:wC	11	40	-	15.3333	3.06e-06	0.113	TCTTGAAAAAAAAATTTTTAAAAATTAAAA
pattern_1		16:24578458:T:C:R:wC	6	35	-	14.8929	3.06e-06	0.216	CTATCCATAATTATTTTCAAACTTAAAAAC
pattern_4		16:1853698:G:A:R:wC	125	154	+	15.2738	3.08e-06	0.0357	TTTTTTTTTTTTTTTTTTGATTTTTAGTAG
pattern_3		2:54834839:G:A:R:wC	16	45	-	14.7816	3.08e-06	0.135	CTTTAAAAATTAATTTATTAATTTTTTTTT
pattern_0		14:74041056:C:A:A:wC	5	34	+	15.1786	3.09e-06	0.0118	TCCAGTATTTTTTTTTTTTTTTTTTTGAGA
pattern_0		3:178765504:G:A:A:wC	73	102	-	15.1786	3.09e-06	0.0118	TCTGGCTATTTTTTTTTTTTGTATTTTTAG
pattern_0		12:20582640:A:T:A:wC	133	162	+	15.1786	3.09e-06	0.0118	GTATGTTTAATTTTTTCTAGTTATTGTTGA
pattern_0		12:56273995:G:A:A:wC	171	200	-	15.1786	3.09e-06	0.0118	CCAGCTAATTTTTTTTTTTGTTTTTTTTTT
pattern_4		19:19475717:G:C:R:wC	7	36	-	15.2381	3.16e-06	0.0362	GTTGTCCATTTTCTTTTTTATTTTTATTAT
pattern_4		16:3111193:T:C:A:wC	55	84	-	15.2143	3.22e-06	0.0364	CTTCTTTCTTCTTATTATTATTATTTTTAT
pattern_2		8:132332152:G:A:A:wC	56	85	+	10.3293	3.31e-06	0.00493	ACTCTAGGGGCTGAGCCAGGAGAATCGCTT
pattern_2		12:49107298:G:A:A:wC	123	152	+	10.3171	3.32e-06	0.00494	TTTTAGAAGGCGGAGGCGGAAGGATCCCTT
pattern_3		13:74711955:C:T:A:wC	27	56	+	14.6897	3.34e-06	0.135	ATTTTTTATTTTATTTATTTATTTATTTAT
pattern_3		8:6484635:C:A:R:wC	5	34	-	14.6897	3.34e-06	0.135	CAAACCAAATTTTCTTTATAAGTTATAAGA
pattern_2		16:89314349:C:T:R:wC	69	98	+	10.2927	3.36e-06	0.00498	GCTCGGGAGCTCGGGGCCTGCGCGGCGTCT
pattern_5		20:45095161:T:C:R:wC	54	83	+	15.2024	3.36e-06	0.113	TTATTTATTTATTTATTTTATTTTTTGAGA
pattern_0		10:99103492:A:G:R:wC	10	39	-	15.0595	3.36e-06	0.0128	TTACTTTACTTTTTTTTTTTTTTTTTGAGA
pattern_4		1:26852707:T:C:R:wC	75	104	+	15.131	3.43e-06	0.0383	ATTATGTATTTTATTATTTATTTTTTAGCA
pattern_5		19:4080391:A:G:A:wC	76	105	-	15.1667	3.45e-06	0.113	TTTTACTTATTTATTTTTTGTTTTTGAGAC
pattern_5		1:156184598:G:A:A:wC	165	194	+	15.1667	3.45e-06	0.113	ATTATTATTATTATTTTTTTTTTTTAGGCA
pattern_2		11:68911500:A:C:R:wC	54	83	-	10.2195	3.45e-06	0.00512	ACCCGGGAGGCAGAGATTGCAGTGAGCTGA
pattern_5		10:114197982:A:T:R:wC	163	192	+	15.1548	3.48e-06	0.113	TTTATTAATATACTTTTTTAATATTGAAGA
pattern_2		16:1853698:G:A:R:wC	22	51	-	10.1829	3.5e-06	0.00518	ACCTGGGAGGCAGAGCTTGCAGCGAACCAA
pattern_1		17:62737602:C:T:A:wC	129	158	+	14.7381	3.51e-06	0.216	GAGCAGGAAATTATTTAAAGTATTTCCTGA
pattern_4		7:6079662:T:C:A:wC	133	162	+	15.0952	3.52e-06	0.0388	TTTTCATGTTTTTAGTTTTATTTTTTTATT
pattern_2		1:32101775:G:C:R:wC	117	146	+	10.1707	3.52e-06	0.0052	CTTTGGAAGTCTGAGGCGGGCAGACTGCTT
pattern_0		19:1031812:G:T:R:wC	61	90	+	14.9881	3.54e-06	0.0134	CCGGCTAATTTTTTTTGTATATTTAGTAGA
pattern_5		1:148239834:G:T:A:wC	78	107	-	15.119	3.57e-06	0.113	AGAAATAAAAATATTTTACCCTAAAATACA
pattern_2		2:145775791:C:T:A:wC	43	72	+	10.1098	3.61e-06	0.00529	ACCTGGGAGGCGGAGGTTGCAGTGAGCCGA
pattern_2		17:38177839:A:C:R:wC	53	82	-	10.1098	3.61e-06	0.00529	CCCGGAGAGGCCCGGGCTGGGGCATGGGGC
pattern_2		1:112381195:C:A:R:wC	105	134	+	10.1098	3.61e-06	0.00529	ACCTGGGAGGCGGAGGTTGCAGTGAGCCGA
pattern_2		1:112381195:C:A:A:wC	105	134	+	10.1098	3.61e-06	0.00529	ACCTGGGAGGCGGAGGTTGCAGTGAGCCGA
pattern_3		17:581967:C:T:A:wC	3	32	-	14.5977	3.61e-06	0.135	TCAAAAAAATATATATATATATATATTTAG
pattern_1		11:69457293:C:T:A:wC	123	152	-	14.6905	3.66e-06	0.216	ATATTTAAAAATATTAAAAAAATAACTAAG
pattern_5		8:113945521:C:T:R:wC	23	52	-	15.0714	3.7e-06	0.113	TAATAGAGATATTTTTATCATTATACACCA
pattern_1		14:64721649:T:C:R:wC	133	162	+	14.6786	3.7e-06	0.216	CTATTAGAAATAATTTGTAAGAAAAATAAC
pattern_4		8:22373383:T:C:A:wC	133	162	+	15.0238	3.71e-06	0.0404	CTTTCTTCTTCTTTATTTTATTTTATTTTA
pattern_2		15:82436504:G:A:R:wC	111	140	+	10.0366	3.71e-06	0.00543	GCCTAGGAGGTTGAGGCTGTGGCAGTGAGT
pattern_0		15:56133889:C:G:A:wC	140	169	+	14.9167	3.72e-06	0.014	CTGGGTAAGTTTTTGTATTTTTAGTAGAGA
pattern_2		1:65277944:C:T:R:wC	90	119	+	10.0122	3.75e-06	0.00547	ACTCAGGAGGCGGAAGCAGGAGAATCGCTT
pattern_0		13:113352130:C:T:A:wC	16	45	+	14.9048	3.75e-06	0.0141	TTTTTTTTTTTTTTTTTTTTTTAGTAGAGA
pattern_2		17:74310362:G:A:A:wC	135	164	-	9.97561	3.8e-06	0.00554	ACTCGGGAGGCTGAGGCAGAATTGCTTGAA
pattern_0		15:41733249:A:G:A:wC	13	42	+	14.881	3.81e-06	0.0143	CCCTCTTTTTTTTTTTTTTTTTTTTTGAGA
pattern_2		16:4024128:C:T:A:wC	82	111	-	9.95122	3.84e-06	0.00559	ACCCGGGAGGCAGAGCTTGCAGTGAGCCAA
pattern_0		9:132524895:C:G:A:wC	11	40	+	14.8571	3.88e-06	0.0144	CTAGTTGTTTTTTTGTATTTTTAGTAGGGA
pattern_0		19:19867394:T:C:R:wC	24	53	+	14.8571	3.88e-06	0.0144	CTTTGCTTTTTTTTTTTTTTTTTTTTGAGA
pattern_5		1:90234055:C:A:A:wC	28	57	+	15	3.89e-06	0.113	TTTTTATTTTTTATTTTTTCTATTTATTTT
pattern_4		17:40724276:C:T:A:wC	152	181	+	14.9524	3.9e-06	0.0421	TACATATTGGAAATTTTTTATTTTTCTAAA
pattern_3		4:156645933:G:A:A:wC	75	104	-	14.5057	3.9e-06	0.135	TGGGTGAAAGATTTTTTTTAAAAAATAGTT
pattern_0		17:63680086:G:A:R:wC	3	32	-	14.8452	3.91e-06	0.0144	CCTGGCTAATTTTTGTATTTTAGTAGAGAC
pattern_0		4:148453347:A:G:A:wC	46	75	-	14.8452	3.91e-06	0.0144	GTATTTTTTTTTTTTTTTTTTTAGTAGAGA
pattern_3		1:156184598:G:A:A:wC	157	186	-	14.4943	3.94e-06	0.135	AAAAAAAAATAATAATAATAATAATAATAA
pattern_0		1:151858888:A:G:R:wC	166	195	+	14.8214	3.97e-06	0.0146	ATGGAAAAATATTTTTAAAAACATGGGACA
pattern_0		22:45603296:T:C:R:wC	167	196	+	14.8095	4.01e-06	0.0146	GTAATTTTTTTTTTTTTTTTTTAATAGAGA
pattern_4		2:164459422:G:T:A:wC	53	82	+	14.8929	4.08e-06	0.0427	CACTGAATTTTTTTTTAATATATTACAGTG
pattern_2		9:130492039:G:A:R:wC	34	63	+	9.79268	4.08e-06	0.00593	CCTCAGGAAGCTAAGGCAGCAGGGTAGTCA
pattern_1		19:20013987:A:G:R:wC	29	58	+	14.5595	4.11e-06	0.216	AAACGTTAATTTATGTAAAAGATGAATTTC
pattern_4		20:45095161:T:C:R:wC	49	78	+	14.881	4.11e-06	0.0427	TTTATTTATTTATTTATTTATTTTATTTTT
pattern_4		15:84657643:T:A:R:wC	65	94	+	14.881	4.11e-06	0.0427	TTATTTTTTATTTTTATTTATTTATTTATT
pattern_4		22:45603296:T:C:R:wC	170	199	+	14.869	4.15e-06	0.0427	ATTTTTTTTTTTTTTTTTTAATAGAGACGG
pattern_0		9:131197305:T:C:A:wC	62	91	+	14.75	4.17e-06	0.0152	ATTTATTTATTTATTTATTTATTTTTGAGA
pattern_2		14:104019888:C:T:R:wC	149	178	+	9.73171	4.18e-06	0.00606	ACCCAAGAGGCAGAGGTTGCAGTGAGCCGA
pattern_4		10:118398304:C:A:A:wC	57	86	+	14.8571	4.18e-06	0.0427	TTTCTTTTTTTGTTATTTTATTTTATTTTA
pattern_1		2:44008228:A:G:R:wC	59	88	-	14.5357	4.2e-06	0.216	ACTTTTATTATTATTTCATATAAATGTATA
pattern_0		1:118688547:A:G:A:wC	66	95	+	14.7381	4.21e-06	0.0153	GCTTTTCATTTTTTTTATTTTTCATTTTGT
pattern_4		1:118688547:A:G:A:wC	70	99	+	14.8214	4.29e-06	0.0431	TTCATTTTTTTTATTTTTCATTTTGTGATG
pattern_5		3:24341272:A:T:A:wC	98	127	+	14.8571	4.31e-06	0.113	TTTTTTATTTATTTTTTTTTTTTTAGCAAA
pattern_4		4:122278614:C:G:A:wC	51	80	-	14.8095	4.33e-06	0.0431	CGGCTTTAAATTTTTTTTTATTTTACCTTA
pattern_2		16:89168911:T:C:A:wC	120	149	+	9.63415	4.34e-06	0.00629	TTCCGTGAGCCCGAGGTCTGTGTGTGCTGT
pattern_3		8:6484635:C:A:R:wC	4	33	-	14.3793	4.34e-06	0.135	AAACCAAATTTTCTTTATAAGTTATAAGAA
pattern_4		11:88071072:A:G:A:wC	120	149	+	14.7976	4.37e-06	0.0431	GGACAGATTTTTTTTTTTTATTTTTATTTT
pattern_1		2:170401673:T:C:R:wC	151	180	+	14.4881	4.37e-06	0.216	GTCTTTATTTAAATTTAAAATAAGTAAATA
pattern_2		3:156532666:C:T:R:wC	137	166	+	9.60976	4.38e-06	0.00633	GCCTGGGAGATAGAGGCCGCCATGAGCCCT
pattern_4		10:125243654:A:G:A:wC	133	162	+	14.7738	4.44e-06	0.0434	ATTTTTCTGTTAAATTATTATTTTGTTTTT
pattern_0		22:45603296:T:C:R:wC	163	192	+	14.631	4.53e-06	0.0164	ACACGTAATTTTTTTTTTTTTTTTTTAATA
pattern_2		2:2030241:C:G:R:wC	64	93	+	9.5122	4.55e-06	0.00655	GCAGGGGTGGCCCGGGCCGAGGGAGGCCCA
pattern_2		6:38669792:C:T:A:wC	82	111	-	9.5122	4.55e-06	0.00655	ACCCGGGAGGCAGAGCTTGCAGTGAGCTGA
pattern_2		20:48781981:G:C:R:wC	154	183	+	9.5	4.57e-06	0.00657	GCACAGGAGGCAGAGGTTGCAGAGAGCTGA
pattern_0		9:131197305:T:C:A:wC	44	73	+	14.5952	4.64e-06	0.0167	CCCTGCTAATTTTTATTTATTTATTTATTT
pattern_5		5:96506796:T:C:R:wC	164	193	-	14.7381	4.69e-06	0.113	TATTTTTATTTTATTTTATTTTTTTGGAGA
pattern_2		18:12032461:C:G:A:wC	150	179	+	9.42683	4.7e-06	0.00675	ACTTGGAAGGTTGAAGTGGGAGGATCCTTT
pattern_2		17:79598887:G:C:A:wC	106	135	-	9.41463	4.72e-06	0.00676	ACTCAAGAGGCAGAGGTTGCAGTGAGCCAA
pattern_2		5:72861459:G:A:R:wC	165	194	+	9.41463	4.72e-06	0.00676	CTCTGCGCCGCCGGGCTGCGTGAGTCTCAT
pattern_0		19:52370845:A:G:R:wC	122	151	-	14.5476	4.79e-06	0.0172	CCGGCTAATTTTTTTTTTTTTTTTTGTATT
pattern_3		6:158978631:G:T:A:wC	9	38	+	14.2529	4.83e-06	0.135	ATTTATTTATTTATTTATTTATTTATTTGA
pattern_4		7:30545924:A:G:A:wC	113	142	+	14.6429	4.88e-06	0.0459	GTTACAATTTATTTATTTTATTTTTATTTT
pattern_0		10:14568914:G:A:A:wC	17	46	+	14.5119	4.91e-06	0.0174	AAATATTAATTTTTTTTTTTTTTTGAGACG
pattern_0		8:22335170:C:T:A:wC	63	92	+	14.5119	4.91e-06	0.0174	GCATTTTATTTTATTTTATTTTTTTAGAGA
pattern_0		21:34147896:G:A:R:wC	124	153	+	14.5119	4.91e-06	0.0174	CTTGACTTTTTTTTTTTTTTTTTTGAGACA
pattern_4		5:131916940:A:C:R:wC	110	139	-	14.631	4.92e-06	0.0459	AATTCTATTTTTTTTTTTTATTTAGCCGGG
pattern_4		5:64924881:T:C:A:wC	120	149	-	14.631	4.92e-06	0.0459	AATTAACAAAAAATGTAATATTTAAAAATT
pattern_3		7:29398110:G:A:R:wC	47	76	+	14.2299	4.92e-06	0.135	TAATGATGATTTATTTATTTATTTATTTAT
pattern_4		15:84657643:T:A:R:wC	77	106	+	14.619	4.96e-06	0.0459	TTTATTTATTTATTTATTTATTTTTTTTTT
pattern_5		10:14568914:G:A:A:wC	10	39	-	14.6548	4.97e-06	0.113	AAAAAAAAAAAAAATTAATATTTCTGATAT
pattern_5		6:122796370:T:C:R:wC	137	166	-	14.6548	4.97e-06	0.113	TTCTGAAAATAAAATTATTATTTTTAGTAT
pattern_2		19:53284720:C:G:R:wC	154	183	+	9.28049	4.97e-06	0.0071	CTTTGGGTAGTTGAGGCAGGCCGATCACTG
pattern_0		22:45603296:T:C:R:wC	2	31	+	14.4881	4.99e-06	0.0176	TATTTCTTATTTTTTTATTTTTTTGAGATG
pattern_2		5:158319479:G:A:R:wC	39	68	+	9.26829	5e-06	0.00712	ACCCGGGAGGCGGAGGCTTCAGGGAGCCAA
pattern_4		7:29398110:G:A:R:wC	1	30	-	14.6071	5e-06	0.0459	CTTTTATTTTTAAATTAAAATTTTTTTTAG
pattern_4		18:14133319:T:C:R:wC	63	92	-	14.5952	5.05e-06	0.0459	TAGATCCAAAATATTTATAATTATTTGTTG
pattern_4		1:156184598:G:A:A:wC	149	178	+	14.5952	5.05e-06	0.0459	CCAGATTATTATTATTATTATTATTATTAT
pattern_5		1:151858888:A:G:R:wC	158	187	-	14.631	5.05e-06	0.113	GTTTTTAAAAATATTTTTCCATGTTCAAAT
pattern_2		17:75317176:C:G:A:wC	29	58	+	9.21951	5.09e-06	0.00724	CCCTCCCAGGCCCAGCCTCCTTGGTCCCTT
pattern_5		2:43989267:G:A:A:wC	150	179	+	14.619	5.1e-06	0.113	TTTTTAATAAATTTTTGTTGTTATTATTGT
pattern_1		4:91287263:T:C:A:wC	104	133	-	14.3095	5.1e-06	0.24	GCTATTGCTATTATTTTAAATCTTACTGTT
pattern_4		3:129095895:G:A:R:wC	48	77	+	14.5714	5.13e-06	0.0459	TGATAACATTATTATTATTATTTTTATTTT
pattern_4		8:22335170:C:T:A:wC	61	90	+	14.5714	5.13e-06	0.0459	AGGCATTTTATTTTATTTTATTTTTTTAGA
pattern_5		13:74711955:C:T:A:wC	15	44	+	14.6071	5.14e-06	0.113	AAATCTTTTTTTATTTTTTATTTTATTTAT
pattern_5		8:132332152:G:A:A:wC	165	194	-	14.6071	5.14e-06	0.113	TATATTATTTTTTTTTTTTTTTTTTTTTGA
pattern_2		13:20765831:T:C:R:wC	31	60	-	9.19512	5.14e-06	0.0073	GGTCGGGAGGCCAGGAGGGCAGCTCCTCCT
pattern_5		15:84657643:T:A:R:wC	86	115	+	14.5952	5.18e-06	0.113	TTATTTATTTATTTTTTTTTTTTGAGACAG
pattern_0		19:4006482:G:C:R:wC	66	95	-	14.4286	5.2e-06	0.0183	CCAGCCTTTTTTTTTTTTTTTTTTGAGAGC
pattern_4		1:90234055:C:A:A:wC	64	93	+	14.5357	5.26e-06	0.0466	TTTCTACAACCAATTTTTTATTCCTAACTT
pattern_0		20:14319063:A:G:R:wC	114	143	+	14.3929	5.33e-06	0.0186	GCCAAAAGATTTTTTTAAATGGTATTAAAT
pattern_0		20:14319063:A:G:A:wC	114	143	+	14.3929	5.33e-06	0.0186	GCCAAAAGATTTTTTTAAATGGTATTAAAT
pattern_5		7:30545924:A:G:A:wC	113	142	+	14.5476	5.36e-06	0.113	GTTACAATTTATTTATTTTATTTTTATTTT
pattern_0		5:140030243:A:T:A:wC	12	41	+	14.381	5.37e-06	0.0187	TTCTTTTCTTTTTTTTATTTTTTTGAGACA
pattern_0		7:138731988:T:A:R:wC	16	45	-	14.369	5.41e-06	0.0187	CCAGCTAATTTTTTGTATTTTTTAGTAGAG
pattern_0		3:24341272:A:T:A:wC	88	117	+	14.369	5.41e-06	0.0187	TTTTATTTATTTTTTTATTTATTTTTTTTT
pattern_3		8:51556262:C:T:A:wC	105	134	+	14.1149	5.42e-06	0.135	AAAAATAAAATTATCTGATAAAATGTATAT
pattern_4		9:4834438:C:G:A:wC	135	164	+	14.4881	5.44e-06	0.0477	TTTTTTTTTTTTTTTTTTAATTTTCCGGTT
pattern_5		8:132332152:G:A:A:wC	169	198	-	14.5238	5.45e-06	0.113	TATATATATTATTTTTTTTTTTTTTTTTTT
pattern_5		8:132332152:G:A:A:wC	171	200	-	14.5238	5.45e-06	0.113	TATATATATATTATTTTTTTTTTTTTTTTT
pattern_0		12:133422998:G:A:A:wC	110	139	+	14.3571	5.46e-06	0.0188	CCGGCTAATTTTTTGTATTTTTCTTTTTTT
pattern_4		13:21641905:G:A:A:wC	5	34	+	14.4643	5.54e-06	0.0477	TTATTATTTTTATTTATTTATTTTTTTGAG
pattern_4		21:38398211:T:C:R:wC	29	58	+	14.4643	5.54e-06	0.0477	TATTTATTTTTCCTTTTTTACTCTTTTTTT
pattern_2		13:110052729:C:T:A:wC	106	135	-	8.9878	5.56e-06	0.00789	TGCCGGGAGGCCCAGGAGGAAGCAGTAGCT
pattern_2		21:43529642:A:C:R:wC	121	150	+	8.97561	5.59e-06	0.00791	CCCTGGCAGACTGGGACGAGTGTGTGGACA
pattern_3		1:47974123:C:T:R:wC	5	34	-	14.069	5.63e-06	0.135	ATACTCAAAATTTCTCATTAAAACTTATGA
pattern_3		3:42651319:G:T:A:wC	111	140	-	14.069	5.63e-06	0.135	TTGTTGATATTTATATTATGACAAACAAGA
pattern_5		15:38838432:A:T:R:wC	50	79	+	14.4762	5.63e-06	0.113	AATTTTAATAACATTTTACATAAATTATAA
pattern_4		15:84657643:T:A:R:wC	73	102	+	14.4286	5.68e-06	0.0483	TATTTTTATTTATTTATTTATTTATTTTTT
pattern_2		20:16555620:G:C:R:wC	120	149	+	8.91463	5.72e-06	0.00808	ACCTAGCTGGCTGGGGCAGGGGAGGGGCCC
pattern_4		17:73194987:G:A:R:wC	14	43	+	14.4167	5.73e-06	0.0483	TAATTTTTTAATTTTTAAAATTTTTTTTTA
pattern_3		4:70516431:C:T:R:wC	26	55	+	14.046	5.73e-06	0.135	TAAGAAAACTATATATTTAAATAGATACAA
pattern_2		2:74762032:G:A:R:wC	141	170	-	8.90244	5.74e-06	0.0081	ACCCAGGTGGCAGAGGTTGCAGTGAGCCAA
pattern_4		9:131564080:A:G:R:wC	25	54	+	14.4048	5.77e-06	0.0483	TGTTTTTGACATATTTAAGATTTTTTTGTT
pattern_0		22:42436322:G:A:A:wC	163	192	+	14.2619	5.82e-06	0.0199	CCTGGCTAATTTTTTGTATTTTAGTAGAGA
pattern_4		20:51570506:C:T:R:wC	19	48	+	14.3929	5.82e-06	0.0483	TTATTACTTTTTAAATATAATTTATTTGAA
pattern_2		17:57510745:C:T:R:wC	86	115	-	8.86585	5.82e-06	0.0082	ACCTGCGGGGCAGAGGTTGCAGTGAGCCAA
pattern_2		4:103932975:T:G:A:wC	24	53	+	8.85366	5.85e-06	0.00821	GCTGGTGTGGCTAAGGAATGCTGAGCCACA
pattern_2		17:66133442:T:C:R:wC	41	70	-	8.85366	5.85e-06	0.00821	ATCAGCCTGGCCAACGTGGCAAAACCCCCA
pattern_4		20:45095161:T:C:R:wC	54	83	+	14.381	5.87e-06	0.0483	TTATTTATTTATTTATTTTATTTTTTGAGA
pattern_0		10:97877485:G:A:A:wC	32	61	-	14.2262	5.96e-06	0.0203	CTCAAATAAAATTTTTAAAGCAATAACTAA
pattern_0		2:95833187:C:G:A:wC	160	189	-	14.2143	6e-06	0.0204	CTTTCTTTTTTTTTTTTTTTTTTTTTGAGA
pattern_5		1:90234055:C:A:A:wC	41	70	+	14.381	6.01e-06	0.113	TTTTTTCTATTTATTTTTTCTATTTTCTAC
pattern_3		13:25141913:G:A:R:wC	16	45	-	13.9885	6.01e-06	0.135	AGGAAAAAAGTTCAATATTCATTAAAGTGA
pattern_2		10:102634556:C:T:R:wC	89	118	+	8.76829	6.04e-06	0.00845	GTGCCGGTGGCCGACACGGACTAAGCTCCT
pattern_2		19:55700372:G:A:R:wC	149	178	-	8.76829	6.04e-06	0.00845	GCTCCAGAGGCTGAGGTTGCAGTGAGCTGA
pattern_0		18:58192696:A:G:A:wC	52	81	+	14.2024	6.05e-06	0.0205	AAACCTCAATTTTTTTTTAATTAGGCTTGA
pattern_5		8:103073924:T:A:A:wC	64	93	+	14.369	6.06e-06	0.113	CATTTGAATAATATTTTTAAATGTATTCAA
pattern_0		20:51570506:C:T:R:wC	8	37	+	14.1905	6.1e-06	0.0206	AGTAGAAAAATTTATTACTTTTTAAATATA
pattern_4		3:129095895:G:A:R:wC	42	71	+	14.3214	6.12e-06	0.05	TCCTAATGATAACATTATTATTATTATTTT
pattern_3		21:37477069:C:T:A:wC	16	45	-	13.9655	6.13e-06	0.135	AATATAAAATTTTCTTTTTAATTCTCTGCA
pattern_2		2:64940340:C:T:R:wC	75	104	-	8.69512	6.21e-06	0.00867	GCCCGGGAGGCAGGGATTGCAGTGAGCCGA
pattern_2		12:133250017:C:A:A:wC	158	187	-	8.68293	6.24e-06	0.0087	ACGGAGCAGCCCCAGGCATGTGAGCCACAT
pattern_3		1:3743995:G:A:A:wC	43	72	+	13.9425	6.24e-06	0.135	CTGGCTAAGTTTTTTTTTTAAGTTTTAGTA
pattern_1		2:54834839:G:A:R:wC	16	45	-	14.0714	6.24e-06	0.249	CTTTAAAAATTAATTTATTAATTTTTTTTT
pattern_1		15:38838432:A:T:R:wC	53	82	-	14.0714	6.24e-06	0.249	AAGTTATAATTTATGTAAAATGTTATTAAA
pattern_1		20:56990862:C:T:R:wC	85	114	-	14.0714	6.24e-06	0.249	TCAATAAAAATGATGTAAAAGCTTATGAGC
pattern_0		11:69457293:C:T:A:wC	123	152	+	14.1548	6.25e-06	0.021	CTTAGTTATTTTTTTAATATTTTTAAATAT
pattern_5		17:73194987:G:A:R:wC	17	46	-	14.3214	6.26e-06	0.113	AAGTAAAAAAAAATTTTAAAAATTAAAAAA
pattern_5		10:62500217:C:T:R:wC	42	71	-	14.3214	6.26e-06	0.113	TAATTCTTTTTTTTTTTTTCTTTGTAGAGA
pattern_0		11:69457293:C:T:A:wC	131	160	+	14.1429	6.3e-06	0.0211	TTTTTTTAATATTTTTAAATATTTTTTGAA
pattern_4		5:115630350:T:G:A:wC	29	58	-	14.2738	6.33e-06	0.0512	TTTAGATTAGTTATTTATGATTTTTTGGTA
pattern_2		4:123619335:T:C:R:wC	132	161	-	8.63415	6.36e-06	0.00884	ACCTGGGAGGCGGAGGTTGCTGTGAGCTGA
pattern_5		12:8394788:A:G:R:wC	8	37	+	14.2976	6.36e-06	0.113	TGAGTGCTAAATATTTTATGTCAATGGAAG
pattern_1		6:90934189:T:A:A:wC	125	154	+	14.0476	6.37e-06	0.249	TTATTTATAAGAAGTTCAAATATGTAAGCC
pattern_4		3:113251079:G:A:A:wC	140	169	+	14.2619	6.38e-06	0.0512	CCATATCTTTTTTTTTTTAACTGTACATAT
pattern_5		2:16229124:C:A:A:wC	133	162	+	14.2857	6.42e-06	0.113	TATTCGATTTATTTTTATTTTTTATTTAGA
pattern_5		2:16229124:C:A:R:wC	133	162	+	14.2857	6.42e-06	0.113	TATTCGATTTATTTTTATTTTTTATTTAGA
pattern_3		14:93016815:A:G:R:wC	17	46	-	13.908	6.42e-06	0.135	ATAAATAAAACTAAACAAAAATAAAAATAA
pattern_4		14:20818602:C:G:A:wC	153	182	+	14.25	6.43e-06	0.0512	TTTTTTTGTTTTTGTTTTCACTCAACATAG
pattern_2		19:4838171:C:A:A:wC	100	129	+	8.58537	6.47e-06	0.00899	ATTTGGGAGGACGTGGTGAGAGGAACGCTT
pattern_3		1:90203065:T:C:A:wC	28	57	+	13.8966	6.48e-06	0.135	GTACAGTAAAATATATTATAAAAGATTAAA
pattern_0		19:51126928:A:G:A:wC	36	65	-	14.0952	6.5e-06	0.0216	TTTTTTTTTTTTTTTTTTTTTTTGTAGAGA
pattern_0		2:213151472:G:A:A:wC	121	150	+	14.0952	6.5e-06	0.0216	TTTTTTTTTTTTTTTTTTTTTTTGTAGAGA
pattern_3		20:12973521:A:T:A:wC	42	71	+	13.8851	6.54e-06	0.135	TTAAAATATTCTATATTTTAAATAGAAAAG
pattern_3		5:64924881:T:C:A:wC	117	146	-	13.8851	6.54e-06	0.135	TAACAAAAAATGTAATATTTAAAAATTTGA
pattern_0		11:69457293:C:T:A:wC	132	161	+	14.0833	6.55e-06	0.0217	TTTTTTAATATTTTTAAATATTTTTTGAAA
pattern_1		16:30345505:T:C:R:wC	103	132	+	14	6.63e-06	0.249	GAAATTACATTTATTTAAAAAGTTAATGTT
pattern_5		16:72908020:C:G:R:wC	171	200	+	14.2381	6.63e-06	0.113	TTTTTGATTTTTTTTTTTTTTTTTTTTTTT
pattern_5		7:29398110:G:A:R:wC	61	90	+	14.2262	6.68e-06	0.113	TTATTTATTTATTTATTTTCTTTTTTGAGA
pattern_2		22:45603296:T:C:R:wC	75	104	-	8.5	6.68e-06	0.00927	ACCCAGGAGGTAGAGGTTGCAGTGAGCCAA
pattern_0		20:37266874:T:C:A:wC	13	42	-	14.0476	6.71e-06	0.0221	CCGGCTAATTTTTTTTTTTTGTATTTTTAG
pattern_0		17:73194987:G:A:R:wC	36	65	-	14.0476	6.71e-06	0.0221	TCAAAAAAAAAATTTTAAAAAGTAAAAAAA
pattern_3		3:24341272:A:T:A:wC	90	119	-	13.8506	6.73e-06	0.135	AAAAAAAAAAATAAATAAAAAAATAAATAA
pattern_2		19:11300582:G:A:R:wC	50	79	+	8.47561	6.74e-06	0.00934	GATTCCGAGGCTGGGCCAGGCGGAGCCTCT
pattern_4		2:177796683:G:T:R:wC	68	97	+	14.1786	6.76e-06	0.0533	TTTTTTTCTTTTTTTTTTCATTACTTAGCT
pattern_2		10:133989641:C:G:A:wC	10	39	+	8.46341	6.78e-06	0.00937	CTCTTGGAAGCAGAGGCTGCCAGATCCCGA
pattern_5		4:122278614:C:G:A:wC	54	83	-	14.2024	6.79e-06	0.113	TTACGGCTTTAAATTTTTTTTTATTTTACC
pattern_2		6:159339293:G:A:A:wC	64	93	-	8.41463	6.9e-06	0.00947	ACCTGGGAGGCGGAGGTTGCAGTGAGCCAA
pattern_2		17:74310362:G:A:A:wC	106	135	-	8.41463	6.9e-06	0.00947	ACCTGGGAGGCGGAGGTTGCAGTGAGCCAA
pattern_2		20:3100862:G:A:A:wC	152	181	+	8.41463	6.9e-06	0.00947	ACCTGGGAGGCGGAGGTTGCAGTGAGCCAA
pattern_2		9:131197305:T:C:A:wC	135	164	-	8.41463	6.9e-06	0.00947	ACCTGGGAGGCGGAGGTTGCAGTGAGCCAA
pattern_5		8:22335170:C:T:A:wC	58	87	+	14.1786	6.9e-06	0.113	ATTAGGCATTTTATTTTATTTTATTTTTTT
pattern_0		17:57510745:C:T:R:wC	7	36	-	14	6.92e-06	0.0227	GAAAAAAAAATTTTTAAAAATTAAAAATAT
pattern_0		12:66385194:C:G:A:wC	152	181	+	14	6.92e-06	0.0227	ACACCAAAATAATTTTAATTTTATAATTTT
pattern_4		2:16229124:C:A:R:wC	130	159	+	14.1429	6.93e-06	0.0537	CTCTATTCGATTTATTTTTATTTTTTATTT
pattern_4		2:16229124:C:A:A:wC	130	159	+	14.1429	6.93e-06	0.0537	CTCTATTCGATTTATTTTTATTTTTTATTT
pattern_5		20:45095161:T:C:R:wC	24	53	-	14.1667	6.96e-06	0.113	ATAAACATTTGCATTTTTAATTTGTAATTT
pattern_3		17:66184456:G:A:R:wC	62	91	-	13.8046	6.99e-06	0.135	TAATGAAAATATAAATAATGAAATTGTAAA
pattern_3		17:66184456:G:A:A:wC	62	91	-	13.8046	6.99e-06	0.135	TAATGAAAATATAAATAATGAAATTGTAAA
pattern_0		20:16541716:C:T:A:wC	149	178	-	13.9643	7.09e-06	0.0231	GCTAATTTTTTTTTGCAGTTTTAGTAGAGA
pattern_0		10:8125134:C:T:A:wC	142	171	-	13.9405	7.2e-06	0.0234	TCTTTTTTTTTTTTTTTTTTTTTTTTGAGA
pattern_5		7:40421488:T:G:A:wC	47	76	+	14.1071	7.25e-06	0.113	CAAGTGATTAGTATTTTTTTATGTTAATCA
pattern_0		3:106221324:G:A:A:wC	167	196	-	13.9286	7.26e-06	0.0235	TATTATTATTTTTTTTATTTTTTTTTTTTG
pattern_4		4:155693001:A:G:R:wC	6	35	+	14.0714	7.28e-06	0.056	CTTTTATTTTTATTTATTTATTTATTTATT
pattern_5		3:124442146:G:A:R:wC	48	77	-	14.0952	7.3e-06	0.113	CATTTACAAGATATTTTAAAGTAAAGAAAA
pattern_1		17:73194987:G:A:R:wC	37	66	-	13.881	7.32e-06	0.264	CTCAAAAAAAAAATTTTAAAAAGTAAAAAA
pattern_5		1:67424488:A:G:R:wC	118	147	+	14.0595	7.48e-06	0.113	TAGAGAAATTTAATTTATTATTCCACAGGA
pattern_5		11:88071072:A:G:A:wC	120	149	+	14.0595	7.48e-06	0.113	GGACAGATTTTTTTTTTTTATTTTTATTTT
pattern_2		6:90806835:G:T:R:wC	120	149	+	8.18293	7.52e-06	0.0103	TCTTGGCAGGCTGGGGAAGAGAAAGAATGT
pattern_0		19:30288488:C:T:A:wC	162	191	+	13.869	7.55e-06	0.0243	CCCGGCTAATTTTTTTTATTTTTAGTAGAG
pattern_0		19:30288488:C:T:R:wC	162	191	+	13.869	7.55e-06	0.0243	CCCGGCTAATTTTTTTTATTTTTAGTAGAG
pattern_5		13:74711955:C:T:A:wC	8	37	+	14.0357	7.6e-06	0.113	GTTAGAAAAATCTTTTTTTATTTTTTATTT
pattern_5		1:118688547:A:G:A:wC	63	92	+	14.0357	7.6e-06	0.113	TAAGCTTTTCATTTTTTTTATTTTTCATTT
pattern_0		2:16229124:C:A:A:wC	135	164	+	13.8571	7.6e-06	0.0243	TTCGATTTATTTTTATTTTTTATTTAGAGA
pattern_0		2:16229124:C:A:R:wC	135	164	+	13.8571	7.6e-06	0.0243	TTCGATTTATTTTTATTTTTTATTTAGAGA
pattern_2		19:6442589:C:T:R:wC	138	167	-	8.14634	7.62e-06	0.0104	ACCCGGGAGGCGGAGGTTGCAGTGAGCCGA
pattern_4		6:158978631:G:T:A:wC	6	35	+	14	7.64e-06	0.0578	ATTATTTATTTATTTATTTATTTATTTATT
pattern_4		15:84657643:T:A:R:wC	69	98	+	14	7.64e-06	0.0578	TTTTTATTTTTATTTATTTATTTATTTATT
pattern_0		9:138891645:C:G:R:wC	133	162	-	13.8452	7.66e-06	0.0244	CCGGCGAATTTTTTGTATTTTTAGTAGAGA
pattern_5		1:1768779:C:T:R:wC	8	37	+	14.0238	7.66e-06	0.113	TGAGTTAATTTTTTTTTTTTTTTTTGAGAC
pattern_3		20:51570506:C:T:R:wC	17	46	-	13.6897	7.67e-06	0.135	CAAATAAATTATATTTAAAAAGTAATAAAT
pattern_5		19:41259325:A:G:R:wC	54	83	+	14.0119	7.73e-06	0.113	TTTTGCATATGTTTTTTTTTTTTTTTTTTT
pattern_4		7:29398110:G:A:R:wC	7	36	-	13.9762	7.77e-06	0.0579	AATTTTCTTTTATTTTTAAATTAAAATTTT
pattern_4		22:38498985:G:A:R:wC	162	191	-	13.9762	7.77e-06	0.0579	TAATTTTTTTTTTTTTTTAATTTTGAGATG
pattern_2		5:72861459:G:A:R:wC	23	52	+	8.08537	7.8e-06	0.0107	CGCTCCGAGGCCCATCCTGCCGGAGTACTA
pattern_4		12:66385194:C:G:A:wC	150	179	+	13.9643	7.83e-06	0.0579	ACACACCAAAATAATTTTAATTTTATAATT
pattern_2		10:105190575:A:G:R:wC	148	177	-	8.06098	7.87e-06	0.0107	ACCCAGGAGGTAGAGGTTGCAGTGAGCTGA
pattern_3		13:21641905:G:A:A:wC	4	33	+	13.6552	7.88e-06	0.135	TTTATTATTTTTATTTATTTATTTTTTTGA
pattern_4		17:47135491:T:C:A:wC	10	39	-	13.9524	7.89e-06	0.0579	CTAACTTGTATTAATTATAAGTTTATTAAG
pattern_5		19:19475717:G:C:R:wC	7	36	-	13.9762	7.91e-06	0.114	GTTGTCCATTTTCTTTTTTATTTTTATTAT
pattern_3		18:58192696:A:G:A:wC	160	189	+	13.6322	8.03e-06	0.135	TTTTTTAAAAATATGTTTACAATAATTCAA
pattern_4		11:93959939:C:T:R:wC	139	168	+	13.9167	8.09e-06	0.0584	TTTTATTTATTTATTTATTTTTATTTTTTG
pattern_0		13:21641905:G:A:A:wC	8	37	+	13.7619	8.09e-06	0.0254	TTATTTTTATTTATTTATTTTTTTGAGACA
pattern_0		19:8402132:G:A:R:wC	48	77	+	13.7619	8.09e-06	0.0254	CTAATTTTTTTTTTTTTTTTTTTTTTGAGA
pattern_0		2:213151472:G:A:A:wC	112	141	+	13.7619	8.09e-06	0.0254	GAGGGTTAATTTTTTTTTTTTTTTTTTTTT
pattern_0		17:66205267:T:C:A:wC	154	183	+	13.7619	8.09e-06	0.0254	CCAACTTAATTTTAGTACTTTTTTTTTTTT
pattern_4		17:66184456:G:A:R:wC	54	83	+	13.9048	8.15e-06	0.0584	GATTTTTATTTACAATTTCATTATTTATAT
pattern_4		17:66184456:G:A:A:wC	54	83	+	13.9048	8.15e-06	0.0584	GATTTTTATTTACAATTTCATTATTTATAT
pattern_0		22:31991001:G:A:R:wC	74	103	+	13.75	8.15e-06	0.0254	ATTTATTTATTTATTTATTTATTTTTGAGT
pattern_0		6:122796370:T:C:R:wC	134	163	-	13.75	8.15e-06	0.0254	TGAAAATAAAATTATTATTTTTAGTATTCT
pattern_4		6:135035372:C:T:A:wC	156	185	+	13.8929	8.22e-06	0.0584	TCATACCTTAATCTTTATTATTTATATTTC
pattern_0		17:73837209:C:T:A:wC	107	136	+	13.7381	8.22e-06	0.0255	CTTTTTTTTTTTTTTTTTTTTTTTTTGAGA
pattern_0		3:32537625:A:G:A:wC	164	193	-	13.7381	8.22e-06	0.0255	TGTCCACACTTTTTTTTTTTTTTTTTTTGA
pattern_2		11:123353693:G:A:A:wC	63	92	+	7.91463	8.3e-06	0.0113	ACTCCGGAGGCTGAGGCAGAATCACTTGAA
pattern_2		19:4080391:A:G:A:wC	139	168	+	7.91463	8.3e-06	0.0113	CCTGCGGAGGCCCAGAGAGGTACAGAGACA
pattern_1		17:73194987:G:A:R:wC	17	46	-	13.7262	8.31e-06	0.289	AAGTAAAAAAAAATTTTAAAAATTAAAAAA
pattern_3		1:67424488:A:G:R:wC	53	82	-	13.5862	8.33e-06	0.135	AGCATATAAATTTTGTTCTAATATATGCAG
pattern_0		17:73194987:G:A:R:wC	25	54	+	13.7143	8.35e-06	0.0258	TTTTTAAAATTTTTTTTTACTTTTTAAAAT
pattern_5		17:57510745:C:T:R:wC	8	37	-	13.8929	8.37e-06	0.117	TGAAAAAAAAATTTTTAAAAATTAAAAATA
pattern_0		17:73194987:G:A:R:wC	16	45	-	13.7024	8.41e-06	0.0259	AGTAAAAAAAAATTTTAAAAATTAAAAAAT
pattern_4		20:51570506:C:T:R:wC	23	52	+	13.8452	8.49e-06	0.0596	TACTTTTTAAATATAATTTATTTGAATGTT
pattern_5		3:24341272:A:T:A:wC	96	125	+	13.869	8.5e-06	0.117	ATTTTTTTATTTATTTTTTTTTTTTTAGCA
pattern_5		5:131916940:A:C:R:wC	125	154	+	13.869	8.5e-06	0.117	AAAAAAAATAGAATTTTTTGTATTTTTAGT
pattern_4		16:3111193:T:C:A:wC	52	81	-	13.8333	8.56e-06	0.0596	CTTTCTTCTTATTATTATTATTTTTATTTT
pattern_3		15:84657643:T:A:R:wC	60	89	+	13.5517	8.56e-06	0.135	GTTCTTTATTTTTTATTTTTATTTATTTAT
pattern_0		20:16541716:C:T:A:wC	3	32	+	13.6667	8.61e-06	0.0264	ACAATCATCTTTTTTTAAAAAAATATAATA
pattern_2		21:47711967:G:A:R:wC	51	80	+	7.80488	8.65e-06	0.0117	ATTTGGCAGGCAGGGGCTAGGGAATGCCTG
pattern_0		17:73194987:G:A:R:wC	24	53	+	13.6548	8.67e-06	0.0265	ATTTTTAAAATTTTTTTTTACTTTTTAAAA
pattern_4		17:26250721:A:G:A:wC	2	31	+	13.8095	8.69e-06	0.0596	TTTATTTATTTATTTATTTATTTATTTATT
pattern_4		17:26250721:A:G:R:wC	2	31	+	13.8095	8.69e-06	0.0596	TTTATTTATTTATTTATTTATTTATTTATT
pattern_4		9:131197305:T:C:A:wC	55	84	+	13.8095	8.69e-06	0.0596	TTTATTTATTTATTTATTTATTTATTTATT
pattern_2		2:241071552:G:A:R:wC	141	170	-	7.78049	8.72e-06	0.0118	AGTCAGCAGGCAGGGGCTGGACTGTGACAA
pattern_3		2:44008228:A:G:R:wC	66	95	-	13.5287	8.72e-06	0.135	TTAAATCACTTTTATTATTATTTCATATAA
pattern_0		13:74711955:C:T:A:wC	18	47	+	13.6429	8.74e-06	0.0266	TCTTTTTTTATTTTTTATTTTATTTATTTA
pattern_4		6:158978631:G:T:A:wC	10	39	+	13.7976	8.76e-06	0.0596	TTTATTTATTTATTTATTTATTTATTTGAG
pattern_5		14:74041056:C:A:A:wC	1	30	+	13.8214	8.77e-06	0.118	AAATTCCAGTATTTTTTTTTTTTTTTTTTT
pattern_5		4:148453347:A:G:A:wC	50	79	-	13.8214	8.77e-06	0.118	TTTTGTATTTTTTTTTTTTTTTTTTTAGTA
pattern_3		11:69457293:C:T:A:wC	133	162	-	13.5172	8.8e-06	0.135	TTTTCAAAAAATATTTAAAAATATTAAAAA
pattern_3		5:156719105:T:G:R:wC	165	194	-	13.5172	8.8e-06	0.135	AGAAAGAAAACATTATGTTAAGTAAAAGAA
pattern_0		1:90234055:C:A:A:wC	5	34	+	13.631	8.81e-06	0.0267	TTTGTTTTAATTTTTTATTTCTTTTTTTAT
pattern_0		14:75784722:A:G:R:wC	113	142	+	13.631	8.81e-06	0.0267	GCACGCATTTTTTTTTTTTTTTTGAAATGA
pattern_0		1:151858888:A:G:R:wC	168	197	-	13.6071	8.95e-06	0.027	CATGTCCCATGTTTTTAAAAATATTTTTCC
pattern_3		17:2295633:C:A:A:wC	1	30	-	13.4943	8.97e-06	0.135	TGTCTACAAACCATTTATTCATTTATTCAT
pattern_4		4:155693001:A:G:R:wC	10	39	+	13.7619	8.98e-06	0.0602	TATTTTTATTTATTTATTTATTTATTTTTA
pattern_4		13:74711955:C:T:A:wC	24	53	+	13.7619	8.98e-06	0.0602	TTTATTTTTTATTTTATTTATTTATTTATT
pattern_0		1:212375336:G:A:R:wC	153	182	+	13.5952	9.02e-06	0.0271	TCTCTCTTTTTTTTTTTTTTTTTTTTGAGA
pattern_3		6:96988696:A:T:R:wC	81	110	+	13.4828	9.05e-06	0.135	ATGTGTTAAGTTTTATATAATAAAATGGAA
pattern_2		11:12399750:G:A:R:wC	44	73	-	7.67073	9.08e-06	0.0123	CCTTCGGGCGCAGAGGGCGGGGCAGGGCCT
pattern_4		1:90203065:T:C:A:wC	31	60	-	13.7381	9.12e-06	0.0603	CTTTTTAATCTTTTATAATATATTTTACTG
pattern_4		9:33148834:T:C:R:wC	58	87	-	13.7381	9.12e-06	0.0603	CATTTTTTTTTTTTTTTTTACTTTTAGGCA
pattern_4		6:122796370:T:C:R:wC	131	160	-	13.7262	9.2e-06	0.0604	AAATAAAATTATTATTTTTAGTATTCTCTC
pattern_3		12:66385194:C:G:A:wC	155	184	+	13.4598	9.22e-06	0.135	CCAAAATAATTTTAATTTTATAATTTTGAC
pattern_3		4:101131793:T:C:R:wC	146	175	-	13.4598	9.22e-06	0.135	AGCTATTAATCTTTATTTAAATAAAATGTA
pattern_0		6:38669792:C:T:A:wC	9	38	+	13.5595	9.22e-06	0.0277	TGAATTTTTTTTTTTTTTTTTTTTTAGACA
pattern_4		7:29398110:G:A:R:wC	8	37	-	13.7143	9.27e-06	0.0604	TAATTTTCTTTTATTTTTAAATTAAAATTT
pattern_5		9:97503617:C:T:R:wC	15	44	+	13.7381	9.27e-06	0.119	TTTTTATTTTATTTTTTATTTTTTTATTTT
pattern_5		1:54183531:C:G:A:wC	114	143	-	13.7381	9.27e-06	0.119	GAAAGCAAGTTTTTTTTTTAACTTACATTT
pattern_5		6:72205797:T:C:R:wC	143	172	+	13.7262	9.34e-06	0.119	TGTTTACATAATCTTTATTCTTTTTGTTTT
pattern_1		17:74543679:C:G:R:wC	53	82	+	13.5714	9.43e-06	0.316	GACTGAGAAAATTTTTAAAAATTTACTAAC
pattern_0		4:1381798:A:G:R:wC	28	57	-	13.5238	9.44e-06	0.0282	TCAGCTGCTTTTTTTTTTTTTTTGAAGAAA
pattern_3		20:8618626:T:C:A:wC	3	32	+	13.4253	9.47e-06	0.135	ACCATTTATTTTATTTATTGATTTATTTTT
pattern_5		1:90234055:C:A:A:wC	2	31	+	13.7024	9.49e-06	0.119	GTTTTTGTTTTAATTTTTTATTTCTTTTTT
pattern_5		12:100816980:G:A:A:wC	17	46	+	13.7024	9.49e-06	0.119	TCTAGAATTTTTATTGGTTCTTTTTCGTTT
pattern_3		21:19722546:A:C:R:wC	142	171	-	13.4138	9.56e-06	0.135	ACAAAAAAAGTTTAGTGTTGAAAATGATGA
pattern_0		15:34400939:G:C:R:wC	118	147	+	13.5	9.58e-06	0.0286	TCAGTTTTTTTTTTTTTTTTTTTTTTGAGG
pattern_4		13:74711955:C:T:A:wC	28	57	+	13.6548	9.65e-06	0.0616	TTTTTTATTTTATTTATTTATTTATTTATT
pattern_4		22:31991001:G:A:R:wC	63	92	+	13.6548	9.65e-06	0.0616	AATAATAATTTATTTATTTATTTATTTATT
pattern_4		4:119376994:C:G:A:wC	84	113	+	13.6548	9.65e-06	0.0616	CTTTTCTGTGTATTTTGTTATTATGAACAT
pattern_3		14:100363254:A:C:R:wC	37	66	-	13.4023	9.65e-06	0.135	AATTATTAATTTTTTTACTGTAATCTACGA
pattern_3		2:54834839:G:A:R:wC	168	197	-	13.4023	9.65e-06	0.135	TAGAAAAATTTTATTTTCAAATATATTTGT
pattern_2		7:70178784:A:T:R:wC	119	148	+	7.4878	9.71e-06	0.0131	ACCCGGGAGGCAGAGCTTGCAGTGAGCGGA
pattern_0		13:74711955:C:T:A:wC	11	40	+	13.4762	9.73e-06	0.0288	AGAAAAATCTTTTTTTATTTTTTATTTTAT
pattern_0		2:48681997:G:C:A:wC	72	101	+	13.4762	9.73e-06	0.0288	GCCGAATTATTTTTTTCTTTGTTTGTTTCA
pattern_2		7:100494959:G:T:R:wC	77	106	+	7.46341	9.79e-06	0.0132	GCCTCGGAGACTGGGCTGGGTTGGGGGTGT
pattern_0		17:35132006:T:C:R:wC	26	55	+	13.4643	9.81e-06	0.0289	CCTAAATATGTTTTTTGTTTGTTTTATAGA
pattern_3		10:77185310:G:C:A:wC	124	153	-	13.3793	9.82e-06	0.135	ATATTTAAAGTTATATATAGCTGAACTACA
pattern_2		7:26620051:C:T:R:wC	166	195	+	7.45122	9.84e-06	0.0132	GCTTCAGGGGCTGGGGTGGGATAGTTGCCC
pattern_1		7:37979141:T:C:A:wC	29	58	+	13.5119	9.9e-06	0.32	GCCTTATAATAAATTTAATATTTGTTCTTG
pattern_3		6:158978631:G:T:A:wC	1	30	+	13.3678	9.91e-06	0.135	CTGTAATTATTTATTTATTTATTTATTTAT
pattern_3		16:89744494:G:A:R:wC	107	136	-	13.3678	9.91e-06	0.135	CTATAAAAATATTTTTTTTAAATTAGCCAG
pattern_3		16:89744494:G:A:A:wC	107	136	-	13.3678	9.91e-06	0.135	CTATAAAAATATTTTTTTTAAATTAGCCAG
pattern_5		1:90234055:C:A:A:wC	21	50	+	13.631	9.95e-06	0.122	ATTTCTTTTTTTATTTTTTATTTTTTCTAT
pattern_4		21:36480002:C:T:R:wC	135	164	+	13.6071	9.96e-06	0.0627	ACGAAGTTGTTTTCTTATTATTTTTTACTT
pattern_4		21:36480002:C:T:A:wC	135	164	+	13.6071	9.96e-06	0.0627	ACGAAGTTGTTTTCTTATTATTTTTTACTT
pattern_3		9:131197305:T:C:A:wC	46	75	+	13.3563	1e-05	0.135	CTGCTAATTTTTATTTATTTATTTATTTAT
pattern_3		12:27836289:C:T:A:wC	118	147	-	13.3563	1e-05	0.135	GGCTTAAAAATTCTACATTCTATTTAAAAA
pattern_5		12:131921121:A:G:R:wC	154	183	+	13.619	1e-05	0.122	ATCATACATTATAATTTTTCCCATTTAAAA
pattern_0		9:15880555:A:G:A:wC	158	187	+	13.4286	1e-05	0.0295	CCCGCCTAATTGTTTTTTTTTTTTTTTTTT
pattern_5		4:113456271:G:A:A:wC	22	51	-	13.6071	1.01e-05	0.122	CCTGGTAAATATAATTTTTACTAGAGAAAT
pattern_0		5:64924881:T:C:A:wC	23	52	+	13.4167	1.01e-05	0.0297	CCAGCTAATTTTTTTTTGTATTTTGAGTAG
pattern_4		1:90234055:C:A:A:wC	30	59	+	13.5833	1.01e-05	0.0633	TTTATTTTTTATTTTTTCTATTTATTTTTT
pattern_0		4:185620401:G:A:A:wC	12	41	-	13.4048	1.02e-05	0.0297	CCGGCTAATTTTTTTTTGTATTTTTAGTAG
pattern_0		9:16744121:C:G:R:wC	103	132	+	13.4048	1.02e-05	0.0297	CCGGCTAATTTTTTTTTGTATTTTTAGTAG
pattern_2		10:105771405:G:A:R:wC	81	110	-	7.35366	1.02e-05	0.0137	ACCCAGGAGGCGGAGGCTGCAGTGAGCCGA
pattern_4		19:20013987:A:G:R:wC	16	45	-	13.5714	1.02e-05	0.0634	TACATAAATTAACGTTTTTATTTTACAAAG
pattern_2		9:36137053:A:G:A:wC	73	102	-	7.34146	1.02e-05	0.0137	CCCTGGCGGGCCGCGGCGCGCAGCCCCTCA
pattern_3		1:156184598:G:A:A:wC	154	183	-	13.3103	1.04e-05	0.135	AAAAAATAATAATAATAATAATAATAATAA
pattern_0		3:133480388:T:C:R:wC	51	80	-	13.369	1.04e-05	0.0303	TGGTTTTTATTTTTTTATTTTTTATTTTTT
pattern_5		5:64924881:T:C:A:wC	124	153	+	13.5595	1.04e-05	0.124	TTTAAATATTACATTTTTTGTTAATTCATA
pattern_3		7:29398110:G:A:R:wC	12	41	-	13.2989	1.05e-05	0.135	TGACTAATTTTCTTTTATTTTTAAATTAAA
pattern_0		6:158978631:G:T:A:wC	13	42	+	13.3571	1.05e-05	0.0304	ATTTATTTATTTATTTATTTATTTGAGACA
pattern_2		16:2990529:C:T:A:wC	38	67	+	7.2561	1.06e-05	0.0141	CTGTGTGTGGCCCAGGCTGGAGTACAGCGG
pattern_0		12:66385194:C:G:A:wC	44	73	+	13.3452	1.06e-05	0.0305	AATTTTAAAATTTTGTTATATATTTTGTTA
pattern_0		1:65277944:C:T:R:wC	29	58	-	13.3452	1.06e-05	0.0305	TGGCTAATTTTTTTATATTTTTAGTAGAGA
pattern_1		6:32941910:G:T:A:wC	151	180	+	13.4286	1.06e-05	0.321	AATTTGGGAGTTTTTTAAAATATGAAAAAG
pattern_2		8:125504255:T:G:A:wC	128	157	-	7.2439	1.06e-05	0.0142	ACCTGGGAGGCGGAGGTTGCAGTGAGCAGA
pattern_3		1:95709758:G:T:R:wC	61	90	-	13.2759	1.07e-05	0.135	TAATCATTAGCTGTACATTATTCAATTTGA
pattern_2		14:65724332:A:G:A:wC	95	124	+	7.20732	1.07e-05	0.0143	CTTCCGGACCCCAGGGCTTGCAGCTGCCCC
pattern_3		1:67424488:A:G:R:wC	64	93	+	13.2644	1.08e-05	0.135	AGAACAAAATTTATATGCTATGGTCTTTCA
pattern_4		3:24341272:A:T:A:wC	103	132	+	13.4881	1.08e-05	0.0665	TATTTATTTTTTTTTTTTTAGCAAACATAC
pattern_0		3:25171988:A:G:A:wC	75	104	+	13.2976	1.09e-05	0.0313	TGTTGTCATTTTTTTTTAATAAAATGGTGG
pattern_5		20:51570506:C:T:R:wC	5	34	+	13.4881	1.09e-05	0.127	AGTAGTAGAAAAATTTATTACTTTTTAAAT
pattern_2		9:139225523:C:G:R:wC	135	164	+	7.14634	1.1e-05	0.0146	CCTCATGGGCCACAGGTGGCTGGAGAAGCT
pattern_0		20:15637128:T:G:R:wC	87	116	+	13.2857	1.1e-05	0.0314	TCAAGCTAATATTTGTATATTGCTTTTCTA
pattern_1		2:242698423:C:T:A:wC	110	139	+	13.381	1.1e-05	0.321	GGTTTTCTAGTTATTTTAAAAATTATTGAT
pattern_3		2:43431862:G:A:R:wC	45	74	+	13.2299	1.11e-05	0.135	ATACGAAAATCTGTCTCTACAAAAATACAA
pattern_2		10:102634556:C:T:A:wC	89	118	+	7.12195	1.11e-05	0.0147	GTGCCGGTGGCTGACACGGACTAAGCTCCT
pattern_4		1:205059066:G:A:A:wC	2	31	+	13.4405	1.11e-05	0.0674	TTTATTTATTTTATTTATTTTTATTTTTTT
pattern_3		17:57510745:C:T:R:wC	8	37	-	13.2184	1.12e-05	0.135	TGAAAAAAAAATTTTTAAAAATTAAAAATA
pattern_3		5:107014713:A:G:R:wC	122	151	+	13.2184	1.12e-05	0.135	TGGCCAAAACTTTTTTTTTAATGAGAAATA
pattern_3		19:3185636:T:C:R:wC	151	180	+	13.2184	1.12e-05	0.135	TTTTTTAAAGCATTTTATTGCATTTTATGA
pattern_0		3:32537625:A:G:A:wC	162	191	-	13.2619	1.12e-05	0.0318	TCCACACTTTTTTTTTTTTTTTTTTTGAGA
pattern_5		6:99889467:A:T:A:wC	38	67	-	13.4524	1.12e-05	0.127	ACATTGAGTAATTTTTTTTTTTTTTGGAGA
pattern_4		9:131197305:T:C:A:wC	59	88	+	13.4286	1.12e-05	0.0674	TTTATTTATTTATTTATTTATTTATTTTTG
pattern_4		22:31991001:G:A:R:wC	71	100	+	13.4286	1.12e-05	0.0674	TTTATTTATTTATTTATTTATTTATTTTTG
pattern_5		1:26852707:T:C:R:wC	70	99	+	13.4405	1.13e-05	0.127	TATTTATTATGTATTTTATTATTTATTTTT
pattern_5		16:16923453:G:A:A:wC	111	140	+	13.4405	1.13e-05	0.127	TTATAGATTTTTTTTTTTTTTTTTTTTTTT
pattern_4		22:38498985:G:A:R:wC	163	192	-	13.4167	1.13e-05	0.0674	CTAATTTTTTTTTTTTTTTAATTTTGAGAT
pattern_1		1:205059066:G:A:A:wC	6	35	+	13.3452	1.13e-05	0.321	TTTATTTTATTTATTTTTATTTTTTTAGAC
pattern_0		1:3743995:G:A:A:wC	42	71	+	13.2262	1.14e-05	0.0323	TCTGGCTAAGTTTTTTTTTTAAGTTTTAGT
pattern_0		7:6786326:A:G:R:wC	53	82	+	13.2262	1.14e-05	0.0323	GTTCACTATTTTTTTTTTTTTTCTTTGAGA
pattern_0		15:85914683:G:A:A:wC	111	140	+	13.2262	1.14e-05	0.0323	CCGCTAATATTTTTGTATTTAGTAGAGACG
pattern_4		17:66184456:G:A:R:wC	49	78	+	13.3929	1.15e-05	0.0674	ATAATGATTTTTATTTACAATTTCATTATT
pattern_4		17:66184456:G:A:A:wC	49	78	+	13.3929	1.15e-05	0.0674	ATAATGATTTTTATTTACAATTTCATTATT
pattern_0		6:35432100:C:T:R:wC	8	37	+	13.2143	1.15e-05	0.0323	CTTCTTTTTTTTTTTTTTTTTTTTTTGAGA
pattern_0		6:35432100:C:T:A:wC	8	37	+	13.2143	1.15e-05	0.0323	CTTCTTTTTTTTTTTTTTTTTTTTTTGAGA
pattern_5		9:131564080:A:G:R:wC	28	57	-	13.4048	1.15e-05	0.127	AAAAACAAAAAAATCTTAAATATGTCAAAA
pattern_5		3:107045294:T:C:R:wC	60	89	+	13.4048	1.15e-05	0.127	ACTTAACTATGAATTTTTTGTTGTTGTTAA
pattern_3		8:538149:C:A:R:wC	9	38	+	13.1724	1.16e-05	0.135	GTTGAAAATTCTTTTCTTTAAGAATGTTGA
pattern_4		4:156432025:C:T:R:wC	6	35	+	13.381	1.16e-05	0.0674	TTGAAATGAATTAGATACTATTTTAAAATA
pattern_4		8:103073924:T:A:A:wC	64	93	+	13.381	1.16e-05	0.0674	CATTTGAATAATATTTTTAAATGTATTCAA
pattern_4		22:31991001:G:A:R:wC	58	87	-	13.381	1.16e-05	0.0674	ATAAATAAATAAATAAATTATTATTATTTC
pattern_0		18:5586542:A:G:A:wC	117	146	+	13.2024	1.16e-05	0.0323	TGACTATTTTTTTTTTTTTTTTTGTAGAGA
pattern_0		18:5586542:A:G:R:wC	117	146	+	13.2024	1.16e-05	0.0323	TGACTATTTTTTTTTTTTTTTTTGTAGAGA
pattern_2		3:127458862:C:G:R:wC	128	157	+	6.9878	1.16e-05	0.0154	CCTCAGCAGGTCCAGGCCGCACAGGAATGT
pattern_0		3:24341272:A:T:A:wC	100	129	+	13.1905	1.17e-05	0.0323	TTTTATTTATTTTTTTTTTTTTAGCAAACA
pattern_0		7:30545924:A:G:A:wC	116	145	+	13.1905	1.17e-05	0.0323	ACAATTTATTTATTTTATTTTTATTTTTTT
pattern_0		19:49402332:C:T:R:wC	158	187	-	13.1905	1.17e-05	0.0323	CTCTCTCTCTTTTTTTTTTTTTTTTTGAGA
pattern_0		19:8403727:T:C:A:wC	129	158	-	13.1786	1.18e-05	0.0325	CCTTTTTTTTTTTTTTTTTTTTTTTTTTGA
pattern_4		6:109062964:T:C:R:wC	171	200	+	13.3452	1.18e-05	0.0686	GTTTGTTTTTTAAATTTTTACTTCTAAAAT
pattern_0		17:73194987:G:A:R:wC	15	44	-	13.1667	1.18e-05	0.0326	GTAAAAAAAAATTTTAAAAATTAAAAAATT
pattern_1		12:131921121:A:G:R:wC	167	196	-	13.2857	1.19e-05	0.321	ACATTTTGCATTATTTTAAATGGGAAAAAT
pattern_3		1:159010232:T:G:A:wC	153	182	-	13.1379	1.19e-05	0.135	GAACATAAAACTTTTTGTTCAGTGTTTAAA
pattern_2		19:53975022:C:T:R:wC	65	94	+	6.91463	1.19e-05	0.0158	ACTTGGGAGGCGGAGCTTGCAGTGAGCCGA
pattern_0		5:107014713:A:G:R:wC	123	152	+	13.1548	1.19e-05	0.0328	GGCCAAAACTTTTTTTTTAATGAGAAATAT
pattern_1		10:102075479:G:A:R:wC	2	31	-	13.2738	1.2e-05	0.321	GACTGGTAATATATTTATTAAATTTTTACC
pattern_1		20:45095161:T:C:R:wC	52	81	+	13.2738	1.2e-05	0.321	ATTTATTTATTTATTTATTTTATTTTTTGA
pattern_3		20:51570506:C:T:R:wC	19	48	-	13.1264	1.2e-05	0.135	TTCAAATAAATTATATTTAAAAAGTAATAA
pattern_5		6:109759854:C:T:A:wC	6	35	+	13.3333	1.21e-05	0.128	GGAGAGGAATAATTTTTAGATTTGTAAACA
pattern_5		16:16923453:G:A:A:wC	110	139	+	13.3333	1.21e-05	0.128	TTTATAGATTTTTTTTTTTTTTTTTTTTTT
pattern_2		20:45095161:T:C:R:wC	129	158	-	6.87805	1.21e-05	0.016	ACCCAGGAGGCAGAGGTTGTAATGAGCTTA
pattern_3		1:87770251:T:C:A:wC	2	31	+	13.1149	1.21e-05	0.135	TTTTTGAAAAATATTTTTTAAAAGTTTCCA
pattern_3		16:3111193:T:C:A:wC	47	76	+	13.1034	1.22e-05	0.135	AAATAAAAATAAAAATAATAATAATAAGAA
pattern_2		9:137695820:G:A:R:wC	92	121	+	6.84146	1.22e-05	0.0162	CCCTGGGCGCCCCAGGTTCACTGGCCATAA
pattern_5		3:171989276:T:G:R:wC	34	63	-	13.3095	1.23e-05	0.128	TTTTCAAGATGTTTTTTATAAAAGTCCTAA
pattern_0		18:5586542:A:G:A:wC	114	143	+	13.1071	1.23e-05	0.0336	ACATGACTATTTTTTTTTTTTTTTTTGTAG
pattern_0		18:5586542:A:G:R:wC	114	143	+	13.1071	1.23e-05	0.0336	ACATGACTATTTTTTTTTTTTTTTTTGTAG
pattern_2		2:101867170:C:G:R:wC	69	98	-	6.82927	1.23e-05	0.0162	ACCTGGGAGGTGGAGGTTGCAGTGAGCCGA
pattern_2		9:138814436:A:G:R:wC	135	164	-	6.82927	1.23e-05	0.0162	ACCTGGGAGGTGGAGGTTGCAGTGAGCCGA
pattern_2		9:138814436:A:G:A:wC	135	164	-	6.82927	1.23e-05	0.0162	ACCTGGGAGGTGGAGGTTGCAGTGAGCCGA
pattern_3		6:96988696:A:T:R:wC	128	157	-	13.092	1.23e-05	0.135	AAAATAAAGTTTTCACAAAAGAAAACAGAA
pattern_3		11:8074982:A:G:A:wC	147	176	+	13.0805	1.24e-05	0.135	TTATTTATCTTTATTTATTAATTTATCTAT
pattern_5		3:133480388:T:C:R:wC	45	74	-	13.2857	1.24e-05	0.128	TTATTTTTTTATTTTTTATTTTTTTGAGAT
pattern_2		11:65431360:C:T:A:wC	57	86	+	6.79268	1.25e-05	0.0164	CGTGTGGAGGCTGGGGCTGACGCACCCCCA
pattern_0		16:81539375:C:T:A:wC	151	180	-	13.0833	1.25e-05	0.0339	GCTGATTTTTTGTTTTGTATTTAGTAGAGA
pattern_0		16:81539375:C:T:R:wC	151	180	-	13.0833	1.25e-05	0.0339	GCTGATTTTTTGTTTTGTATTTAGTAGAGA
pattern_2		19:18160358:A:C:R:wC	142	171	+	6.76829	1.26e-05	0.0165	CTCTGGGAGGTGGGGGTGTCACCATCCAGT
pattern_0		20:45095161:T:C:R:wC	52	81	+	13.0714	1.26e-05	0.0339	ATTTATTTATTTATTTATTTTATTTTTTGA
pattern_0		17:73194987:G:A:R:wC	35	64	-	13.0714	1.26e-05	0.0339	CAAAAAAAAAATTTTAAAAAGTAAAAAAAA
pattern_4		1:90203065:T:C:A:wC	29	58	-	13.25	1.26e-05	0.0725	TTTTAATCTTTTATAATATATTTTACTGTA
pattern_1		21:43513327:G:T:A:wC	71	100	+	13.2024	1.27e-05	0.323	GTTTATTTATTTATTTAATTAATTTTATTT
pattern_2		14:100050006:A:G:R:wC	37	66	+	6.7439	1.27e-05	0.0166	ATCAGCCTGGCCAATACGGTAAAACCACGT
pattern_2		14:100050006:A:G:A:wC	37	66	+	6.7439	1.27e-05	0.0166	ATCAGCCTGGCCAATACGGTAAAACCACGT
pattern_3		13:74711955:C:T:A:wC	15	44	+	13.046	1.28e-05	0.135	AAATCTTTTTTTATTTTTTATTTTATTTAT
pattern_3		21:37439152:A:T:R:wC	65	94	+	13.046	1.28e-05	0.135	ATCTTTAAATTTCTGTTTTATTTCTTAAAT
pattern_0		9:99095694:C:T:R:wC	117	146	-	13.0476	1.28e-05	0.0342	CACGGCTAATTTTTTTGTATTTTTTTAGTA
pattern_5		4:25408838:G:A:A:wC	11	40	-	13.2381	1.28e-05	0.128	ACGAAGAAAAATATCTTAAATTTAAACCCA
pattern_0		3:28296690:A:G:A:wC	134	163	+	13.0357	1.29e-05	0.0342	TGTTTCCTCTTTTTTTTTTTTTTTTTGAGA
pattern_0		1:19659789:C:T:A:wC	142	171	+	13.0357	1.29e-05	0.0342	CCCAGCTAGTTTTTGTATTTTTGGTAGAGA
pattern_0		9:99095694:C:T:R:wC	115	144	-	13.0357	1.29e-05	0.0342	CGGCTAATTTTTTTGTATTTTTTTAGTAGA
pattern_0		22:38498985:G:A:R:wC	164	193	-	13.0357	1.29e-05	0.0342	GCTAATTTTTTTTTTTTTTTAATTTTGAGA
pattern_3		7:4838821:C:G:R:wC	67	96	+	13.0345	1.29e-05	0.135	AACATAAAAGCTCTGTAACAAACATCACAA
pattern_3		6:96988696:A:T:R:wC	83	112	+	13.0345	1.29e-05	0.135	GTGTTAAGTTTTATATAATAAAATGGAAAT
pattern_2		8:143829499:T:G:R:wC	112	141	-	6.69512	1.29e-05	0.0168	CCCTGGCGGGCTGATGGAGTGGGCTCTGCT
pattern_5		17:57510745:C:T:R:wC	10	39	-	13.2262	1.29e-05	0.128	CTTGAAAAAAAAATTTTTAAAAATTAAAAA
pattern_3		19:20013987:A:G:R:wC	34	63	-	13.023	1.3e-05	0.135	TTTTTGAAATTCATCTTTTACATAAATTAA
pattern_2		2:114387185:C:T:A:wC	94	123	-	6.67073	1.3e-05	0.017	ACCCGGGAGGCGGAGCTTGCAGTAAGCCGA
pattern_0		19:8402132:G:A:R:wC	44	73	+	13.0119	1.31e-05	0.0346	CTGGCTAATTTTTTTTTTTTTTTTTTTTTT
pattern_2		12:70592523:G:A:A:wC	152	181	+	6.65854	1.31e-05	0.017	ACCTGGGAGGCGGAGACCGCAGTGAGCCCA
pattern_2		8:95676369:T:G:R:wC	150	179	-	6.64634	1.31e-05	0.0171	ACCTGGGAGGTGGAGGCTGCAGTGAGCTGA
pattern_0		22:23910746:G:A:A:wC	29	58	-	13	1.32e-05	0.0348	CAGCTCCATTTTTTTTTTTTTTTTTTGAGA
pattern_4		13:21641905:G:A:A:wC	1	30	+	13.1786	1.32e-05	0.0755	AGTTTTATTATTTTTATTTATTTATTTTTT
pattern_3		17:73194987:G:A:R:wC	25	54	+	13	1.32e-05	0.135	TTTTTAAAATTTTTTTTTACTTTTTAAAAT
pattern_0		1:87770251:T:C:A:wC	4	33	+	12.9881	1.32e-05	0.0348	TTTGAAAAATATTTTTTAAAAGTTTCCATA
pattern_0		21:43513327:G:T:A:wC	67	96	+	12.9881	1.32e-05	0.0348	TCTGGTTTATTTATTTATTTAATTAATTTT
pattern_1		17:57510745:C:T:R:wC	10	39	-	13.1429	1.33e-05	0.323	CTTGAAAAAAAAATTTTTAAAAATTAAAAA
pattern_4		11:69457293:C:T:A:wC	133	162	-	13.1667	1.33e-05	0.0756	TTTTCAAAAAATATTTAAAAATATTAAAAA
pattern_3		15:38838432:A:T:R:wC	72	101	+	12.9885	1.33e-05	0.135	AATTATAACTTTATTTATTTATTTATTTAT
pattern_2		11:344001:G:A:A:wC	148	177	+	6.59756	1.34e-05	0.0173	ACCCGGGAGGCAGGGCTTGCAGTGAGCCAA
pattern_2		11:344001:G:A:R:wC	148	177	+	6.59756	1.34e-05	0.0173	ACCCGGGAGGCAGGGCTTGCAGTGAGCCAA
pattern_0		12:66385194:C:G:A:wC	34	63	+	12.9643	1.34e-05	0.0352	TTATTTAAATAATTTTAAAATTTTGTTATA
pattern_3		12:33821532:G:C:A:wC	6	35	+	12.977	1.35e-05	0.135	AAAGTTTAATATTTATACTGTGATATACAC
pattern_2		17:56356502:A:G:A:wC	25	54	+	6.57317	1.35e-05	0.0174	ACGAAGGAGGCCCGGGCGGCCGGCTCAGGG
pattern_2		1:182558137:T:C:A:wC	125	154	+	6.56098	1.35e-05	0.0175	TCCGGGCAGCCAAGGGCTGGGAGCTCCCCT
pattern_0		19:53975022:C:T:R:wC	136	165	-	12.9524	1.35e-05	0.0354	CTAGCACTTTTTTTTTTTTTTTTTGAGACA
pattern_3		4:70516431:C:T:R:wC	24	53	+	12.9655	1.36e-05	0.135	TATAAGAAAACTATATATTTAAATAGATAC
pattern_3		22:38498985:G:A:R:wC	166	195	-	12.9655	1.36e-05	0.135	TGGCTAATTTTTTTTTTTTTTTAATTTTGA
pattern_4		6:122796370:T:C:R:wC	137	166	-	13.131	1.36e-05	0.0769	TTCTGAAAATAAAATTATTATTTTTAGTAT
pattern_5		4:156645933:G:A:A:wC	75	104	-	13.1429	1.36e-05	0.128	TGGGTGAAAGATTTTTTTTAAAAAATAGTT
pattern_5		4:101131793:T:C:R:wC	134	163	-	13.1429	1.36e-05	0.128	TTATTTAAATAAAATGTATCCTATCAATCA
pattern_3		4:70516431:C:T:R:wC	87	116	+	12.954	1.37e-05	0.135	GGAGTAAAAGTGACGTTTAAAAATATACTA
pattern_0		13:74711955:C:T:A:wC	9	38	+	12.9286	1.37e-05	0.0358	TTAGAAAAATCTTTTTTTATTTTTTATTTT
pattern_2		14:101178067:G:C:R:wC	67	96	+	6.5122	1.38e-05	0.0177	CCCAGGCCGGCTGGGGCCCCAGGGAGAAGT
pattern_2		4:1257311:T:C:A:wC	131	160	-	6.5122	1.38e-05	0.0177	ATCTGGGAGGCGGAGGTTGTAGTGAGCTGA
pattern_1		4:1381798:A:G:R:wC	162	191	-	13.0952	1.38e-05	0.323	CTGTTGAAATAAATTTAAAAAGACCCAAAT
pattern_4		15:84657643:T:A:R:wC	80	109	+	13.1071	1.38e-05	0.0776	ATTTATTTATTTATTTATTTTTTTTTTTTG
pattern_3		14:93016815:A:G:R:wC	33	62	+	12.9425	1.38e-05	0.135	TTAGTTTTATTTATTTATTCATTCATTTTG
pattern_3		1:90203065:T:C:A:wC	41	70	-	12.9425	1.38e-05	0.135	CAAATGTATGCTTTTTAATCTTTTATAATA
pattern_3		16:3111193:T:C:A:wC	41	70	-	12.9425	1.38e-05	0.135	TTATTATTATTTTTATTTTTATTTTTGAGA
pattern_5		12:66385194:C:G:A:wC	119	148	-	13.119	1.38e-05	0.128	TTCAAAAAAGTTATTTCTTCTATTTAAAAT
pattern_5		3:85126526:C:T:R:wC	64	93	+	13.1071	1.4e-05	0.128	CAATGCTTTTATTTTTTTTCTTATTGTCAT
pattern_4		7:37979141:T:C:A:wC	29	58	+	13.0833	1.4e-05	0.0784	GCCTTATAATAAATTTAATATTTGTTCTTG
pattern_5		10:88373843:A:G:A:wC	16	45	+	13.0952	1.41e-05	0.128	TGACTCAGAAGTTTTGTATACTTGTGATGA
pattern_2		2:70164840:G:A:R:wC	74	103	-	6.45122	1.41e-05	0.018	ACCCGGGAGGCGGAGGTTGCAGTGAGCCAA
pattern_2		3:141813172:G:A:A:wC	142	171	-	6.45122	1.41e-05	0.018	ACCCGGGAGGCGGAGGTTGCAGTGAGCCAA
pattern_2		4:3451594:C:G:A:wC	126	155	-	6.43902	1.41e-05	0.0181	GCAGCCCAGGCTCAGGCAGGCGGGCTGCCA
pattern_0		17:42650550:C:T:A:wC	12	41	+	12.881	1.42e-05	0.0368	GCAAAAAACATTTTTTTTTTGTATTTGTTT
pattern_1		17:66184456:G:A:R:wC	49	78	+	13.0595	1.42e-05	0.323	ATAATGATTTTTATTTACAATTTCATTATT
pattern_1		17:66184456:G:A:A:wC	49	78	+	13.0595	1.42e-05	0.323	ATAATGATTTTTATTTACAATTTCATTATT
pattern_4		1:118688547:A:G:A:wC	63	92	+	13.0595	1.42e-05	0.0791	TAAGCTTTTCATTTTTTTTATTTTTCATTT
pattern_0		4:122278614:C:G:A:wC	50	79	-	12.869	1.43e-05	0.0369	GGCTTTAAATTTTTTTTTATTTTACCTTAT
pattern_0		11:213723:T:G:A:wC	153	182	-	12.869	1.43e-05	0.0369	CCAGCTAACTTTTTTTTTGTATTTTAGCAG
pattern_5		9:89733000:A:G:A:wC	5	34	+	13.0714	1.43e-05	0.128	TTATTTTATTTTATTTTATTTTATTTTATT
pattern_5		9:89733000:A:G:A:wC	10	39	+	13.0714	1.43e-05	0.128	TTATTTTATTTTATTTTATTTTATTTTATT
pattern_5		9:89733000:A:G:A:wC	15	44	+	13.0714	1.43e-05	0.128	TTATTTTATTTTATTTTATTTTATTTTATT
pattern_5		9:89733000:A:G:A:wC	20	49	+	13.0714	1.43e-05	0.128	TTATTTTATTTTATTTTATTTTATTTTATT
pattern_5		17:73194987:G:A:R:wC	18	47	-	13.0714	1.43e-05	0.128	AAAGTAAAAAAAAATTTTAAAAATTAAAAA
pattern_5		8:22373383:T:C:A:wC	145	174	+	13.0714	1.43e-05	0.128	TTATTTTATTTTATTTTATTTTATTTTATT
pattern_5		8:22373383:T:C:A:wC	150	179	+	13.0714	1.43e-05	0.128	TTATTTTATTTTATTTTATTTTATTTTATT
pattern_5		8:22373383:T:C:A:wC	155	184	+	13.0714	1.43e-05	0.128	TTATTTTATTTTATTTTATTTTATTTTATT
pattern_3		17:66184456:G:A:R:wC	68	97	+	12.8966	1.43e-05	0.135	ATTTCATTATTTATATTTTCATTATGTTTA
pattern_3		17:66184456:G:A:A:wC	68	97	+	12.8966	1.43e-05	0.135	ATTTCATTATTTATATTTTCATTATGTTTA
pattern_0		21:43513327:G:T:A:wC	88	117	+	12.8571	1.44e-05	0.0369	ATTAATTTTATTTTTTGTTTTTTATAGAGA
pattern_0		5:178075667:T:C:R:wC	105	134	-	12.8571	1.44e-05	0.0369	GACTTTCTAATTTTTTTTTTAAAGTAGAGA
pattern_5		6:122796370:T:C:R:wC	131	160	-	13.0595	1.44e-05	0.128	AAATAAAATTATTATTTTTAGTATTCTCTC
pattern_1		20:14319063:A:G:A:wC	116	145	-	13.0357	1.44e-05	0.323	CCATTTAATACCATTTAAAAAAATCTTTTG
pattern_1		20:14319063:A:G:R:wC	116	145	-	13.0357	1.44e-05	0.323	CCATTTAATACCATTTAAAAAAATCTTTTG
pattern_3		18:58192696:A:G:A:wC	107	136	-	12.8851	1.44e-05	0.135	AAACCAAAAACTATTTTTCAATATCTTTTT
pattern_0		20:12973521:A:T:A:wC	85	114	+	12.8452	1.45e-05	0.0371	TTGCAAAGATTTTTTTAAAACTAAAAGTCA
pattern_3		22:31991001:G:A:R:wC	66	95	+	12.8736	1.46e-05	0.135	AATAATTTATTTATTTATTTATTTATTTAT
pattern_3		16:420723:T:G:R:wC	170	199	-	12.8736	1.46e-05	0.135	GAATTTAATATTCTACATTGATTTTTCAAA
pattern_3		19:20013987:A:G:R:wC	11	40	-	12.8621	1.47e-05	0.135	AAATTAACGTTTTTATTTTACAAAGTCTAA
pattern_3		20:45095161:T:C:R:wC	44	73	+	12.8621	1.47e-05	0.135	AAATGTTTATTTATTTATTTATTTATTTTA
pattern_3		17:73194987:G:A:R:wC	45	74	+	12.8621	1.47e-05	0.135	TTTTTAAAATTTTTTTTTTGAGACAGTCTC
pattern_2		12:56273995:G:A:A:wC	58	87	+	6.31707	1.47e-05	0.0189	ATTCAGTTGGCTAAGGCACGAGACTCGCTT
pattern_4		22:31991001:G:A:R:wC	67	96	+	13	1.48e-05	0.0812	ATAATTTATTTATTTATTTATTTATTTATT
pattern_4		3:24341272:A:T:A:wC	92	121	+	13	1.48e-05	0.0812	ATTTATTTTTTTATTTATTTTTTTTTTTTT
pattern_0		9:97503617:C:T:R:wC	24	53	+	12.8095	1.48e-05	0.0377	TATTTTTTATTTTTTTATTTTTTTATTTTT
pattern_2		5:176980904:G:A:R:wC	23	52	+	6.30488	1.48e-05	0.0189	TTCCCGGGGGCAGAGGGAAGAGGCTGCAGT
pattern_1		3:14899394:A:G:A:wC	66	95	+	13	1.48e-05	0.324	CTTTGTTGCATTATTTCAATGAATCCTCTA
pattern_3		18:58192696:A:G:A:wC	52	81	+	12.8391	1.5e-05	0.135	AAACCTCAATTTTTTTTTAATTAGGCTTGA
pattern_5		7:30545924:A:G:A:wC	121	150	+	12.9881	1.5e-05	0.132	TTATTTATTTTATTTTTATTTTTTTGAGAC
pattern_3		7:29398110:G:A:R:wC	3	32	+	12.8276	1.51e-05	0.135	AAAAAAAATTTTAATTTAAAAATAAAAGAA
pattern_2		5:140030243:A:T:A:wC	86	115	-	6.2439	1.51e-05	0.0193	ACCTGGGAGGCGGAGATTGCAGTGAGCCGA
pattern_2		19:51012816:G:A:R:wC	94	123	-	6.2439	1.51e-05	0.0193	ATAGCGGAGGCCGAGCCTGCCTCCGCATCT
pattern_0		1:1651631:T:G:A:wC	161	190	+	12.7738	1.51e-05	0.0377	CCCGGCTAATTTTTTTTGTATTTTTTAGTA
pattern_5		13:74711955:C:T:A:wC	22	51	+	12.9762	1.52e-05	0.132	TTTTTATTTTTTATTTTATTTATTTATTTA
pattern_2		16:487224:G:C:A:wC	75	104	+	6.23171	1.52e-05	0.0193	ACCTGGGAGGCGGGGGTTGCAGTGACGCAA
pattern_2		20:60595036:C:T:R:wC	88	117	-	6.23171	1.52e-05	0.0193	CCTCAGGAGGCCAGGGCGGAGTCCACAGCC
pattern_0		22:38309938:G:A:A:wC	38	67	+	12.7619	1.52e-05	0.0377	CCCAACTCTTTTTTTTTTTTTTTTGATACA
pattern_0		16:81539375:C:T:A:wC	154	183	-	12.7619	1.52e-05	0.0377	CCGGCTGATTTTTTGTTTTGTATTTAGTAG
pattern_0		16:81539375:C:T:R:wC	154	183	-	12.7619	1.52e-05	0.0377	CCGGCTGATTTTTTGTTTTGTATTTAGTAG
pattern_2		1:7739250:T:C:R:wC	17	46	+	6.21951	1.53e-05	0.0193	CGGAGCCAGGCAGAGCTGTGATGACCACCC
pattern_0		1:160973006:C:T:A:wC	1	30	+	12.75	1.54e-05	0.0377	TTTTGTATTTTTTTTTTTTTTTTTGAGACA
pattern_0		5:441695:T:C:A:wC	24	53	+	12.75	1.54e-05	0.0377	TTTTTTTTTTTTTTTTTTTTTTTTTTGAGA
pattern_0		7:4807826:T:C:R:wC	30	59	+	12.75	1.54e-05	0.0377	TTTTTTTTTTTTTTTTTTTTTTTTTTGAGA
pattern_0		12:129389210:T:C:A:wC	61	90	+	12.75	1.54e-05	0.0377	TTTTTTTTTTTTTTTTTTTTTTTTTTGAGA
pattern_0		4:4404145:T:C:A:wC	62	91	+	12.75	1.54e-05	0.0377	TTTTTTTTTTTTTTTTTTTTTTTTTTGAGA
pattern_0		3:126653373:T:C:A:wC	111	140	+	12.75	1.54e-05	0.0377	TTTTTTTTTTTTTTTTTTTTTTTTTTGAGA
pattern_0		6:126148318:G:A:A:wC	113	142	-	12.75	1.54e-05	0.0377	TTTTTTTTTTTTTTTTTTTTTTTTTTGAGA
pattern_0		19:8403727:T:C:A:wC	127	156	-	12.75	1.54e-05	0.0377	TTTTTTTTTTTTTTTTTTTTTTTTTTGAGA
pattern_0		20:57542074:A:G:R:wC	168	197	+	12.75	1.54e-05	0.0377	TTTTTTTTTTTTTTTTTTTTTTTTTTGAGA
pattern_0		13:21341377:G:A:R:wC	164	193	-	12.75	1.54e-05	0.0377	TTTTTTTTTTTTTTTTTTTTTTTTTTGAGA
pattern_0		19:53233572:G:A:R:wC	169	198	-	12.75	1.54e-05	0.0377	TTTTTTTTTTTTTTTTTTTTTTTTTTGAGA
pattern_3		10:125243654:A:G:A:wC	138	167	+	12.8046	1.54e-05	0.135	TCTGTTAAATTATTATTTTGTTTTTAATAA
pattern_4		2:43989267:G:A:A:wC	153	182	+	12.9405	1.54e-05	0.0839	TTAATAAATTTTTGTTGTTATTATTGTTGT
pattern_2		12:3053028:G:C:R:wC	98	127	-	6.19512	1.54e-05	0.0194	ACTCGGGAAGCTGAAGCAGGAGAGTGGCGT
pattern_1		1:87770251:T:C:A:wC	2	31	+	12.9524	1.54e-05	0.324	TTTTTGAAAAATATTTTTTAAAAGTTTCCA
pattern_2		22:51219704:G:A:A:wC	57	86	+	6.18293	1.54e-05	0.0194	ACTCGCAAGGCTGTGGCAGGAGAATGGCGT
pattern_2		22:51219704:G:A:R:wC	57	86	+	6.18293	1.54e-05	0.0194	ACTCGCAAGGCTGTGGCAGGAGAATGGCGT
pattern_2		6:158496605:G:A:A:wC	89	118	+	6.18293	1.54e-05	0.0194	ACCTGGGAGGCAGAAGTTGCAGTGAGCCGA
pattern_2		1:706778:G:A:R:wC	128	157	-	6.18293	1.54e-05	0.0194	ACCTGGGAGGCGCAGGTTGTAGTGTGGTGA
pattern_0		9:131558430:G:C:A:wC	12	41	+	12.7381	1.55e-05	0.0379	TAAAATAAAATGTTGTAATTGTTGTTGTTA
pattern_4		12:20582640:A:T:A:wC	157	186	+	12.9286	1.55e-05	0.084	TGTTGATGTTTTATTTTTTACCTTCATCAT
pattern_5		15:40693443:G:A:R:wC	25	54	+	12.9405	1.55e-05	0.132	TATTTCCTTTTTTTTTTTTTTTTTTTTTTT
pattern_5		1:67213426:G:A:R:wC	37	66	+	12.9405	1.55e-05	0.132	AGTTGCACGAATATTTTTTCTCAAAATAAC
pattern_5		7:29398110:G:A:R:wC	15	44	-	12.9405	1.55e-05	0.132	AATTGACTAATTTTCTTTTATTTTTAAATT
pattern_1		16:3111193:T:C:A:wC	45	74	-	12.9405	1.55e-05	0.324	CTTATTATTATTATTTTTATTTTTATTTTT
pattern_0		14:100363254:A:C:R:wC	37	66	-	12.7262	1.56e-05	0.0381	AATTATTAATTTTTTTACTGTAATCTACGA
pattern_2		22:37594920:A:C:A:wC	80	109	-	6.15854	1.56e-05	0.0196	CCTGGGCGGGTCAACGTGGGGGAGTCGGTA
pattern_5		13:81618093:T:G:A:wC	5	34	+	12.9286	1.56e-05	0.132	TTTTCTGATAGAATTGTATATTAGTCCATT
pattern_3		8:113945521:C:T:R:wC	23	52	-	12.7816	1.56e-05	0.135	TAATAGAGATATTTTTATCATTATACACCA
pattern_3		5:96506796:T:C:R:wC	171	200	-	12.7816	1.56e-05	0.135	ATTTTTTTATTTTTATTTTATTTTATTTTT
pattern_3		3:188066896:T:C:R:wC	171	200	-	12.7701	1.58e-05	0.135	CTTTTTAAATTTTTTTAAAAAAATTCTTCC
pattern_0		12:6047720:C:T:R:wC	49	78	+	12.7024	1.58e-05	0.0385	CCAGTCTATTTTATTTACTTATTAAGATAA
pattern_5		4:119376994:C:G:A:wC	100	129	+	12.9048	1.58e-05	0.132	GTTATTATGAACATTTTATATAAGTGGAAT
pattern_2		1:153656405:C:G:R:wC	16	45	+	6.10976	1.58e-05	0.0199	TTGAGTGAGGCTGGGGGACCCGGAGAACCA
pattern_3		4:155693001:A:G:R:wC	9	38	+	12.7586	1.59e-05	0.135	TTATTTTTATTTATTTATTTATTTATTTTT
pattern_3		1:26852707:T:C:R:wC	59	88	+	12.7586	1.59e-05	0.135	GGCAAATACTTTATTTATTATGTATTTTAT
pattern_3		15:84657643:T:A:R:wC	72	101	+	12.7586	1.59e-05	0.135	TTATTTTTATTTATTTATTTATTTATTTTT
pattern_0		1:87029337:C:T:A:wC	9	38	+	12.6905	1.59e-05	0.0385	TCTAAATATATTTTATAATTGAAAGAGAAG
pattern_0		1:245157800:C:T:R:wC	23	52	+	12.6905	1.59e-05	0.0385	TTAAACTTCTTTTTTTATTTTTTTTCTTAG
pattern_0		2:170401673:T:C:R:wC	153	182	-	12.6905	1.59e-05	0.0385	TTTATTTACTTATTTTAAATTTAAATAAAG
pattern_1		19:58798300:C:T:R:wC	131	160	+	12.9048	1.6e-05	0.324	TTCTGTGGCATCATTTCTAATATGTGAACC
pattern_2		1:203457039:T:A:A:wC	100	129	+	6.08537	1.6e-05	0.02	ACCTCGGAGACAGACGCATCGGTGCCACCT
pattern_0		3:156532666:C:T:R:wC	47	76	-	12.6786	1.6e-05	0.0386	CGCGCTAATTTTTTATTTTTTGTAGAGATA
pattern_0		22:45603296:T:C:R:wC	161	190	+	12.6786	1.6e-05	0.0386	CCACACGTAATTTTTTTTTTTTTTTTTTAA
pattern_0		7:30545924:A:G:A:wC	120	149	+	12.6667	1.62e-05	0.0388	TTTATTTATTTTATTTTTATTTTTTTGAGA
pattern_4		4:101131793:T:C:R:wC	135	164	+	12.8571	1.62e-05	0.0874	GATTGATAGGATACATTTTATTTAAATAAA
pattern_5		2:114387185:C:T:A:wC	20	49	+	12.869	1.62e-05	0.132	GGTTTAGAATTTTTTTTTTTTTTTTGAGAC
pattern_5		2:114387185:C:T:R:wC	20	49	+	12.869	1.62e-05	0.132	GGTTTAGAATTTTTTTTTTTTTTTTGAGAC
pattern_1		20:16541716:C:T:A:wC	5	34	-	12.881	1.63e-05	0.324	TCTATTATATTTTTTTAAAAAAAGATGATT
pattern_0		17:73837209:C:T:A:wC	105	134	+	12.6548	1.63e-05	0.039	CCCTTTTTTTTTTTTTTTTTTTTTTTTTGA
pattern_0		4:1257311:T:C:A:wC	59	88	+	12.6429	1.64e-05	0.039	ACCTATTTATTTATTTATTTTTTTTAGGCA
pattern_0		9:136034364:G:A:A:wC	72	101	+	12.6429	1.64e-05	0.039	AGTAGCTACTTTTTTTTTTCTTTTTTTAAA
pattern_5		2:114387185:C:T:R:wC	22	51	+	12.8452	1.64e-05	0.132	TTTAGAATTTTTTTTTTTTTTTTGAGACGG
pattern_5		2:114387185:C:T:A:wC	22	51	+	12.8452	1.64e-05	0.132	TTTAGAATTTTTTTTTTTTTTTTGAGACGG
pattern_5		2:44008228:A:G:R:wC	59	88	-	12.8452	1.64e-05	0.132	ACTTTTATTATTATTTCATATAAATGTATA
pattern_0		1:205059066:G:A:A:wC	2	31	+	12.631	1.65e-05	0.0392	TTTATTTATTTTATTTATTTTTATTTTTTT
pattern_1		3:24241447:T:A:A:wC	20	49	+	12.8571	1.66e-05	0.324	CATCTTACAATTATTTAACCACATAGGAAC
pattern_4		1:156184598:G:A:A:wC	146	175	+	12.8214	1.66e-05	0.0889	GAACCAGATTATTATTATTATTATTATTAT
pattern_2		1:41957058:G:A:A:wC	146	175	+	5.97561	1.66e-05	0.0208	CTCTGCCTGGCTCAGGAAGGCACTGCCCAC
pattern_3		17:26250721:A:G:R:wC	1	30	+	12.7011	1.66e-05	0.135	ATTTATTTATTTATTTATTTATTTATTTAT
pattern_3		17:26250721:A:G:A:wC	1	30	+	12.7011	1.66e-05	0.135	ATTTATTTATTTATTTATTTATTTATTTAT
pattern_3		6:38669792:C:T:A:wC	5	34	+	12.7011	1.66e-05	0.135	TGCCTGAATTTTTTTTTTTTTTTTTTTTTA
pattern_3		9:131197305:T:C:A:wC	54	83	+	12.7011	1.66e-05	0.135	TTTTATTTATTTATTTATTTATTTATTTAT
pattern_3		5:64924881:T:C:A:wC	127	156	+	12.7011	1.66e-05	0.135	AAATATTACATTTTTTGTTAATTCATATGA
pattern_0		2:114387185:C:T:A:wC	19	48	+	12.619	1.66e-05	0.0393	TGGTTTAGAATTTTTTTTTTTTTTTTGAGA
pattern_0		2:114387185:C:T:R:wC	19	48	+	12.619	1.66e-05	0.0393	TGGTTTAGAATTTTTTTTTTTTTTTTGAGA
pattern_2		15:55790530:C:T:R:wC	25	54	+	5.95122	1.67e-05	0.0209	CTTTGAGGGGCAGAGACAGAAAGACCGCAG
pattern_2		1:114885121:C:G:R:wC	155	184	-	5.95122	1.67e-05	0.0209	CTGTGGCTGCCAGGGGGAGGGGAAGGAAGT
pattern_0		17:8203122:T:C:A:wC	136	165	-	12.6071	1.68e-05	0.0395	GCCTCAATTTTTTTTTTTTTTTTTGAGACA
pattern_2		16:89744494:G:A:A:wC	163	192	+	5.92683	1.69e-05	0.021	ATCTGGGAGGCGGAGCTTGCAGTGAGCCGA
pattern_2		16:89744494:G:A:R:wC	163	192	+	5.92683	1.69e-05	0.021	ATCTGGGAGGCGGAGCTTGCAGTGAGCCGA
pattern_4		18:14133319:T:C:R:wC	28	57	+	12.7857	1.7e-05	0.0899	CCATTATACCCAAAATATTATTTTTCATGT
pattern_4		1:148239834:G:T:A:wC	61	90	-	12.7857	1.7e-05	0.0899	ACCCTAAAATACATTTTTTATCATATTTTG
pattern_2		3:127397553:G:C:R:wC	119	148	+	5.91463	1.7e-05	0.021	CTCTAGGAGGAAGAGGAAGGCAGGGCAAGC
pattern_0		1:116452800:C:T:A:wC	61	90	-	12.5833	1.7e-05	0.0398	CCGACTAATTTTTTTTTTTTTTTTGAACCA
pattern_0		1:116452800:C:T:R:wC	61	90	-	12.5833	1.7e-05	0.0398	CCGACTAATTTTTTTTTTTTTTTTGAACCA
pattern_0		1:45969036:G:C:R:wC	162	191	+	12.5833	1.7e-05	0.0398	CTCTGCTTTTTTTTTTTTTTTTTTTTTTGA
pattern_0		8:113945521:C:T:R:wC	130	159	+	12.5714	1.71e-05	0.04	ATAGTTCAAATTTTTTACCAGTTTGTAATA
pattern_5		18:51889056:A:G:A:wC	133	162	+	12.7738	1.72e-05	0.134	GCTTTACATTAATTTTTTTCTTCAAGGATT
pattern_2		2:61378186:C:A:A:wC	166	195	+	5.86585	1.73e-05	0.0214	ACCAGCCTGGCCAAGATGGTGAAACCCCGT
pattern_0		19:19812865:T:C:A:wC	91	120	+	12.5595	1.73e-05	0.0401	CCTGGCTAACGTTTCTATTTTTAGTAGAGA
pattern_0		7:6079662:T:C:A:wC	143	172	+	12.5595	1.73e-05	0.0401	TTTAGTTTTATTTTTTTATTTTTTTTGAAA
pattern_5		19:21560141:G:A:A:wC	68	97	+	12.7619	1.73e-05	0.134	AAAAAAAAAAAAATTGTATTATACTGCCTT
pattern_5		9:77566146:A:G:R:wC	137	166	+	12.7619	1.73e-05	0.134	CAAATTAATTTTCTTTTTTCTTTCTTTTCT
pattern_5		6:135035372:C:T:A:wC	156	185	+	12.7619	1.73e-05	0.134	TCATACCTTAATCTTTATTATTTATATTTC
pattern_4		22:31991001:G:A:R:wC	75	104	+	12.75	1.73e-05	0.0914	TTTATTTATTTATTTATTTATTTTTGAGTT
pattern_3		3:107045294:T:C:R:wC	63	92	+	12.6437	1.74e-05	0.139	TAACTATGAATTTTTTGTTGTTGTTAATAA
pattern_0		6:35432100:C:T:A:wC	10	39	+	12.5476	1.74e-05	0.0401	TCTTTTTTTTTTTTTTTTTTTTTTGAGACA
pattern_0		6:35432100:C:T:R:wC	10	39	+	12.5476	1.74e-05	0.0401	TCTTTTTTTTTTTTTTTTTTTTTTGAGACA
pattern_0		2:145775791:C:T:A:wC	116	145	-	12.5476	1.74e-05	0.0401	TCTTTTTTTTTTTTTTTTTTTTTTGAGACA
pattern_2		9:139225523:C:G:R:wC	10	39	+	5.84146	1.74e-05	0.0215	AGGAGAGAGCCCAGGGCCTGAAGACCCCCA
pattern_0		4:15730146:G:T:A:wC	21	50	+	12.5357	1.75e-05	0.0401	TTTTTCTTTTTTTTTTTTTTTTTTTGGAGA
pattern_0		17:41467997:C:T:A:wC	147	176	-	12.5357	1.75e-05	0.0401	ACACCCAGCTAATTTTATTTTTAGTAGAGA
pattern_3		15:84657643:T:A:R:wC	68	97	+	12.6322	1.75e-05	0.139	TTTTTTATTTTTATTTATTTATTTATTTAT
pattern_0		7:135667353:C:G:A:wC	63	92	+	12.5238	1.76e-05	0.0402	TCAGCTTAATTTTTTTTTTCTTTTAGCATT
pattern_0		8:145654298:G:A:A:wC	134	163	+	12.5238	1.76e-05	0.0402	CCGGCTAATTTTTGGTATTTTTAGTAGAGA
pattern_2		5:745669:C:T:R:wC	82	111	-	5.79268	1.77e-05	0.0218	CCTTGGCAGGCGGGGGGGCCTGAGTCAGCA
pattern_5		2:207998800:C:T:A:wC	171	200	+	12.7262	1.77e-05	0.134	TACTGGGATTTTTTTTTTTTTTTTTTTTTA
pattern_4		2:113312117:A:G:A:wC	148	177	+	12.7143	1.77e-05	0.0921	CTCTTATTAATTTAATGTTATTAAATTAAC
pattern_0		4:156645933:G:A:A:wC	72	101	-	12.5119	1.78e-05	0.0402	GTGAAAGATTTTTTTTAAAAAATAGTTAGA
pattern_0		11:93959939:C:T:R:wC	127	156	+	12.5119	1.78e-05	0.0402	TCTAATGGAATTTTTTATTTATTTATTTAT
pattern_0		2:145775791:C:T:A:wC	118	147	-	12.5119	1.78e-05	0.0402	GTTCTTTTTTTTTTTTTTTTTTTTTTGAGA
pattern_1		8:61175613:T:C:R:wC	38	67	+	12.7619	1.78e-05	0.342	GTTATATTTATAATTTCTAAAAGGTGAGGG
pattern_3		19:21560141:G:A:A:wC	60	89	-	12.6092	1.78e-05	0.141	ATAATACAATTTTTTTTTTTTTTAGATGGA
pattern_5		16:89744494:G:A:R:wC	113	142	+	12.7143	1.78e-05	0.134	AATTTAAAAAAAATATTTTTATAGTAGGCT
pattern_5		16:89744494:G:A:A:wC	113	142	+	12.7143	1.78e-05	0.134	AATTTAAAAAAAATATTTTTATAGTAGGCT
pattern_4		6:3470613:T:C:A:wC	51	80	-	12.7024	1.79e-05	0.0921	ATCTAATTTTATACATAACATTCTTATCTG
pattern_4		6:3470609:A:G:A:wC	55	84	-	12.7024	1.79e-05	0.0921	ATCTAATTTTATACATAACATTCTTATCTG
pattern_4		7:79909438:A:G:R:wC	150	179	+	12.7024	1.79e-05	0.0921	CCTGCCTAATATATTTGTTATTCCAATGAT
pattern_0		16:72038001:G:A:A:wC	95	124	+	12.5	1.79e-05	0.0404	GCCCGACTAATTTTTTGTATTTTTAGTAGA
pattern_3		18:58192696:A:G:A:wC	34	63	-	12.5977	1.8e-05	0.141	AAATTGAGGTTTGCATTTTAAAATGCAGAA
pattern_0		4:185620401:G:A:A:wC	13	42	-	12.4881	1.8e-05	0.0404	CCCGGCTAATTTTTTTTTGTATTTTTAGTA
pattern_0		9:16744121:C:G:R:wC	102	131	+	12.4881	1.8e-05	0.0404	CCCGGCTAATTTTTTTTTGTATTTTTAGTA
pattern_0		20:57542074:A:G:R:wC	158	187	+	12.4881	1.8e-05	0.0404	CCCGGCTTTTTTTTTTTTTTTTTTTTTTTT
pattern_2		5:175535324:T:G:R:wC	152	181	+	5.73171	1.81e-05	0.0223	GTCGAAGAGGTTGGCGTAGCTAGAGGACCA
pattern_5		17:42650550:C:T:A:wC	9	38	+	12.6905	1.81e-05	0.134	TAGGCAAAAAACATTTTTTTTTTGTATTTG
pattern_5		1:148239834:G:T:A:wC	80	109	-	12.6905	1.81e-05	0.134	AAAGAAATAAAAATATTTTACCCTAAAATA
pattern_5		21:34147896:G:A:R:wC	123	152	+	12.6905	1.81e-05	0.134	TCTTGACTTTTTTTTTTTTTTTTTTGAGAC
pattern_4		6:96988696:A:T:R:wC	81	110	-	12.6786	1.81e-05	0.0925	TTCCATTTTATTATATAAAACTTAACACAT
pattern_4		4:25408838:G:A:A:wC	88	117	-	12.6786	1.81e-05	0.0925	TAAAGTATTTTCCTTTTTGATTATAAAGGT
pattern_3		8:103073924:T:A:A:wC	64	93	+	12.5862	1.81e-05	0.141	CATTTGAATAATATTTTTAAATGTATTCAA
pattern_0		10:125243654:A:G:A:wC	138	167	+	12.4762	1.81e-05	0.0406	TCTGTTAAATTATTATTTTGTTTTTAATAA
pattern_3		17:35132006:T:C:R:wC	23	52	+	12.5747	1.83e-05	0.141	TGACCTAAATATGTTTTTTGTTTGTTTTAT
pattern_2		12:49726717:C:T:R:wC	104	133	-	5.69512	1.83e-05	0.0225	CTTTGAGAGCCTGGCGGTGGGGTGGACCCT
pattern_2		3:129814869:G:A:R:wC	152	181	-	5.69512	1.83e-05	0.0225	CATGGGCAGGTCCAGGCCACTGGAGGACGT
pattern_1		14:93016815:A:G:R:wC	33	62	+	12.7262	1.83e-05	0.344	TTAGTTTTATTTATTTATTCATTCATTTTG
pattern_2		2:95544594:C:T:R:wC	55	84	-	5.65854	1.85e-05	0.0227	CCCTCTGAGGCTGGGGTGGGCACAGCATGG
pattern_2		16:88777264:G:C:R:wC	88	117	+	5.65854	1.85e-05	0.0227	CGCAGGGAGGTGGAGGCGGGCTTAGGCTGC
pattern_4		22:31991001:G:A:R:wC	52	81	-	12.6429	1.85e-05	0.0936	AAATAAATAAATTATTATTATTTCTTCATT
pattern_4		2:44008228:A:G:R:wC	69	98	-	12.6429	1.85e-05	0.0936	GCCTTAAATCACTTTTATTATTATTTCATA
pattern_5		17:57510745:C:T:R:wC	17	46	+	12.631	1.88e-05	0.136	TTTTTAAAAATTTTTTTTTCAAGATGGAGT
pattern_5		19:18237882:G:A:R:wC	106	135	+	12.631	1.88e-05	0.136	CCTACAAAAAGTATTTTTAAAAATTAGCCA
pattern_5		19:18237882:G:A:A:wC	106	135	+	12.631	1.88e-05	0.136	CCTACAAAAAGTATTTTTAAAAATTAGCCA
pattern_0		11:57328155:G:A:A:wC	33	62	+	12.4167	1.88e-05	0.042	TCTTTTTTCTTTTTTTTTTTTTTTGAGACA
pattern_2		13:28604124:G:A:A:wC	58	87	-	5.59756	1.89e-05	0.0232	CTGTGGCTGCCCGGGCTGCCCTGACCAACT
pattern_5		4:101131793:T:C:R:wC	137	166	+	12.619	1.89e-05	0.136	TTGATAGGATACATTTTATTTAAATAAAGA
pattern_2		13:74711955:C:T:A:wC	110	139	-	5.57317	1.91e-05	0.0232	ACGCGGGAGGCGGAGGTTGCAGTGAGCCGA
pattern_3		6:158978631:G:T:A:wC	5	34	+	12.5172	1.91e-05	0.146	AATTATTTATTTATTTATTTATTTATTTAT
pattern_2		7:36082757:A:G:A:wC	152	181	-	5.56098	1.92e-05	0.0232	TCCTCTGTGGCCCAGGCTGGAGTGCAGTGA
pattern_0		10:105190575:A:G:R:wC	78	107	+	12.381	1.92e-05	0.0428	TTTGCTCTCTTTTTTTTTTTTAAATGGAGT
pattern_2		5:55783565:C:A:A:wC	106	135	+	5.54878	1.92e-05	0.0232	TCTGGGCTGGCCGAGGCTGCAGCCAGCTCC
pattern_2		6:7155626:G:A:R:wC	117	146	-	5.54878	1.92e-05	0.0232	ACTCGGGAGGCTGAGTGAGGCAGGAGAATC
pattern_2		11:69611810:T:C:A:wC	26	55	-	5.53659	1.93e-05	0.0232	ACCTGGGAGGCGGAGCTTGCAGTGAGCCGA
pattern_2		22:38498985:G:A:R:wC	89	118	+	5.53659	1.93e-05	0.0232	ACCTGGGAGGCGGAGCTTGCAGTGAGCCGA
pattern_2		9:112094532:A:G:R:wC	74	103	-	5.53659	1.93e-05	0.0232	ACCTGGGAGGCGGAGCTTGCAGTGAGCCGA
pattern_2		13:95923250:G:A:A:wC	120	149	+	5.53659	1.93e-05	0.0232	ACCTGGGAGGCGGAGCTTGCAGTGAGCCGA
pattern_2		19:1520924:C:A:R:wC	105	134	-	5.53659	1.93e-05	0.0232	ACCTGGGAGGCGGAGCTTGCAGTGAGCCGA
pattern_2		9:97503617:C:T:R:wC	105	134	-	5.53659	1.93e-05	0.0232	ACCTGGGAGGCGGAGCTTGCAGTGAGCCGA
pattern_2		4:148453347:A:G:A:wC	152	181	+	5.53659	1.93e-05	0.0232	ACCTGGGAGGCGGAGCTTGCAGTGAGCCGA
pattern_2		7:6786326:A:G:R:wC	128	157	-	5.53659	1.93e-05	0.0232	ACCTGGGAGGCGGAGCTTGCAGTGAGCCGA
pattern_2		13:95923213:G:A:A:wC	157	186	+	5.53659	1.93e-05	0.0232	ACCTGGGAGGCGGAGCTTGCAGTGAGCCGA
pattern_0		1:11124943:G:A:A:wC	73	102	-	12.369	1.94e-05	0.043	AGTGGAATTTTTTTTTTTTTTTTTTCCTGA
pattern_4		9:131197305:T:C:A:wC	63	92	+	12.5714	1.94e-05	0.0968	TTTATTTATTTATTTATTTATTTTTGAGAT
pattern_4		15:38838432:A:T:R:wC	81	110	+	12.5714	1.94e-05	0.0968	TTTATTTATTTATTTATTTATTTTTGAGAT
pattern_3		1:156184598:G:A:A:wC	160	189	-	12.4943	1.94e-05	0.147	AAAAAAAAAAAATAATAATAATAATAATAA
pattern_4		20:38865866:A:G:A:wC	108	137	-	12.5595	1.95e-05	0.097	GAATGCATTTTTATTTGTCACCATATTGTT
pattern_0		16:1853698:G:A:R:wC	117	146	+	12.3452	1.96e-05	0.0435	GCTAATTTTTTTTTTTTTTTTTTTTTGATT
pattern_4		3:42651319:G:T:A:wC	86	115	+	12.5476	1.97e-05	0.0972	TTTTACTGTATTTTTTTCTACTAGTTCTTG
pattern_1		12:66385194:C:G:A:wC	151	180	+	12.631	1.97e-05	0.354	CACACCAAAATAATTTTAATTTTATAATTT
pattern_0		2:86418955:A:G:A:wC	18	47	-	12.3333	1.98e-05	0.0438	CCACGCCTAATTTTTTTTTTTTTTTTTTTT
pattern_4		20:39128901:T:C:A:wC	19	48	+	12.5357	1.98e-05	0.0974	ATTTATTTATCTACTAATTATTCATTTTTA
pattern_5		1:205059066:G:A:A:wC	8	37	+	12.5357	1.99e-05	0.139	TATTTTATTTATTTTTATTTTTTTAGACAG
pattern_0		7:99520082:C:T:A:wC	147	176	-	12.3214	1.99e-05	0.044	CGGCTAATTTTTTTGAATTTTTAGTAGAGA
pattern_5		3:106221324:G:A:A:wC	163	192	-	12.5238	2.01e-05	0.139	ATTATTTTTTTTATTTTTTTTTTTTGAGAC
pattern_0		2:112382879:C:T:A:wC	30	59	+	12.3095	2.01e-05	0.0441	GCATGATTCTTTTTTTTTTTTTTTTTTTGA
pattern_0		8:23082971:G:T:R:wC	117	146	+	12.3095	2.01e-05	0.0441	TGCCTTTTTTTTTTTTTTTTTTTTTTGAGA
pattern_3		1:87029337:C:T:A:wC	6	35	+	12.4483	2.01e-05	0.149	AAATCTAAATATATTTTATAATTGAAAGAG
pattern_3		12:58167661:A:G:R:wC	80	109	-	12.4483	2.01e-05	0.149	AATCTGAAATATATTCATAATAAAGTTATA
pattern_3		3:188066896:T:C:R:wC	168	197	+	12.4483	2.01e-05	0.149	AGGGGAAGAATTTTTTTAAAAAAATTTAAA
pattern_2		16:1327103:C:G:R:wC	6	35	-	5.41463	2.01e-05	0.0241	CCTCCTGTGGCTGAGGATAAAGGGGCTCCA
pattern_5		17:19553659:A:G:A:wC	18	47	+	12.5119	2.02e-05	0.139	TTTGCTGATAATATTGTTACTTTTTTTTTT
pattern_0		1:65923841:G:A:A:wC	56	85	-	12.2976	2.02e-05	0.0443	GTTCAAAAATGTTTTCATCTAAATTTGAGG
pattern_2		11:3824726:C:T:R:wC	99	128	-	5.40244	2.02e-05	0.0242	ACCCAGGAGGCGGAGGTTGCAGTGAGCCGA
pattern_2		20:38480312:A:T:A:wC	104	133	-	5.40244	2.02e-05	0.0242	CCCTGGAAGGCCAAGAGGGGTGACTTAGAA
pattern_4		21:43513327:G:T:A:wC	78	107	+	12.5	2.03e-05	0.0991	TATTTATTTAATTAATTTTATTTTTTGTTT
pattern_0		6:158978631:G:T:A:wC	9	38	+	12.2857	2.04e-05	0.0444	ATTTATTTATTTATTTATTTATTTATTTGA
pattern_0		2:113312117:A:G:A:wC	73	102	-	12.2857	2.04e-05	0.0444	GCCGCTGAAATTTTTCAATCTAATTTTATG
pattern_5		3:129095895:G:A:R:wC	5	34	-	12.5	2.04e-05	0.139	TATTTGATTCATATTTTTACTACTCAACAA
pattern_2		16:1532463:G:A:R:wC	5	34	+	5.37805	2.04e-05	0.0243	TCTGAGGAGGCTGGGGAAAGAAAAAGGTTT
pattern_2		22:24023137:C:T:R:wC	80	109	-	5.37805	2.04e-05	0.0243	ACTCAGGAGGCGGAGGTTGCAGTGGGCCAA
pattern_0		9:131197305:T:C:A:wC	45	74	+	12.2738	2.05e-05	0.0446	CCTGCTAATTTTTATTTATTTATTTATTTA
pattern_3		4:122278614:C:G:A:wC	51	80	-	12.4138	2.06e-05	0.151	CGGCTTTAAATTTTTTTTTATTTTACCTTA
pattern_0		13:74711955:C:T:A:wC	39	68	+	12.2619	2.06e-05	0.0448	ATTTATTTATTTATTTATTTTGAGACGAAG
pattern_5		13:45313360:G:A:A:wC	55	84	-	12.4762	2.07e-05	0.139	GGTATTAAATGCATTTTTGACTTAAGATTT
pattern_2		4:15730146:G:T:A:wC	151	180	+	5.32927	2.07e-05	0.0247	TTTCAAGTGGCTGAGACTACAGGAGCAAGC
pattern_0		7:70178784:A:T:R:wC	25	54	-	12.25	2.08e-05	0.0449	CGGCTAATTTCTTTGTATTTTTAGTAGAAA
pattern_0		5:178075667:T:C:R:wC	103	132	-	12.25	2.08e-05	0.0449	CTTTCTAATTTTTTTTTTAAAGTAGAGATG
pattern_5		19:1520924:C:A:R:wC	23	52	+	12.4643	2.08e-05	0.139	GGAATCTAATATATTTTTCCCTTTTTTTTT
pattern_5		3:133480388:T:C:R:wC	54	83	-	12.4643	2.08e-05	0.139	TTCTGGTTTTTATTTTTTTATTTTTTATTT
pattern_5		7:30545924:A:G:A:wC	115	144	+	12.4643	2.08e-05	0.139	TACAATTTATTTATTTTATTTTTATTTTTT
pattern_5		11:93959939:C:T:R:wC	149	178	+	12.4643	2.08e-05	0.139	TTATTTATTTTTATTTTTTGCTTCCCTGGA
pattern_3		15:38838432:A:T:R:wC	76	105	+	12.4023	2.08e-05	0.151	ATAACTTTATTTATTTATTTATTTATTTTT
pattern_4		22:31991001:G:A:R:wC	59	88	+	12.4524	2.09e-05	0.101	AAATAATAATAATTTATTTATTTATTTATT
pattern_4		12:66385194:C:G:A:wC	158	187	+	12.4524	2.09e-05	0.101	AAATAATTTTAATTTTATAATTTTGACATT
pattern_2		1:32101775:G:C:R:wC	7	36	+	5.30488	2.09e-05	0.0248	CTCTGTGAGGCAGGCAGGGGAGACCCTATT
pattern_2		1:65277944:C:T:R:wC	122	151	+	5.30488	2.09e-05	0.0248	ACCTGGGAGGCGGAGGTTTCAGTGAGCTGA
pattern_5		6:38669792:C:T:A:wC	5	34	+	12.4524	2.1e-05	0.139	TGCCTGAATTTTTTTTTTTTTTTTTTTTTA
pattern_2		9:137695820:G:A:R:wC	79	108	-	5.29268	2.1e-05	0.0249	ACCTGGGGCGCCCAGGGGAGGAGATATGAA
pattern_4		1:87029337:C:T:A:wC	6	35	+	12.4405	2.1e-05	0.101	AAATCTAAATATATTTTATAATTGAAAGAG
pattern_0		1:90234055:C:A:A:wC	17	46	+	12.2262	2.11e-05	0.0455	TTTTATTTCTTTTTTTATTTTTTATTTTTT
pattern_1		10:73822243:G:T:A:wC	25	54	+	12.5357	2.12e-05	0.354	GTGTGTGAATGTATTTTAAAACCAACAACA
pattern_2		6:126148318:G:A:A:wC	36	65	+	5.26829	2.12e-05	0.025	ACCCCGGAGGCAGAGGTTGTGGTGAGCTGA
pattern_2		11:107992325:T:A:A:wC	14	43	-	5.26829	2.12e-05	0.025	CCCTAGCGGCCCGGCGCGGGCACCGCCCAT
pattern_5		3:24341272:A:T:A:wC	86	115	+	12.4286	2.13e-05	0.14	TTTTTTATTTATTTTTTTATTTATTTTTTT
pattern_1		3:111612191:A:G:R:wC	119	148	+	12.5238	2.13e-05	0.354	TAATTTTAATTTATTAAAAAAATGGCTGCA
pattern_2		11:131758603:C:T:R:wC	129	158	+	5.2439	2.14e-05	0.0252	CCACAGGGGGTAAAGGGAGCAGGATTTTAT
pattern_0		16:89325052:C:T:R:wC	4	33	+	12.2024	2.14e-05	0.0458	TGTCTATTTTTTTTTTTTTTTTTTTTGAGA
pattern_0		21:37368393:T:C:A:wC	17	46	+	12.2024	2.14e-05	0.0458	TTTTATTTATTTTTTTATTTCAATAGGTTT
pattern_0		1:245157800:C:T:R:wC	32	61	+	12.2024	2.14e-05	0.0458	TTTTTTTATTTTTTTTCTTAGATGGAGTCT
pattern_5		13:21326587:T:G:A:wC	12	41	-	12.4167	2.14e-05	0.14	TGCAGAAAAAGCATTTTAAAAAATTCAACA
pattern_4		2:242698423:C:T:A:wC	115	144	+	12.4048	2.15e-05	0.103	TCTAGTTATTTTAAAAATTATTGATTTCTT
pattern_2		15:90545750:G:T:R:wC	154	183	-	5.21951	2.15e-05	0.0254	GGTGGGGAGGCTGGGGCTGCCCCGTCGGTC
pattern_3		4:156645933:G:A:A:wC	73	102	-	12.3563	2.15e-05	0.155	GGTGAAAGATTTTTTTTAAAAAATAGTTAG
pattern_0		13:21341377:G:A:R:wC	166	195	-	12.1905	2.15e-05	0.046	TCTTTTTTTTTTTTTTTTTTTTTTTTTTGA
pattern_5		16:16923453:G:A:A:wC	107	136	+	12.4048	2.16e-05	0.14	TGCTTTATAGATTTTTTTTTTTTTTTTTTT
pattern_0		1:44395309:C:T:A:wC	66	95	-	12.1786	2.17e-05	0.0463	GATGGCAAATCTTTTTTAGAAAATTAAAAA
pattern_5		13:21641905:G:A:A:wC	4	33	+	12.3929	2.17e-05	0.14	TTTATTATTTTTATTTATTTATTTTTTTGA
pattern_4		1:47964541:G:A:A:wC	81	110	+	12.381	2.18e-05	0.104	AAAAAGAGCTTAATATTTCATTATTGTCAT
pattern_5		10:14568914:G:A:A:wC	18	47	+	12.381	2.19e-05	0.14	AATATTAATTTTTTTTTTTTTTTGAGACGG
pattern_5		15:81028554:T:G:A:wC	115	144	-	12.381	2.19e-05	0.14	GATTTGGAAAATTTTTTAGCATTATACTAA
pattern_1		12:33821532:G:C:A:wC	79	108	+	12.4881	2.19e-05	0.354	CTAAATTACATTATTTTTAAACTGTGAAAT
pattern_0		22:23910746:G:A:A:wC	27	56	-	12.1548	2.2e-05	0.0468	GCTCCATTTTTTTTTTTTTTTTTTGAGACA
pattern_2		19:54705928:T:C:R:wC	129	158	-	5.14634	2.21e-05	0.026	ACCCAGGAGGCGGGGGTTGCAGTAAGCCGA
pattern_3		9:97503617:C:T:R:wC	13	42	+	12.3218	2.21e-05	0.155	TGTTTTTATTTTATTTTTTATTTTTTTATT
pattern_3		17:66184456:G:A:R:wC	60	89	+	12.3218	2.21e-05	0.155	TATTTACAATTTCATTATTTATATTTTCAT
pattern_3		17:66184456:G:A:A:wC	60	89	+	12.3218	2.21e-05	0.155	TATTTACAATTTCATTATTTATATTTTCAT
pattern_3		14:64721649:T:C:R:wC	72	101	+	12.3218	2.21e-05	0.155	TATACTAGATTTATGTTTTACAACATAATA
pattern_1		10:91589226:C:T:R:wC	164	193	-	12.4762	2.21e-05	0.354	TCCTTCTGAAATATTTAAACGGTTTCTGCC
pattern_4		1:52284018:A:C:R:wC	56	85	+	12.3571	2.21e-05	0.105	TTTTGTAAATTTCTTTTTTATTTGGTTTCA
pattern_2		9:33493389:C:T:R:wC	73	102	+	5.13415	2.22e-05	0.026	ACCTGGGAGGTGGAGGTTGCAGTGAGCCAA
pattern_5		14:30494894:C:T:R:wC	123	152	-	12.3571	2.22e-05	0.141	ACATCTAATTTACTTTTATAAAAATAACCC
pattern_0		17:41467997:C:T:A:wC	144	173	-	12.131	2.23e-05	0.0474	CCCAGCTAATTTTATTTTTAGTAGAGATGG
pattern_5		10:14568914:G:A:A:wC	15	44	+	12.3333	2.25e-05	0.141	AGAAATATTAATTTTTTTTTTTTTTTGAGA
pattern_3		12:66385194:C:G:A:wC	47	76	-	12.2874	2.27e-05	0.158	TCATAACAAAATATATAACAAAATTTTAAA
pattern_4		15:38838432:A:T:R:wC	60	89	+	12.3095	2.28e-05	0.107	ACATTTTACATAAATTATAACTTTATTTAT
pattern_0		1:3743995:G:A:A:wC	47	76	+	12.0952	2.28e-05	0.0483	CTAAGTTTTTTTTTTAAGTTTTAGTAGAGA
pattern_5		4:155693001:A:G:R:wC	23	52	+	12.3095	2.29e-05	0.141	TTATTTATTTATTTTTATGCTTTAAGTTCT
pattern_5		10:126500187:A:G:A:wC	52	81	-	12.3095	2.29e-05	0.141	TACCCAGCTAATTTTTTATATCTTTTAGTA
pattern_5		8:132332152:G:A:A:wC	167	196	-	12.3095	2.29e-05	0.141	TATATATTATTTTTTTTTTTTTTTTTTTTT
pattern_1		13:74711955:C:T:A:wC	22	51	+	12.4286	2.29e-05	0.354	TTTTTATTTTTTATTTTATTTATTTATTTA
pattern_4		15:38838432:A:T:R:wC	77	106	+	12.2976	2.3e-05	0.107	TAACTTTATTTATTTATTTATTTATTTTTG
pattern_2		12:94496172:A:T:A:wC	129	158	-	5.02439	2.3e-05	0.027	CGCCGTGACGGTGAGGCGGATGGGCCACTA
pattern_4		4:155693001:A:G:R:wC	14	43	+	12.2857	2.31e-05	0.107	TTTATTTATTTATTTATTTATTTTTATGCT
pattern_4		13:74711955:C:T:A:wC	32	61	+	12.2857	2.31e-05	0.107	TTATTTTATTTATTTATTTATTTATTTTGA
pattern_4		19:887434:G:A:A:wC	20	49	-	12.2857	2.31e-05	0.107	ATTTTTGTTTTTTAATTACATTAATAAAAG
pattern_0		19:21560141:G:A:A:wC	60	89	-	12.0714	2.31e-05	0.0487	ATAATACAATTTTTTTTTTTTTTAGATGGA
pattern_0		17:66215837:A:T:A:wC	96	125	+	12.0714	2.31e-05	0.0487	TGGCTAATTTTTTTTTTTTTTTTGTAGAGA
pattern_0		4:28445510:C:T:A:wC	24	53	-	12.0476	2.35e-05	0.0492	CTGTCTTAATATTTTTACGGATAAAATAAG
pattern_0		3:156532666:C:T:R:wC	49	78	-	12.0476	2.35e-05	0.0492	GCCGCGCTAATTTTTTATTTTTTGTAGAGA
pattern_4		2:217495899:C:A:A:wC	167	196	+	12.2619	2.35e-05	0.108	CTTCCTGTGTCTTATTTTTATTTTTTTTAG
pattern_5		1:11124943:G:A:A:wC	73	102	-	12.2619	2.35e-05	0.143	AGTGGAATTTTTTTTTTTTTTTTTTCCTGA
pattern_2		1:26067089:G:A:A:wC	6	35	-	4.95122	2.36e-05	0.0276	ACTCGGGAGGCGGAGCTTGCAGTGAGCCGA
pattern_0		17:12187626:C:G:A:wC	109	138	+	12.0357	2.36e-05	0.0492	ATTCTTTTTTTTTTTTTTTTTTTTTTGAGA
pattern_0		17:66205267:T:C:A:wC	139	168	+	12.0357	2.36e-05	0.0492	ACATGTAAATTTTTGCCAACTTAATTTTAG
pattern_0		17:15414354:C:T:A:wC	110	139	-	12.0357	2.36e-05	0.0492	ATCTTTTTTTTTTTTTTTTTTTTTTTGAGA
pattern_2		19:4268019:G:A:R:wC	98	127	-	4.93902	2.37e-05	0.0277	ACCAGGGAGGCGGAGGTTGCGGTGAGCCGA
pattern_5		2:54834839:G:A:R:wC	16	45	-	12.25	2.37e-05	0.143	CTTTAAAAATTAATTTATTAATTTTTTTTT
pattern_5		15:38838432:A:T:R:wC	58	87	-	12.25	2.37e-05	0.143	AAATAAAGTTATAATTTATGTAAAATGTTA
pattern_2		5:134439287:C:T:A:wC	95	124	+	4.92683	2.38e-05	0.0278	CTCACTGAGGCAGACGTGGGTCGGCCTTCC
pattern_4		20:39128901:T:C:A:wC	23	52	+	12.2381	2.38e-05	0.109	ATTTATCTACTAATTATTCATTTTTATTTA
pattern_2		12:57461028:A:G:A:wC	137	166	-	4.91463	2.39e-05	0.0278	CGCTCTGTCGCCCAGGCTGGAGTGTAGTGA
pattern_2		3:36953424:A:T:R:wC	54	83	-	4.86585	2.43e-05	0.0282	CTGTGCCTGGCCGAGGCTTCTTATAAGAAT
pattern_2		19:53233572:G:A:R:wC	94	123	+	4.86585	2.43e-05	0.0282	ACCCGGGAGGTGGAGGTTGCAGTGAGCCGA
pattern_5		7:27778885:T:C:R:wC	98	127	+	12.2024	2.44e-05	0.143	TATATGAAAGATAATTTTGAATGTTCTGTA
pattern_5		3:106221324:G:A:A:wC	170	199	-	12.2024	2.44e-05	0.143	ATGTATTATTATTTTTTTTATTTTTTTTTT
pattern_0		20:12973521:A:T:A:wC	40	69	+	11.9762	2.45e-05	0.0508	TGTTAAAATATTCTATATTTTAAATAGAAA
pattern_0		3:111612191:A:G:R:wC	119	148	-	11.9762	2.45e-05	0.0508	TGCAGCCATTTTTTTAATAAATTAAAATTA
pattern_3		9:89733000:A:G:A:wC	3	32	-	12.1839	2.45e-05	0.163	TAAAATAAAATAAAATAAAATAAAATAAAA
pattern_3		9:89733000:A:G:A:wC	8	37	-	12.1839	2.45e-05	0.163	TAAAATAAAATAAAATAAAATAAAATAAAA
pattern_3		9:89733000:A:G:A:wC	13	42	-	12.1839	2.45e-05	0.163	TAAAATAAAATAAAATAAAATAAAATAAAA
pattern_3		9:89733000:A:G:A:wC	18	47	-	12.1839	2.45e-05	0.163	TAAAATAAAATAAAATAAAATAAAATAAAA
pattern_3		8:22373383:T:C:A:wC	148	177	-	12.1839	2.45e-05	0.163	TAAAATAAAATAAAATAAAATAAAATAAAA
pattern_3		8:22373383:T:C:A:wC	153	182	-	12.1839	2.45e-05	0.163	TAAAATAAAATAAAATAAAATAAAATAAAA
pattern_2		8:17531583:T:C:A:wC	99	128	+	4.82927	2.46e-05	0.0285	GCTGAGGAGCCCAGGGCAGAGAGAAGAACC
pattern_2		2:86418955:A:G:A:wC	104	133	+	4.82927	2.46e-05	0.0285	ACCCGGGAGGCGGAGCTTGCAGTGTGCTGA
pattern_0		2:213151472:G:A:A:wC	113	142	+	11.9643	2.46e-05	0.0509	AGGGTTAATTTTTTTTTTTTTTTTTTTTTT
pattern_0		16:89848203:C:G:A:wC	133	162	-	11.9643	2.46e-05	0.0509	GGCTAATTTTTTGTATATTTTTAGTAGAGA
pattern_2		10:97877485:G:A:A:wC	84	113	+	4.81707	2.47e-05	0.0286	GTTTTGCAGGCCGGGCACGGTGGCTCACGC
pattern_5		3:133480388:T:C:R:wC	47	76	-	12.1786	2.47e-05	0.143	TTTTATTTTTTTATTTTTTATTTTTTTGAG
pattern_2		13:110939497:A:G:A:wC	41	70	-	4.80488	2.48e-05	0.0286	CCTGGGGTGCCCGGGGCCTCTCCTGCCTCT
pattern_0		1:205059066:G:A:A:wC	7	36	+	11.9405	2.5e-05	0.0513	TTATTTTATTTATTTTTATTTTTTTAGACA
pattern_0		4:122278614:C:G:A:wC	51	80	-	11.9405	2.5e-05	0.0513	CGGCTTTAAATTTTTTTTTATTTTACCTTA
pattern_0		3:178765504:G:A:A:wC	69	98	-	11.9405	2.5e-05	0.0513	GCTATTTTTTTTTTTTGTATTTTTAGTAGA
pattern_1		18:13183504:C:T:A:wC	95	124	+	12.3095	2.5e-05	0.354	CCCAGTGGAAATATTTTGCATAACTCATCT
pattern_2		3:192618469:C:T:R:wC	73	102	+	4.76829	2.51e-05	0.0289	GTTGCACAGGCCGGGCGCGGTGGCTCACGC
pattern_2		2:28819826:C:T:A:wC	105	134	-	4.76829	2.51e-05	0.0289	CCGCGCCTGGCCCAGGCCAATGGATTTTAA
pattern_5		1:151858888:A:G:R:wC	164	193	+	12.1548	2.51e-05	0.143	ACATGGAAAAATATTTTTAAAAACATGGGA
pattern_3		13:74711955:C:T:A:wC	20	49	+	12.1494	2.51e-05	0.166	TTTTTTTATTTTTTATTTTATTTATTTATT
pattern_4		12:20582640:A:T:A:wC	150	179	+	12.1429	2.52e-05	0.113	TAGTTATTGTTGATGTTTTATTTTTTACCT
pattern_5		8:113945521:C:T:R:wC	127	156	+	12.1429	2.53e-05	0.143	AGAATAGTTCAAATTTTTTACCAGTTTGTA
pattern_0		4:156432025:C:T:R:wC	16	45	-	11.9167	2.53e-05	0.0519	TTTTATCAATTATTTTAAAATAGTATCTAA
pattern_2		11:2422034:T:A:R:wC	110	139	-	4.73171	2.54e-05	0.0292	GCTCGGCCGGCCCGCGCGGCCCGTCCTCCC
pattern_4		4:155693001:A:G:R:wC	2	31	+	12.131	2.54e-05	0.113	AACACTTTTATTTTTATTTATTTATTTATT
pattern_4		4:1257311:T:C:A:wC	56	85	+	12.131	2.54e-05	0.113	TTTACCTATTTATTTATTTATTTTTTTTAG
pattern_4		2:44008228:A:G:R:wC	66	95	-	12.131	2.54e-05	0.113	TTAAATCACTTTTATTATTATTTCATATAA
pattern_5		2:54834839:G:A:R:wC	25	54	+	12.131	2.54e-05	0.143	TTAATAAATTAATTTTTAAAGTAGATGGGA
pattern_5		12:66385194:C:G:A:wC	36	65	-	12.131	2.54e-05	0.143	TATATAACAAAATTTTAAAATTATTTAAAT
pattern_1		17:12187626:C:G:A:wC	93	122	-	12.2857	2.55e-05	0.354	AAAAAAAAAAGAATTTCAACTTCCTGTGGT
pattern_2		14:69098915:T:C:A:wC	51	80	-	4.71951	2.55e-05	0.0293	GCCTCGGAGGCAAAGAAAGCGGAATTTAGA
pattern_0		11:918837:G:T:A:wC	53	82	+	11.9048	2.55e-05	0.052	GGACATCTTTTTTTTTTTTTTTTTTTTAGA
pattern_0		6:90934189:T:A:A:wC	115	144	+	11.9048	2.55e-05	0.052	AATGATTCATTTATTTATAAGAAGTTCAAA
pattern_3		14:93016815:A:G:R:wC	17	46	+	12.1264	2.55e-05	0.168	TTATTTTTATTTTTGTTTAGTTTTATTTAT
pattern_4		14:21051149:G:T:R:wC	17	46	-	12.119	2.56e-05	0.113	TCTTAATGTTCTAATTTTAACTAAATGCAT
pattern_4		11:93959939:C:T:R:wC	128	157	+	12.119	2.56e-05	0.113	CTAATGGAATTTTTTATTTATTTATTTATT
pattern_4		4:119376994:C:G:A:wC	119	148	-	12.119	2.56e-05	0.113	CACATATTAATAATATATGATTCCACTTAT
pattern_5		19:4268019:G:A:R:wC	16	45	+	12.119	2.56e-05	0.143	TTTTTCTTTTTTCTTTTTTCTTTTTTTTTT
pattern_5		22:38498985:G:A:R:wC	166	195	-	12.119	2.56e-05	0.143	TGGCTAATTTTTTTTTTTTTTTAATTTTGA
pattern_0		20:45095161:T:C:R:wC	48	77	+	11.8929	2.57e-05	0.052	GTTTATTTATTTATTTATTTATTTTATTTT
pattern_0		19:18237882:G:A:A:wC	106	135	+	11.8929	2.57e-05	0.052	CCTACAAAAAGTATTTTTAAAAATTAGCCA
pattern_0		19:18237882:G:A:R:wC	106	135	+	11.8929	2.57e-05	0.052	CCTACAAAAAGTATTTTTAAAAATTAGCCA
pattern_2		5:173205318:G:A:R:wC	34	63	-	4.69512	2.57e-05	0.0295	TGCAAAGAGGCTGAGGCAGGAAATGACAAA
pattern_2		2:59308101:A:G:A:wC	99	128	+	4.69512	2.57e-05	0.0295	GGAAGTGAGGTAAAGGTAGGAGGAAGGAAT
pattern_1		22:31991001:G:A:R:wC	58	87	+	12.2738	2.57e-05	0.354	GAAATAATAATAATTTATTTATTTATTTAT
pattern_3		12:111254708:T:C:A:wC	114	143	+	12.1149	2.58e-05	0.168	TTCCTACAATCTTTATGCAGATATAGATGA
pattern_4		6:158978631:G:T:A:wC	2	31	+	12.1071	2.58e-05	0.113	TGTAATTATTTATTTATTTATTTATTTATT
pattern_4		12:27836289:C:T:A:wC	116	145	-	12.1071	2.58e-05	0.113	CTTAAAAATTCTACATTCTATTTAAAAAAT
pattern_5		16:16923453:G:A:A:wC	119	148	+	12.1071	2.58e-05	0.143	TTTTTTTTTTTTTTTTTTTTTTTTTAATCT
pattern_2		16:29093432:A:G:R:wC	70	99	+	4.68293	2.58e-05	0.0295	CCTTCCGGGGCCGGGGAGGTGGGAGAAGCC
pattern_1		4:155693001:A:G:R:wC	9	38	+	12.2619	2.59e-05	0.354	TTATTTTTATTTATTTATTTATTTATTTTT
pattern_1		17:73194987:G:A:R:wC	25	54	+	12.2619	2.59e-05	0.354	TTTTTAAAATTTTTTTTTACTTTTTAAAAT
pattern_1		15:84657643:T:A:R:wC	72	101	+	12.2619	2.59e-05	0.354	TTATTTTTATTTATTTATTTATTTATTTTT
pattern_1		7:27778885:T:C:R:wC	92	121	-	12.2619	2.59e-05	0.354	ACATTCAAAATTATCTTTCATATACTTTCA
pattern_1		12:68212300:T:C:A:wC	131	160	-	12.2619	2.59e-05	0.354	TTTATGAGATTTATTTATAAACGATGACAC
pattern_5		9:89733000:A:G:A:wC	31	60	+	12.0952	2.6e-05	0.143	TATTTTATTTTATTTTATTATTTGAGACGG
pattern_5		14:100363254:A:C:R:wC	95	124	-	12.0952	2.6e-05	0.143	TAATGTGAATACATATTTTCACAATGATTT
pattern_0		7:36082757:A:G:A:wC	21	50	-	11.869	2.61e-05	0.0527	CCAGCTAATTTTTTATTTTTTGTAGAGATG
pattern_0		3:85126526:C:T:R:wC	67	96	+	11.8571	2.62e-05	0.0528	TGCTTTTATTTTTTTTCTTATTGTCATAAA
pattern_0		8:132332152:G:A:A:wC	163	192	-	11.8571	2.62e-05	0.0528	TATTATTTTTTTTTTTTTTTTTTTTTGAGA
pattern_2		22:30592487:C:G:A:wC	86	115	+	4.62195	2.63e-05	0.0301	ATCGCGGTGGCCAGGGTCAGCGTTTGACAA
pattern_5		22:45603296:T:C:R:wC	1	30	+	12.0714	2.64e-05	0.143	TTATTTCTTATTTTTTTATTTTTTTGAGAT
pattern_3		4:144442611:T:C:R:wC	49	78	+	12.0805	2.64e-05	0.17	ATCTTAAATTTTTTTTTTTCAGCAAACTGA
pattern_3		13:101862825:C:A:R:wC	127	156	-	12.0805	2.64e-05	0.17	AAAAAAAAATCATATTACAGAAAAATAAGA
pattern_5		18:14133319:T:C:R:wC	63	92	-	12.0595	2.65e-05	0.143	TAGATCCAAAATATTTATAATTATTTGTTG
pattern_5		5:107014713:A:G:R:wC	119	148	+	12.0595	2.65e-05	0.143	TATTGGCCAAAACTTTTTTTTTAATGAGAA
pattern_1		19:18237882:G:A:A:wC	106	135	+	12.2262	2.66e-05	0.354	CCTACAAAAAGTATTTTTAAAAATTAGCCA
pattern_1		19:18237882:G:A:R:wC	106	135	+	12.2262	2.66e-05	0.354	CCTACAAAAAGTATTTTTAAAAATTAGCCA
pattern_5		1:26852707:T:C:R:wC	82	111	+	12.0476	2.67e-05	0.143	ATTTTATTATTTATTTTTTAGCAATGGGGT
pattern_5		15:84657643:T:A:R:wC	84	113	+	12.0476	2.67e-05	0.143	ATTTATTTATTTATTTTTTTTTTTTGAGAC
pattern_5		3:42651319:G:T:A:wC	111	140	-	12.0476	2.67e-05	0.143	TTGTTGATATTTATATTATGACAAACAAGA
pattern_0		1:26852707:T:C:R:wC	59	88	+	11.8214	2.68e-05	0.0538	GGCAAATACTTTATTTATTATGTATTTTAT
pattern_3		16:20557688:T:C:R:wC	51	80	-	12.0575	2.69e-05	0.172	TTTCAGTAATTTATGTTTTCCATTGTTTAT
pattern_2		12:125801308:C:T:A:wC	105	134	+	4.56098	2.69e-05	0.0307	GCGAGGGGGACAGAGCAGTGAGAAGGACCA
pattern_5		8:22335170:C:T:A:wC	63	92	+	12.0357	2.69e-05	0.143	GCATTTTATTTTATTTTATTTTTTTAGAGA
pattern_4		17:66184456:G:A:R:wC	69	98	+	12.0238	2.71e-05	0.118	TTTCATTATTTATATTTTCATTATGTTTAG
pattern_4		17:66184456:G:A:A:wC	69	98	+	12.0238	2.71e-05	0.118	TTTCATTATTTATATTTTCATTATGTTTAG
pattern_5		15:84657643:T:A:R:wC	62	91	+	12.0238	2.71e-05	0.143	TCTTTATTTTTTATTTTTATTTATTTATTT
pattern_5		3:160499588:A:G:R:wC	86	115	+	12.0238	2.71e-05	0.143	TAGGCCCTTTATATATCTTCTTTTTGAAAT
pattern_2		10:79680434:A:T:A:wC	34	63	-	4.52439	2.72e-05	0.031	GTCACTGTGGCCAGGGCTAGAGGACTAAGA
pattern_4		4:741742:T:C:R:wC	21	50	+	12.0119	2.73e-05	0.118	CTTTTTCTTTTTTTTTTTAATTACCAGAGG
pattern_5		1:148239834:G:T:A:wC	61	90	-	12.0119	2.73e-05	0.143	ACCCTAAAATACATTTTTTATCATATTTTG
pattern_5		9:4834438:C:G:A:wC	128	157	+	12.0119	2.73e-05	0.143	TCATTCTTTTTTTTTTTTTTTTTTTAATTT
pattern_5		19:8403727:T:C:A:wC	134	163	-	12.0119	2.73e-05	0.143	TACATCCTTTTTTTTTTTTTTTTTTTTTTT
pattern_2		13:114057197:A:G:R:wC	20	49	-	4.5122	2.73e-05	0.0311	GCCTCAGACGCCCAGGTGGGTGCCGGGTGC
pattern_2		10:72191970:C:G:R:wC	99	128	+	4.5122	2.73e-05	0.0311	CCGAAGCAGACTGACGCAGGGATGTCTTCT
pattern_3		20:45095161:T:C:R:wC	40	69	+	12.0345	2.73e-05	0.173	ATGCAAATGTTTATTTATTTATTTATTTAT
pattern_2		5:54529416:C:A:R:wC	109	138	+	4.5	2.74e-05	0.0311	GCGAAGGAGGCCGGGCTCAGAGGCTGGCGC
pattern_4		21:43513327:G:T:A:wC	69	98	+	12	2.75e-05	0.118	TGGTTTATTTATTTATTTAATTAATTTTAT
pattern_4		9:99095694:C:T:R:wC	110	139	-	12	2.75e-05	0.118	AATTTTTTTGTATTTTTTTAGTAGAGACGG
pattern_3		13:74711955:C:T:A:wC	31	60	+	12.023	2.75e-05	0.174	TTTATTTTATTTATTTATTTATTTATTTTG
pattern_4		14:100363254:A:C:R:wC	15	44	-	11.9881	2.77e-05	0.118	ATCTACGAGCTAAATTTTTACTAAAAAATT
pattern_4		3:111612191:A:G:R:wC	112	141	+	11.9881	2.77e-05	0.118	CTGAGTATAATTTTAATTTATTAAAAAAAT
pattern_0		2:113312117:A:G:A:wC	103	132	-	11.7619	2.77e-05	0.0555	TGCTTTCAATTTTTGTCAGGAAAATTGTAG
pattern_1		17:9155479:T:A:R:wC	77	106	+	12.1667	2.78e-05	0.354	TACTAAAAATATATTTAAAAAATTGGCCGG
pattern_5		19:20013987:A:G:R:wC	34	63	-	11.9762	2.79e-05	0.144	TTTTTGAAATTCATCTTTTACATAAATTAA
pattern_0		16:3111193:T:C:A:wC	49	78	-	11.75	2.79e-05	0.0555	TCTTCTTATTATTATTATTTTTATTTTTAT
pattern_0		1:109264069:C:T:R:wC	118	147	-	11.75	2.79e-05	0.0555	GAAGGCCTCTTTTTTTTCTTTTTTTTGAGA
pattern_5		17:73194987:G:A:R:wC	21	50	+	11.9643	2.81e-05	0.144	TTAATTTTTAAAATTTTTTTTTACTTTTTA
pattern_2		9:117091002:C:T:R:wC	85	114	+	4.42683	2.81e-05	0.0319	CTCTGGAAGGCCAGGCGCGGTGGCTCATGC
pattern_0		16:16923453:G:A:A:wC	109	138	+	11.7381	2.81e-05	0.0555	CTTTATAGATTTTTTTTTTTTTTTTTTTTT
pattern_0		11:93959939:C:T:R:wC	139	168	+	11.7381	2.81e-05	0.0555	TTTTATTTATTTATTTATTTTTATTTTTTG
pattern_5		2:170401673:T:C:R:wC	151	180	+	11.9524	2.83e-05	0.144	GTCTTTATTTAAATTTAAAATAAGTAAATA
pattern_5		1:1651631:T:G:A:wC	168	197	+	11.9524	2.83e-05	0.144	AATTTTTTTTGTATTTTTTAGTAGAGACGG
pattern_0		11:918837:G:T:A:wC	55	84	+	11.7262	2.83e-05	0.0555	ACATCTTTTTTTTTTTTTTTTTTTTAGATG
pattern_0		22:23910746:G:A:A:wC	31	60	-	11.7262	2.83e-05	0.0555	ACCAGCTCCATTTTTTTTTTTTTTTTTTGA
pattern_0		16:89744494:G:A:A:wC	108	137	-	11.7262	2.83e-05	0.0555	ACTATAAAAATATTTTTTTTAAATTAGCCA
pattern_0		16:89744494:G:A:R:wC	108	137	-	11.7262	2.83e-05	0.0555	ACTATAAAAATATTTTTTTTAAATTAGCCA
pattern_0		9:97723266:G:A:R:wC	126	155	-	11.7262	2.83e-05	0.0555	GCAAGCATTCTTTTTTTTTTTTTTTTGAGA
pattern_5		7:29398110:G:A:R:wC	8	37	-	11.9405	2.85e-05	0.144	TAATTTTCTTTTATTTTTAAATTAAAATTT
pattern_5		14:64721649:T:C:R:wC	143	172	-	11.9405	2.85e-05	0.144	TAGAAGAAAAGTTATTTTTCTTACAAATTA
pattern_5		12:101690279:G:T:A:wC	166	195	-	11.9405	2.85e-05	0.144	TTTTGTATTTTTCTTTTTTTTTTTTTGAGA
pattern_0		6:38669792:C:T:A:wC	3	32	+	11.7143	2.85e-05	0.0555	TGTGCCTGAATTTTTTTTTTTTTTTTTTTT
pattern_0		4:144442611:T:C:R:wC	47	76	+	11.7143	2.85e-05	0.0555	GTATCTTAAATTTTTTTTTTTCAGCAAACT
pattern_0		7:30545924:A:G:A:wC	111	140	+	11.7143	2.85e-05	0.0555	TGGTTACAATTTATTTATTTTATTTTTATT
pattern_0		16:89744494:G:A:A:wC	117	146	+	11.7143	2.85e-05	0.0555	TAAAAAAAATATTTTTATAGTAGGCTGAGG
pattern_0		16:89744494:G:A:R:wC	117	146	+	11.7143	2.85e-05	0.0555	TAAAAAAAATATTTTTATAGTAGGCTGAGG
pattern_2		11:57328155:G:A:A:wC	106	135	-	4.36585	2.87e-05	0.0325	ACCCAGGAGGCGGAGCTTGCAGGGAGCCGA
pattern_4		11:69457293:C:T:A:wC	132	161	+	11.9286	2.87e-05	0.121	TTTTTTAATATTTTTAAATATTTTTTGAAA
pattern_0		1:52284018:A:C:R:wC	56	85	+	11.7024	2.87e-05	0.0557	TTTTGTAAATTTCTTTTTTATTTGGTTTCA
pattern_5		16:72908020:C:G:R:wC	170	199	+	11.9167	2.89e-05	0.145	TTTTTTGATTTTTTTTTTTTTTTTTTTTTT
pattern_0		10:105771405:G:A:R:wC	7	36	+	11.6905	2.89e-05	0.0559	GGTGAATTCTTTTTTTTTTTTTTGGTGAAT
pattern_0		4:148453347:A:G:A:wC	49	78	-	11.6905	2.89e-05	0.0559	TTTGTATTTTTTTTTTTTTTTTTTTAGTAG
pattern_3		17:26250721:A:G:R:wC	5	34	+	11.954	2.9e-05	0.178	ATTTATTTATTTATTTATTTATTTATTGAG
pattern_3		17:26250721:A:G:A:wC	5	34	+	11.954	2.9e-05	0.178	ATTTATTTATTTATTTATTTATTTATTGAG
pattern_2		20:5485337:G:A:R:wC	49	78	-	4.32927	2.9e-05	0.0328	AGTTGGGAGACCCTGGTGGCCGGTTTTGGT
pattern_2		20:5485337:G:A:A:wC	49	78	-	4.32927	2.9e-05	0.0328	AGTTGGGAGACCCTGGTGGCCGGTTTTGGT
pattern_5		22:45603296:T:C:R:wC	163	192	+	11.9048	2.91e-05	0.145	ACACGTAATTTTTTTTTTTTTTTTTTAATA
pattern_0		2:16229124:C:A:A:wC	140	169	+	11.6786	2.91e-05	0.0561	TTTATTTTTATTTTTTATTTAGAGACAAGT
pattern_0		2:16229124:C:A:R:wC	140	169	+	11.6786	2.91e-05	0.0561	TTTATTTTTATTTTTTATTTAGAGACAAGT
pattern_2		2:219279588:G:A:R:wC	66	95	-	4.31707	2.91e-05	0.0329	ACCCGGGAGGCGGAGGTTGCAATGAGCCAA
pattern_3		16:1853698:G:A:R:wC	124	153	+	11.9425	2.92e-05	0.178	TTTTTTTTTTTTTTTTTTTGATTTTTAGTA
pattern_3		1:40211737:T:C:R:wC	170	199	-	11.9425	2.92e-05	0.178	AAAACTAATTCTTTGTTCTCTGAAGTAGAA
pattern_0		9:103885584:G:T:A:wC	76	105	+	11.6667	2.93e-05	0.0562	GAAGTAGAATATTTTTATGGTTAGTTCTCT
pattern_0		18:58192696:A:G:A:wC	162	191	+	11.6667	2.93e-05	0.0562	TTTTAAAAATATGTTTACAATAATTCAATT
pattern_3		18:51889056:A:G:A:wC	136	165	+	11.931	2.95e-05	0.178	TTACATTAATTTTTTTCTTCAAGGATTAAT
pattern_5		19:44750252:C:T:R:wC	78	107	+	11.881	2.95e-05	0.146	TTTTCAAAGTTTATTGCTTTTTCTTCACTA
pattern_5		19:21560141:G:A:A:wC	63	92	-	11.881	2.95e-05	0.146	AGTATAATACAATTTTTTTTTTTTTTAGAT
pattern_2		16:28829228:A:G:A:wC	81	110	-	4.28049	2.95e-05	0.0332	ACCCGGGAGGCGGAGATTGCAGTGAGCCGA
pattern_4		11:8074982:A:G:A:wC	144	173	+	11.881	2.95e-05	0.124	TATTTATTTATCTTTATTTATTAATTTATC
pattern_0		17:74543679:C:G:R:wC	53	82	+	11.6548	2.95e-05	0.0564	GACTGAGAAAATTTTTAAAAATTTACTAAC
pattern_0		9:131861118:A:C:R:wC	69	98	+	11.6548	2.95e-05	0.0564	TCTTTTTTCTTTTTTTTTTTTTTTTAGATG
pattern_3		17:73194987:G:A:R:wC	19	48	-	11.9195	2.97e-05	0.178	AAAAGTAAAAAAAAATTTTAAAAATTAAAA
pattern_3		12:66385194:C:G:A:wC	59	88	-	11.9195	2.97e-05	0.178	TACATGTGATTATCATAACAAAATATATAA
pattern_3		22:38498985:G:A:R:wC	163	192	-	11.9195	2.97e-05	0.178	CTAATTTTTTTTTTTTTTTAATTTTGAGAT
pattern_4		2:54834839:G:A:R:wC	16	45	+	11.869	2.97e-05	0.124	AAAAAAAAATTAATAAATTAATTTTTAAAG
pattern_4		6:96988696:A:T:R:wC	91	120	-	11.869	2.97e-05	0.124	TCACCAATATTTCCATTTTATTATATAAAA
pattern_2		17:80404555:G:A:R:wC	169	198	-	4.2561	2.97e-05	0.0334	CTGGGGGAGGCTGTGCTAGGCGGGGCCTCC
pattern_1		22:29109409:G:A:R:wC	16	45	+	12.0714	2.98e-05	0.354	CTATGAACATTTATGTACAAGTTTTCTTTT
pattern_1		1:247288981:G:C:A:wC	131	160	+	12.0714	2.98e-05	0.354	ATCTGTTTATTTATTTCATTTTAGTCATCC
pattern_2		10:72191970:C:G:R:wC	44	73	+	4.2439	2.99e-05	0.0335	CATTGAGAGACTGAGGTGGATTGTCACCAA
pattern_0		22:31991001:G:A:R:wC	62	91	+	11.631	2.99e-05	0.057	TAATAATAATTTATTTATTTATTTATTTAT
pattern_4		1:245157800:C:T:R:wC	20	49	+	11.8571	2.99e-05	0.124	ACATTAAACTTCTTTTTTTATTTTTTTTCT
pattern_4		1:71028199:G:A:A:wC	76	105	+	11.8571	2.99e-05	0.124	CAGAGATTATTTTTATTCTATTGTATTTGG
pattern_3		6:109759854:C:T:A:wC	27	56	+	11.908	2.99e-05	0.178	TTGTAAACAGTTTTTTGTTTTTTTTTTTAA
pattern_2		8:136871213:G:T:A:wC	127	156	+	4.23171	3e-05	0.0336	ATCTGGGAGGCGGAGCTTGCAGTGAGCCAA
pattern_1		12:131907343:G:A:R:wC	13	42	-	12.0595	3.01e-05	0.354	CACCCAGAAATAATTTCTACCTATTTTAGG
pattern_1		7:29398110:G:A:R:wC	59	88	+	12.0595	3.01e-05	0.354	ATTTATTTATTTATTTATTTTCTTTTTTGA
pattern_5		2:43989267:G:A:A:wC	144	173	-	11.8452	3.01e-05	0.148	ATAACAACAAAAATTTATTAAAAATCTCGC
pattern_0		6:54749149:G:A:R:wC	46	75	-	11.619	3.01e-05	0.0572	TTTTTCTCTTTTTTTTTTTTTTTTTTTAGA
pattern_0		10:126500187:A:G:A:wC	50	79	-	11.619	3.01e-05	0.0572	CCCAGCTAATTTTTTATATCTTTTAGTAGA
pattern_4		3:106221324:G:A:A:wC	167	196	-	11.8452	3.01e-05	0.124	TATTATTATTTTTTTTATTTTTTTTTTTTG
pattern_1		17:40724276:C:T:A:wC	148	177	-	12.0476	3.03e-05	0.354	GAAAAATAAAAAATTTCCAATATGTAGTGC
pattern_2		11:707152:G:C:A:wC	32	61	+	4.19512	3.03e-05	0.0339	GGGAGGCAGGCCCAGCTGGCGGCGGCCCCT
pattern_2		11:76299649:C:A:R:wC	104	133	+	4.19512	3.03e-05	0.0339	TGCTGCGCGGCTGAGCCGGAAGGCCCCAGC
pattern_3		2:101867170:C:G:R:wC	3	32	+	11.8851	3.04e-05	0.18	ATAACAAAAATTTTTTTTTGAGACAGTCTC
pattern_2		12:70083082:T:C:A:wC	119	148	-	4.18293	3.05e-05	0.034	TCCTGGCTGCCCCAGGCCGGCACCCGCTGT
pattern_1		21:43513327:G:T:A:wC	67	96	+	12.0357	3.06e-05	0.354	TCTGGTTTATTTATTTATTTAATTAATTTT
pattern_1		8:12853270:A:T:R:wC	122	151	-	12.0357	3.06e-05	0.354	AAATGTTATAATATTTAAAAGCCTTAGAAC
pattern_3		1:52284018:A:C:R:wC	56	85	+	11.8736	3.07e-05	0.18	TTTTGTAAATTTCTTTTTTATTTGGTTTCA
pattern_2		14:93118669:G:A:A:wC	45	74	-	4.15854	3.07e-05	0.0342	CTTGGGGAGGCAGGCTGAGCTGGTCCCCCT
pattern_2		14:93118669:G:A:R:wC	45	74	-	4.15854	3.07e-05	0.0342	CTTGGGGAGGCAGGCTGAGCTGGTCCCCCT
pattern_2		8:6513533:G:A:A:wC	117	146	+	4.15854	3.07e-05	0.0342	ACCCGGGAAGCAGAGGTTGCAGTGAGCCGA
pattern_5		1:47964541:G:A:A:wC	83	112	+	11.8095	3.08e-05	0.149	AAAGAGCTTAATATTTCATTATTGTCATGT
pattern_5		4:170938243:T:C:R:wC	111	140	-	11.7976	3.1e-05	0.149	CAAACAGATGAAATTTTATCCTGATGAAAG
pattern_0		9:136034364:G:A:A:wC	75	104	+	11.5714	3.1e-05	0.0587	AGCTACTTTTTTTTTTCTTTTTTTAAATGG
pattern_5		22:29109409:G:A:R:wC	29	58	+	11.7857	3.12e-05	0.149	TGTACAAGTTTTCTTTTTTTTTTTTTTTGA
pattern_5		15:84657643:T:A:R:wC	61	90	+	11.7857	3.12e-05	0.149	TTCTTTATTTTTTATTTTTATTTATTTATT
pattern_5		3:197816514:C:G:R:wC	171	200	-	11.7857	3.12e-05	0.149	TATATATTTTTTTTTTTTTTTTTTTTTTTT
pattern_2		16:27356412:G:A:A:wC	40	69	+	4.10976	3.12e-05	0.0346	CGGAGTGCGGCAGGGGTGGCTGGGTGTGTT
pattern_2		3:33101719:T:C:A:wC	15	44	-	4.10976	3.12e-05	0.0346	TTGTGGGAGGCAGGACTGTGCAGATAACGA
pattern_2		6:19381386:T:C:R:wC	162	191	+	4.10976	3.12e-05	0.0346	CTCAGAGGGGCTGACGTGTCAGAGCTGCAA
pattern_4		10:102075479:G:A:R:wC	6	35	+	11.7857	3.12e-05	0.128	AAAATTTAATAAATATATTACCAGTCTGAT
pattern_2		13:113425098:C:G:A:wC	48	77	+	4.09756	3.13e-05	0.0347	ACGGGGGAGGCACAGGCTCCACGCGCCGCT
pattern_1		4:103406448:C:T:A:wC	54	83	-	12	3.14e-05	0.354	TATAGTAGCATGATTTATAATCCTTTGGGT
pattern_0		13:113352130:C:T:A:wC	8	37	+	11.5476	3.14e-05	0.0592	CCAGTTTTTTTTTTTTTTTTTTTTTTTTTT
pattern_0		1:212375336:G:A:R:wC	151	180	+	11.5476	3.14e-05	0.0592	TCTCTCTCTTTTTTTTTTTTTTTTTTTTGA
pattern_4		8:6484635:C:A:R:wC	4	33	-	11.7738	3.14e-05	0.128	AAACCAAATTTTCTTTATAAGTTATAAGAA
pattern_4		3:159556462:A:G:R:wC	152	181	-	11.7738	3.14e-05	0.128	GCCCGGCTAATTTTTTTATATTTTTTTTGG
pattern_2		3:127458862:C:G:R:wC	137	166	+	4.08537	3.15e-05	0.0347	GTCCAGGCCGCACAGGAATGTGGGTCCAGC
pattern_2		6:54749149:G:A:R:wC	152	181	+	4.08537	3.15e-05	0.0347	ACCTGGGGGGCGGAGGTTGTAGTGAGCCGA
pattern_3		7:76139384:C:T:R:wC	14	43	+	11.8391	3.15e-05	0.184	GGTATGTGAGTTATGTCTTGAAAAATACAC
pattern_2		19:2043271:G:A:R:wC	50	79	-	4.07317	3.16e-05	0.0348	ACCCAGGGGCCTCAGGAAGCCTCAGCTCCT
pattern_2		2:176046415:G:A:A:wC	18	47	-	4.06098	3.17e-05	0.0348	CCCGGCCTGGCCAGGGCGGAGCGGCGCCCA
pattern_2		19:7201760:C:G:A:wC	81	110	-	4.04878	3.18e-05	0.0348	ACCCGGGAGGCGGAGCTTGCCGTGAGCCGA
pattern_2		19:49587245:T:C:A:wC	82	111	-	4.04878	3.18e-05	0.0348	ACCTGGGAGGCGGAGGTTGTGGTGAGCCAA
pattern_2		2:114387185:C:T:R:wC	126	155	-	4.04878	3.18e-05	0.0348	ACTCGCAAGGCTGTGGCAGGAGAATGGTGT
pattern_2		2:114387185:C:T:A:wC	126	155	-	4.04878	3.18e-05	0.0348	ACTCGCAAGGCTGTGGCAGGAGAATGGTGT
pattern_5		5:158466283:T:A:A:wC	47	76	+	11.7381	3.21e-05	0.15	AGAAAAGAAAATCTTTTACACTTTTGTATA
pattern_5		22:23910746:G:A:A:wC	28	57	-	11.7381	3.21e-05	0.15	AGCTCCATTTTTTTTTTTTTTTTTTGAGAC
pattern_0		5:64924881:T:C:A:wC	111	140	+	11.5	3.23e-05	0.0608	GTTGCCTCAAATTTTTAAATATTACATTTT
pattern_4		14:93016815:A:G:R:wC	22	51	+	11.7262	3.23e-05	0.131	TTTATTTTTGTTTAGTTTTATTTATTTATT
pattern_2		4:31998562:G:A:R:wC	25	54	-	3.9878	3.25e-05	0.0355	CCCCACCAGACTCAGGAGCCCGGCTGGCTT
pattern_2		11:55268647:C:T:A:wC	76	105	+	3.9878	3.25e-05	0.0355	CCGGGGGAGACCCAGCATCCAAGATGCACT
pattern_1		11:8074982:A:G:A:wC	137	166	+	11.9524	3.25e-05	0.354	CTGTTTTTATTTATTTATCTTTATTTATTA
pattern_0		22:38498985:G:A:R:wC	167	196	-	11.4881	3.25e-05	0.0611	CTGGCTAATTTTTTTTTTTTTTTAATTTTG
pattern_3		8:22373383:T:C:A:wC	158	187	-	11.7931	3.25e-05	0.189	CAAAATAAAATAAAATAAAATAAAATAAAA
pattern_0		12:100816980:G:A:A:wC	122	151	+	11.4762	3.27e-05	0.0614	GTAAGCTAATTGTTTTAAAGTCTGCTTAGT
pattern_5		4:145909138:T:C:R:wC	64	93	-	11.7024	3.27e-05	0.15	AAAAAAACAAAAATTGTTGAATTTAAAAAT
pattern_2		1:43250941:A:T:A:wC	158	187	-	3.96341	3.27e-05	0.0357	ACACGCGTGGCACAGGCACGGCGACGACGC
pattern_1		13:74711955:C:T:A:wC	31	60	+	11.9405	3.28e-05	0.354	TTTATTTTATTTATTTATTTATTTATTTTG
pattern_4		9:4670525:A:G:R:wC	10	39	-	11.7024	3.28e-05	0.132	ATCCTTTCTATTATTTTACATTTTCTACTT
pattern_0		3:172529861:A:G:A:wC	5	34	+	11.4643	3.29e-05	0.0615	TGTATTTCTTTTTTTTTTTTTTTTGGGAGA
pattern_0		2:60852853:T:C:A:wC	14	43	+	11.4643	3.29e-05	0.0615	GTTTTTTTTTTTTTTTTTTTTTTTTTGAGG
pattern_5		7:29398110:G:A:R:wC	4	33	+	11.6905	3.3e-05	0.15	AAAAAAATTTTAATTTAAAAATAAAAGAAA
pattern_5		17:57510745:C:T:R:wC	14	43	+	11.6905	3.3e-05	0.15	TAATTTTTAAAAATTTTTTTTTCAAGATGG
pattern_5		1:64060262:C:A:R:wC	118	147	-	11.6905	3.3e-05	0.15	TTACTGAAAAACTTTTTTTTTTTAATTTCC
pattern_5		13:114175004:C:T:R:wC	159	188	+	11.6905	3.3e-05	0.15	TACGCAATTTGTTTTTATAGTTTAAAATCA
pattern_4		14:100363254:A:C:R:wC	40	69	-	11.6905	3.3e-05	0.132	GTCAATTATTAATTTTTTTACTGTAATCTA
pattern_4		3:111612191:A:G:R:wC	108	137	+	11.6905	3.3e-05	0.132	CATCCTGAGTATAATTTTAATTTATTAAAA
pattern_3		2:170401673:T:C:R:wC	149	178	-	11.7701	3.31e-05	0.191	TTTACTTATTTTAAATTTAAATAAAGACAG
pattern_2		1:38405257:T:C:A:wC	27	56	-	3.92683	3.31e-05	0.0361	ACCCAGGAGGCGGAGCTTGCAGTAAGCCGA
pattern_0		21:46383063:G:C:R:wC	28	57	+	11.4524	3.32e-05	0.0618	CCTGTTCATTTTCTTTCTTTTTTTTTTTTT
pattern_2		13:99577216:C:T:A:wC	26	55	+	3.91463	3.33e-05	0.0362	GTCTCGGTGGCTAATGCTTGTAATCCCAGC
pattern_0		12:54569883:G:A:A:wC	58	87	-	11.4405	3.34e-05	0.0621	GCCTGGCTAATTTTGTATTTTTAGTAGAGA
pattern_2		8:142353770:G:C:R:wC	63	92	-	3.90244	3.34e-05	0.0363	GCCCAAGGGGCTGACCCTGGGGTGTGACAT
pattern_5		1:1768779:C:T:R:wC	5	34	+	11.6667	3.34e-05	0.15	CATTGAGTTAATTTTTTTTTTTTTTTTTGA
pattern_5		6:42989920:T:G:R:wC	17	46	+	11.6667	3.34e-05	0.15	TTTGTTTTTTTAATTTTTTTTTTTTGAGAC
pattern_5		10:99103492:A:G:R:wC	9	38	-	11.6667	3.34e-05	0.15	TACTTTACTTTTTTTTTTTTTTTTTGAGAC
pattern_5		1:148239834:G:T:A:wC	69	98	+	11.6667	3.34e-05	0.15	GATAAAAAATGTATTTTAGGGTAAAATATT
pattern_5		3:24341272:A:T:A:wC	103	132	+	11.6667	3.34e-05	0.15	TATTTATTTTTTTTTTTTTAGCAAACATAC
pattern_5		1:11124943:G:A:A:wC	75	104	-	11.6667	3.34e-05	0.15	CAAGTGGAATTTTTTTTTTTTTTTTTTCCT
pattern_4		3:171989276:T:G:R:wC	133	162	-	11.6667	3.35e-05	0.133	TGTTTTCATCTTCTTTTTCATCAGAATAAG
pattern_2		5:76744510:T:C:A:wC	84	113	+	3.89024	3.35e-05	0.0364	ACCAGCCTGGCCAATACGGAGAAACCCCGT
pattern_1		17:66184456:G:A:R:wC	64	93	+	11.9048	3.36e-05	0.354	TACAATTTCATTATTTATATTTTCATTATG
pattern_1		17:66184456:G:A:A:wC	64	93	+	11.9048	3.36e-05	0.354	TACAATTTCATTATTTATATTTTCATTATG
pattern_0		12:66385194:C:G:A:wC	35	64	-	11.4286	3.36e-05	0.0622	ATATAACAAAATTTTAAAATTATTTAAATA
pattern_0		22:51219704:G:A:R:wC	164	193	-	11.4286	3.36e-05	0.0622	GGTTTAGTTTTTTTTTTTTTTTTTTTGAGA
pattern_0		22:51219704:G:A:A:wC	164	193	-	11.4286	3.36e-05	0.0622	GGTTTAGTTTTTTTTTTTTTTTTTTTGAGA
pattern_3		1:118688547:A:G:A:wC	31	60	-	11.7471	3.36e-05	0.191	GAAACAAAAATTGTCTATAAAGAATAAAAG
pattern_2		5:130673669:C:T:R:wC	159	188	+	3.86585	3.38e-05	0.0366	TTCTGCGTCGCTCACGCTGGGAGTTGCAGA
pattern_0		19:35775441:A:G:R:wC	3	32	-	11.4167	3.39e-05	0.0625	CAGAGTCACTTTTTTTGTTTGTTTTTTAGA
pattern_3		1:90234055:C:A:A:wC	33	62	+	11.7356	3.39e-05	0.191	ATTTTTTATTTTTTCTATTTATTTTTTCTA
pattern_3		6:3470613:T:C:A:wC	53	82	+	11.7356	3.39e-05	0.191	GATAAGAATGTTATGTATAAAATTAGATAT
pattern_3		6:3470609:A:G:A:wC	57	86	+	11.7356	3.39e-05	0.191	GATAAGAATGTTATGTATAAAATTAGATAT
pattern_2		9:114325819:T:C:A:wC	134	163	-	3.84146	3.41e-05	0.0369	ACCTGGGAGGCGGAGCTTGCAGTGAGCCAA
pattern_0		3:188066896:T:C:R:wC	168	197	+	11.4048	3.41e-05	0.0627	AGGGGAAGAATTTTTTTAAAAAAATTTAAA
pattern_0		5:64924881:T:C:A:wC	142	171	-	11.4048	3.41e-05	0.0627	CTTAAAATATTGTTTTCATATGAATTAACA
pattern_5		11:69457293:C:T:A:wC	129	158	+	11.631	3.41e-05	0.151	TATTTTTTTAATATTTTTAAATATTTTTTG
pattern_1		9:97503617:C:T:R:wC	8	37	+	11.881	3.42e-05	0.354	CCTTTTGTTTTTATTTTATTTTTTATTTTT
pattern_1		4:144442611:T:C:R:wC	37	66	+	11.881	3.42e-05	0.354	CTGATAAAATGTATCTTAAATTTTTTTTTT
pattern_1		2:164459422:G:T:A:wC	53	82	+	11.881	3.42e-05	0.354	CACTGAATTTTTTTTTAATATATTACAGTG
pattern_4		17:73194987:G:A:R:wC	31	60	+	11.631	3.42e-05	0.135	AAATTTTTTTTTACTTTTTAAAATTTTTTT
pattern_0		14:74041056:C:A:A:wC	3	32	+	11.3929	3.43e-05	0.0628	ATTCCAGTATTTTTTTTTTTTTTTTTTTGA
pattern_0		3:142277135:C:A:A:wC	160	189	-	11.3929	3.43e-05	0.0628	CCCAGCTAATTCTTATATTTTTAGTAGAGG
pattern_5		9:89733000:A:G:A:wC	25	54	+	11.619	3.43e-05	0.151	TTATTTTATTTTATTTTATTTTATTATTTG
pattern_5		19:8402132:G:A:R:wC	49	78	+	11.619	3.43e-05	0.151	TAATTTTTTTTTTTTTTTTTTTTTTGAGAC
pattern_5		13:39613579:A:T:R:wC	135	164	+	11.619	3.43e-05	0.151	ATTCTCAGTTATTTTTTTTCTTCGCCAAGA
pattern_4		12:69094121:C:T:R:wC	102	131	+	11.619	3.44e-05	0.136	ATTTTAAGATAACTTTTTAAATTTTAATTG
pattern_2		16:81876369:G:C:R:wC	31	60	+	3.80488	3.45e-05	0.0371	TGCAGGGAGCCTGAGAGAGACAGAGAATCA
pattern_2		1:43585828:C:A:R:wC	30	59	-	3.80488	3.45e-05	0.0371	GGCAGGGAGGCTGGGGGAGGGGCGCCCGCC
pattern_2		11:10623663:G:A:R:wC	59	88	+	3.80488	3.45e-05	0.0371	TCATGCGTGGCTGAGACCAGCTACTTCCCT
pattern_2		12:99638652:C:T:R:wC	148	177	-	3.80488	3.45e-05	0.0371	ACCTGGGCGGCGGAGGTTGCAGTGAGCTGA
pattern_1		1:90234055:C:A:A:wC	2	31	+	11.869	3.45e-05	0.354	GTTTTTGTTTTAATTTTTTATTTCTTTTTT
pattern_0		3:126653373:T:C:A:wC	102	131	+	11.381	3.45e-05	0.0631	TCTGCTTTTTTTTTTTTTTTTTTTTTTTTT
pattern_4		1:87770251:T:C:A:wC	17	46	+	11.6071	3.47e-05	0.136	TTTTAAAAGTTTCCATATTATAAATATGAT
pattern_3		1:151858888:A:G:R:wC	134	163	-	11.7011	3.48e-05	0.194	TCAAATAAAGTTGAATAATGAAGTATAACA
pattern_1		20:56990862:C:T:R:wC	6	35	-	11.8571	3.48e-05	0.354	CATTAAAGCATTATGTAAAAAATGGGATTT
pattern_0		9:23073339:C:T:A:wC	42	71	+	11.369	3.48e-05	0.0631	TCTTCAAGATTTTTTTAAGTGAAGGTTTCA
pattern_5		7:29398110:G:A:R:wC	13	42	-	11.5952	3.48e-05	0.152	TTGACTAATTTTCTTTTATTTTTAAATTAA
pattern_5		17:66215837:A:T:A:wC	96	125	+	11.5952	3.48e-05	0.152	TGGCTAATTTTTTTTTTTTTTTTGTAGAGA
pattern_2		1:1651631:T:G:A:wC	70	99	-	3.76829	3.49e-05	0.0375	ACCCAGGAGGTAGAGCTTGTAGTGAGCCGA
pattern_0		10:14568914:G:A:A:wC	15	44	+	11.3571	3.5e-05	0.0631	AGAAATATTAATTTTTTTTTTTTTTTGAGA
pattern_0		10:99103492:A:G:R:wC	8	37	-	11.3571	3.5e-05	0.0631	ACTTTACTTTTTTTTTTTTTTTTTGAGACA
pattern_0		12:129389210:T:C:A:wC	63	92	+	11.3571	3.5e-05	0.0631	TTTTTTTTTTTTTTTTTTTTTTTTGAGACA
pattern_0		16:73596300:C:T:A:wC	123	152	-	11.3571	3.5e-05	0.0631	CAGCTAATTTTTATGTATTTTTAGTAGAGA
pattern_0		20:57542074:A:G:R:wC	170	199	+	11.3571	3.5e-05	0.0631	TTTTTTTTTTTTTTTTTTTTTTTTGAGACA
pattern_0		13:21341377:G:A:R:wC	162	191	-	11.3571	3.5e-05	0.0631	TTTTTTTTTTTTTTTTTTTTTTTTGAGACA
pattern_2		9:136034364:G:A:A:wC	151	180	-	3.7439	3.52e-05	0.0377	TCCCAGGAGGCTAAGGTTACAGTGAGCCAA
pattern_4		7:29398110:G:A:R:wC	56	85	+	11.5833	3.52e-05	0.138	TTTATTTATTTATTTATTTATTTTCTTTTT
pattern_0		19:51126928:A:G:A:wC	38	67	-	11.3452	3.53e-05	0.0633	TTTTTTTTTTTTTTTTTTTTTTTTTGTAGA
pattern_0		7:79743069:C:T:R:wC	69	98	+	11.3452	3.53e-05	0.0633	CTAGCTAAAGGATTGTAAATGTATCAATCA
pattern_2		6:160211445:C:T:R:wC	168	197	+	3.73171	3.53e-05	0.0378	CTACAGCAGCCAAAGGCTTGTCCCTGACTT
pattern_5		1:87770251:T:C:A:wC	37	66	+	11.5714	3.53e-05	0.153	TAAATATGATGCATATTTTATTAGAGAAAA
pattern_2		21:45725857:T:C:A:wC	70	99	+	3.71951	3.54e-05	0.0379	CCCTGAGGCCCTGGGGCAGGGCAGTGCTGT
pattern_2		21:45725857:T:C:R:wC	70	99	+	3.71951	3.54e-05	0.0379	CCCTGAGGCCCTGGGGCAGGGCAGTGCTGT
pattern_0		22:23910746:G:A:A:wC	30	59	-	11.3333	3.55e-05	0.0635	CCAGCTCCATTTTTTTTTTTTTTTTTTGAG
pattern_0		13:114175004:C:T:R:wC	159	188	+	11.3333	3.55e-05	0.0635	TACGCAATTTGTTTTTATAGTTTAAAATCA
pattern_5		10:125243654:A:G:A:wC	138	167	+	11.5595	3.55e-05	0.153	TCTGTTAAATTATTATTTTGTTTTTAATAA
pattern_5		19:38124179:G:A:R:wC	160	189	-	11.5595	3.55e-05	0.153	GAAAAAAAGAAAATTTCTACATATTAAAAC
pattern_2		12:133250017:C:A:A:wC	85	114	+	3.70732	3.56e-05	0.0379	GTCCCGGAGACACAGACTGCTGGGTGGAGC
pattern_2		9:116845484:C:T:A:wC	149	178	+	3.70732	3.56e-05	0.0379	ACCCAGGAGGCGGAGGTTGCAGTGAGCCAA
pattern_0		6:42989920:T:G:R:wC	21	50	+	11.3214	3.57e-05	0.0638	TTTTTTTAATTTTTTTTTTTTGAGACGGAG
pattern_4		10:114197982:A:T:R:wC	163	192	+	11.5476	3.59e-05	0.14	TTTATTAATATACTTTTTTAATATTGAAGA
pattern_1		9:131197305:T:C:A:wC	50	79	+	11.8095	3.6e-05	0.354	TAATTTTTATTTATTTATTTATTTATTTAT
pattern_0		6:109759854:C:T:A:wC	29	58	+	11.3095	3.6e-05	0.0641	GTAAACAGTTTTTTGTTTTTTTTTTTAAGA
pattern_2		22:42436322:G:A:A:wC	72	101	-	3.65854	3.62e-05	0.038	ATCCAGGAGGCGGAGGTTGCAGTGAGCTGA
pattern_2		2:188412244:T:A:R:wC	133	162	-	3.65854	3.62e-05	0.038	TTTAGAGTGATTCAGAGGAGTTGATCACGA
pattern_0		2:102032171:C:T:A:wC	13	42	-	11.2976	3.62e-05	0.0643	TCTCCCATATATTTGTCAAATGAATGAATG
pattern_1		17:74543679:C:G:R:wC	55	84	-	11.7976	3.63e-05	0.354	CTGTTAGTAAATTTTTAAAAATTTTCTCAG
pattern_1		1:87029337:C:T:A:wC	77	106	-	11.7976	3.63e-05	0.354	CTGTGGAAAAGCATTTCAAATACATGATCA
pattern_1		8:113945521:C:T:R:wC	123	152	-	11.7976	3.63e-05	0.354	AACTGGTAAAAAATTTGAACTATTCTATTT
pattern_4		16:16923453:G:A:A:wC	125	154	+	11.5238	3.64e-05	0.14	TTTTTTTTTTTTTTTTTTTAATCTCAGGGT
pattern_4		12:66385194:C:G:A:wC	154	183	-	11.5238	3.64e-05	0.14	TCAAAATTATAAAATTAAAATTATTTTGGT
pattern_0		2:217109599:G:A:R:wC	146	175	+	11.2857	3.65e-05	0.0643	TTTTGTTAATTTCTGTCATGAAAATTTTCA
pattern_0		1:45969036:G:C:R:wC	164	193	+	11.2857	3.65e-05	0.0643	CTGCTTTTTTTTTTTTTTTTTTTTTTGAGA
pattern_5		16:87747204:T:C:R:wC	2	31	+	11.5119	3.65e-05	0.155	TAACAAATGCAATTTTTTTCAAAATCAAGA
pattern_5		9:33148834:T:C:R:wC	63	92	-	11.5119	3.65e-05	0.155	TTGAGCATTTTTTTTTTTTTTTTTACTTTT
pattern_5		3:106221324:G:A:A:wC	161	190	-	11.5119	3.65e-05	0.155	TATTTTTTTTATTTTTTTTTTTTGAGACGG
pattern_2		1:111605170:A:G:A:wC	74	103	-	3.62195	3.66e-05	0.038	CCACGGCAGGTGGGGACGGGTGGGACCTGA
pattern_1		14:93510644:C:G:R:wC	52	81	+	11.7857	3.66e-05	0.354	TCAAAGGAAAGAATGTAAAATTCCTGTGTG
pattern_4		7:17162882:A:G:R:wC	26	55	-	11.5119	3.67e-05	0.14	AGCTCAAATGTTATTTTCTATTTCTCAAAT
pattern_4		18:13665589:A:C:R:wC	161	190	+	11.5119	3.67e-05	0.14	TACTGCTGACAAATATTTGATTTTAACAAT
pattern_4		2:54834839:G:A:R:wC	168	197	-	11.5119	3.67e-05	0.14	TAGAAAAATTTTATTTTCAAATATATTTGT
pattern_0		7:4807826:T:C:R:wC	18	47	+	11.2738	3.67e-05	0.0643	ACTGACTTCTTTTTTTTTTTTTTTTTTTTT
pattern_0		3:119372364:G:T:R:wC	53	82	+	11.2738	3.67e-05	0.0643	TCAGCAATTCTTTTTTTTTTTTTTTTGAGA
pattern_0		21:43513327:G:T:A:wC	90	119	+	11.2738	3.67e-05	0.0643	TAATTTTATTTTTTGTTTTTTATAGAGACA
pattern_0		8:17574213:G:C:R:wC	110	139	+	11.2738	3.67e-05	0.0643	CCGGCTCATTTTTTCTATTTTTAGTGGAGA
pattern_0		22:17613614:C:T:R:wC	170	199	-	11.2738	3.67e-05	0.0643	TGTAATTTTTTTTTTTTTTTTTTTGAGACG
pattern_0		22:17613614:C:T:A:wC	170	199	-	11.2738	3.67e-05	0.0643	TGTAATTTTTTTTTTTTTTTTTTTGAGACG
pattern_5		7:40421488:T:G:A:wC	50	79	+	11.5	3.68e-05	0.155	GTGATTAGTATTTTTTTATGTTAATCATTT
pattern_1		4:156645933:G:A:A:wC	61	90	-	11.7738	3.69e-05	0.354	TTTTTAAAAAATAGTTAGAGTCATAAAAGT
pattern_4		5:107014713:A:G:R:wC	137	166	+	11.5	3.69e-05	0.14	TTTTAATGAGAAATATTTTACTGAATTGAC
pattern_0		17:73194987:G:A:R:wC	16	45	+	11.2619	3.7e-05	0.0645	ATTTTTTAATTTTTAAAATTTTTTTTTACT
pattern_0		10:114197982:A:T:R:wC	167	196	+	11.2619	3.7e-05	0.0645	TTAATATACTTTTTTAATATTGAAGAAACA
pattern_3		1:44395309:C:T:A:wC	67	96	-	11.6092	3.71e-05	0.206	AGATGGCAAATCTTTTTTAGAAAATTAAAA
pattern_2		7:83302264:G:A:R:wC	12	41	-	3.57317	3.72e-05	0.038	ACCCGGGAGGCGGAGCTTGCAGTGAGCCGA
pattern_2		11:63985628:A:G:R:wC	15	44	-	3.57317	3.72e-05	0.038	ACCCGGGAGGCGGAGCTTGCAGTGAGCCGA
pattern_2		9:97723266:G:A:R:wC	49	78	+	3.57317	3.72e-05	0.038	ACCCGGGAGGCGGAGCTTGCAGTGAGCCGA
pattern_2		8:25397347:G:C:A:wC	42	71	-	3.57317	3.72e-05	0.038	ACCCGGGAGGCGGAGCTTGCAGTGAGCCGA
pattern_2		8:145654298:G:A:A:wC	42	71	-	3.57317	3.72e-05	0.038	ACCCGGGAGGCGGAGCTTGCAGTGAGCCGA
pattern_2		3:197816514:C:G:R:wC	85	114	+	3.57317	3.72e-05	0.038	ACCCGGGAGGCGGAGCTTGCAGTGAGCCGA
pattern_2		19:1519560:T:C:A:wC	59	88	-	3.57317	3.72e-05	0.038	ACCCGGGAGGCGGAGCTTGCAGTGAGCCGA
pattern_2		22:51219704:G:A:R:wC	89	118	+	3.57317	3.72e-05	0.038	ACCCGGGAGGCGGAGCTTGCAGTGAGCCGA
pattern_2		12:3053028:G:C:R:wC	66	95	-	3.57317	3.72e-05	0.038	ACCCGGGAGGCGGAGCTTGCAGTGAGCCGA
pattern_2		13:27111501:C:T:R:wC	67	96	-	3.57317	3.72e-05	0.038	ACCCGGGAGGCGGAGCTTGCAGTGAGCCGA
pattern_2		13:27111501:C:T:A:wC	67	96	-	3.57317	3.72e-05	0.038	ACCCGGGAGGCGGAGCTTGCAGTGAGCCGA
pattern_2		19:3410135:T:C:R:wC	71	100	-	3.57317	3.72e-05	0.038	ACCCGGGAGGCGGAGCTTGCAGTGAGCCGA
pattern_2		3:196330302:G:C:R:wC	105	134	+	3.57317	3.72e-05	0.038	ACCCGGGAGGCGGAGCTTGCAGTGAGCCGA
pattern_2		16:89325052:C:T:R:wC	79	108	-	3.57317	3.72e-05	0.038	ACCCGGGAGGCGGAGCTTGCAGTGAGCCGA
pattern_2		6:35432100:C:T:R:wC	82	111	-	3.57317	3.72e-05	0.038	ACCCGGGAGGCGGAGCTTGCAGTGAGCCGA
pattern_2		19:10682247:A:G:R:wC	115	144	+	3.57317	3.72e-05	0.038	ACCCGGGAGGCGGAGCTTGCAGTGAGCCGA
pattern_2		2:114387185:C:T:R:wC	94	123	-	3.57317	3.72e-05	0.038	ACCCGGGAGGCGGAGCTTGCAGTGAGCCGA
pattern_2		5:441695:T:C:A:wC	99	128	-	3.57317	3.72e-05	0.038	ACCCGGGAGGCGGAGCTTGCAGTGAGCCGA
pattern_2		7:4807826:T:C:R:wC	105	134	-	3.57317	3.72e-05	0.038	ACCCGGGAGGCGGAGCTTGCAGTGAGCCGA
pattern_2		16:89285085:G:C:A:wC	135	164	+	3.57317	3.72e-05	0.038	ACCCGGGAGGCGGAGCTTGCAGTGAGCCGA
pattern_2		19:17372199:C:T:R:wC	113	142	-	3.57317	3.72e-05	0.038	ACCCGGGAGGCGGAGCTTGCAGTGAGCCGA
pattern_2		1:37732081:G:A:A:wC	113	142	-	3.57317	3.72e-05	0.038	GGGGAGGAGGCCCAGGGAAGTGGGAGGACA
pattern_2		5:179056171:G:A:R:wC	148	177	+	3.57317	3.72e-05	0.038	ACCCGGGAGGCGGAGCTTGCAGTGAGCCGA
pattern_2		19:55698586:A:G:R:wC	148	177	+	3.57317	3.72e-05	0.038	ACCCGGGAGGCGGAGCTTGCAGTGAGCCGA
pattern_2		7:76251126:G:A:R:wC	152	181	+	3.57317	3.72e-05	0.038	ACCCGGGAGGCGGAGCTTGCAGTGAGCCGA
pattern_2		7:76251126:G:A:A:wC	152	181	+	3.57317	3.72e-05	0.038	ACCCGGGAGGCGGAGCTTGCAGTGAGCCGA
pattern_2		3:119372364:G:T:R:wC	128	157	-	3.57317	3.72e-05	0.038	ACCCGGGAGGCGGAGCTTGCAGTGAGCCGA
pattern_2		19:16461254:G:A:R:wC	160	189	+	3.57317	3.72e-05	0.038	ACCCGGGAGGCGGAGCTTGCAGTGAGCCGA
pattern_2		11:65449055:C:T:A:wC	144	173	-	3.57317	3.72e-05	0.038	ACCCGGGAGGCGGAGCTTGCAGTGAGCCGA
pattern_2		17:73988617:G:A:A:wC	144	173	-	3.57317	3.72e-05	0.038	ACCCGGGAGGCGGAGCTTGCAGTGAGCCGA
pattern_2		19:4369447:C:T:R:wC	145	174	-	3.57317	3.72e-05	0.038	CTGTGAGAGGCAGGGGGCTGGGGAAGGGCC
pattern_4		19:40821578:T:G:R:wC	43	72	-	11.4881	3.72e-05	0.141	CATGCCTGGCTAATTTTTTATTTTTAGTAG
pattern_0		16:3743046:T:C:A:wC	5	34	+	11.25	3.72e-05	0.0645	CTGGCCTTTTGTTTTTGTTTTTTTTTGAGA
pattern_0		15:41733249:A:G:A:wC	11	40	+	11.25	3.72e-05	0.0645	TCCCCTCTTTTTTTTTTTTTTTTTTTTTGA
pattern_0		2:86418955:A:G:A:wC	12	41	-	11.25	3.72e-05	0.0645	CTAATTTTTTTTTTTTTTTTTTTTTTGTAT
pattern_0		19:8402132:G:A:R:wC	46	75	+	11.25	3.72e-05	0.0645	GGCTAATTTTTTTTTTTTTTTTTTTTTTGA
pattern_3		21:37477069:C:T:A:wC	15	44	-	11.5977	3.74e-05	0.207	ATATAAAATTTTCTTTTTAATTCTCTGCAA
pattern_4		21:37477069:C:T:A:wC	15	44	-	11.4762	3.74e-05	0.141	ATATAAAATTTTCTTTTTAATTCTCTGCAA
pattern_0		2:164459422:G:T:A:wC	51	80	+	11.2381	3.75e-05	0.0648	AGCACTGAATTTTTTTTTAATATATTACAG
pattern_1		1:90234055:C:A:A:wC	41	70	+	11.75	3.75e-05	0.354	TTTTTTCTATTTATTTTTTCTATTTTCTAC
pattern_1		7:29398110:G:A:R:wC	47	76	+	11.75	3.75e-05	0.354	TAATGATGATTTATTTATTTATTTATTTAT
pattern_1		7:30545924:A:G:A:wC	111	140	+	11.75	3.75e-05	0.354	TGGTTACAATTTATTTATTTTATTTTTATT
pattern_5		3:150435403:G:T:R:wC	45	74	+	11.4643	3.75e-05	0.155	TTATTTCTTTTTCTTTTTTTTTTTTTTTTA
pattern_5		16:3111193:T:C:A:wC	47	76	+	11.4643	3.75e-05	0.155	AAATAAAAATAAAAATAATAATAATAAGAA
pattern_5		9:15880555:A:G:A:wC	164	193	+	11.4643	3.75e-05	0.155	TAATTGTTTTTTTTTTTTTTTTTTTTTGTA
pattern_2		11:118662045:T:C:A:wC	21	50	-	3.53659	3.76e-05	0.0384	GCCGCGGCGGCCGAGGTTTCGCCATCTTGA
pattern_5		17:47135491:T:C:A:wC	12	41	+	11.4524	3.78e-05	0.155	TAATAAACTTATAATTAATACAAGTTAGTA
pattern_1		2:113312117:A:G:A:wC	145	174	+	11.7381	3.78e-05	0.354	TTTCTCTTATTAATTTAATGTTATTAAATT
pattern_2		7:38784481:C:T:R:wC	58	87	+	3.5122	3.79e-05	0.0386	GGCAAAGAGGCCAATGAGAGTGAGTGCTGT
pattern_0		3:133480388:T:C:R:wC	53	82	-	11.2143	3.8e-05	0.0656	TCTGGTTTTTATTTTTTTATTTTTTATTTT
pattern_5		9:97503617:C:T:R:wC	20	49	+	11.4405	3.81e-05	0.155	ATTTTATTTTTTATTTTTTTATTTTTTTAT
pattern_5		8:6880575:T:C:A:wC	12	41	-	11.4405	3.81e-05	0.155	AATCAGAGTTTTCTTTTTTCCTAGAAAGCT
pattern_5		2:203281513:G:A:R:wC	120	149	+	11.4405	3.81e-05	0.155	GACAACAAAGGACTTTTTTCTTTTTCTTTT
pattern_0		17:73194987:G:A:R:wC	27	56	+	11.2024	3.82e-05	0.0658	TTTAAAATTTTTTTTTACTTTTTAAAATTT
pattern_0		8:23082971:G:T:R:wC	119	148	+	11.2024	3.82e-05	0.0658	CCTTTTTTTTTTTTTTTTTTTTTTGAGATG
pattern_5		17:73194987:G:A:R:wC	26	55	+	11.4286	3.83e-05	0.155	TTTTAAAATTTTTTTTTACTTTTTAAAATT
pattern_5		12:58167661:A:G:R:wC	88	117	+	11.4286	3.83e-05	0.155	TATTATGAATATATTTCAGATTCCTTAGGT
pattern_5		11:69457293:C:T:A:wC	122	151	+	11.4286	3.83e-05	0.155	ACTTAGTTATTTTTTTAATATTTTTAAATA
pattern_3		12:66385194:C:G:A:wC	56	85	+	11.5632	3.83e-05	0.209	TTGTTATATATTTTGTTATGATAATCACAT
pattern_2		2:153451494:C:T:A:wC	106	135	+	3.47561	3.84e-05	0.039	CTCTGCGTCACAGGGGAGTGGAAATGGCCA
pattern_4		21:37463631:T:C:A:wC	19	48	-	11.4286	3.85e-05	0.143	AAGGCTTAGAATTATTATTATTATTTTTTT
pattern_1		1:151858888:A:G:R:wC	158	187	-	11.7143	3.85e-05	0.354	GTTTTTAAAAATATTTTTCCATGTTCAAAT
pattern_0		7:29398110:G:A:R:wC	59	88	+	11.1905	3.85e-05	0.066	ATTTATTTATTTATTTATTTTCTTTTTTGA
pattern_5		10:102075479:G:A:R:wC	2	31	-	11.4167	3.86e-05	0.155	GACTGGTAATATATTTATTAAATTTTTACC
pattern_2		2:192627058:A:T:R:wC	36	65	+	3.45122	3.87e-05	0.0392	GGCAGCGAGGCTGGGGGAGGGGCACCCGCC
pattern_2		10:11892162:T:C:A:wC	144	173	+	3.45122	3.87e-05	0.0392	TTGTGAGTGGCAGGGAGGGGAGGAGTCGGA
pattern_4		4:70516431:C:T:R:wC	32	61	-	11.4167	3.87e-05	0.143	ATACAATTGTATCTATTTAAATATATAGTT
pattern_0		13:21326587:T:G:A:wC	9	38	+	11.1786	3.88e-05	0.066	GGATGTTGAATTTTTTAAAATGCTTTTTCT
pattern_0		6:109759854:C:T:A:wC	33	62	+	11.1786	3.88e-05	0.066	ACAGTTTTTTGTTTTTTTTTTTAAGACAGA
pattern_0		19:41259325:A:G:R:wC	69	98	+	11.1786	3.88e-05	0.066	TTTTTTTTTTTTTTTTTTTTTTTTTTGAGG
pattern_0		7:30545924:A:G:A:wC	122	151	+	11.1786	3.88e-05	0.066	TATTTATTTTATTTTTATTTTTTTGAGACA
pattern_1		21:38398211:T:C:R:wC	22	51	+	11.7024	3.88e-05	0.354	CCAAGTTTATTTATTTTTCCTTTTTTACTC
pattern_2		2:44271496:C:T:R:wC	78	107	+	3.43902	3.88e-05	0.0393	CCCTGCGCGGCCCAGACTGGGACGCTAGAT
pattern_2		19:55815894:T:C:A:wC	88	117	-	3.43902	3.88e-05	0.0393	GGACAGGAGACTGAGATGAGCGAGTGGACT
pattern_5		12:69094121:C:T:R:wC	102	131	+	11.4048	3.88e-05	0.156	ATTTTAAGATAACTTTTTAAATTTTAATTG
pattern_2		1:43426621:G:C:R:wC	63	92	-	3.42683	3.9e-05	0.0394	GCTTCCCAGGCAGAGGAGACAAGCTGAGCA
pattern_2		10:114567410:C:T:R:wC	104	133	+	3.42683	3.9e-05	0.0394	ACTAGCCTGGCCAACATGGTAAAACCCCAT
pattern_3		19:20013987:A:G:R:wC	17	46	+	11.5402	3.9e-05	0.209	TTTGTAAAATAAAAACGTTAATTTATGTAA
pattern_4		4:741742:T:C:R:wC	20	49	+	11.4048	3.9e-05	0.143	CCTTTTTCTTTTTTTTTTTAATTACCAGAG
pattern_4		12:66385194:C:G:A:wC	36	65	-	11.4048	3.9e-05	0.143	TATATAACAAAATTTTAAAATTATTTAAAT
pattern_4		21:43513327:G:T:A:wC	73	102	+	11.4048	3.9e-05	0.143	TTATTTATTTATTTAATTAATTTTATTTTT
pattern_0		16:89325052:C:T:R:wC	1	30	+	11.1667	3.9e-05	0.066	TGCTGTCTATTTTTTTTTTTTTTTTTTTTG
pattern_0		16:54152297:G:C:A:wC	65	94	+	11.1667	3.9e-05	0.066	AGTCTTTTTTTTTTTTCTTTTTTTTTTTCA
pattern_0		16:54152297:G:C:R:wC	65	94	+	11.1667	3.9e-05	0.066	AGTCTTTTTTTTTTTTCTTTTTTTTTTTCA
pattern_0		2:213151472:G:A:A:wC	116	145	+	11.1667	3.9e-05	0.066	GTTAATTTTTTTTTTTTTTTTTTTTTTTGT
pattern_2		16:88991943:G:A:A:wC	25	54	-	3.41463	3.91e-05	0.0395	CTCTGGCTGCCTGGCACAGGAAGGGCCTCC
pattern_1		19:4080391:A:G:A:wC	80	109	-	11.6905	3.91e-05	0.354	CCCTTTTTACTTATTTATTTTTTGTTTTTG
pattern_4		20:51570506:C:T:R:wC	13	42	+	11.3929	3.93e-05	0.143	AAAAATTTATTACTTTTTAAATATAATTTA
pattern_4		16:81887372:A:G:R:wC	29	58	+	11.3929	3.93e-05	0.143	CTGATTTATACTACATTTTATTGGTTAAAA
pattern_4		10:62500217:C:T:R:wC	59	88	-	11.3929	3.93e-05	0.143	CATGCCCGACTAATTTTTAATTCTTTTTTT
pattern_0		4:155693001:A:G:R:wC	17	46	+	11.1548	3.93e-05	0.0662	ATTTATTTATTTATTTATTTTTATGCTTTA
pattern_0		22:45603296:T:C:R:wC	165	194	+	11.1548	3.93e-05	0.0662	ACGTAATTTTTTTTTTTTTTTTTTAATAGA
pattern_2		5:179735213:A:G:A:wC	64	93	+	3.40244	3.93e-05	0.0395	ACCTGGGAGGCGGAGCTTGCAGTGAGCTGA
pattern_2		16:5088515:C:T:R:wC	60	89	-	3.40244	3.93e-05	0.0395	ACCTGGGAGGCGGAGCTTGCAGTGAGCTGA
pattern_3		4:122278614:C:G:A:wC	46	75	+	11.5287	3.93e-05	0.209	AGAGATAAGGTAAAATAAAAAAAAATTTAA
pattern_5		21:43513327:G:T:A:wC	81	110	+	11.381	3.94e-05	0.156	TTATTTAATTAATTTTATTTTTTGTTTTTT
pattern_0		15:38838432:A:T:R:wC	53	82	-	11.1429	3.95e-05	0.0666	AAGTTATAATTTATGTAAAATGTTATTAAA
pattern_2		3:156532666:C:T:R:wC	118	147	-	3.37805	3.96e-05	0.0398	ATCTCCCAGGCTCAGGCGATCCTCCCACCT
pattern_3		17:581967:C:T:A:wC	3	32	+	11.5172	3.96e-05	0.209	CTAAATATATATATATATATATTTTTTTGA
pattern_3		2:164459422:G:T:A:wC	50	79	+	11.5172	3.96e-05	0.209	GAGCACTGAATTTTTTTTTAATATATTACA
pattern_5		7:29398110:G:A:R:wC	3	32	+	11.369	3.96e-05	0.156	AAAAAAAATTTTAATTTAAAAATAAAAGAA
pattern_5		2:152263544:T:C:A:wC	73	102	+	11.369	3.96e-05	0.156	ATTTTAGTTGATTTTTTTTTTTTAAGACGG
pattern_2		16:20557688:T:C:R:wC	94	123	-	3.36585	3.97e-05	0.0399	GCTCGGGACACTGAGGAGGGAGGAAGTTAG
pattern_0		17:15414354:C:T:A:wC	112	141	-	11.131	3.98e-05	0.0668	TTATCTTTTTTTTTTTTTTTTTTTTTTTGA
pattern_0		18:58192696:A:G:A:wC	152	181	-	11.131	3.98e-05	0.0668	TTGTAAACATATTTTTAAAAAAGAAAGAAA
pattern_1		2:16229124:C:A:R:wC	131	160	+	11.6667	3.98e-05	0.354	TCTATTCGATTTATTTTTATTTTTTATTTA
pattern_1		2:16229124:C:A:A:wC	131	160	+	11.6667	3.98e-05	0.354	TCTATTCGATTTATTTTTATTTTTTATTTA
pattern_5		21:37463631:T:C:A:wC	9	38	-	11.3571	3.99e-05	0.156	ATTATTATTATTATTTTTTTTTTGAGGTGG
pattern_5		21:43513327:G:T:A:wC	86	115	+	11.3571	3.99e-05	0.156	TAATTAATTTTATTTTTTGTTTTTTATAGA
pattern_5		14:75784722:A:G:R:wC	113	142	+	11.3571	3.99e-05	0.156	GCACGCATTTTTTTTTTTTTTTTGAAATGA
pattern_3		22:31991001:G:A:R:wC	58	87	+	11.5057	3.99e-05	0.209	GAAATAATAATAATTTATTTATTTATTTAT
pattern_3		11:72370557:C:T:R:wC	155	184	+	11.5057	3.99e-05	0.209	GTTACATAATTGCTTTAATATTTAGTTCTA
pattern_0		6:38669792:C:T:A:wC	4	33	+	11.119	4.01e-05	0.067	GTGCCTGAATTTTTTTTTTTTTTTTTTTTT
pattern_0		4:155693001:A:G:R:wC	13	42	+	11.119	4.01e-05	0.067	TTTTATTTATTTATTTATTTATTTTTATGC
pattern_1		1:90234055:C:A:A:wC	28	57	+	11.6548	4.01e-05	0.354	TTTTTATTTTTTATTTTTTCTATTTATTTT
pattern_5		5:441695:T:C:A:wC	10	39	+	11.3452	4.02e-05	0.156	TAAATACCTTTTTTTTTTTTTTTTTTTTTT
pattern_2		7:29390646:C:A:R:wC	99	128	+	3.32927	4.02e-05	0.0403	ACCTGGGAGGCGGAGGTTGCGATGAGCTGA
pattern_0		20:37266874:T:C:A:wC	9	38	-	11.1071	4.03e-05	0.0673	CTAATTTTTTTTTTTTGTATTTTTAGTAGA
pattern_4		4:184585015:G:A:A:wC	42	71	+	11.3452	4.04e-05	0.147	TTTTTAAAAATTAATTATGAATGTATTAAC
pattern_5		3:168686333:T:A:A:wC	108	137	+	11.3333	4.05e-05	0.156	TTGTTTTTTAGTATTTTTACTTTTAAATGT
pattern_5		17:15414354:C:T:A:wC	107	136	-	11.3333	4.05e-05	0.156	TTTTTTTTTTTTTTTTTTTTTTTGAGACGA
pattern_1		18:58192696:A:G:A:wC	160	189	+	11.6429	4.05e-05	0.354	TTTTTTAAAAATATGTTTACAATAATTCAA
pattern_0		1:87029337:C:T:A:wC	7	36	+	11.0952	4.06e-05	0.0674	AATCTAAATATATTTTATAATTGAAAGAGA
pattern_0		22:51219704:G:A:A:wC	162	191	-	11.0952	4.06e-05	0.0674	TTTAGTTTTTTTTTTTTTTTTTTTGAGACG
pattern_0		22:51219704:G:A:R:wC	162	191	-	11.0952	4.06e-05	0.0674	TTTAGTTTTTTTTTTTTTTTTTTTGAGACG
pattern_4		16:4024128:C:T:A:wC	7	36	+	11.3333	4.06e-05	0.147	TCAAGTCAGTTATTTTATTACTTTTTGAGA
pattern_4		10:93561210:G:A:A:wC	3	32	-	11.3333	4.06e-05	0.147	GAATTACTTCTTAAATAATATTTATCTAGA
pattern_2		11:809666:G:A:A:wC	77	106	+	3.29268	4.07e-05	0.0407	GCGTGGCATGCTGGGGGTGCTAGATACCGA
pattern_1		15:84657643:T:A:R:wC	80	109	+	11.631	4.08e-05	0.354	ATTTATTTATTTATTTATTTTTTTTTTTTG
pattern_0		1:64214560:T:C:A:wC	143	172	+	11.0833	4.09e-05	0.0677	CTCCTTTCATTTTTTTTAGATGAGAAAACA
pattern_2		1:90245736:G:A:A:wC	18	47	-	3.26829	4.1e-05	0.0409	ACCCAGGAGGCGGAGGTTGCAGTGAGCTGA
pattern_2		7:101242902:G:A:R:wC	79	108	-	3.26829	4.1e-05	0.0409	GCCAGGCCCGCCAGGGCAGGAGGAGCTCCG
pattern_2		1:9692131:T:C:A:wC	107	136	-	3.26829	4.1e-05	0.0409	ACCCAGGAGGCGGAGGTTGCAGTGAGCTGA
pattern_0		9:97503617:C:T:R:wC	16	45	+	11.0714	4.12e-05	0.0681	TTTTATTTTATTTTTTATTTTTTTATTTTT
pattern_1		13:50179454:T:C:A:wC	25	54	-	11.619	4.12e-05	0.354	CACGTAAAAAAGATTTCAATTTCCTCATCC
pattern_2		6:3261527:C:G:A:wC	108	137	+	3.2561	4.12e-05	0.041	GCCTGGGGGACCAGGGGTGATGGGTGGGGC
pattern_4		3:168686333:T:A:A:wC	114	143	+	11.3095	4.12e-05	0.148	TTTAGTATTTTTACTTTTAAATGTATTTTG
pattern_5		17:66184456:G:A:R:wC	68	97	+	11.2976	4.13e-05	0.157	ATTTCATTATTTATATTTTCATTATGTTTA
pattern_5		17:66184456:G:A:A:wC	68	97	+	11.2976	4.13e-05	0.157	ATTTCATTATTTATATTTTCATTATGTTTA
pattern_5		20:12973521:A:T:A:wC	83	112	+	11.2976	4.13e-05	0.157	TATTGCAAAGATTTTTTTAAAACTAAAAGT
pattern_5		9:33148834:T:C:R:wC	64	93	-	11.2976	4.13e-05	0.157	TTTGAGCATTTTTTTTTTTTTTTTTACTTT
pattern_2		17:73194987:G:A:R:wC	111	140	-	3.2439	4.13e-05	0.0411	ACCTGGGAGGCGGAGCGTGCAGTGAGCCGA
pattern_0		8:98789173:C:T:A:wC	32	61	+	11.0595	4.14e-05	0.0681	TGAAGTCTTTTTTTGTATGAGGAGCAGTGA
pattern_0		19:30297577:G:A:R:wC	103	132	+	11.0595	4.14e-05	0.0681	TCTGCCCTTTTTTTTTTTTTTTTTTTTTCC
pattern_4		8:22373383:T:C:A:wC	163	192	+	11.2976	4.15e-05	0.149	TTTTATTTTATTTTATTTTATTTTGAGACA
pattern_1		1:65923841:G:A:A:wC	69	98	-	11.6071	4.15e-05	0.354	CAGTATGAATTAAGTTCAAAAATGTTTTCA
pattern_5		12:68212300:T:C:A:wC	131	160	-	11.2857	4.16e-05	0.157	TTTATGAGATTTATTTATAAACGATGACAC
pattern_5		2:54834839:G:A:R:wC	164	193	+	11.2857	4.16e-05	0.157	AGGGACAAATATATTTGAAAATAAAATTTT
pattern_3		3:85126526:C:T:R:wC	150	179	+	11.4483	4.16e-05	0.209	CTACCATAACTGTTATGTTGAGATATTAAG
pattern_2		12:53261674:C:T:R:wC	61	90	-	3.21951	4.17e-05	0.0414	CCCTGAGTGGCTGGGGAGAGCACGTGGGCC
pattern_0		4:1257311:T:C:A:wC	55	84	+	11.0476	4.17e-05	0.0681	ATTTACCTATTTATTTATTTATTTTTTTTA
pattern_4		1:71028199:G:A:A:wC	71	100	+	11.2857	4.18e-05	0.149	TACAACAGAGATTATTTTTATTCTATTGTA
pattern_2		19:3057341:C:T:A:wC	169	198	+	3.20732	4.18e-05	0.0415	CCTCCGCTGCCAAGGACAGCCGGGGGACCT
pattern_5		14:74041056:C:A:A:wC	5	34	+	11.2738	4.18e-05	0.157	TCCAGTATTTTTTTTTTTTTTTTTTTGAGA
pattern_3		15:67965601:A:G:A:wC	28	57	+	11.4368	4.19e-05	0.209	CTGGAACACTTTTTTTTTTAATCTTTTTGT
pattern_3		20:14319063:A:G:A:wC	112	141	+	11.4368	4.19e-05	0.209	ATGCCAAAAGATTTTTTTAAATGGTATTAA
pattern_3		20:14319063:A:G:R:wC	112	141	+	11.4368	4.19e-05	0.209	ATGCCAAAAGATTTTTTTAAATGGTATTAA
pattern_0		5:80582119:T:C:A:wC	111	140	+	11.0357	4.2e-05	0.0681	CCTTTTTTTTTTTTTTTTTTTTTTTGGTTT
pattern_0		3:183450024:A:G:R:wC	146	175	-	11.0357	4.2e-05	0.0681	ATGGCTAATTTTTTTTTGTATTTTTAGTAG
pattern_5		16:89744494:G:A:R:wC	105	134	-	11.2619	4.21e-05	0.157	ATAAAAATATTTTTTTTAAATTAGCCAGAC
pattern_5		16:89744494:G:A:A:wC	105	134	-	11.2619	4.21e-05	0.157	ATAAAAATATTTTTTTTAAATTAGCCAGAC
pattern_1		2:170401673:T:C:R:wC	154	183	-	11.5833	4.22e-05	0.354	ATTTATTTACTTATTTTAAATTTAAATAAA
pattern_0		13:113352130:C:T:A:wC	11	40	+	11.0238	4.23e-05	0.0681	GTTTTTTTTTTTTTTTTTTTTTTTTTTAGT
pattern_0		2:86418955:A:G:A:wC	16	45	-	11.0238	4.23e-05	0.0681	ACGCCTAATTTTTTTTTTTTTTTTTTTTTT
pattern_0		17:46957696:G:C:A:wC	52	81	-	11.0238	4.23e-05	0.0681	CTGGCCTATTTTTTGGATTTTTATTAGAGA
pattern_0		22:51219704:G:A:R:wC	167	196	-	11.0238	4.23e-05	0.0681	TCTGGTTTAGTTTTTTTTTTTTTTTTTTTG
pattern_0		22:51219704:G:A:A:wC	167	196	-	11.0238	4.23e-05	0.0681	TCTGGTTTAGTTTTTTTTTTTTTTTTTTTG
pattern_2		8:6697316:G:A:A:wC	81	110	-	3.17073	4.23e-05	0.042	ACCAGCCTGGTCAACACAGGGAAACCCCGT
pattern_4		6:13330152:G:A:A:wC	16	45	-	11.2619	4.23e-05	0.15	TCATTGACTTATTTATTTTAGTTTTTATTG
pattern_4		21:43513327:G:T:A:wC	72	101	+	11.2619	4.23e-05	0.15	TTTATTTATTTATTTAATTAATTTTATTTT
pattern_2		14:61123883:C:T:A:wC	30	59	-	3.15854	4.25e-05	0.0421	CCCGCACAGCCCGGGGAGGGAGTTTCTGGT
pattern_0		6:54749149:G:A:R:wC	44	73	-	11.0119	4.26e-05	0.0681	TTTCTCTTTTTTTTTTTTTTTTTTTAGACG
pattern_0		4:156645933:G:A:A:wC	73	102	-	11.0119	4.26e-05	0.0681	GGTGAAAGATTTTTTTTAAAAAATAGTTAG
pattern_1		18:13680510:T:C:R:wC	77	106	+	11.5714	4.26e-05	0.354	CTTTTAGAAATTTTGTCAAGAAATCTATGT
pattern_3		17:66184456:G:A:R:wC	47	76	+	11.4138	4.26e-05	0.209	ACATAATGATTTTTATTTACAATTTCATTA
pattern_3		17:66184456:G:A:A:wC	47	76	+	11.4138	4.26e-05	0.209	ACATAATGATTTTTATTTACAATTTCATTA
pattern_3		21:43513327:G:T:A:wC	73	102	-	11.4138	4.26e-05	0.209	AAAAATAAAATTAATTAAATAAATAAATAA
pattern_2		16:29093432:A:G:R:wC	39	68	+	3.14634	4.26e-05	0.0421	CCGCGGCGGGTTCGGCGGGGTGGAGGCCCC
pattern_2		2:33953321:C:T:R:wC	98	127	-	3.14634	4.26e-05	0.0421	CCACGCCTGCCCGGGGTGTGCACTTCCGCT
pattern_2		11:1905292:T:C:A:wC	119	148	-	3.14634	4.26e-05	0.0421	CTTCCTGTGGCTGGCATGTGGGATTGGCCT
pattern_5		4:122278614:C:G:A:wC	57	86	+	11.2381	4.27e-05	0.158	AAAATAAAAAAAAATTTAAAGCCGTAACCA
pattern_2		19:35630362:A:G:R:wC	27	56	+	3.13415	4.28e-05	0.0421	AGATGTCACCCAGAGGCGGGCAGAGGGGCT
pattern_2		20:56978100:G:A:R:wC	32	61	+	3.13415	4.28e-05	0.0421	CTCTGGGTGACAGAGCAAGACTGTATCTCA
pattern_2		1:3453046:C:G:A:wC	142	171	+	3.13415	4.28e-05	0.0421	GCCTCCCAGGCCCAGGCTGCACCCACAACA
pattern_0		5:441695:T:C:A:wC	22	51	+	11	4.28e-05	0.0681	TTTTTTTTTTTTTTTTTTTTTTTTTTTTGA
pattern_0		4:15730146:G:T:A:wC	23	52	+	11	4.28e-05	0.0681	TTTCTTTTTTTTTTTTTTTTTTTGGAGACA
pattern_0		7:4807826:T:C:R:wC	28	57	+	11	4.28e-05	0.0681	TTTTTTTTTTTTTTTTTTTTTTTTTTTTGA
pattern_0		12:129389210:T:C:A:wC	59	88	+	11	4.28e-05	0.0681	TTTTTTTTTTTTTTTTTTTTTTTTTTTTGA
pattern_0		4:4404145:T:C:A:wC	60	89	+	11	4.28e-05	0.0681	TTTTTTTTTTTTTTTTTTTTTTTTTTTTGA
pattern_0		19:41259325:A:G:R:wC	67	96	+	11	4.28e-05	0.0681	TTTTTTTTTTTTTTTTTTTTTTTTTTTTGA
pattern_0		15:84657643:T:A:R:wC	85	114	+	11	4.28e-05	0.0681	TTTATTTATTTATTTTTTTTTTTTGAGACA
pattern_0		3:126653373:T:C:A:wC	109	138	+	11	4.28e-05	0.0681	TTTTTTTTTTTTTTTTTTTTTTTTTTTTGA
pattern_0		6:126148318:G:A:A:wC	115	144	-	11	4.28e-05	0.0681	TTTTTTTTTTTTTTTTTTTTTTTTTTTTGA
pattern_0		20:57542074:A:G:R:wC	166	195	+	11	4.28e-05	0.0681	TTTTTTTTTTTTTTTTTTTTTTTTTTTTGA
pattern_0		19:53233572:G:A:R:wC	171	200	-	11	4.28e-05	0.0681	TTTTTTTTTTTTTTTTTTTTTTTTTTTTGA
pattern_4		1:87029337:C:T:A:wC	7	36	+	11.2381	4.29e-05	0.151	AATCTAAATATATTTTATAATTGAAAGAGA
pattern_3		7:30545924:A:G:A:wC	111	140	+	11.4023	4.3e-05	0.209	TGGTTACAATTTATTTATTTTATTTTTATT
pattern_2		21:37829508:C:T:R:wC	61	90	-	3.12195	4.3e-05	0.0422	AGCTGGCCAGCTCAGACAGGAAGTTGACCT
pattern_2		5:172199623:G:A:A:wC	96	125	-	3.12195	4.3e-05	0.0422	CTAAGCGAGGCAAATGCAGAAGTTGTCACT
pattern_5		3:129095895:G:A:R:wC	48	77	+	11.2262	4.3e-05	0.158	TGATAACATTATTATTATTATTTTTATTTT
pattern_0		5:64924881:T:C:A:wC	22	51	+	10.9881	4.31e-05	0.0682	CCCAGCTAATTTTTTTTTGTATTTTGAGTA
pattern_0		20:16541716:C:T:A:wC	152	181	-	10.9881	4.31e-05	0.0682	CCAGCTAATTTTTTTTTGCAGTTTTAGTAG
pattern_0		2:130978310:A:G:A:wC	154	183	-	10.9881	4.31e-05	0.0682	TCTGGCTTCTCTTTTTATTTTTAGTGCATC
pattern_2		7:1542697:G:A:R:wC	61	90	+	3.10976	4.31e-05	0.0423	TTTGGTGAGACCGGTGAGGGCCGAGGCACT
pattern_4		8:51556262:C:T:A:wC	113	142	-	11.2262	4.32e-05	0.152	ACTCACTGATATACATTTTATCAGATAATT
pattern_5		1:1768779:C:T:R:wC	3	32	+	11.2143	4.33e-05	0.158	TCCATTGAGTTAATTTTTTTTTTTTTTTTT
pattern_1		8:22335170:C:T:A:wC	63	92	+	11.5476	4.33e-05	0.354	GCATTTTATTTTATTTTATTTTTTTAGAGA
pattern_3		19:21560141:G:A:A:wC	71	100	+	11.3908	4.33e-05	0.209	AAAAAAAAAATTGTATTATACTGCCTTCAA
pattern_3		3:196019371:A:G:R:wC	88	117	-	11.3908	4.33e-05	0.209	TGAGTTACCTATTTTTATTGCATTTTACAA
pattern_0		20:14319063:A:G:R:wC	115	144	+	10.9762	4.34e-05	0.0684	CCAAAAGATTTTTTTAAATGGTATTAAATG
pattern_0		20:14319063:A:G:A:wC	115	144	+	10.9762	4.34e-05	0.0684	CCAAAAGATTTTTTTAAATGGTATTAAATG
pattern_2		17:15394234:G:A:R:wC	145	174	-	3.08537	4.35e-05	0.0426	CCCAGGGTCCCAGGGCTAGCAGGAAGCTTT
pattern_4		8:103073924:T:A:A:wC	62	91	-	11.2143	4.35e-05	0.152	GAATACATTTAAAAATATTATTCAAATGAC
pattern_5		10:93561210:G:A:A:wC	45	74	+	11.2024	4.36e-05	0.158	ATGACTCTGTAAATTGTTTCCTTTTCAGTC
pattern_5		2:16229124:C:A:A:wC	131	160	+	11.2024	4.36e-05	0.158	TCTATTCGATTTATTTTTATTTTTTATTTA
pattern_5		2:16229124:C:A:R:wC	131	160	+	11.2024	4.36e-05	0.158	TCTATTCGATTTATTTTTATTTTTTATTTA
pattern_5		9:117084452:T:A:R:wC	159	188	-	11.2024	4.36e-05	0.158	GAAAGTATTCATTTTTTTTTTTTTTTGATA
pattern_1		20:45095161:T:C:R:wC	44	73	+	11.5357	4.36e-05	0.354	AAATGTTTATTTATTTATTTATTTATTTTA
pattern_2		11:125110079:G:A:R:wC	130	159	+	3.07317	4.37e-05	0.0427	CCCAAGGAGGCCGAGTGGAGCCGGCCCAGA
pattern_3		8:22373383:T:C:A:wC	133	162	+	11.3793	4.37e-05	0.209	CTTTCTTCTTCTTTATTTTATTTTATTTTA
pattern_3		6:122796370:T:C:R:wC	143	172	+	11.3793	4.37e-05	0.209	AAAATAATAATTTTATTTTCAGAAACCACA
pattern_0		17:8203122:T:C:A:wC	140	169	-	10.9643	4.37e-05	0.0687	TCCGGCCTCAATTTTTTTTTTTTTTTTTGA
pattern_4		1:90234055:C:A:A:wC	34	63	+	11.2024	4.38e-05	0.152	TTTTTTATTTTTTCTATTTATTTTTTCTAT
pattern_4		19:887434:G:A:A:wC	25	54	-	11.2024	4.38e-05	0.152	GCCAAATTTTTGTTTTTTAATTACATTAAT
pattern_2		17:42650550:C:T:A:wC	101	130	-	3.06098	4.38e-05	0.0427	ACCTGGGAGGCGGAGGTTGCAGTGATTGGA
pattern_2		12:133435534:C:T:R:wC	136	165	-	3.06098	4.38e-05	0.0427	CCGTGTGGGGCAGGGCTGGGCATGAGACAA
pattern_5		7:135667353:C:G:A:wC	61	90	+	11.1905	4.39e-05	0.158	TTTCAGCTTAATTTTTTTTTTCTTTTAGCA
pattern_5		12:66385194:C:G:A:wC	151	180	+	11.1905	4.39e-05	0.158	CACACCAAAATAATTTTAATTTTATAATTT
pattern_0		8:132332152:G:A:A:wC	166	195	-	10.9524	4.4e-05	0.0691	ATATATTATTTTTTTTTTTTTTTTTTTTTG
pattern_1		8:61175613:T:C:R:wC	31	60	+	11.5238	4.4e-05	0.354	GGCTGTTGTTATATTTATAATTTCTAAAAG
pattern_1		11:93959939:C:T:R:wC	135	164	+	11.5238	4.4e-05	0.354	AATTTTTTATTTATTTATTTATTTTTATTT
pattern_3		11:69457293:C:T:A:wC	144	173	-	11.3678	4.4e-05	0.209	CAGACGTCATCTTTTCAAAAAATATTTAAA
pattern_0		6:35432100:C:T:R:wC	6	35	+	10.9405	4.43e-05	0.0691	GTCTTCTTTTTTTTTTTTTTTTTTTTTTGA
pattern_0		6:35432100:C:T:A:wC	6	35	+	10.9405	4.43e-05	0.0691	GTCTTCTTTTTTTTTTTTTTTTTTTTTTGA
pattern_0		21:46383063:G:C:R:wC	36	65	+	10.9405	4.43e-05	0.0691	TTTTCTTTCTTTTTTTTTTTTTTTGAGATA
pattern_0		3:28296690:A:G:A:wC	136	165	+	10.9405	4.43e-05	0.0691	TTTCCTCTTTTTTTTTTTTTTTTTGAGACA
pattern_2		1:211668437:T:C:A:wC	138	167	-	3.02439	4.43e-05	0.0432	AGCTAGCTGGCAGGGAAGGGAGCATTCTCA
pattern_3		17:73194987:G:A:R:wC	39	68	-	11.3563	4.44e-05	0.209	GTCTCAAAAAAAAAATTTTAAAAAGTAAAA
pattern_3		11:69457293:C:T:A:wC	131	160	+	11.3563	4.44e-05	0.209	TTTTTTTAATATTTTTAAATATTTTTTGAA
pattern_3		6:82438065:A:G:R:wC	149	178	-	11.3563	4.44e-05	0.209	TGAACACCAGTTTTTCATTCACGTATTCAT
pattern_1		4:101131793:T:C:R:wC	164	193	-	11.5119	4.44e-05	0.354	TTTGTAATAAATATTTAAAGCTATTAATCT
pattern_5		13:74711955:C:T:A:wC	7	36	+	11.1667	4.44e-05	0.159	GGTTAGAAAAATCTTTTTTTATTTTTTATT
pattern_0		5:80582119:T:C:A:wC	107	136	+	10.9286	4.46e-05	0.0692	GCAGCCTTTTTTTTTTTTTTTTTTTTTTTG
pattern_2		6:7155626:G:A:R:wC	113	142	-	3	4.47e-05	0.0435	GGGAGGCTGAGTGAGGCAGGAGAATCGCTT
pattern_4		8:132332152:G:A:A:wC	171	200	-	11.1667	4.47e-05	0.155	TATATATATATTATTTTTTTTTTTTTTTTT
pattern_3		12:66385194:C:G:A:wC	44	73	+	11.3448	4.47e-05	0.209	AATTTTAAAATTTTGTTATATATTTTGTTA
pattern_1		12:33821532:G:C:A:wC	72	101	-	11.5	4.47e-05	0.354	AGTTTAAAAATAATGTAATTTAGTTATCCA
pattern_2		1:109264069:C:T:R:wC	80	109	-	2.9878	4.49e-05	0.0435	CGCTCTGTCGCCCAGGCTGGAGTGCAGTGT
pattern_2		17:74639811:A:G:A:wC	146	175	-	2.9878	4.49e-05	0.0435	CCTTCCCAGGCAGAGACTGATAAACTCAGC
pattern_0		17:42650550:C:T:A:wC	28	57	+	10.9167	4.49e-05	0.0692	TTTTGTATTTGTTTTTGTTTTTTTAAGACA
pattern_0		6:10778021:G:A:R:wC	108	137	+	10.9167	4.49e-05	0.0692	GCCCGGCTAATTTTGTATTTTTAGTAGAGA
pattern_0		11:88071072:A:G:A:wC	123	152	+	10.9167	4.49e-05	0.0692	CAGATTTTTTTTTTTTATTTTTATTTTTTT
pattern_0		13:99577216:C:T:A:wC	133	162	-	10.9167	4.49e-05	0.0692	GCCCGGCTAATTTTGTATTTTTAGTAGAGA
pattern_0		1:160973006:C:T:A:wC	165	194	+	10.9167	4.49e-05	0.0692	GCCCGGCTAATTTTGTATTTTTAGTAGAGA
pattern_0		3:11961617:A:G:R:wC	171	200	+	10.9167	4.49e-05	0.0692	GCCCGGCTAATTTTGTATTTTTAGTAGAGA
pattern_4		9:97503617:C:T:R:wC	1	30	+	11.1548	4.5e-05	0.155	TTTTCCCCCTTTTGTTTTTATTTTATTTTT
pattern_2		9:136619571:C:A:R:wC	19	48	+	2.97561	4.5e-05	0.0437	CGCTCGCACGCCCAGCCAGGTGATAAAGAT
pattern_5		2:217109599:G:A:R:wC	161	190	-	11.1429	4.5e-05	0.16	TTTTGTGTGTGTATTTGAAAATTTTCATGA
pattern_3		22:51219704:G:A:A:wC	166	195	-	11.3333	4.51e-05	0.209	CTGGTTTAGTTTTTTTTTTTTTTTTTTTGA
pattern_3		22:51219704:G:A:R:wC	166	195	-	11.3333	4.51e-05	0.209	CTGGTTTAGTTTTTTTTTTTTTTTTTTTGA
pattern_1		3:24341272:A:T:A:wC	96	125	+	11.4881	4.51e-05	0.354	ATTTTTTTATTTATTTTTTTTTTTTTAGCA
pattern_0		1:247633437:A:G:A:wC	129	158	-	10.9048	4.52e-05	0.0695	GTTTGTTTGTTTTTGTATTTTTAGTAGAGA
pattern_2		16:3491272:G:C:A:wC	130	159	+	2.96341	4.52e-05	0.0438	CTTTGGGAGTCTGAGGGGGATGCAGATGAC
pattern_4		11:8632490:C:A:A:wC	142	171	+	11.1429	4.53e-05	0.155	CTTTTTTTTTTTTTTTTCCATAAATCACTA
pattern_4		11:8632490:C:A:R:wC	142	171	+	11.1429	4.53e-05	0.155	CTTTTTTTTTTTTTTTTCCATAAATCACTA
pattern_5		13:74711955:C:T:A:wC	17	46	+	11.131	4.53e-05	0.16	ATCTTTTTTTATTTTTTATTTTATTTATTT
pattern_2		12:51664280:C:T:R:wC	92	121	+	2.95122	4.54e-05	0.0439	CCTTGGCTCCCCCGGGAGGAAAGGCAGCCT
pattern_3		21:36480002:C:T:R:wC	19	48	+	11.3218	4.55e-05	0.209	GGGATTAATTCTAAATATTGGGAATGGAAA
pattern_3		21:36480002:C:T:A:wC	19	48	+	11.3218	4.55e-05	0.209	GGGATTAATTCTAAATATTGGGAATGGAAA
pattern_3		7:137989231:T:G:R:wC	43	72	-	11.3218	4.55e-05	0.209	AGACTTAAGATTTTGTATTCTTTCATAGGT
pattern_3		21:36480002:C:T:R:wC	132	161	+	11.3218	4.55e-05	0.209	TGGACGAAGTTGTTTTCTTATTATTTTTTA
pattern_3		21:36480002:C:T:A:wC	132	161	+	11.3218	4.55e-05	0.209	TGGACGAAGTTGTTTTCTTATTATTTTTTA
pattern_3		22:45603296:T:C:R:wC	162	191	+	11.3218	4.55e-05	0.209	CACACGTAATTTTTTTTTTTTTTTTTTAAT
pattern_0		9:97503617:C:T:R:wC	4	33	+	10.8929	4.55e-05	0.0696	TCCCCCTTTTGTTTTTATTTTATTTTTTAT
pattern_0		19:12374506:C:T:A:wC	13	42	-	10.8929	4.55e-05	0.0696	TGTTTTTTTGTTTTTTGTTTTTTGTAGAGA
pattern_0		19:12374506:C:T:R:wC	13	42	-	10.8929	4.55e-05	0.0696	TGTTTTTTTGTTTTTTGTTTTTTGTAGAGA
pattern_1		21:37368393:T:C:A:wC	13	42	+	11.4762	4.55e-05	0.354	CTTTTTTTATTTATTTTTTTATTTCAATAG
pattern_5		6:54749149:G:A:R:wC	45	74	-	11.119	4.56e-05	0.16	TTTTCTCTTTTTTTTTTTTTTTTTTTAGAC
pattern_0		19:30297577:G:A:R:wC	106	135	+	10.881	4.58e-05	0.0699	GCCCTTTTTTTTTTTTTTTTTTTTTCCAGA
pattern_0		12:48174275:C:T:R:wC	160	189	+	10.881	4.58e-05	0.0699	TCTTTCTTTTTTTTTTCTTTTTTTTTTTTT
pattern_3		20:51570506:C:T:R:wC	19	48	+	11.3103	4.58e-05	0.209	TTATTACTTTTTAAATATAATTTATTTGAA
pattern_3		8:12623463:G:A:A:wC	25	54	+	11.3103	4.58e-05	0.209	AGGCGATAACTTTTATTTTGCAACTTAAAA
pattern_2		16:69975360:G:A:A:wC	33	62	-	2.91463	4.59e-05	0.0443	ACGACAGAGGCAGACGCAGGCTGCACCTCC
pattern_5		10:14568914:G:A:A:wC	16	45	+	11.1071	4.59e-05	0.16	GAAATATTAATTTTTTTTTTTTTTTGAGAC
pattern_0		3:52770310:T:G:A:wC	79	108	+	10.869	4.61e-05	0.0702	ATGAACCAAGGTTTTTAAAAAGAATTATAG
pattern_2		19:6801966:G:A:A:wC	11	40	+	2.90244	4.61e-05	0.0445	GGCTGGCTGGCAAATGGGGAAGAATGAACC
pattern_3		10:14568914:G:A:A:wC	1	30	-	11.2989	4.62e-05	0.209	AAAAATTAATATTTCTGATATTATTTAGAG
pattern_4		3:24341272:A:T:A:wC	77	106	+	11.1071	4.62e-05	0.158	GAAGTATGCTTTTTTATTTATTTTTTTATT
pattern_1		4:156432025:C:T:R:wC	13	42	+	11.4524	4.63e-05	0.354	GAATTAGATACTATTTTAAAATAATTGATA
pattern_1		15:70073643:G:A:A:wC	119	148	+	11.4524	4.63e-05	0.354	TTTTTCATAAAAATGTAAATAAGCAAGGAG
pattern_5		3:168686333:T:A:A:wC	118	147	-	11.0952	4.63e-05	0.16	TTCGCAAAATACATTTAAAAGTAAAAATAC
pattern_2		4:3386315:T:C:R:wC	98	127	+	2.89024	4.63e-05	0.0446	GTTCCTGCGGCTGAGGGCCAAGGGCCACAT
pattern_0		2:62450743:T:C:R:wC	82	111	+	10.8571	4.64e-05	0.0705	GATGGTAATTTTTTTTTATGGATGATATGG
pattern_0		9:15880555:A:G:A:wC	166	195	+	10.8571	4.64e-05	0.0705	ATTGTTTTTTTTTTTTTTTTTTTTTGTAAT
pattern_2		9:135844640:G:A:R:wC	65	94	-	2.87805	4.64e-05	0.0447	ACCTGCCTGGCCAACATGGCGAAACCCAGT
pattern_2		3:150435403:G:T:R:wC	122	151	-	2.87805	4.64e-05	0.0447	ACCAGGGAGGCGGAGCTTGCAGTGAGCCGA
pattern_3		9:23073339:C:T:A:wC	165	194	+	11.2874	4.66e-05	0.209	GAAAAAAGAATGTATTGTTAAAGTACATAA
pattern_5		2:213151472:G:A:A:wC	114	143	+	11.0833	4.66e-05	0.16	GGGTTAATTTTTTTTTTTTTTTTTTTTTTT
pattern_2		9:22030438:A:G:A:wC	14	43	+	2.86585	4.66e-05	0.0447	CCTTAGGGGGTCAGTGTAAGAGTTTGGGCT
pattern_2		8:17574213:G:C:R:wC	18	47	-	2.86585	4.66e-05	0.0447	ACCCGGGAGGCGGAGCTTGCAGCGAGCCGA
pattern_0		13:113352130:C:T:A:wC	13	42	+	10.8452	4.67e-05	0.0706	TTTTTTTTTTTTTTTTTTTTTTTTTAGTAG
pattern_0		19:19475717:G:C:R:wC	7	36	-	10.8452	4.67e-05	0.0706	GTTGTCCATTTTCTTTTTTATTTTTATTAT
pattern_0		1:1544450:G:A:A:wC	57	86	-	10.8452	4.67e-05	0.0706	CCCAGCTAATTTTTTTGTGTATTTTTTGTA
pattern_2		11:134632224:A:C:A:wC	47	76	+	2.85366	4.68e-05	0.0448	CCTGGAGAGGCTGGGGGCGGATCCGCTGGA
pattern_4		9:73798371:C:A:R:wC	94	123	+	11.0833	4.69e-05	0.158	CTTTTTCATTTCCTGTGTTATTACAATTAT
pattern_4		8:12853270:A:T:R:wC	129	158	+	11.0833	4.69e-05	0.158	GGCTTTTAAATATTATAACATTTTTCAGAA
pattern_4		17:4852463:C:T:A:wC	110	139	-	11.0833	4.69e-05	0.158	TCTTCTTTGCTTTCTTATTACTTGAATAAG
pattern_5		4:144442611:T:C:R:wC	37	66	+	11.0714	4.69e-05	0.16	CTGATAAAATGTATCTTAAATTTTTTTTTT
pattern_5		16:16923453:G:A:A:wC	112	141	+	11.0714	4.69e-05	0.16	TATAGATTTTTTTTTTTTTTTTTTTTTTTT
pattern_0		2:86418955:A:G:A:wC	14	43	-	10.8333	4.7e-05	0.0706	GCCTAATTTTTTTTTTTTTTTTTTTTTTGT
pattern_0		2:43989267:G:A:A:wC	152	181	+	10.8333	4.7e-05	0.0706	TTTAATAAATTTTTGTTGTTATTATTGTTG
pattern_2		9:15002097:T:C:R:wC	25	54	+	2.82927	4.72e-05	0.0451	ACGCAGGAGGCGGAGGTTGCAGTGAGCCGA
pattern_2		11:7684919:T:C:A:wC	77	106	-	2.82927	4.72e-05	0.0451	GCCGGGGAGCTCGAACTGGGTGGAGCCCAC
pattern_4		12:66385194:C:G:A:wC	155	184	+	11.0714	4.72e-05	0.159	CCAAAATAATTTTAATTTTATAATTTTGAC
pattern_5		14:20818602:C:G:A:wC	18	47	+	11.0595	4.72e-05	0.16	TTTCTTCTTTATATCTTTAATCTTACAGGA
pattern_5		15:84657643:T:A:R:wC	68	97	+	11.0595	4.72e-05	0.16	TTTTTTATTTTTATTTATTTATTTATTTAT
pattern_5		18:14133319:T:C:R:wC	102	131	+	11.0595	4.72e-05	0.16	AACTCGCTGTGTATTTTATGTTTGCAGCAC
pattern_0		14:104019888:C:T:R:wC	58	87	-	10.8214	4.73e-05	0.0706	CCCAGCTGATTTTTCTATTTTTAGTGGAGA
pattern_0		1:116452800:C:T:A:wC	63	92	-	10.8214	4.73e-05	0.0706	ATCCGACTAATTTTTTTTTTTTTTTTGAAC
pattern_0		1:116452800:C:T:R:wC	63	92	-	10.8214	4.73e-05	0.0706	ATCCGACTAATTTTTTTTTTTTTTTTGAAC
pattern_0		5:64924881:T:C:A:wC	129	158	+	10.8214	4.73e-05	0.0706	ATATTACATTTTTTGTTAATTCATATGAAA
pattern_0		10:135217519:G:C:A:wC	155	184	+	10.8214	4.73e-05	0.0706	CCTTTTCCCTTTTTTTTTTTTTAACTGAGT
pattern_0		16:86560569:G:A:R:wC	170	199	+	10.8214	4.73e-05	0.0706	TGATTTCAACTTTTTTTTTTTTTTCTGAGT
pattern_3		19:40821578:T:G:R:wC	37	66	-	11.2644	4.73e-05	0.209	TGGCTAATTTTTTATTTTTAGTAGATATGG
pattern_2		10:76987652:C:A:A:wC	43	72	-	2.81707	4.74e-05	0.0451	GGCTGGGTGGCTCATGCCTGTAATCCCAGC
pattern_2		2:95833187:C:G:A:wC	85	114	+	2.81707	4.74e-05	0.0451	ACCCGGCAGGCGGAGGTTGCAGTGAGCCAA
pattern_2		19:4369447:C:T:R:wC	75	104	-	2.81707	4.74e-05	0.0451	CCTGGGCAGGTCGTGGGGCCGGGGTGGCCT
pattern_1		13:21326587:T:G:A:wC	12	41	-	11.4167	4.74e-05	0.354	TGCAGAAAAAGCATTTTAAAAAATTCAACA
pattern_1		7:17719956:G:T:A:wC	89	118	+	11.4167	4.74e-05	0.354	TTCTGAAGAAATATTTTGAGTTCTCAAGGA
pattern_1		8:22373383:T:C:A:wC	160	189	+	11.4167	4.74e-05	0.354	TTATTTTATTTTATTTTATTTTATTTTGAG
pattern_5		21:37368393:T:C:A:wC	15	44	+	11.0476	4.75e-05	0.16	TTTTTTATTTATTTTTTTATTTCAATAGGT
pattern_5		8:17508405:C:T:R:wC	32	61	+	11.0476	4.75e-05	0.16	TAAACCATTCAAAATTTATGCTACAGAAGA
pattern_5		12:66385194:C:G:A:wC	33	62	+	11.0476	4.75e-05	0.16	TTTATTTAAATAATTTTAAAATTTTGTTAT
pattern_2		20:60595036:C:T:R:wC	108	137	+	2.80488	4.75e-05	0.0452	CCTCCTGAGGCCCAGCCCCGGCTACCTCTT
pattern_2		10:93300557:G:T:R:wC	162	191	-	2.80488	4.75e-05	0.0452	ACATGGCAGCCTCAGGGTAGCTGGACTTCT
pattern_3		18:51889056:A:G:A:wC	137	166	+	11.2529	4.77e-05	0.209	TACATTAATTTTTTTCTTCAAGGATTAATA
pattern_2		2:172406705:A:G:A:wC	110	139	-	2.79268	4.77e-05	0.0453	ACTCTGGAGGCTGAAGCAAGAGAATTGCTT
pattern_5		8:12853270:A:T:R:wC	126	155	+	11.0357	4.78e-05	0.16	TAAGGCTTTTAAATATTATAACATTTTTCA
pattern_0		19:21560141:G:A:A:wC	62	91	-	10.7976	4.79e-05	0.0713	GTATAATACAATTTTTTTTTTTTTTAGATG
pattern_0		5:107014713:A:G:R:wC	125	154	+	10.7976	4.79e-05	0.0713	CCAAAACTTTTTTTTTAATGAGAAATATTT
pattern_3		9:97503617:C:T:R:wC	18	47	+	11.2414	4.81e-05	0.209	TTATTTTATTTTTTATTTTTTTATTTTTTT
pattern_3		18:14133319:T:C:R:wC	59	88	+	11.2414	4.81e-05	0.209	TGGTCAACAAATAATTATAAATATTTTGGA
pattern_3		4:184585015:G:A:A:wC	64	93	+	11.2414	4.81e-05	0.209	GTATTAACATTTGTATTTCAGGTTTTTTGT
pattern_3		19:49124991:G:C:R:wC	165	194	-	11.2414	4.81e-05	0.209	CTAAAACATGTTTTTCCTTGAAAAGTAAGA
pattern_2		6:3457282:C:G:R:wC	89	118	-	2.76829	4.81e-05	0.0455	GCGCGGCCGGCTCGGCAGGCTGGGTCCAGA
pattern_2		9:116840801:C:G:A:wC	139	168	-	2.76829	4.81e-05	0.0455	AGCTGTGAGGTCCAGATGGCATGACTCAGC
pattern_5		2:112382879:C:T:A:wC	33	62	+	11.0238	4.81e-05	0.16	TGATTCTTTTTTTTTTTTTTTTTTTGAGAC
pattern_4		17:57510745:C:T:R:wC	4	33	+	11.0357	4.81e-05	0.161	TATATATTTTTAATTTTTAAAAATTTTTTT
pattern_4		20:45095161:T:C:R:wC	45	74	+	11.0357	4.81e-05	0.161	AATGTTTATTTATTTATTTATTTATTTTAT
pattern_1		4:70516431:C:T:R:wC	30	59	-	11.3929	4.82e-05	0.354	ACAATTGTATCTATTTAAATATATAGTTTT
pattern_0		19:36188913:T:C:R:wC	35	64	+	10.7857	4.83e-05	0.0713	GTATGTACCTTTTTTTTTTTTTTGAGATGA
pattern_0		15:65172582:C:T:A:wC	60	89	-	10.7857	4.83e-05	0.0713	CCCGGCCTATTTATTTGTTTATTTGAGACG
pattern_0		1:115827266:G:T:R:wC	117	146	+	10.7857	4.83e-05	0.0713	AGGGGAAATTTTCTGTCTTAATATAAGTGC
pattern_0		14:74749769:C:T:R:wC	140	169	-	10.7857	4.83e-05	0.0713	AGCAAACCATCTTTTTTTTTTTTTTTGAGA
pattern_2		11:2422034:T:A:R:wC	119	148	-	2.7561	4.83e-05	0.0457	CTCCCGGAGGCTCGGCCGGCCCGCGCGGCC
pattern_5		5:441695:T:C:A:wC	11	40	+	11.0119	4.85e-05	0.16	AAATACCTTTTTTTTTTTTTTTTTTTTTTT
pattern_5		17:8203122:T:C:A:wC	137	166	-	11.0119	4.85e-05	0.16	GGCCTCAATTTTTTTTTTTTTTTTTGAGAC
pattern_5		2:95833187:C:G:A:wC	162	191	-	11.0119	4.85e-05	0.16	TTCTTTCTTTTTTTTTTTTTTTTTTTTTGA
pattern_2		19:46859301:G:C:A:wC	121	150	+	2.7439	4.85e-05	0.0458	CTCCCTGAGGCTGGGCTGGTTGGCTTCAGC
pattern_3		20:15637128:T:G:R:wC	89	118	+	11.2299	4.85e-05	0.209	AAGCTAATATTTGTATATTGCTTTTCTAGG
pattern_3		6:158591478:A:G:R:wC	103	132	+	11.2299	4.85e-05	0.209	TTACCTTACTCTTTTTATTAGCATTCTTCA
pattern_3		18:51889056:A:G:A:wC	124	153	-	11.2299	4.85e-05	0.209	AGAAAAAAATTAATGTAAAGCATAGCAAAA
pattern_3		12:20582640:A:T:A:wC	162	191	+	11.2299	4.85e-05	0.209	ATGTTTTATTTTTTACCTTCATCATTTCAG
pattern_4		4:144442611:T:C:R:wC	50	79	+	11.0238	4.85e-05	0.161	TCTTAAATTTTTTTTTTTCAGCAAACTGAC
pattern_0		12:111761923:G:A:A:wC	18	47	-	10.7738	4.86e-05	0.0716	TACATTTCATTTTATTAATTCTTTTAGAGA
pattern_0		17:15414354:C:T:A:wC	108	137	-	10.7738	4.86e-05	0.0716	CTTTTTTTTTTTTTTTTTTTTTTTGAGACG
pattern_2		7:75754486:T:C:A:wC	50	79	-	2.73171	4.86e-05	0.0458	ACCCGGGAGGTGGAGGTTGCAGTGAGCTGA
pattern_2		19:30288488:C:T:A:wC	71	100	-	2.73171	4.86e-05	0.0458	ACCCGGGAGGTGGAGGTTGCAGTGAGCTGA
pattern_2		17:56234428:G:A:R:wC	113	142	+	2.73171	4.86e-05	0.0458	CCTGGGGACGCCGAGGCGGCCGCGGAGGAG
pattern_4		21:37368393:T:C:A:wC	6	35	+	11.0119	4.88e-05	0.162	ATGAAGTCTTTTTTTATTTATTTTTTTATT
pattern_2		19:30297577:G:A:R:wC	30	59	-	2.71951	4.88e-05	0.0459	GTTGGGGAGGTGGGGGTGGCTGGGCAGATA
pattern_3		10:114197982:A:T:R:wC	163	192	+	11.2184	4.89e-05	0.209	TTTATTAATATACTTTTTTAATATTGAAGA
pattern_0		8:142456943:T:C:R:wC	1	30	-	10.7619	4.89e-05	0.0717	CTTTTCATTTGTTTGTATTATGATGTGCGT
pattern_0		19:17372199:C:T:R:wC	40	69	+	10.7619	4.89e-05	0.0717	TTTCTTTCTTTTTTTTTTTTTTTTGAGAAA
pattern_0		15:84657643:T:A:R:wC	58	87	+	10.7619	4.89e-05	0.0717	TGGTTCTTTATTTTTTATTTTTATTTATTT
pattern_2		10:76987652:C:A:A:wC	168	197	-	2.70732	4.9e-05	0.0461	ACCCGGGAGGCGGAGGTTGCAGTGAGTGGA
pattern_5		4:15730146:G:T:A:wC	21	50	+	10.9881	4.91e-05	0.16	TTTTTCTTTTTTTTTTTTTTTTTTTGGAGA
pattern_5		7:6786326:A:G:R:wC	54	83	+	10.9881	4.91e-05	0.16	TTCACTATTTTTTTTTTTTTTCTTTGAGAT
pattern_0		8:22335170:C:T:A:wC	59	88	+	10.75	4.92e-05	0.072	TTAGGCATTTTATTTTATTTTATTTTTTTA
pattern_0		11:58378424:A:G:R:wC	73	102	-	10.75	4.92e-05	0.072	ACTACTAAAAATAAGTAAATAGAAATGAGA
pattern_3		18:14133319:T:C:R:wC	61	90	-	11.2069	4.92e-05	0.209	GATCCAAAATATTTATAATTATTTGTTGAC
pattern_1		11:93959939:C:T:R:wC	139	168	+	11.3571	4.94e-05	0.354	TTTTATTTATTTATTTATTTTTATTTTTTG
pattern_1		15:81028554:T:G:A:wC	114	143	-	11.3571	4.94e-05	0.354	ATTTGGAAAATTTTTTAGCATTATACTAAG
pattern_5		14:93016815:A:G:R:wC	13	42	+	10.9762	4.94e-05	0.16	TTACTTATTTTTATTTTTGTTTAGTTTTAT
pattern_4		9:131197305:T:C:A:wC	47	76	+	10.9881	4.95e-05	0.163	TGCTAATTTTTATTTATTTATTTATTTATT
pattern_4		10:114197982:A:T:R:wC	166	195	+	10.9881	4.95e-05	0.163	ATTAATATACTTTTTTAATATTGAAGAAAC
pattern_0		14:93016815:A:G:R:wC	8	37	+	10.7381	4.95e-05	0.0721	TGTTTTTACTTATTTTTATTTTTGTTTAGT
pattern_0		7:44872900:T:C:R:wC	25	54	+	10.7381	4.95e-05	0.0721	AGTAGAGACTTTTTTTTGTTTGTTTTGAGA
pattern_0		15:84657643:T:A:R:wC	80	109	+	10.7381	4.95e-05	0.0721	ATTTATTTATTTATTTATTTTTTTTTTTTG
pattern_2		10:126500187:A:G:A:wC	141	170	+	2.67073	4.96e-05	0.0465	ACCTGGGAGGCGGAGCTTGCAGTGAGCAGA
pattern_3		20:45095161:T:C:R:wC	52	81	+	11.1954	4.96e-05	0.209	ATTTATTTATTTATTTATTTTATTTTTTGA
pattern_3		5:178075667:T:C:R:wC	104	133	-	11.1954	4.96e-05	0.209	ACTTTCTAATTTTTTTTTTAAAGTAGAGAT
pattern_1		18:13680510:T:C:R:wC	70	99	-	11.3452	4.98e-05	0.354	TTTCTTGACAAAATTTCTAAAAGGATTTTT
pattern_0		2:54834839:G:A:R:wC	16	45	-	10.7262	4.99e-05	0.0721	CTTTAAAAATTAATTTATTAATTTTTTTTT
pattern_0		11:88071072:A:G:A:wC	122	151	+	10.7262	4.99e-05	0.0721	ACAGATTTTTTTTTTTTATTTTTATTTTTT
pattern_0		19:20043680:T:A:A:wC	162	191	+	10.7262	4.99e-05	0.0721	TCAAAATATTGTTTTTCAATTGTTTGTTTT
pattern_0		9:117084452:T:A:R:wC	156	185	-	10.7262	4.99e-05	0.0721	AGTATTCATTTTTTTTTTTTTTTGATACGG
pattern_2		1:178914989:A:G:A:wC	32	61	-	2.64634	5e-05	0.0468	CTCTGAGTGGCCAAGATTTCTTTTCCTGGA
pattern_3		12:66385194:C:G:A:wC	24	53	+	11.1839	5e-05	0.209	GGGACAAGTTTTATTTAAATAATTTTAAAA
pattern_3		19:887434:G:A:A:wC	26	55	-	11.1839	5e-05	0.209	GGCCAAATTTTTGTTTTTTAATTACATTAA
pattern_3		3:171989276:T:G:R:wC	134	163	-	11.1839	5e-05	0.209	ATGTTTTCATCTTCTTTTTCATCAGAATAA
pattern_5		5:55576016:G:A:R:wC	37	66	-	10.9524	5.01e-05	0.16	TGAATAAATAGTATTTGTCCACAGTGACAC
pattern_5		21:34147896:G:A:R:wC	122	151	+	10.9524	5.01e-05	0.16	TTCTTGACTTTTTTTTTTTTTTTTTTGAGA
pattern_2		21:43836010:T:C:R:wC	107	136	+	2.63415	5.02e-05	0.0469	CCCTGGCAGGACCAGGGAGGGCTAGGGCCA
pattern_2		21:43836010:T:C:A:wC	107	136	+	2.63415	5.02e-05	0.0469	CCCTGGCAGGACCAGGGAGGGCTAGGGCCA
pattern_0		19:19475717:G:C:R:wC	4	33	-	10.7143	5.02e-05	0.0724	GTCCATTTTCTTTTTTATTTTTATTATTAT
pattern_0		3:171989276:T:G:R:wC	89	118	+	10.7143	5.02e-05	0.0724	TCAGCACATTTTTTGTTGTTGTTGTTCAGA
pattern_1		9:89733000:A:G:A:wC	25	54	+	11.3333	5.02e-05	0.354	TTATTTTATTTTATTTTATTTTATTATTTG
pattern_1		12:20582640:A:T:A:wC	123	152	+	11.3333	5.02e-05	0.354	AATAGAAAAAGTATGTTTAATTTTTTCTAG
pattern_1		12:69094121:C:T:R:wC	94	123	-	11.3333	5.02e-05	0.354	ATTTAAAAAGTTATCTTAAAATTGTGTTTG
pattern_2		4:153669793:G:A:A:wC	13	42	+	2.62195	5.04e-05	0.047	CTCTCGGAGACCCAGGAAGCCCACCTCCCC
pattern_5		17:57510745:C:T:R:wC	9	38	-	10.9405	5.04e-05	0.16	TTGAAAAAAAAATTTTTAAAAATTAAAAAT
pattern_5		16:89744494:G:A:A:wC	107	136	-	10.9405	5.04e-05	0.16	CTATAAAAATATTTTTTTTAAATTAGCCAG
pattern_5		16:89744494:G:A:R:wC	107	136	-	10.9405	5.04e-05	0.16	CTATAAAAATATTTTTTTTAAATTAGCCAG
pattern_5		9:117084452:T:A:R:wC	155	184	-	10.9405	5.04e-05	0.16	GTATTCATTTTTTTTTTTTTTTGATACGGA
pattern_3		11:72370557:C:T:R:wC	132	161	+	11.1724	5.04e-05	0.209	CTACTTTAAGTAATTTATTGCTAGTTACAT
pattern_3		12:68212300:T:C:A:wC	131	160	-	11.1724	5.04e-05	0.209	TTTATGAGATTTATTTATAAACGATGACAC
pattern_3		5:64924881:T:C:A:wC	145	174	-	11.1724	5.04e-05	0.209	ATTCTTAAAATATTGTTTTCATATGAATTA
pattern_0		3:150435403:G:T:R:wC	49	78	+	10.7024	5.05e-05	0.0725	TTCTTTTTCTTTTTTTTTTTTTTTTAGACG
pattern_0		9:131197305:T:C:A:wC	54	83	+	10.7024	5.05e-05	0.0725	TTTTATTTATTTATTTATTTATTTATTTAT
pattern_0		11:69457293:C:T:A:wC	132	161	-	10.7024	5.05e-05	0.0725	TTTCAAAAAATATTTAAAAATATTAAAAAA
pattern_2		4:113456271:G:A:A:wC	159	188	+	2.60976	5.06e-05	0.0472	ACTAGCCTGGCCAACATGGTGAAACCCCGT
pattern_5		22:51219704:G:A:A:wC	164	193	-	10.9286	5.07e-05	0.16	GGTTTAGTTTTTTTTTTTTTTTTTTTGAGA
pattern_5		22:51219704:G:A:R:wC	164	193	-	10.9286	5.07e-05	0.16	GGTTTAGTTTTTTTTTTTTTTTTTTTGAGA
pattern_2		21:33704022:G:T:A:wC	164	193	-	2.59756	5.08e-05	0.0473	TCCAGCCTGGCAGGGGTGGGAGTCTAGGCT
pattern_4		21:37368393:T:C:A:wC	2	31	+	10.9405	5.08e-05	0.167	ACAAATGAAGTCTTTTTTTATTTATTTTTT
pattern_3		14:93016815:A:G:R:wC	29	58	+	11.1609	5.08e-05	0.209	TTGTTTAGTTTTATTTATTTATTCATTCAT
pattern_3		16:1853698:G:A:R:wC	115	144	+	11.1609	5.08e-05	0.209	CAGCTAATTTTTTTTTTTTTTTTTTTTTGA
pattern_0		10:105190575:A:G:R:wC	83	112	+	10.6905	5.09e-05	0.0728	TCTCTTTTTTTTTTTTAAATGGAGTTTCGC
pattern_0		1:159010232:T:G:A:wC	151	180	-	10.6905	5.09e-05	0.0728	ACATAAAACTTTTTGTTCAGTGTTTAAAAC
pattern_2		4:108641169:C:G:R:wC	18	47	-	2.58537	5.09e-05	0.0474	GGTTGCGAGGCAGAGGGGCGCGGCGCAGGG
pattern_1		1:87029337:C:T:A:wC	6	35	+	11.3095	5.11e-05	0.354	AAATCTAAATATATTTTATAATTGAAAGAG
pattern_5		2:86418955:A:G:A:wC	11	40	-	10.9167	5.11e-05	0.16	TAATTTTTTTTTTTTTTTTTTTTTTGTATT
pattern_5		10:118398304:C:A:A:wC	62	91	+	10.9167	5.11e-05	0.16	TTTTTTGTTATTTTATTTTATTTTAGATTC
pattern_5		3:113251079:G:A:A:wC	134	163	+	10.9167	5.11e-05	0.16	TCTTTACCATATCTTTTTTTTTTTAACTGT
pattern_4		10:77185310:G:C:A:wC	124	153	+	10.9286	5.11e-05	0.167	TGTAGTTCAGCTATATATAACTTTAAATAT
pattern_2		22:21399374:G:A:R:wC	18	47	+	2.57317	5.11e-05	0.0475	CCCTGGGGAGCCCATGCTGCCAGCTCCTGC
pattern_2		8:17531583:T:C:A:wC	85	114	-	2.57317	5.11e-05	0.0475	CCCTGGGCTCCTCAGCCTAGAGAATCAACT
pattern_0		19:41259325:A:G:R:wC	54	83	+	10.6786	5.12e-05	0.073	TTTTGCATATGTTTTTTTTTTTTTTTTTTT
pattern_0		8:95676369:T:G:R:wC	77	106	+	10.6786	5.12e-05	0.073	AGCTTTTTTTTTTTTTTTTTTTTTGAGAGG
pattern_2		15:90545750:G:T:R:wC	4	33	-	2.56098	5.13e-05	0.0476	GGAAGGGGGGCTGAGCCGCGGGAGGCTCAA
pattern_5		2:113312117:A:G:A:wC	145	174	+	10.9048	5.14e-05	0.16	TTTCTCTTATTAATTTAATGTTATTAAATT
pattern_5		11:131758603:C:T:R:wC	155	184	+	10.9048	5.14e-05	0.16	TTATATAATTAAATTTTAAAGTGACAAGTT
pattern_5		12:20582640:A:T:A:wC	159	188	+	10.9048	5.14e-05	0.16	TTGATGTTTTATTTTTTACCTTCATCATTT
pattern_4		6:158978631:G:T:A:wC	14	43	+	10.9167	5.15e-05	0.167	TTTATTTATTTATTTATTTATTTGAGACAG
pattern_4		22:31991001:G:A:R:wC	51	80	+	10.9167	5.15e-05	0.167	TAATGAAGAAATAATAATAATTTATTTATT
pattern_0		17:57510745:C:T:R:wC	6	35	-	10.6667	5.15e-05	0.0733	AAAAAAAAATTTTTAAAAATTAAAAATATA
pattern_0		20:45095161:T:C:R:wC	56	85	+	10.6667	5.15e-05	0.0733	ATTTATTTATTTATTTTATTTTTTGAGACA
pattern_2		16:67243445:T:C:A:wC	163	192	-	2.54878	5.15e-05	0.0478	GCCTGCGAGGGTGATGTGACAGGAGCAGCA
pattern_3		7:27778885:T:C:R:wC	71	100	-	11.1379	5.17e-05	0.212	ATACTTTCATCTTTACTTCCAGTTATTTCA
pattern_2		12:56273995:G:A:A:wC	89	118	+	2.53659	5.17e-05	0.0478	AATCGGGAGGCAGAGGTTCCAGTGAGCCGA
pattern_2		2:60852853:T:C:A:wC	89	118	-	2.53659	5.17e-05	0.0478	ACCCGGGAGGCGGAGCTTGCTGTGAGCCAA
pattern_5		15:34400939:G:C:R:wC	114	143	+	10.8929	5.18e-05	0.16	TTGTTCAGTTTTTTTTTTTTTTTTTTTTTT
pattern_5		14:64721649:T:C:R:wC	140	169	-	10.8929	5.18e-05	0.16	AAGAAAAGTTATTTTTCTTACAAATTATTT
pattern_4		9:97503617:C:T:R:wC	24	53	+	10.9048	5.18e-05	0.168	TATTTTTTATTTTTTTATTTTTTTATTTTT
pattern_0		13:21641905:G:A:A:wC	4	33	+	10.6548	5.19e-05	0.0735	TTTATTATTTTTATTTATTTATTTTTTTGA
pattern_0		3:133480388:T:C:R:wC	44	73	-	10.6548	5.19e-05	0.0735	TATTTTTTTATTTTTTATTTTTTTGAGATG
pattern_1		2:143852411:T:C:R:wC	1	30	-	11.2857	5.19e-05	0.354	TAACTCTAAATTATCTAATCTATTACCCCG
pattern_1		12:9570799:T:C:R:wC	98	127	-	11.2857	5.19e-05	0.354	TCTCTGGTCTTAATTTAAAATGATCCCATG
pattern_5		3:85126526:C:T:R:wC	81	110	-	10.881	5.21e-05	0.16	CTCTGTAAAGGTATTTTATGACAATAAGAA
pattern_0		8:125504255:T:G:A:wC	55	84	+	10.6429	5.22e-05	0.0738	ACAGTTCTTTTTTTTTTTTTTTTGAGATGT
pattern_0		21:38398211:T:C:R:wC	60	89	+	10.6429	5.22e-05	0.0738	TCTTCTTCTTTTTTTTTTTTTTTTTGAAGC
pattern_1		9:131564080:A:G:R:wC	28	57	-	11.2738	5.23e-05	0.354	AAAAACAAAAAAATCTTAAATATGTCAAAA
pattern_1		7:30545924:A:G:A:wC	120	149	+	11.2738	5.23e-05	0.354	TTTATTTATTTTATTTTTATTTTTTTGAGA
pattern_1		12:66385194:C:G:A:wC	119	148	-	11.2738	5.23e-05	0.354	TTCAAAAAAGTTATTTCTTCTATTTAAAAT
pattern_5		20:16541716:C:T:A:wC	7	36	-	10.869	5.24e-05	0.16	TCTCTATTATATTTTTTTAAAAAAAGATGA
pattern_5		17:73837209:C:T:A:wC	108	137	+	10.869	5.24e-05	0.16	TTTTTTTTTTTTTTTTTTTTTTTTTGAGAT
pattern_5		6:126148318:G:A:A:wC	112	141	-	10.869	5.24e-05	0.16	TTTTTTTTTTTTTTTTTTTTTTTTTGAGAT
pattern_5		3:32537625:A:G:A:wC	162	191	-	10.869	5.24e-05	0.16	TCCACACTTTTTTTTTTTTTTTTTTTGAGA
pattern_3		14:93016815:A:G:R:wC	12	41	+	11.1149	5.25e-05	0.213	TTTACTTATTTTTATTTTTGTTTAGTTTTA
pattern_3		12:27836289:C:T:A:wC	109	138	-	11.1149	5.25e-05	0.213	ATTCTACATTCTATTTAAAAAATATCTTTA
pattern_0		13:113352130:C:T:A:wC	14	43	+	10.631	5.25e-05	0.0738	TTTTTTTTTTTTTTTTTTTTTTTTAGTAGA
pattern_0		17:4333499:T:C:A:wC	26	55	+	10.631	5.25e-05	0.0738	TCAAACTCTTTTTTTTTTTTTTTTGAGATG
pattern_0		2:112382879:C:T:A:wC	32	61	+	10.631	5.25e-05	0.0738	ATGATTCTTTTTTTTTTTTTTTTTTTGAGA
pattern_0		11:88071072:A:G:A:wC	118	147	+	10.631	5.25e-05	0.0738	AGGGACAGATTTTTTTTTTTTATTTTTATT
pattern_1		4:703813:C:T:R:wC	5	34	-	11.2619	5.27e-05	0.354	CAAAGCAAATGAAGTTTAAAAAACAGTAAA
pattern_1		11:7927876:T:A:A:wC	36	65	+	11.2619	5.27e-05	0.354	CAACTTAGAACTTTTTAAAAGAGGCAAAGG
pattern_3		12:27836289:C:T:A:wC	104	133	+	11.1034	5.29e-05	0.213	CAGCCTAAAGATATTTTTTAAATAGAATGT
pattern_3		14:64721649:T:C:R:wC	153	182	+	11.1034	5.29e-05	0.213	GAAAAATAACTTTTCTTCTATTAACTAAAA
pattern_2		17:63680086:G:A:R:wC	94	123	+	2.46341	5.29e-05	0.0488	ACCCGGGAAGCAGAGGTTGCAGTGAGCCAA
pattern_2		17:43165887:T:C:R:wC	137	166	+	2.46341	5.29e-05	0.0488	ACCAGCCTGGCCAACATGGTAAAACCTCGT
pattern_5		13:113352130:C:T:A:wC	12	41	+	10.8452	5.31e-05	0.16	TTTTTTTTTTTTTTTTTTTTTTTTTTAGTA
pattern_5		20:57610265:G:A:R:wC	24	53	+	10.8452	5.31e-05	0.16	AAAATCCAATACATTTATTGTTACTGAGGG
pattern_5		9:97503617:C:T:R:wC	31	60	+	10.8452	5.31e-05	0.16	TATTTTTTTATTTTTTTATTTTTTTGAGAT
pattern_1		13:21326587:T:G:A:wC	9	38	+	11.25	5.32e-05	0.354	GGATGTTGAATTTTTTAAAATGCTTTTTCT
pattern_0		8:22373383:T:C:A:wC	161	190	+	10.6071	5.32e-05	0.0746	TATTTTATTTTATTTTATTTTATTTTGAGA
pattern_3		2:62450743:T:C:R:wC	140	169	-	11.092	5.33e-05	0.214	AGGGTACAAGTTTTTTAAAAATGACCACTA
pattern_5		2:60852853:T:C:A:wC	7	36	+	10.8333	5.35e-05	0.16	AGAGTGAGTTTTTTTTTTTTTTTTTTTTTT
pattern_5		2:60852853:T:C:A:wC	15	44	+	10.8333	5.35e-05	0.16	TTTTTTTTTTTTTTTTTTTTTTTTTGAGGT
pattern_5		12:66385194:C:G:A:wC	39	68	+	10.8333	5.35e-05	0.16	TAAATAATTTTAAAATTTTGTTATATATTT
pattern_5		5:107014713:A:G:R:wC	139	168	+	10.8333	5.35e-05	0.16	TTAATGAGAAATATTTTACTGAATTGACTC
pattern_2		19:30288488:C:T:R:wC	71	100	-	2.42683	5.35e-05	0.0493	GCCCGGGAGGTGGAGGTTGCAGTGAGCTGA
pattern_2		16:11230703:T:C:A:wC	86	115	-	2.42683	5.35e-05	0.0493	GACTGCCTGGCTCAGGTGGGCGCAGTGCCA
pattern_4		17:9155479:T:A:R:wC	70	99	-	10.8452	5.36e-05	0.172	ATTTTTTAAATATATTTTTAGTAGAGACGG
pattern_0		9:97503617:C:T:R:wC	30	59	+	10.5952	5.36e-05	0.0746	TTATTTTTTTATTTTTTTATTTTTTTGAGA
pattern_0		19:40821578:T:G:R:wC	39	68	-	10.5952	5.36e-05	0.0746	CCTGGCTAATTTTTTATTTTTAGTAGATAT
pattern_0		19:51126928:A:G:A:wC	57	86	-	10.5952	5.36e-05	0.0746	GCTAATTTTTTTTTTTTTTTTTTTTTTTTT
pattern_0		3:178765504:G:A:A:wC	72	101	-	10.5952	5.36e-05	0.0746	CTGGCTATTTTTTTTTTTTGTATTTTTAGT
pattern_0		20:36552888:A:G:A:wC	165	194	-	10.5952	5.36e-05	0.0746	TTTTGTTTTGTTTTTTTTTTTTTTTTGAGA
pattern_1		5:121767643:C:T:A:wC	52	81	+	11.2381	5.36e-05	0.354	CATCTTTAATGTATTTTTCAAACCTGAGTT
pattern_2		18:5586542:A:G:R:wC	24	53	-	2.41463	5.38e-05	0.0494	GCCTAGAAGGTCAAGGCTGCAGTTAGCCAT
pattern_2		18:5586542:A:G:A:wC	24	53	-	2.41463	5.38e-05	0.0494	GCCTAGAAGGTCAAGGCTGCAGTTAGCCAT
pattern_0		16:89325052:C:T:R:wC	6	35	+	10.5833	5.39e-05	0.0748	TCTATTTTTTTTTTTTTTTTTTTTGAGATG
pattern_0		6:126148318:G:A:A:wC	124	153	-	10.5833	5.39e-05	0.0748	CACTCTCACTTTTTTTTTTTTTTTTTTTTT
pattern_0		9:15880555:A:G:A:wC	165	194	+	10.5833	5.39e-05	0.0748	AATTGTTTTTTTTTTTTTTTTTTTTTGTAA
pattern_2		16:4746392:T:C:A:wC	12	41	+	2.40244	5.4e-05	0.0495	ATCTCAGAGCTCGGTGTGAGAGCAGCATGT
pattern_2		13:21341377:G:A:R:wC	89	118	+	2.39024	5.42e-05	0.0496	ACCCGGGAGGCGGAGCTTGCAGCGAGCCTA
pattern_5		4:184585015:G:A:A:wC	40	69	-	10.8095	5.42e-05	0.16	TAATACATTCATAATTAATTTTTAAAAACT
pattern_5		9:15880555:A:G:A:wC	168	197	+	10.8095	5.42e-05	0.16	TGTTTTTTTTTTTTTTTTTTTTTGTAATTT
pattern_2		21:15646060:A:G:A:wC	119	148	+	2.37805	5.44e-05	0.0498	CCCAGCCAGGCAGAGAGCAGCTGACTCTGT
pattern_1		11:8074982:A:G:A:wC	147	176	+	11.2143	5.45e-05	0.354	TTATTTATCTTTATTTATTAATTTATCTAT
pattern_5		2:153522608:G:A:R:wC	58	87	+	10.7976	5.45e-05	0.16	GATGACGTAATTTTTTTTTCTTTCTTTCTC
pattern_5		9:4834438:C:G:A:wC	134	163	+	10.7976	5.45e-05	0.16	TTTTTTTTTTTTTTTTTTTAATTTTCCGGT
pattern_3		15:67965601:A:G:A:wC	40	69	+	11.0575	5.46e-05	0.216	TTTTTTTAATCTTTTTGTTGTGAAACAATG
pattern_3		2:37993304:A:G:A:wC	36	65	-	11.0575	5.46e-05	0.216	CAGACACAATTCTTGTAAACAAAAATAATA
pattern_3		17:40724276:C:T:A:wC	157	186	+	11.0575	5.46e-05	0.216	ATTGGAAATTTTTTATTTTTCTAAATACCA
pattern_4		17:57510745:C:T:R:wC	6	35	+	10.8095	5.46e-05	0.172	TATATTTTTAATTTTTAAAAATTTTTTTTT
pattern_4		15:84657643:T:A:R:wC	62	91	+	10.8095	5.46e-05	0.172	TCTTTATTTTTTATTTTTATTTATTTATTT
pattern_4		1:26852707:T:C:R:wC	82	111	+	10.8095	5.46e-05	0.172	ATTTTATTATTTATTTTTTAGCAATGGGGT
pattern_4		5:64924881:T:C:A:wC	115	144	+	10.8095	5.46e-05	0.172	CCTCAAATTTTTAAATATTACATTTTTTGT
pattern_2		12:7353351:C:A:R:wC	34	63	+	2.35366	5.48e-05	0.0499	ACCAGCCCGGCCAACACAGCGAAACCCCGT
pattern_2		12:7353351:C:A:A:wC	34	63	+	2.35366	5.48e-05	0.0499	ACCAGCCCGGCCAACACAGCGAAACCCCGT
pattern_2		11:134632224:A:C:A:wC	128	157	+	2.35366	5.48e-05	0.0499	CTGGGGAAGGCTCAGACAGGGGGTGGAACA
pattern_2		14:100810593:G:T:R:wC	116	145	-	2.35366	5.48e-05	0.0499	ACCAGCCCGGCCAACACAGCGAAACCCCGT
pattern_0		12:129389210:T:C:A:wC	53	82	+	10.5476	5.5e-05	0.0761	ACAGTCTTTTTTTTTTTTTTTTTTTTTTTT
pattern_4		8:59713625:T:G:R:wC	98	127	+	10.7976	5.5e-05	0.172	CTTTGTAGTCTGATGTTTAATTCCATTGGA
pattern_3		2:54834839:G:A:R:wC	23	52	+	11.046	5.5e-05	0.217	AATTAATAAATTAATTTTTAAAGTAGATGG
pattern_5		4:148453347:A:G:A:wC	51	80	-	10.7738	5.53e-05	0.16	TTTTTGTATTTTTTTTTTTTTTTTTTTAGT
pattern_0		2:85525344:C:T:R:wC	64	93	-	10.5357	5.54e-05	0.0764	GCCTGCACTTTTTTTTTTTTTTTGAGATGG
pattern_0		2:43989267:G:A:A:wC	150	179	+	10.5357	5.54e-05	0.0764	TTTTTAATAAATTTTTGTTGTTATTATTGT
pattern_1		8:51556262:C:T:A:wC	24	53	-	11.1905	5.54e-05	0.354	TTAATCAAATAAATTTCAAAAAGTGCTTCA
pattern_1		3:24341272:A:T:A:wC	84	113	+	11.1905	5.54e-05	0.354	GCTTTTTTATTTATTTTTTTATTTATTTTT
pattern_1		1:151858888:A:G:R:wC	165	194	+	11.1905	5.54e-05	0.354	CATGGAAAAATATTTTTAAAAACATGGGAC
pattern_2		17:26665648:A:G:A:wC	131	160	-	2.31707	5.54e-05	0.0504	TCCCAGGAGCCAGAGGGACAGGATGCACTT
pattern_3		8:176818:G:A:A:wC	47	76	+	11.0345	5.55e-05	0.218	TGACTAAAATATAAGTGTTTAAACCTAAAA
pattern_5		22:31991001:G:A:R:wC	68	97	+	10.7619	5.56e-05	0.16	TAATTTATTTATTTATTTATTTATTTATTT
pattern_4		20:12973521:A:T:A:wC	30	59	-	10.7738	5.57e-05	0.172	AAATATAGAATATTTTAACAATAATCTATT
pattern_1		18:14133319:T:C:R:wC	63	92	-	11.1786	5.58e-05	0.354	TAGATCCAAAATATTTATAATTATTTGTTG
pattern_1		11:88071072:A:G:A:wC	127	156	+	11.1786	5.58e-05	0.354	TTTTTTTTTTTTATTTTTATTTTTTTTGCC
pattern_2		12:57480462:G:A:R:wC	161	190	+	2.29268	5.58e-05	0.0508	CTCTGGCGGGCCCTGACAAGTCAATGATTT
pattern_3		1:205059066:G:A:A:wC	2	31	+	11.023	5.59e-05	0.218	TTTATTTATTTTATTTATTTTTATTTTTTT
pattern_3		20:12973521:A:T:A:wC	27	56	-	11.023	5.59e-05	0.218	TATAGAATATTTTAACAATAATCTATTGTA
pattern_0		17:26250721:A:G:A:wC	1	30	+	10.5119	5.61e-05	0.0771	ATTTATTTATTTATTTATTTATTTATTTAT
pattern_0		17:26250721:A:G:R:wC	1	30	+	10.5119	5.61e-05	0.0771	ATTTATTTATTTATTTATTTATTTATTTAT
pattern_0		21:43513327:G:T:A:wC	84	113	+	10.5119	5.61e-05	0.0771	TTTAATTAATTTTATTTTTTGTTTTTTATA
pattern_4		17:57510745:C:T:R:wC	7	36	+	10.7619	5.61e-05	0.172	ATATTTTTAATTTTTAAAAATTTTTTTTTC
pattern_4		1:66056596:G:A:R:wC	16	45	+	10.7619	5.61e-05	0.172	TTCTGATTTGATATTTATGATTTCTCATCT
pattern_4		2:197600294:T:G:A:wC	154	183	+	10.7619	5.61e-05	0.172	TCTAACATACCTTTATGTTATTTTTAGATT
pattern_4		2:197600294:T:G:R:wC	154	183	+	10.7619	5.61e-05	0.172	TCTAACATACCTTTATGTTATTTTTAGATT
pattern_2		11:488878:T:C:A:wC	52	81	+	2.26829	5.63e-05	0.051	CTCACAGTGGCCATGGCGTCTGACCCACGT
pattern_2		11:488878:T:C:R:wC	52	81	+	2.26829	5.63e-05	0.051	CTCACAGTGGCCATGGCGTCTGACCCACGT
pattern_1		20:51570506:C:T:R:wC	30	59	+	11.1667	5.63e-05	0.354	TAAATATAATTTATTTGAATGTTTAGATGC
pattern_1		6:32941910:G:T:A:wC	160	189	+	11.1667	5.63e-05	0.354	GTTTTTTAAAATATGAAAAAGAACAGATAG
pattern_5		10:97877485:G:A:A:wC	15	44	+	10.7381	5.63e-05	0.16	TTTTTAATGTGTTATTTTTAGTTATTGCTT
pattern_5		4:144442611:T:C:R:wC	40	69	-	10.7381	5.63e-05	0.16	TGAAAAAAAAAAATTTAAGATACATTTTAT
pattern_5		16:3111193:T:C:A:wC	46	75	-	10.7381	5.63e-05	0.16	TCTTATTATTATTATTTTTATTTTTATTTT
pattern_5		3:111612191:A:G:R:wC	115	144	+	10.7381	5.63e-05	0.16	AGTATAATTTTAATTTATTAAAAAAATGGC
pattern_0		13:113352130:C:T:A:wC	7	36	+	10.5	5.64e-05	0.0771	GCCAGTTTTTTTTTTTTTTTTTTTTTTTTT
pattern_0		1:45969036:G:C:R:wC	166	195	+	10.5	5.64e-05	0.0771	GCTTTTTTTTTTTTTTTTTTTTTTGAGATG
pattern_0		3:32537625:A:G:A:wC	160	189	-	10.5	5.64e-05	0.0771	CACACTTTTTTTTTTTTTTTTTTTGAGATA
pattern_0		2:170401673:T:C:R:wC	162	191	-	10.5	5.64e-05	0.0771	GAAACAGAATTTATTTACTTATTTTAAATT
pattern_4		1:26852707:T:C:R:wC	68	97	+	10.75	5.65e-05	0.172	TTTATTTATTATGTATTTTATTATTTATTT
pattern_5		20:12973521:A:T:A:wC	33	62	-	10.7262	5.67e-05	0.16	TTAAAATATAGAATATTTTAACAATAATCT
pattern_1		14:92318334:G:A:A:wC	1	30	+	11.1548	5.68e-05	0.354	ATAACTAAAGTTATTTAAAGGTTTAGTGCT
pattern_0		17:57510745:C:T:R:wC	8	37	+	10.4881	5.68e-05	0.0772	TATTTTTAATTTTTAAAAATTTTTTTTTCA
pattern_0		17:46962021:G:A:R:wC	42	71	-	10.4881	5.68e-05	0.0772	GCCCAGCTAATTTTGTATTTTTAGTAGAGA
pattern_0		9:116845484:C:T:A:wC	59	88	-	10.4881	5.68e-05	0.0772	GCCCAGCTAATTTTGTATTTTTAGTAGAGA
pattern_0		15:53164357:A:T:R:wC	153	182	-	10.4881	5.68e-05	0.0772	TTTGCCTTTTTTTTTTTTTAGATGGAGACT
pattern_4		15:91574405:G:A:R:wC	39	68	-	10.7381	5.68e-05	0.172	AATCTGGATTCTACTTTTTATTATTGGAGA
pattern_4		12:69094121:C:T:R:wC	109	138	+	10.7381	5.68e-05	0.172	GATAACTTTTTAAATTTTAATTGCTAAAAT
pattern_2		2:64895272:A:G:A:wC	70	99	-	2.23171	5.69e-05	0.0516	CTGCAGTAGGCAGAGGAAGCAGGAAGAAAA
pattern_2		4:2685085:C:T:A:wC	54	83	-	2.21951	5.71e-05	0.0517	GCCTGGGCGGCTGAGCAAGACTCTGTCTCA
pattern_0		3:106221324:G:A:A:wC	168	197	-	10.4762	5.72e-05	0.0775	GTATTATTATTTTTTTTATTTTTTTTTTTT
pattern_4		1:87029337:C:T:A:wC	4	33	+	10.7262	5.72e-05	0.172	CGAAATCTAAATATATTTTATAATTGAAAG
pattern_2		13:114938802:A:G:A:wC	159	188	+	2.20732	5.73e-05	0.0519	GGAAGTGAGGTACAGACAGCTGGATTGGTT
pattern_5		9:97503617:C:T:R:wC	28	57	+	10.7024	5.75e-05	0.16	TTTTATTTTTTTATTTTTTTATTTTTTTGA
pattern_5		15:38838432:A:T:R:wC	66	95	+	10.7024	5.75e-05	0.16	TACATAAATTATAACTTTATTTATTTATTT
pattern_5		6:3470613:T:C:A:wC	58	87	-	10.7024	5.75e-05	0.16	TTAAAATATCTAATTTTATACATAACATTC
pattern_5		6:3470609:A:G:A:wC	62	91	-	10.7024	5.75e-05	0.16	TTAAAATATCTAATTTTATACATAACATTC
pattern_0		13:74711955:C:T:A:wC	27	56	+	10.4643	5.75e-05	0.0778	ATTTTTTATTTTATTTATTTATTTATTTAT
pattern_0		15:40693443:G:A:R:wC	31	60	+	10.4643	5.75e-05	0.0778	CTTTTTTTTTTTTTTTTTTTTTTTCCGAGA
pattern_1		9:89733000:A:G:A:wC	5	34	+	11.131	5.77e-05	0.354	TTATTTTATTTTATTTTATTTTATTTTATT
pattern_1		9:89733000:A:G:A:wC	10	39	+	11.131	5.77e-05	0.354	TTATTTTATTTTATTTTATTTTATTTTATT
pattern_1		9:89733000:A:G:A:wC	15	44	+	11.131	5.77e-05	0.354	TTATTTTATTTTATTTTATTTTATTTTATT
pattern_1		9:89733000:A:G:A:wC	20	49	+	11.131	5.77e-05	0.354	TTATTTTATTTTATTTTATTTTATTTTATT
pattern_1		12:66385194:C:G:A:wC	44	73	+	11.131	5.77e-05	0.354	AATTTTAAAATTTTGTTATATATTTTGTTA
pattern_1		8:22373383:T:C:A:wC	145	174	+	11.131	5.77e-05	0.354	TTATTTTATTTTATTTTATTTTATTTTATT
pattern_1		8:22373383:T:C:A:wC	150	179	+	11.131	5.77e-05	0.354	TTATTTTATTTTATTTTATTTTATTTTATT
pattern_1		8:22373383:T:C:A:wC	155	184	+	11.131	5.77e-05	0.354	TTATTTTATTTTATTTTATTTTATTTTATT
pattern_3		6:99889467:A:T:A:wC	47	76	+	10.977	5.77e-05	0.222	AAAAAAAAAATTACTCAATGTTCTTCATAT
pattern_3		11:66290243:T:C:A:wC	48	77	-	10.977	5.77e-05	0.222	GGACCATATTTATCTTGTTCATCAATATAT
pattern_2		5:159620983:A:G:A:wC	80	109	+	2.18293	5.78e-05	0.0521	GTCGGGGAGGCTCGGGCTGCGCAGGTGCCC
pattern_2		2:55859215:T:A:R:wC	132	161	+	2.18293	5.78e-05	0.0521	CTATGGCCGGCTAACGTTTGTATTTTTTTT
pattern_5		17:12187626:C:G:A:wC	107	136	+	10.6905	5.78e-05	0.16	AAATTCTTTTTTTTTTTTTTTTTTTTTTGA
pattern_5		12:131921121:A:G:R:wC	155	184	+	10.6905	5.78e-05	0.16	TCATACATTATAATTTTTCCCATTTAAAAT
pattern_0		12:66385194:C:G:A:wC	34	63	-	10.4524	5.79e-05	0.0779	TATAACAAAATTTTAAAATTATTTAAATAA
pattern_0		12:69094121:C:T:R:wC	105	134	+	10.4524	5.79e-05	0.0779	TTAAGATAACTTTTTAAATTTTAATTGCTA
pattern_0		3:42651319:G:T:A:wC	105	134	+	10.4524	5.79e-05	0.0779	ACTAGTTCTTGTTTGTCATAATATAAATAT
pattern_0		10:72015765:G:T:A:wC	155	184	+	10.4524	5.79e-05	0.0779	CTTTTCTCCTTTTTTTTTTTTTTTTCCTGA
pattern_2		1:205012198:T:G:R:wC	64	93	+	2.17073	5.8e-05	0.0523	GCAAATGAGGTAAAGCCAGGAGGGTGGGGA
pattern_1		20:51570506:C:T:R:wC	17	46	-	11.119	5.81e-05	0.355	CAAATAAATTATATTTAAAAAGTAATAAAT
pattern_3		17:57510745:C:T:R:wC	18	47	+	10.9655	5.82e-05	0.222	TTTTAAAAATTTTTTTTTCAAGATGGAGTC
pattern_5		18:14133319:T:C:R:wC	71	100	+	10.6786	5.82e-05	0.16	AATTATAAATATTTTGGATCTAAATCTTTT
pattern_5		16:1853698:G:A:R:wC	124	153	+	10.6786	5.82e-05	0.16	TTTTTTTTTTTTTTTTTTTGATTTTTAGTA
pattern_2		9:137695820:G:A:R:wC	78	107	-	2.15854	5.82e-05	0.0524	CCTGGGGCGCCCAGGGGAGGAGATATGAAA
pattern_2		11:86142522:C:G:A:wC	119	148	-	2.15854	5.82e-05	0.0524	CTCTAGGAGGACCAGCGGAGCGCCTCCACT
pattern_0		8:12853270:A:T:R:wC	128	157	-	10.4405	5.83e-05	0.0782	TCTGAAAAATGTTATAATATTTAAAAGCCT
pattern_0		20:57542074:A:G:R:wC	159	188	+	10.4405	5.83e-05	0.0782	CCGGCTTTTTTTTTTTTTTTTTTTTTTTTT
pattern_4		18:58192696:A:G:A:wC	52	81	+	10.6905	5.84e-05	0.172	AAACCTCAATTTTTTTTTAATTAGGCTTGA
pattern_4		8:11239836:A:G:R:wC	58	87	+	10.6905	5.84e-05	0.172	ATGTTTTCCTTTCTTTTTCATTTTAGTCAT
pattern_4		4:101131793:T:C:R:wC	146	175	-	10.6905	5.84e-05	0.172	AGCTATTAATCTTTATTTAAATAAAATGTA
pattern_4		14:34844376:T:C:R:wC	154	183	-	10.6905	5.84e-05	0.172	ACAAACTGTTCAACGTATTATTGTTAAAGA
pattern_2		15:51312751:G:A:R:wC	69	98	-	2.14634	5.84e-05	0.0525	GCCTGGGCGACAGAGGAAGACTCCGCCTCA
pattern_5		19:30297577:G:A:R:wC	103	132	+	10.6667	5.86e-05	0.16	TCTGCCCTTTTTTTTTTTTTTTTTTTTTCC
pattern_3		3:111612191:A:G:R:wC	123	152	-	10.954	5.86e-05	0.222	CTAGTGCAGCCATTTTTTTAATAAATTAAA
pattern_0		15:84657643:T:A:R:wC	76	105	+	10.4286	5.87e-05	0.0782	TTTTATTTATTTATTTATTTATTTTTTTTT
pattern_4		16:4024128:C:T:A:wC	4	33	+	10.6786	5.87e-05	0.172	ATTTCAAGTCAGTTATTTTATTACTTTTTG
pattern_4		9:89733000:A:G:A:wC	5	34	+	10.6786	5.87e-05	0.172	TTATTTTATTTTATTTTATTTTATTTTATT
pattern_4		9:89733000:A:G:A:wC	10	39	+	10.6786	5.87e-05	0.172	TTATTTTATTTTATTTTATTTTATTTTATT
pattern_4		9:89733000:A:G:A:wC	15	44	+	10.6786	5.87e-05	0.172	TTATTTTATTTTATTTTATTTTATTTTATT
pattern_4		9:89733000:A:G:A:wC	20	49	+	10.6786	5.87e-05	0.172	TTATTTTATTTTATTTTATTTTATTTTATT
pattern_4		7:36082757:A:G:A:wC	26	55	-	10.6786	5.87e-05	0.172	CATGCCCAGCTAATTTTTTATTTTTTGTAG
pattern_4		8:22373383:T:C:A:wC	145	174	+	10.6786	5.87e-05	0.172	TTATTTTATTTTATTTTATTTTATTTTATT
pattern_4		8:22373383:T:C:A:wC	150	179	+	10.6786	5.87e-05	0.172	TTATTTTATTTTATTTTATTTTATTTTATT
pattern_4		22:25839192:C:T:R:wC	124	153	-	10.6786	5.87e-05	0.172	TATCACTGGATAATATTCCATTGATCAGTG
pattern_4		8:22373383:T:C:A:wC	155	184	+	10.6786	5.87e-05	0.172	TTATTTTATTTTATTTTATTTTATTTTATT
pattern_2		17:75317176:C:G:A:wC	24	53	-	2.12195	5.89e-05	0.0527	ACCAAGGAGGCTGGGCCTGGGAGGGAGGGC
pattern_2		21:45513545:G:A:A:wC	115	144	+	2.12195	5.89e-05	0.0527	ACCCAGGAGGTGGAGGTTGCAGTGAGCCGA
pattern_2		19:44297043:G:A:A:wC	166	195	+	2.12195	5.89e-05	0.0527	ACCCAGGAGGTGGAGGTTGCAGTGAGCCGA
pattern_5		10:114197982:A:T:R:wC	6	35	-	10.6548	5.9e-05	0.16	TATAGGAAACATTTTTGTTCATTCTGTAAC
pattern_0		22:32155445:T:C:R:wC	10	39	+	10.4167	5.91e-05	0.0782	TTTTGTTTTTTTTTGTTTTTTTTGAGATGA
pattern_0		5:441695:T:C:A:wC	16	45	+	10.4167	5.91e-05	0.0782	CCTTTTTTTTTTTTTTTTTTTTTTTTTTTT
pattern_0		21:38329400:T:C:R:wC	47	76	-	10.4167	5.91e-05	0.0782	TGGGCTTTTTTTTTTTTTTTTTTTGAGACG
pattern_0		16:89848203:C:G:A:wC	136	165	-	10.4167	5.91e-05	0.0782	CCTGGCTAATTTTTTGTATATTTTTAGTAG
pattern_0		3:183450024:A:G:R:wC	147	176	-	10.4167	5.91e-05	0.0782	CATGGCTAATTTTTTTTTGTATTTTTAGTA
pattern_0		18:58192696:A:G:A:wC	151	180	-	10.4167	5.91e-05	0.0782	TGTAAACATATTTTTAAAAAAGAAAGAAAA
pattern_0		8:132332152:G:A:A:wC	165	194	-	10.4167	5.91e-05	0.0782	TATATTATTTTTTTTTTTTTTTTTTTTTGA
pattern_0		16:74526649:G:A:A:wC	168	197	-	10.4167	5.91e-05	0.0782	GTATTTTTCTTTTTTTTTTTTTTTTCTTGA
pattern_3		16:3111193:T:C:A:wC	43	72	-	10.9425	5.91e-05	0.222	TATTATTATTATTTTTATTTTTATTTTTGA
pattern_3		8:22373383:T:C:A:wC	160	189	+	10.9425	5.91e-05	0.222	TTATTTTATTTTATTTTATTTTATTTTGAG
pattern_1		12:33821532:G:C:A:wC	129	158	-	11.0952	5.91e-05	0.358	CCAATCAGCATTATTTCACAATGTAAACTG
pattern_2		9:5329029:T:C:R:wC	16	45	-	2.10976	5.91e-05	0.0528	TTTGCAGTGGCTGGTACTGGTTGTTCCTTT
pattern_2		19:33538414:C:A:R:wC	34	63	-	2.10976	5.91e-05	0.0528	TTCTACCTGTCTGGGGTGGGAAGAACACCA
pattern_4		4:156432025:C:T:R:wC	17	46	-	10.6667	5.91e-05	0.172	CTTTTATCAATTATTTTAAAATAGTATCTA
pattern_4		14:64721649:T:C:R:wC	72	101	+	10.6667	5.91e-05	0.172	TATACTAGATTTATGTTTTACAACATAATA
pattern_4		8:22373383:T:C:A:wC	160	189	+	10.6667	5.91e-05	0.172	TTATTTTATTTTATTTTATTTTATTTTGAG
pattern_5		18:5586542:A:G:A:wC	113	142	+	10.6429	5.94e-05	0.16	TACATGACTATTTTTTTTTTTTTTTTTGTA
pattern_5		18:5586542:A:G:R:wC	113	142	+	10.6429	5.94e-05	0.16	TACATGACTATTTTTTTTTTTTTTTTTGTA
pattern_0		5:66001101:A:G:A:wC	90	119	+	10.4048	5.94e-05	0.0784	CCTTTTTTCTGTTTTTAATGGGTATAGCAT
pattern_0		5:96506796:T:C:R:wC	164	193	-	10.4048	5.94e-05	0.0784	TATTTTTATTTTATTTTATTTTTTTGGAGA
pattern_4		4:146056320:G:A:A:wC	46	75	-	10.6548	5.95e-05	0.173	GACTTTTGATAGTTTTAAAATTAATCTTTG
pattern_3		20:16541716:C:T:A:wC	7	36	-	10.931	5.96e-05	0.222	TCTCTATTATATTTTTTTAAAAAAAGATGA
pattern_3		3:107045294:T:C:R:wC	75	104	-	10.931	5.96e-05	0.222	AAATAAACGTTTTTATTAACAACAACAAAA
pattern_2		3:197816514:C:G:R:wC	135	164	+	2.08537	5.96e-05	0.0532	GCCTGGGAGACAGAGCGAGACTCTGTCCCA
pattern_2		10:6019631:C:G:R:wC	115	144	-	2.07317	5.98e-05	0.0532	GCCGCGGCGGCCGGCGGGGCTCCTTCCCCA
pattern_2		10:62500217:C:T:R:wC	146	175	+	2.07317	5.98e-05	0.0532	CCCCCGGAGGTGGAGGCTGCAGTGAACTGT
pattern_0		3:111612191:A:G:R:wC	110	139	+	10.3929	5.98e-05	0.0785	TCCTGAGTATAATTTTAATTTATTAAAAAA
pattern_0		5:40490609:C:T:R:wC	111	140	+	10.3929	5.98e-05	0.0785	TCCCCAAATTGTTTGTCTTAACTTTAGCGA
pattern_0		5:40490609:C:T:A:wC	111	140	+	10.3929	5.98e-05	0.0785	TCCCCAAATTGTTTGTCTTAACTTTAGCGA
pattern_0		1:113040832:G:C:R:wC	129	158	+	10.3929	5.98e-05	0.0785	TCATTCCTTTTTTTTTTTAGTTTGTTTTGT
pattern_2		15:91428589:T:G:R:wC	86	115	+	2.06098	6e-05	0.0534	ATCTGGCAGGCCAATGCTTGGGAGCCATTG
pattern_3		4:155693001:A:G:R:wC	5	34	+	10.9195	6e-05	0.222	ACTTTTATTTTTATTTATTTATTTATTTAT
pattern_3		22:29109409:G:A:R:wC	16	45	-	10.9195	6e-05	0.222	AAAAGAAAACTTGTACATAAATGTTCATAG
pattern_3		8:19860747:G:A:R:wC	46	75	-	10.9195	6e-05	0.222	TAAACTCAAGTGCTACATTTAAAAAGATAA
pattern_3		17:8203122:T:C:A:wC	138	167	-	10.9195	6e-05	0.222	CGGCCTCAATTTTTTTTTTTTTTTTTGAGA
pattern_5		1:11124943:G:A:A:wC	79	108	-	10.619	6.01e-05	0.16	TTGACAAGTGGAATTTTTTTTTTTTTTTTT
pattern_4		5:64924881:T:C:A:wC	127	156	+	10.631	6.03e-05	0.174	AAATATTACATTTTTTGTTAATTCATATGA
pattern_4		1:247288981:G:C:A:wC	129	158	+	10.631	6.03e-05	0.174	CCATCTGTTTATTTATTTCATTTTAGTCAT
pattern_2		13:41684306:G:A:R:wC	72	101	+	2.03659	6.05e-05	0.0537	CCTGGGTGGGCCGGGCGCGGTGGCTCACGC
pattern_2		9:35905966:G:A:R:wC	162	191	+	2.03659	6.05e-05	0.0537	CTCAACCAGATCCAGCCTGACAGCTCCTCT
pattern_3		22:29109409:G:A:R:wC	29	58	+	10.908	6.05e-05	0.222	TGTACAAGTTTTCTTTTTTTTTTTTTTTGA
pattern_3		6:96988696:A:T:R:wC	118	147	+	10.908	6.05e-05	0.222	TGATTATGTTTTCTGTTTTCTTTTGTGAAA
pattern_3		3:188066896:T:C:R:wC	167	196	+	10.908	6.05e-05	0.222	GAGGGGAAGAATTTTTTTAAAAAAATTTAA
pattern_5		1:66056596:G:A:R:wC	16	45	+	10.6071	6.05e-05	0.16	TTCTGATTTGATATTTATGATTTCTCATCT
pattern_5		1:148239834:G:T:A:wC	59	88	-	10.6071	6.05e-05	0.16	CCTAAAATACATTTTTTATCATATTTTGAA
pattern_5		13:101862825:C:A:R:wC	138	167	+	10.6071	6.05e-05	0.16	TGTAATATGATTTTTTTTTACCTTTTGCAT
pattern_5		22:45603296:T:C:R:wC	164	193	+	10.6071	6.05e-05	0.16	CACGTAATTTTTTTTTTTTTTTTTTAATAG
pattern_1		4:155693001:A:G:R:wC	13	42	+	11.0595	6.05e-05	0.362	TTTTATTTATTTATTTATTTATTTTTATGC
pattern_1		15:84657643:T:A:R:wC	55	84	+	11.0595	6.05e-05	0.362	GCCTGGTTCTTTATTTTTTATTTTTATTTA
pattern_0		6:38669792:C:T:A:wC	6	35	+	10.369	6.06e-05	0.0791	GCCTGAATTTTTTTTTTTTTTTTTTTTTAG
pattern_0		17:73194987:G:A:R:wC	26	55	+	10.369	6.06e-05	0.0791	TTTTAAAATTTTTTTTTACTTTTTAAAATT
pattern_0		10:125243654:A:G:A:wC	141	170	+	10.369	6.06e-05	0.0791	GTTAAATTATTATTTTGTTTTTAATAAAGG
pattern_0		14:74749769:C:T:R:wC	138	167	-	10.369	6.06e-05	0.0791	CAAACCATCTTTTTTTTTTTTTTTGAGACG
pattern_2		19:50362122:C:G:R:wC	104	133	+	2.02439	6.07e-05	0.0538	CTCTGCCACATCAGGGCTGACTCAGCACCA
pattern_2		19:807127:T:G:R:wC	117	146	-	2.02439	6.07e-05	0.0538	TGGTAAGAGGCACAGGCAGGGAGTGCGTCC
pattern_4		1:90234055:C:A:A:wC	43	72	+	10.619	6.07e-05	0.174	TTTTCTATTTATTTTTTCTATTTTCTACAA
pattern_4		7:37979141:T:C:A:wC	25	54	-	10.619	6.07e-05	0.174	AACAAATATTAAATTTATTATAAGGCTCAA
pattern_5		6:38669792:C:T:A:wC	9	38	+	10.5952	6.09e-05	0.16	TGAATTTTTTTTTTTTTTTTTTTTTAGACA
pattern_5		1:66056596:G:A:R:wC	65	94	+	10.5952	6.09e-05	0.16	TTTGCTCTTTTTTTTTTTTCCTAGTTTGTT
pattern_5		4:25408838:G:A:A:wC	47	76	-	10.5952	6.09e-05	0.16	AAAAAAATAAACATAGTTTAATTCTTAAGT
pattern_2		14:101178067:G:C:R:wC	170	199	+	2.0122	6.09e-05	0.0539	CCTGAGGAGAAAGAGGTGGCCTGGACCTCT
pattern_3		20:45095161:T:C:R:wC	54	83	+	10.8966	6.1e-05	0.223	TTATTTATTTATTTATTTTATTTTTTGAGA
pattern_0		19:12374506:C:T:A:wC	28	57	-	10.3571	6.1e-05	0.0791	CAGCGCTAATTTTTTTGTTTTTTTGTTTTT
pattern_0		19:12374506:C:T:R:wC	28	57	-	10.3571	6.1e-05	0.0791	CAGCGCTAATTTTTTTGTTTTTTTGTTTTT
pattern_0		3:126653373:T:C:A:wC	113	142	+	10.3571	6.1e-05	0.0791	TTTTTTTTTTTTTTTTTTTTTTTTGAGACT
pattern_0		19:49402332:C:T:R:wC	156	185	-	10.3571	6.1e-05	0.0791	CTCTCTCTTTTTTTTTTTTTTTTTGAGACG
pattern_2		13:25115955:A:G:R:wC	69	98	+	2	6.12e-05	0.054	TTCTGAGGGGCTGAGAGTCGCGGAGTTTCC
pattern_0		2:54834839:G:A:R:wC	13	42	-	10.3452	6.14e-05	0.0794	TAAAAATTAATTTATTAATTTTTTTTTTGA
pattern_0		19:44072013:G:T:A:wC	108	137	+	10.3452	6.14e-05	0.0794	ATCTTTTCTTTTTTTTTTTTTTTTGAGACA
pattern_2		5:167182055:G:A:R:wC	19	48	+	1.9878	6.14e-05	0.0541	CTGTGTCAGACTGGGACTGCTGGTGATTTT
pattern_2		2:232586962:G:C:R:wC	22	51	+	1.9878	6.14e-05	0.0541	GCATAGGAGGCTCATATAGCAGAGGACTCA
pattern_2		4:39483872:C:T:R:wC	68	97	+	1.9878	6.14e-05	0.0541	CGCTCTGTCGCCCAGGCTGGAGTGCAGTCA
pattern_3		12:56273995:G:A:A:wC	171	200	-	10.8851	6.15e-05	0.224	CCAGCTAATTTTTTTTTTTGTTTTTTTTTT
pattern_4		17:46075058:C:T:R:wC	26	55	-	10.5952	6.15e-05	0.175	ACTTTCCAGCATCTTATTTATTTATTTATT
pattern_1		12:27836289:C:T:A:wC	109	138	-	11.0357	6.15e-05	0.365	ATTCTACATTCTATTTAAAAAATATCTTTA
pattern_2		5:134439287:C:T:A:wC	37	66	-	1.97561	6.16e-05	0.0541	CTGCCTGAGACCAAGAAGGCCAGCACACCA
pattern_2		20:62384972:G:A:R:wC	46	75	-	1.97561	6.16e-05	0.0541	CTCTCAGTGGCCCATGCCCAGGTCTGACGT
pattern_2		7:26008408:G:A:A:wC	87	116	+	1.97561	6.16e-05	0.0541	GGCGGCCAGACCCATGTGGGCAGCTGCAGT
pattern_2		22:36598187:G:C:R:wC	165	194	-	1.97561	6.16e-05	0.0541	ACTCAGAAGGTTGAAGGAGGAAGATCACTT
pattern_5		1:205059066:G:A:A:wC	6	35	+	10.5714	6.17e-05	0.16	TTTATTTTATTTATTTTTATTTTTTTAGAC
pattern_5		5:441695:T:C:A:wC	25	54	+	10.5714	6.17e-05	0.16	TTTTTTTTTTTTTTTTTTTTTTTTTGAGAC
pattern_5		7:4807826:T:C:R:wC	31	60	+	10.5714	6.17e-05	0.16	TTTTTTTTTTTTTTTTTTTTTTTTTGAGAC
pattern_5		12:129389210:T:C:A:wC	62	91	+	10.5714	6.17e-05	0.16	TTTTTTTTTTTTTTTTTTTTTTTTTGAGAC
pattern_5		4:4404145:T:C:A:wC	63	92	+	10.5714	6.17e-05	0.16	TTTTTTTTTTTTTTTTTTTTTTTTTGAGAC
pattern_5		19:51126928:A:G:A:wC	55	84	-	10.5714	6.17e-05	0.16	TAATTTTTTTTTTTTTTTTTTTTTTTTTTT
pattern_5		3:126653373:T:C:A:wC	112	141	+	10.5714	6.17e-05	0.16	TTTTTTTTTTTTTTTTTTTTTTTTTGAGAC
pattern_5		9:4834438:C:G:A:wC	124	153	+	10.5714	6.17e-05	0.16	TGAGTCATTCTTTTTTTTTTTTTTTTTTTA
pattern_5		19:8403727:T:C:A:wC	126	155	-	10.5714	6.17e-05	0.16	TTTTTTTTTTTTTTTTTTTTTTTTTGAGAC
pattern_5		20:57542074:A:G:R:wC	169	198	+	10.5714	6.17e-05	0.16	TTTTTTTTTTTTTTTTTTTTTTTTTGAGAC
pattern_5		13:21341377:G:A:R:wC	163	192	-	10.5714	6.17e-05	0.16	TTTTTTTTTTTTTTTTTTTTTTTTTGAGAC
pattern_5		19:53233572:G:A:R:wC	168	197	-	10.5714	6.17e-05	0.16	TTTTTTTTTTTTTTTTTTTTTTTTTGAGAC
pattern_2		1:110187031:C:T:A:wC	60	89	-	1.96341	6.19e-05	0.0542	ACCCGGGAGGCGGAGCTTGCAGTGATCCGA
pattern_4		3:25171988:A:G:A:wC	73	102	+	10.5833	6.19e-05	0.175	CATGTTGTCATTTTTTTTTAATAAAATGGT
pattern_4		2:170401673:T:C:R:wC	155	184	-	10.5833	6.19e-05	0.175	AATTTATTTACTTATTTTAAATTTAAATAA
pattern_3		7:38784481:C:T:R:wC	157	186	+	10.8736	6.19e-05	0.224	AATATGAATGTTATGTTATATGCTACATTA
pattern_2		17:15645712:G:C:R:wC	70	99	+	1.95122	6.21e-05	0.0543	TCAGGGCAGCCCAGGGGGCCCTGAGCACGT
pattern_2		4:23726783:T:C:A:wC	157	186	-	1.95122	6.21e-05	0.0543	ATCACGGACGCCGAGCTTCGGGTAACTCTC
pattern_5		2:173255059:C:T:R:wC	36	65	+	10.5595	6.21e-05	0.16	GGATCTAAAAAAAATTGATCTTAGATAACA
pattern_5		2:173255059:C:T:A:wC	36	65	+	10.5595	6.21e-05	0.16	GGATCTAAAAAAAATTGATCTTAGATAACA
pattern_5		8:113945521:C:T:R:wC	24	53	-	10.5595	6.21e-05	0.16	ATAATAGAGATATTTTTATCATTATACACC
pattern_5		21:36480002:C:T:R:wC	142	171	+	10.5595	6.21e-05	0.16	TGTTTTCTTATTATTTTTTACTTTCATTTG
pattern_5		21:36480002:C:T:A:wC	142	171	+	10.5595	6.21e-05	0.16	TGTTTTCTTATTATTTTTTACTTTCATTTG
pattern_0		18:13680510:T:C:R:wC	77	106	+	10.3214	6.22e-05	0.0802	CTTTTAGAAATTTTGTCAAGAAATCTATGT
pattern_0		17:66215837:A:T:A:wC	99	128	+	10.3214	6.22e-05	0.0802	CTAATTTTTTTTTTTTTTTTGTAGAGATGA
pattern_3		4:155693001:A:G:R:wC	13	42	+	10.8621	6.24e-05	0.225	TTTTATTTATTTATTTATTTATTTTTATGC
pattern_5		7:135667353:C:G:A:wC	63	92	+	10.5476	6.25e-05	0.16	TCAGCTTAATTTTTTTTTTCTTTTAGCATT
pattern_1		9:97503617:C:T:R:wC	13	42	+	11.0119	6.25e-05	0.365	TGTTTTTATTTTATTTTTTATTTTTTTATT
pattern_1		5:96506796:T:C:R:wC	164	193	-	11.0119	6.25e-05	0.365	TATTTTTATTTTATTTTATTTTTTTGGAGA
pattern_0		8:125504255:T:G:A:wC	57	86	+	10.3095	6.26e-05	0.0806	AGTTCTTTTTTTTTTTTTTTTGAGATGTAT
pattern_4		19:8403727:T:C:A:wC	128	157	-	10.5595	6.27e-05	0.175	CTTTTTTTTTTTTTTTTTTTTTTTTTTGAG
pattern_4		13:21341377:G:A:R:wC	165	194	-	10.5595	6.27e-05	0.175	CTTTTTTTTTTTTTTTTTTTTTTTTTTGAG
pattern_2		15:41733249:A:G:A:wC	88	117	-	1.91463	6.28e-05	0.0548	GCCCAGGAGGCGGAGCTCGCAGTAAGCCGA
pattern_5		19:41259325:A:G:R:wC	70	99	+	10.5357	6.29e-05	0.16	TTTTTTTTTTTTTTTTTTTTTTTTTGAGGC
pattern_0		1:706778:G:A:R:wC	52	81	+	10.2976	6.3e-05	0.0811	CAAGGTTTTGTTTTGTTTTGTTTTTTGAGA
pattern_1		15:38838432:A:T:R:wC	80	109	+	11	6.3e-05	0.365	CTTTATTTATTTATTTATTTATTTTTGAGA
pattern_1		9:136034364:G:A:A:wC	85	114	-	11	6.3e-05	0.365	TACTGAGACTCCATTTAAAAAAAGAAAAAA
pattern_5		14:74041056:C:A:A:wC	3	32	+	10.5238	6.33e-05	0.16	ATTCCAGTATTTTTTTTTTTTTTTTTTTGA
pattern_5		4:148453347:A:G:A:wC	54	83	-	10.5238	6.33e-05	0.16	AATTTTTTGTATTTTTTTTTTTTTTTTTTT
pattern_5		5:107014713:A:G:R:wC	133	162	-	10.5238	6.33e-05	0.16	ATTCAGTAAAATATTTCTCATTAAAAAAAA
pattern_0		16:3491429:G:A:R:wC	53	82	-	10.2857	6.34e-05	0.0814	CCCAGCCTTAATTTTTGTAATTTTAGTAGA
pattern_0		10:8125134:C:T:A:wC	144	173	-	10.2857	6.34e-05	0.0814	ATTCTTTTTTTTTTTTTTTTTTTTTTTTGA
pattern_3		5:96506796:T:C:R:wC	166	195	-	10.8391	6.34e-05	0.228	TTTATTTTTATTTTATTTTATTTTTTTGGA
pattern_2		12:133422998:G:A:A:wC	18	47	-	1.87805	6.35e-05	0.0552	ACCCGGGAGGCGGAGCTTGCAGTGAGCCAA
pattern_2		4:185620401:G:A:A:wC	104	133	+	1.87805	6.35e-05	0.0552	ACCCGGGAGGCGGAGCTTGCAGTGAGCCAA
pattern_2		3:129074542:T:C:A:wC	85	114	-	1.87805	6.35e-05	0.0552	ACCCGGGAGGCGGAGCTTGCAGTGAGCCAA
pattern_2		7:44872900:T:C:R:wC	99	128	-	1.87805	6.35e-05	0.0552	ACCCGGGAGGCGGAGCTTGCAGTGAGCCAA
pattern_2		2:44271496:C:T:R:wC	150	179	-	1.87805	6.35e-05	0.0552	GGCCGGGCTGCCAGGGCTGGCTGCTTCCCT
pattern_1		6:109062964:T:C:R:wC	168	197	-	10.9881	6.35e-05	0.366	TTAGAAGTAAAAATTTAAAAAACAAACAAA
pattern_4		2:54834839:G:A:R:wC	15	44	-	10.5357	6.35e-05	0.175	TTTAAAAATTAATTTATTAATTTTTTTTTT
pattern_4		2:173255059:C:T:R:wC	169	198	-	10.5238	6.39e-05	0.175	TACATTTTCTTGCTATTTTATTTCACTGTG
pattern_4		2:173255059:C:T:A:wC	169	198	-	10.5238	6.39e-05	0.175	TACATTTTCTTGCTATTTTATTTCACTGTG
pattern_2		3:159568546:G:A:A:wC	50	79	+	1.85366	6.4e-05	0.0555	CTTCACGTGGCCAGAGCAGGAGGAAGGGAA
pattern_2		22:21403971:C:A:A:wC	105	134	+	1.85366	6.4e-05	0.0555	GCTAGGGAGCCAGGGAAGCGTGGCCAGGCT
pattern_5		17:73194987:G:A:R:wC	16	45	-	10.5	6.41e-05	0.16	AGTAAAAAAAAATTTTAAAAATTAAAAAAT
pattern_5		22:31991001:G:A:R:wC	57	86	+	10.5	6.41e-05	0.16	AGAAATAATAATAATTTATTTATTTATTTA
pattern_0		3:119372364:G:T:R:wC	55	84	+	10.2619	6.42e-05	0.0822	AGCAATTCTTTTTTTTTTTTTTTTGAGACG
pattern_0		9:4834438:C:G:A:wC	128	157	+	10.2619	6.42e-05	0.0822	TCATTCTTTTTTTTTTTTTTTTTTTAATTT
pattern_2		9:95874070:G:C:A:wC	83	112	+	1.84146	6.42e-05	0.0556	GCCTGGCGGCCCCAGGACGCAGCAGCAACC
pattern_4		4:70516431:C:T:R:wC	36	65	+	10.5119	6.44e-05	0.175	ATATATTTAAATAGATACAATTGTATTTAT
pattern_4		16:16923453:G:A:A:wC	117	146	+	10.5119	6.44e-05	0.175	ATTTTTTTTTTTTTTTTTTTTTTTTTTAAT
pattern_3		3:177150245:T:A:A:wC	71	100	+	10.8161	6.44e-05	0.23	AGTAAATTTTCTCATTATTAATTAACAGGA
pattern_3		4:124813849:T:G:R:wC	59	88	-	10.8161	6.44e-05	0.23	GTGGCGCAAGCTGTATATTCAGAACAAAAA
pattern_2		12:133435534:C:T:R:wC	17	46	+	1.82927	6.45e-05	0.0557	TCCTGGGAGGGAGAGGTTGCAGTGGGCTGA
pattern_2		19:49897400:G:C:A:wC	89	118	-	1.82927	6.45e-05	0.0557	CTCAGAGAGGGACAGGGTGGGGGAGGGCAA
pattern_2		6:170094905:T:C:A:wC	165	194	-	1.82927	6.45e-05	0.0557	CTCAGACTGGCCCAGACTCATGAGAAATGT
pattern_5		9:33148834:T:C:R:wC	58	87	-	10.4881	6.45e-05	0.16	CATTTTTTTTTTTTTTTTTACTTTTAGGCA
pattern_5		17:66215837:A:T:A:wC	94	123	+	10.4881	6.45e-05	0.16	TCTGGCTAATTTTTTTTTTTTTTTTGTAGA
pattern_5		17:40724276:C:T:A:wC	154	183	+	10.4881	6.45e-05	0.16	CATATTGGAAATTTTTTATTTTTCTAAATA
pattern_1		13:52185855:A:G:A:wC	68	97	-	10.9643	6.45e-05	0.367	CAAAGGGAATGAATTTACCATAACAGACTT
pattern_1		5:96506796:T:C:R:wC	169	198	-	10.9643	6.45e-05	0.367	TTTTTTATTTTTATTTTATTTTATTTTTTT
pattern_0		15:41733249:A:G:A:wC	15	44	+	10.25	6.46e-05	0.0826	CTCTTTTTTTTTTTTTTTTTTTTTGAGACG
pattern_2		16:3743046:T:C:A:wC	43	72	+	1.81707	6.47e-05	0.0558	CGCTCTGTCGCCCAGGCTGGAGTGCAGTGA
pattern_4		20:51570506:C:T:R:wC	16	45	+	10.5	6.48e-05	0.175	AATTTATTACTTTTTAAATATAATTTATTT
pattern_4		1:46887520:T:C:R:wC	18	47	-	10.5	6.48e-05	0.175	TAACGAGTGTTTCTGTGTAATTCTACATTT
pattern_4		1:46887520:T:C:A:wC	18	47	-	10.5	6.48e-05	0.175	TAACGAGTGTTTCTGTGTAATTCTACATTT
pattern_4		21:43513327:G:T:A:wC	85	114	+	10.5	6.48e-05	0.175	TTAATTAATTTTATTTTTTGTTTTTTATAG
pattern_3		9:89733000:A:G:A:wC	23	52	-	10.8046	6.49e-05	0.231	AATAATAAAATAAAATAAAATAAAATAAAA
pattern_5		9:131564080:A:G:R:wC	36	65	+	10.4762	6.49e-05	0.16	TATTTAAGATTTTTTTGTTTTTTGTTTTTT
pattern_2		9:35680337:C:G:A:wC	22	51	+	1.80488	6.49e-05	0.0558	ATTAGAGAGGCAGATCATGGTGGGGATTCC
pattern_2		2:111878227:G:A:A:wC	10	39	-	1.80488	6.49e-05	0.0558	GCGTGCGCGGCACAGAGGGGGCGCTCCGGT
pattern_2		4:199414:C:T:A:wC	50	79	+	1.80488	6.49e-05	0.0558	CTGGGTGAGCTTGGGGAGGGAGACACACTC
pattern_0		16:87747204:T:C:R:wC	6	35	+	10.2381	6.5e-05	0.0829	AAATGCAATTTTTTTCAAAATCAAGAAATT
pattern_0		17:57510745:C:T:R:wC	164	193	+	10.2381	6.5e-05	0.0829	GTGCTGTAATTTTTGTACTTTTAGTAGAGA
pattern_1		12:66385194:C:G:A:wC	37	66	-	10.9524	6.51e-05	0.368	ATATATAACAAAATTTTAAAATTATTTAAA
pattern_4		5:441695:T:C:A:wC	23	52	+	10.4881	6.52e-05	0.175	TTTTTTTTTTTTTTTTTTTTTTTTTTTGAG
pattern_4		7:4807826:T:C:R:wC	29	58	+	10.4881	6.52e-05	0.175	TTTTTTTTTTTTTTTTTTTTTTTTTTTGAG
pattern_4		12:129389210:T:C:A:wC	60	89	+	10.4881	6.52e-05	0.175	TTTTTTTTTTTTTTTTTTTTTTTTTTTGAG
pattern_4		4:4404145:T:C:A:wC	61	90	+	10.4881	6.52e-05	0.175	TTTTTTTTTTTTTTTTTTTTTTTTTTTGAG
pattern_4		19:41259325:A:G:R:wC	68	97	+	10.4881	6.52e-05	0.175	TTTTTTTTTTTTTTTTTTTTTTTTTTTGAG
pattern_4		3:126653373:T:C:A:wC	110	139	+	10.4881	6.52e-05	0.175	TTTTTTTTTTTTTTTTTTTTTTTTTTTGAG
pattern_4		6:126148318:G:A:A:wC	114	143	-	10.4881	6.52e-05	0.175	TTTTTTTTTTTTTTTTTTTTTTTTTTTGAG
pattern_4		20:57542074:A:G:R:wC	167	196	+	10.4881	6.52e-05	0.175	TTTTTTTTTTTTTTTTTTTTTTTTTTTGAG
pattern_4		19:53233572:G:A:R:wC	170	199	-	10.4881	6.52e-05	0.175	TTTTTTTTTTTTTTTTTTTTTTTTTTTGAG
pattern_5		17:57510745:C:T:R:wC	3	32	+	10.4643	6.54e-05	0.16	ATATATATTTTTAATTTTTAAAAATTTTTT
pattern_5		4:25408838:G:A:A:wC	8	37	+	10.4643	6.54e-05	0.16	TTTTGGGTTTAAATTTAAGATATTTTTCTT
pattern_5		1:64060262:C:A:R:wC	114	143	-	10.4643	6.54e-05	0.16	TGAAAAACTTTTTTTTTTTAATTTCCCCTA
pattern_5		10:8125134:C:T:A:wC	147	176	-	10.4643	6.54e-05	0.16	TTCATTCTTTTTTTTTTTTTTTTTTTTTTT
pattern_3		19:17372199:C:T:R:wC	53	82	-	10.7931	6.54e-05	0.231	CAGAAGAAAACTCTTTCTCAAAAAAAAAAA
pattern_3		8:132332152:G:A:A:wC	165	194	-	10.7931	6.54e-05	0.231	TATATTATTTTTTTTTTTTTTTTTTTTTGA
pattern_0		19:20013987:A:G:R:wC	13	42	-	10.2262	6.54e-05	0.083	ATAAATTAACGTTTTTATTTTACAAAGTCT
pattern_0		5:131916940:A:C:R:wC	128	157	+	10.2262	6.54e-05	0.083	AAAAATAGAATTTTTTGTATTTTTAGTAGA
pattern_0		9:99095694:C:T:R:wC	113	142	-	10.2262	6.54e-05	0.083	GCTAATTTTTTTGTATTTTTTTAGTAGAGA
pattern_0		9:15880555:A:G:A:wC	159	188	+	10.2262	6.54e-05	0.083	CCGCCTAATTGTTTTTTTTTTTTTTTTTTT
pattern_2		7:36828643:T:C:A:wC	73	102	-	1.78049	6.54e-05	0.0561	ACGTCACAGACACAGAAGGTAAGATCACGT
pattern_2		16:27356412:G:A:A:wC	168	197	-	1.78049	6.54e-05	0.0561	AGGACTGAGGCCCAGGCAGGGGCAGGAATC
pattern_1		10:125243654:A:G:A:wC	130	159	-	10.9405	6.56e-05	0.368	AACAAAATAATAATTTAACAGAAAAATCAC
pattern_4		11:131758603:C:T:R:wC	143	172	+	10.4762	6.56e-05	0.175	GGGAGCAGGATTTTATATAATTAAATTTTA
pattern_2		19:53944758:G:A:R:wC	109	138	-	1.76829	6.57e-05	0.0563	AACCAGGAGGCAGAGGTTGCAGTGAACCGA
pattern_5		2:48681997:G:C:A:wC	69	98	+	10.4524	6.58e-05	0.16	ACTGCCGAATTATTTTTTTCTTTGTTTGTT
pattern_5		2:74354479:T:G:A:wC	73	102	-	10.4524	6.58e-05	0.16	TACTTCAGAAGAAATTTTAATTACAAACTT
pattern_5		11:66290243:T:C:A:wC	144	173	-	10.4524	6.58e-05	0.16	CATTGAGCTTGTATTTTTTCTCCATAGCAC
pattern_0		17:12187626:C:G:A:wC	111	140	+	10.2143	6.59e-05	0.0833	TCTTTTTTTTTTTTTTTTTTTTTTGAGATG
pattern_0		5:131916940:A:C:R:wC	130	159	+	10.2143	6.59e-05	0.0833	AAATAGAATTTTTTGTATTTTTAGTAGAGA
pattern_3		17:47135491:T:C:A:wC	48	77	+	10.7816	6.59e-05	0.231	TCACTTAAATATAAATATCCTAAAGAAAAA
pattern_2		4:113490103:C:T:A:wC	90	119	+	1.7561	6.59e-05	0.0564	ATTCAGGAGGTGGAGGTTGCAGTGAGCTGA
pattern_4		2:234637569:A:G:A:wC	143	172	-	10.4643	6.61e-05	0.175	CTCTAGTTAATTATTAACCATTAATCTATC
pattern_1		4:146056320:G:A:A:wC	43	72	+	10.9286	6.61e-05	0.368	ATGCAAAGATTAATTTTAAAACTATCAAAA
pattern_5		1:90234055:C:A:A:wC	14	43	+	10.4405	6.62e-05	0.16	ATTTTTTATTTCTTTTTTTATTTTTTATTT
pattern_5		8:125504255:T:G:A:wC	55	84	+	10.4405	6.62e-05	0.16	ACAGTTCTTTTTTTTTTTTTTTTGAGATGT
pattern_0		19:20013987:A:G:R:wC	29	58	+	10.2024	6.63e-05	0.0837	AAACGTTAATTTATGTAAAAGATGAATTTC
pattern_2		1:32101775:G:C:R:wC	11	40	+	1.73171	6.64e-05	0.0568	GTGAGGCAGGCAGGGGAGACCCTATTCCTA
pattern_2		17:41467997:C:T:A:wC	118	147	+	1.73171	6.64e-05	0.0568	ACCAGCCTGGCCAATGTAGTGAAACCCCAT
pattern_5		7:6599034:G:C:A:wC	1	30	+	10.4286	6.66e-05	0.16	TTTTTTGTTTTTATTTTTGTTTTGTTTTGT
pattern_5		10:97877485:G:A:A:wC	36	65	+	10.4286	6.66e-05	0.16	TTATTGCTTTAAAAATTTTATTTGAGTGAT
pattern_5		7:29398110:G:A:R:wC	7	36	-	10.4286	6.66e-05	0.16	AATTTTCTTTTATTTTTAAATTAAAATTTT
pattern_5		1:116452800:C:T:R:wC	62	91	-	10.4286	6.66e-05	0.16	TCCGACTAATTTTTTTTTTTTTTTTGAACC
pattern_5		1:116452800:C:T:A:wC	62	91	-	10.4286	6.66e-05	0.16	TCCGACTAATTTTTTTTTTTTTTTTGAACC
pattern_5		12:66385194:C:G:A:wC	150	179	+	10.4286	6.66e-05	0.16	ACACACCAAAATAATTTTAATTTTATAATT
pattern_5		22:38498985:G:A:R:wC	169	198	-	10.4286	6.66e-05	0.16	GCCTGGCTAATTTTTTTTTTTTTTTAATTT
pattern_1		17:57510745:C:T:R:wC	4	33	+	10.9167	6.66e-05	0.368	TATATATTTTTAATTTTTAAAAATTTTTTT
pattern_1		12:66385194:C:G:A:wC	34	63	+	10.9167	6.66e-05	0.368	TTATTTAAATAATTTTAAAATTTTGTTATA
pattern_0		17:73194987:G:A:R:wC	44	73	+	10.1905	6.67e-05	0.084	CTTTTTAAAATTTTTTTTTTGAGACAGTCT
pattern_0		1:64060262:C:A:R:wC	116	145	-	10.1905	6.67e-05	0.084	ACTGAAAAACTTTTTTTTTTTAATTTCCCC
pattern_4		9:97503617:C:T:R:wC	16	45	+	10.4405	6.69e-05	0.175	TTTTATTTTATTTTTTATTTTTTTATTTTT
pattern_4		18:58192696:A:G:A:wC	107	136	-	10.4405	6.69e-05	0.175	AAACCAAAAACTATTTTTCAATATCTTTTT
pattern_2		8:37887422:T:C:A:wC	82	111	-	1.70732	6.69e-05	0.0571	GCTGGGGGCGCGGAGGTGGGTGGTGGGGAA
pattern_2		10:1817215:G:A:R:wC	122	151	+	1.70732	6.69e-05	0.0571	AGACAGGAGGCAGAGAAGAGTATCTGGCCA
pattern_3		20:37266874:T:C:A:wC	12	41	-	10.7586	6.7e-05	0.231	CGGCTAATTTTTTTTTTTTGTATTTTTAGT
pattern_3		14:30494894:C:T:R:wC	120	149	+	10.7586	6.7e-05	0.231	GGCGGGTTATTTTTATAAAAGTAAATTAGA
pattern_3		11:68633551:T:C:R:wC	114	143	-	10.7586	6.7e-05	0.231	CGGCTACTTTTTTTCTTTTAAAGAGTAAGA
pattern_3		6:122796370:T:C:R:wC	144	173	+	10.7586	6.7e-05	0.231	AAATAATAATTTTATTTTCAGAAACCACAT
pattern_5		19:51126928:A:G:A:wC	38	67	-	10.4167	6.71e-05	0.16	TTTTTTTTTTTTTTTTTTTTTTTTTGTAGA
pattern_5		5:115630350:T:G:A:wC	111	140	+	10.4167	6.71e-05	0.16	TATTGCAGTTTTTTTGTATCCATTTATCTT
pattern_5		16:16923453:G:A:A:wC	118	147	+	10.4167	6.71e-05	0.16	TTTTTTTTTTTTTTTTTTTTTTTTTTAATC
pattern_5		11:93959939:C:T:R:wC	142	171	+	10.4167	6.71e-05	0.16	TATTTATTTATTTATTTTTATTTTTTGCTT
pattern_5		8:132332152:G:A:A:wC	168	197	-	10.4167	6.71e-05	0.16	ATATATATTATTTTTTTTTTTTTTTTTTTT
pattern_0		14:93016815:A:G:R:wC	17	46	+	10.1786	6.71e-05	0.0842	TTATTTTTATTTTTGTTTAGTTTTATTTAT
pattern_0		17:57510745:C:T:R:wC	19	48	+	10.1786	6.71e-05	0.0842	TTTAAAAATTTTTTTTTCAAGATGGAGTCT
pattern_0		7:27778885:T:C:R:wC	3	32	-	10.1786	6.71e-05	0.0842	ACAGACTGATTTGTTTCCTGTGTATTGACA
pattern_4		9:131197305:T:C:A:wC	43	72	+	10.4286	6.73e-05	0.175	ACCCTGCTAATTTTTATTTATTTATTTATT
pattern_4		7:29398110:G:A:R:wC	48	77	+	10.4286	6.73e-05	0.175	AATGATGATTTATTTATTTATTTATTTATT
pattern_4		1:65277944:C:T:R:wC	32	61	-	10.4286	6.73e-05	0.175	GCCTGGCTAATTTTTTTATATTTTTAGTAG
pattern_4		11:69457293:C:T:A:wC	111	140	+	10.4286	6.73e-05	0.175	TTTTTTTATGCACTTAGTTATTTTTTTAAT
pattern_4		9:136619571:C:A:R:wC	157	186	-	10.4286	6.73e-05	0.175	CACTGGGAACATATTTGTAATTCCATCAAT
pattern_2		14:73447434:C:G:R:wC	9	38	-	1.68293	6.74e-05	0.0574	ACCCGGGAGGCGGAGCCCGCAGTGAGCTGA
pattern_5		17:73194987:G:A:R:wC	38	67	-	10.4048	6.75e-05	0.16	TCTCAAAAAAAAAATTTTAAAAAGTAAAAA
pattern_5		2:213151472:G:A:A:wC	110	139	+	10.4048	6.75e-05	0.16	ATGAGGGTTAATTTTTTTTTTTTTTTTTTT
pattern_3		15:102216563:G:C:R:wC	3	32	+	10.7471	6.75e-05	0.231	AGGGTTTTTGTTTTGTTTTGTTTTGTTTAA
pattern_3		15:102216563:G:C:A:wC	3	32	+	10.7471	6.75e-05	0.231	AGGGTTTTTGTTTTGTTTTGTTTTGTTTAA
pattern_0		16:3111193:T:C:A:wC	41	70	-	10.1667	6.76e-05	0.0846	TTATTATTATTTTTATTTTTATTTTTGAGA
pattern_2		12:123326598:G:T:A:wC	97	126	-	1.67073	6.77e-05	0.0576	GCTGAGGAGGCCGGGATATGGCCACAAGCA
pattern_4		4:113456271:G:A:A:wC	22	51	-	10.4167	6.78e-05	0.175	CCTGGTAAATATAATTTTTACTAGAGAAAT
pattern_5		16:30345505:T:C:R:wC	107	136	-	10.3929	6.79e-05	0.16	TAGGAACATTAACTTTTTAAATAAATGTAA
pattern_5		16:4105786:G:C:A:wC	147	176	-	10.3929	6.79e-05	0.16	TTCCCAAAAGGTATCTTTTTTTTTTTTTGA
pattern_2		16:718988:T:C:R:wC	114	143	-	1.65854	6.79e-05	0.0577	TGCCCGGAGGCCGGGACGGTGGGCTGGAGC
pattern_2		14:24549025:C:G:R:wC	170	199	+	1.65854	6.79e-05	0.0577	AGCTGGGCCACTGAGGCTTCTGAGTTTGGT
pattern_0		20:51570506:C:T:R:wC	9	38	+	10.1548	6.8e-05	0.085	GTAGAAAAATTTATTACTTTTTAAATATAA
pattern_3		5:158466283:T:A:A:wC	48	77	+	10.7356	6.8e-05	0.231	GAAAAGAAAATCTTTTACACTTTTGTATAA
pattern_3		22:38888478:T:C:A:wC	103	132	+	10.7356	6.8e-05	0.231	ATATTATTTATTTTTCTTTCTTTTTTTTGA
pattern_3		13:47244223:T:G:R:wC	151	180	-	10.7356	6.8e-05	0.231	AATTATTAATTTCTATATTAAAGTCAAAGT
pattern_2		17:42786213:G:C:R:wC	45	74	+	1.64634	6.82e-05	0.0577	AGTACGGAGGCCGAGAAGGAGCCGGCATTT
pattern_2		20:30538660:C:G:A:wC	49	78	+	1.64634	6.82e-05	0.0577	ATTGGGGGCACTGAGACAGTGGTAACAACA
pattern_2		1:90218236:T:C:A:wC	30	59	-	1.64634	6.82e-05	0.0577	GGCAGCGAGGCTGGGGGAGGGGCGCCCACC
pattern_4		14:100050006:A:G:R:wC	63	92	-	10.4048	6.82e-05	0.175	TAATGTTTTGTATTTTTTTAGTAGAGACGT
pattern_4		14:100050006:A:G:A:wC	63	92	-	10.4048	6.82e-05	0.175	TAATGTTTTGTATTTTTTTAGTAGAGACGT
pattern_4		18:55124417:T:C:A:wC	108	137	+	10.4048	6.82e-05	0.175	TTTGTTATTTTTTGTTTTCATTTTGTTTTG
pattern_4		2:16229124:C:A:A:wC	137	166	+	10.4048	6.82e-05	0.175	CGATTTATTTTTATTTTTTATTTAGAGACA
pattern_4		2:16229124:C:A:R:wC	137	166	+	10.4048	6.82e-05	0.175	CGATTTATTTTTATTTTTTATTTAGAGACA
pattern_1		1:67424488:A:G:R:wC	118	147	+	10.881	6.82e-05	0.375	TAGAGAAATTTAATTTATTATTCCACAGGA
pattern_5		1:64060262:C:A:R:wC	119	148	-	10.381	6.83e-05	0.16	TTTACTGAAAAACTTTTTTTTTTTAATTTC
pattern_5		12:56273995:G:A:A:wC	171	200	-	10.381	6.83e-05	0.16	CCAGCTAATTTTTTTTTTTGTTTTTTTTTT
pattern_0		1:67424488:A:G:R:wC	53	82	-	10.1429	6.84e-05	0.0855	AGCATATAAATTTTGTTCTAATATATGCAG
pattern_4		6:38669792:C:T:A:wC	12	41	+	10.3929	6.87e-05	0.175	ATTTTTTTTTTTTTTTTTTTTTAGACAGAG
pattern_4		12:86528512:C:T:R:wC	99	128	+	10.3929	6.87e-05	0.175	ACTGCTAAGCTTTTATGTCATTATTCATGA
pattern_5		9:97503617:C:T:R:wC	21	50	+	10.369	6.88e-05	0.16	TTTTATTTTTTATTTTTTTATTTTTTTATT
pattern_5		4:4404145:T:C:A:wC	52	81	+	10.369	6.88e-05	0.16	TATTTTTTTTTTTTTTTTTTTTTTTTTTTT
pattern_5		3:197816514:C:G:R:wC	167	196	-	10.369	6.88e-05	0.16	TATTTTTTTTTTTTTTTTTTTTTTTTTTTT
pattern_5		3:197816514:C:G:R:wC	169	198	-	10.369	6.88e-05	0.16	TATATTTTTTTTTTTTTTTTTTTTTTTTTT
pattern_0		11:213723:T:G:A:wC	154	183	-	10.131	6.89e-05	0.0859	CCCAGCTAACTTTTTTTTTGTATTTTAGCA
pattern_4		12:41092128:C:T:A:wC	5	34	+	10.381	6.91e-05	0.175	TTTTTTTTTTTTTTTTTTTTTTTTTTACGG
pattern_4		20:45095161:T:C:R:wC	41	70	+	10.381	6.91e-05	0.175	TGCAAATGTTTATTTATTTATTTATTTATT
pattern_4		2:164459422:G:T:A:wC	50	79	+	10.381	6.91e-05	0.175	GAGCACTGAATTTTTTTTTAATATATTACA
pattern_4		5:68755913:C:T:R:wC	40	69	-	10.381	6.91e-05	0.175	GATGACTGGGTTATTTTTAAATGTATAAGG
pattern_0		1:39336236:C:T:A:wC	21	50	-	10.119	6.93e-05	0.0862	GCCTCTATTTGTTTTTACTTTTTATTTTTT
pattern_0		10:114567410:C:T:R:wC	131	160	-	10.119	6.93e-05	0.0862	CCAGCTAATTTTGTGTTTTTAGTAGAGATG
pattern_4		3:197816514:C:G:R:wC	161	190	-	10.369	6.96e-05	0.175	TTTTTTTTTTTTTTTTTTTTTTTTTTTGGG
pattern_3		17:430379:G:A:A:wC	6	35	-	10.7011	6.96e-05	0.235	TCTGTGAAAGTTATACCTAATTTTTTTAAA
pattern_0		4:170938243:T:C:R:wC	108	137	-	10.1071	6.97e-05	0.0863	ACAGATGAAATTTTATCCTGATGAAAGAGG
pattern_0		2:95833187:C:G:A:wC	162	191	-	10.1071	6.97e-05	0.0863	TTCTTTCTTTTTTTTTTTTTTTTTTTTTGA
pattern_1		2:170401673:T:C:R:wC	147	176	-	10.8452	6.99e-05	0.378	TACTTATTTTAAATTTAAATAAAGACAGGG
pattern_4		12:100816980:G:A:A:wC	88	117	+	10.3571	7e-05	0.175	ATTTTCAATACCATATTTTATTTTCTGGGA
pattern_4		2:175512820:G:A:A:wC	152	181	+	10.3571	7e-05	0.175	AAACATCTCTCGAGATTTTATTAATTAGTG
pattern_4		8:12853270:A:T:R:wC	132	161	-	10.3571	7e-05	0.175	TCTTTCTGAAAAATGTTATAATATTTAAAA
pattern_5		18:13680510:T:C:R:wC	56	85	-	10.3333	7.01e-05	0.16	TTCTAAAAGGATTTTTTTTCACCTTGTGTA
pattern_5		22:38888478:T:C:A:wC	106	135	+	10.3333	7.01e-05	0.16	TTATTTATTTTTCTTTCTTTTTTTTGAGAT
pattern_5		8:132332152:G:A:A:wC	170	199	-	10.3333	7.01e-05	0.16	ATATATATATTATTTTTTTTTTTTTTTTTT
pattern_3		22:36598187:G:C:R:wC	59	88	+	10.6897	7.01e-05	0.235	AAATCACCATTTTCATTTCATTTTTAATAA
pattern_3		11:93959939:C:T:R:wC	135	164	+	10.6897	7.01e-05	0.235	AATTTTTTATTTATTTATTTATTTTTATTT
pattern_3		18:58192696:A:G:A:wC	155	184	-	10.6897	7.01e-05	0.235	TTATTGTAAACATATTTTTAAAAAAGAAAG
pattern_0		9:89733000:A:G:A:wC	28	57	+	10.0952	7.02e-05	0.0863	TTTTATTTTATTTTATTTTATTATTTGAGA
pattern_0		2:86418955:A:G:A:wC	2	31	-	10.0952	7.02e-05	0.0863	TTTTTTTTTTTTTTTTGTATTTTTAGTAGA
pattern_0		17:581967:C:T:A:wC	3	32	-	10.0952	7.02e-05	0.0863	TCAAAAAAATATATATATATATATATTTAG
pattern_0		3:129095895:G:A:R:wC	51	80	+	10.0952	7.02e-05	0.0863	TAACATTATTATTATTATTTTTATTTTTGA
pattern_0		1:156184598:G:A:A:wC	32	61	-	10.0952	7.02e-05	0.0863	ATTATCTTTTTTTTTTTTCTTTTTTAGAGG
pattern_0		19:52370845:A:G:R:wC	113	142	-	10.0952	7.02e-05	0.0863	TTTTTTTTTTTTTTTTGTATTTTTAGTAGA
pattern_0		5:64924881:T:C:A:wC	141	170	-	10.0952	7.02e-05	0.0863	TTAAAATATTGTTTTCATATGAATTAACAA
pattern_2		6:18278045:T:C:R:wC	117	146	+	1.54878	7.03e-05	0.0594	GGCTCTGAGGTCAGGGCTGGCAGGAGTAAT
pattern_1		20:12973521:A:T:A:wC	37	66	+	10.8333	7.04e-05	0.378	TATTGTTAAAATATTCTATATTTTAAATAG
pattern_1		11:14874975:A:T:A:wC	41	70	-	10.8333	7.04e-05	0.378	CATTCAACAAATATTTACTAAATGCTTTTT
pattern_1		12:20582640:A:T:A:wC	133	162	+	10.8333	7.04e-05	0.378	GTATGTTTAATTTTTTCTAGTTATTGTTGA
pattern_4		1:113040832:G:C:R:wC	128	157	+	10.3452	7.05e-05	0.175	CTCATTCCTTTTTTTTTTTAGTTTGTTTTG
pattern_4		16:72908020:C:G:R:wC	169	198	+	10.3452	7.05e-05	0.175	ATTTTTTGATTTTTTTTTTTTTTTTTTTTT
pattern_2		22:46365137:G:A:A:wC	24	53	+	1.53659	7.05e-05	0.0596	CCTGGCGGGGCCGTGGTAAGTGCCCCCCCA
pattern_5		8:22373383:T:C:A:wC	160	189	+	10.3214	7.05e-05	0.16	TTATTTTATTTTATTTTATTTTATTTTGAG
pattern_0		11:918837:G:T:A:wC	51	80	+	10.0833	7.06e-05	0.0865	GTGGACATCTTTTTTTTTTTTTTTTTTTTA
pattern_0		7:36082757:A:G:A:wC	23	52	-	10.0833	7.06e-05	0.0865	GCCCAGCTAATTTTTTATTTTTTGTAGAGA
pattern_0		19:40821578:T:G:R:wC	40	69	-	10.0833	7.06e-05	0.0865	GCCTGGCTAATTTTTTATTTTTAGTAGATA
pattern_2		3:114012148:G:A:A:wC	59	88	+	1.52439	7.08e-05	0.0596	GGCTGGGAGCTCCAGGCAAATGTCAACCAA
pattern_2		12:8394788:A:G:R:wC	68	97	+	1.52439	7.08e-05	0.0596	ATGGGGCAGACCCAGGGAGGAATATATATC
pattern_2		11:68701579:T:C:R:wC	130	159	-	1.52439	7.08e-05	0.0596	ACCAGCCAGGCAGAGCTGGGCCACCATTCA
pattern_4		11:121567761:G:C:A:wC	27	56	+	10.3333	7.09e-05	0.176	TTTAGTATGATTCTTTTTCACCTTAATTTT
pattern_4		8:22373383:T:C:A:wC	140	169	+	10.3333	7.09e-05	0.176	CTTCTTTATTTTATTTTATTTTATTTTATT
pattern_5		17:57510745:C:T:R:wC	4	33	+	10.3095	7.1e-05	0.16	TATATATTTTTAATTTTTAAAAATTTTTTT
pattern_5		17:73194987:G:A:R:wC	37	66	-	10.3095	7.1e-05	0.16	CTCAAAAAAAAAATTTTAAAAAGTAAAAAA
pattern_5		8:11239836:A:G:R:wC	121	150	+	10.3095	7.1e-05	0.16	TGTGTTTTTAATTTTTTATATCCCTGATAC
pattern_5		1:62212604:G:C:A:wC	126	155	+	10.3095	7.1e-05	0.16	TCTTACAATTGCATTTTTACTTAACAGCAT
pattern_5		13:21341377:G:A:R:wC	171	200	-	10.3095	7.1e-05	0.16	AAATATCTTTTTTTTTTTTTTTTTTTTTTT
pattern_1		11:69457293:C:T:A:wC	129	158	+	10.8214	7.1e-05	0.379	TATTTTTTTAATATTTTTAAATATTTTTTG
pattern_2		1:54669984:A:G:R:wC	143	172	-	1.5122	7.1e-05	0.0598	CGCTCTGTCGCCCAGGCTGACTGGGCGACA
pattern_0		7:30545924:A:G:A:wC	109	138	+	10.0714	7.11e-05	0.0867	GCTGGTTACAATTTATTTATTTTATTTTTA
pattern_0		18:55124417:T:C:A:wC	111	140	+	10.0714	7.11e-05	0.0867	GTTATTTTTTGTTTTCATTTTGTTTTGACA
pattern_0		9:4834438:C:G:A:wC	126	155	+	10.0714	7.11e-05	0.0867	AGTCATTCTTTTTTTTTTTTTTTTTTTAAT
pattern_2		1:1103542:T:C:A:wC	110	139	-	1.5	7.13e-05	0.0599	GCACCCCCGGCAGAGGCCGGCCCCTCCCCT
pattern_5		21:43513327:G:T:A:wC	69	98	+	10.2976	7.14e-05	0.16	TGGTTTATTTATTTATTTAATTAATTTTAT
pattern_5		19:21560141:G:A:A:wC	58	87	-	10.2976	7.14e-05	0.16	AATACAATTTTTTTTTTTTTTAGATGGAGT
pattern_0		17:73194987:G:A:R:wC	34	63	-	10.0595	7.15e-05	0.0869	AAAAAAAAAATTTTAAAAAGTAAAAAAAAA
pattern_0		17:66215837:A:T:A:wC	98	127	+	10.0595	7.15e-05	0.0869	GCTAATTTTTTTTTTTTTTTTGTAGAGATG
pattern_0		19:21560141:G:A:A:wC	132	161	-	10.0595	7.15e-05	0.0869	ATACCCCACTTTCTGTAATAAAAATAAAAC
pattern_2		14:101125070:G:A:R:wC	127	156	-	1.4878	7.16e-05	0.0601	ATGGAGGAGCCACAGGCTGGCCAGGGGCCC
pattern_3		7:1850251:T:C:A:wC	5	34	+	10.6552	7.18e-05	0.236	CAAAAATAAACTATGCATTGAACAAAACGC
pattern_3		1:64060262:C:A:R:wC	114	143	-	10.6552	7.18e-05	0.236	TGAAAAACTTTTTTTTTTTAATTTCCCCTA
pattern_2		2:20837053:C:T:A:wC	120	149	+	1.47561	7.18e-05	0.0602	GCCTGCCGCGTTGGGCCAGGCTGATAAGGA
pattern_2		2:228707862:C:T:R:wC	135	164	-	1.47561	7.18e-05	0.0602	GTTCGGCAAACAGAGGCTAGTGAATGCGGA
pattern_5		21:37463631:T:C:A:wC	16	45	-	10.2857	7.19e-05	0.16	GCTTAGAATTATTATTATTATTTTTTTTTT
pattern_5		16:3111193:T:C:A:wC	40	69	-	10.2857	7.19e-05	0.16	TATTATTATTTTTATTTTTATTTTTGAGAC
pattern_5		7:30545924:A:G:A:wC	120	149	+	10.2857	7.19e-05	0.16	TTTATTTATTTTATTTTTATTTTTTTGAGA
pattern_0		21:37368393:T:C:A:wC	5	34	+	10.0476	7.2e-05	0.0874	AATGAAGTCTTTTTTTATTTATTTTTTTAT
pattern_1		4:156643176:T:A:R:wC	12	41	-	10.7976	7.21e-05	0.382	ACCGTCTAAATTATTTTACCATTCACCCTC
pattern_4		9:89733000:A:G:A:wC	25	54	+	10.2976	7.23e-05	0.179	TTATTTTATTTTATTTTATTTTATTATTTG
pattern_3		16:87747204:T:C:R:wC	5	34	+	10.6437	7.24e-05	0.236	CAAATGCAATTTTTTTCAAAATCAAGAAAT
pattern_3		10:118398304:C:A:A:wC	52	81	+	10.6437	7.24e-05	0.236	TGTTTTTTCTTTTTTTGTTATTTTATTTTA
pattern_5		13:74711955:C:T:A:wC	37	66	+	10.2738	7.24e-05	0.16	TTATTTATTTATTTATTTATTTTGAGACGA
pattern_5		10:118398304:C:A:A:wC	59	88	+	10.2738	7.24e-05	0.16	TCTTTTTTTGTTATTTTATTTTATTTTAGA
pattern_5		18:56987447:A:G:R:wC	89	118	+	10.2738	7.24e-05	0.16	TTATGAAATCAAATATCTTATTATTTCCTC
pattern_5		3:111612191:A:G:R:wC	108	137	+	10.2738	7.24e-05	0.16	CATCCTGAGTATAATTTTAATTTATTAAAA
pattern_0		19:51126928:A:G:A:wC	34	63	-	10.0357	7.24e-05	0.0878	TTTTTTTTTTTTTTTTTTTTTGTAGAGACA
pattern_2		16:72038001:G:A:A:wC	5	34	-	1.43902	7.26e-05	0.0607	ACCCGGGAGGCGGAGCTTGCAGTGAGCTGA
pattern_2		19:8403727:T:C:A:wC	53	82	+	1.43902	7.26e-05	0.0607	ACCCGGGAGGCGGAGCTTGCAGTGAGCTGA
pattern_2		12:133296933:A:G:A:wC	128	157	-	1.43902	7.26e-05	0.0607	ACCCGGGAGGCGGAGCTTGCAGTGAGCTGA
pattern_1		12:66385194:C:G:A:wC	110	139	-	10.7857	7.27e-05	0.382	GTTATTTCTTCTATTTAAAATAACCTACAA
pattern_1		1:111605170:A:G:A:wC	167	196	-	10.7857	7.27e-05	0.382	AACTTTGTAATAATTTTGACTGAGCATGAA
pattern_5		6:109590920:T:C:R:wC	78	107	+	10.2619	7.28e-05	0.16	TTCTATATGTGTATTTTTAAAATGTCGATC
pattern_5		19:21560141:G:A:A:wC	59	88	-	10.2619	7.28e-05	0.16	TAATACAATTTTTTTTTTTTTTAGATGGAG
pattern_5		19:57665345:T:C:R:wC	138	167	-	10.2619	7.28e-05	0.16	AACTTGGTAATAATCTTTTTTCAATCATCA
pattern_0		19:17372199:C:T:R:wC	38	67	+	10.0238	7.29e-05	0.0881	TCTTTCTTTCTTTTTTTTTTTTTTTTGAGA
pattern_0		11:69457293:C:T:A:wC	131	160	-	10.0238	7.29e-05	0.0881	TTCAAAAAATATTTAAAAATATTAAAAAAA
pattern_3		1:1768779:C:T:R:wC	8	37	+	10.6322	7.29e-05	0.236	TGAGTTAATTTTTTTTTTTTTTTTTGAGAC
pattern_2		2:95544594:C:T:R:wC	25	54	+	1.41463	7.32e-05	0.061	CCATGGGAGGTGGGTGGGGGCGAGGCCCCC
pattern_2		17:74509499:G:A:R:wC	166	195	+	1.41463	7.32e-05	0.061	ACCGCAGAGGCAGAGGCTGGAGTGACGCTG
pattern_4		19:21560141:G:A:A:wC	124	153	+	10.2738	7.32e-05	0.18	TCTGTCTTGTTTTATTTTTATTACAGAAAG
pattern_0		19:17372199:C:T:R:wC	42	71	+	10.0119	7.33e-05	0.0883	TCTTTCTTTTTTTTTTTTTTTTGAGAAAGA
pattern_0		22:45603296:T:C:R:wC	164	193	+	10.0119	7.33e-05	0.0883	CACGTAATTTTTTTTTTTTTTTTTTAATAG
pattern_0		9:15880555:A:G:A:wC	168	197	+	10.0119	7.33e-05	0.0883	TGTTTTTTTTTTTTTTTTTTTTTGTAATTT
pattern_3		3:45040889:G:T:R:wC	35	64	+	10.6207	7.35e-05	0.236	CTTCTGAAATATTTGTTTTAAGGGTTTTGC
pattern_3		2:242698423:C:T:A:wC	114	143	-	10.6207	7.35e-05	0.236	AGAAATCAATAATTTTTAAAATAACTAGAA
pattern_4		15:38838432:A:T:R:wC	73	102	+	10.2619	7.37e-05	0.181	ATTATAACTTTATTTATTTATTTATTTATT
pattern_2		10:99103492:A:G:R:wC	148	177	+	1.39024	7.37e-05	0.0613	ACCAGCCTGGCCAACATGGCGAAACCCCAT
pattern_2		21:38398211:T:C:R:wC	132	161	-	1.39024	7.37e-05	0.0613	ACCTGTGAAGCAGAGGTTGCAGTGAGCCGA
pattern_5		15:70073643:G:A:A:wC	105	134	+	10.2381	7.37e-05	0.16	GACCAAAAGGGTCTTTTTTCATAAAAATGT
pattern_0		3:141813172:G:A:A:wC	66	95	+	10	7.38e-05	0.0886	CAAACTGTACTTTTTTTTTTTTTTTTGAGA
pattern_0		19:51126928:A:G:A:wC	41	70	-	10	7.38e-05	0.0886	TTTTTTTTTTTTTTTTTTTTTTTTTTTTGT
pattern_0		16:16923453:G:A:A:wC	119	148	+	10	7.38e-05	0.0886	TTTTTTTTTTTTTTTTTTTTTTTTTAATCT
pattern_3		1:148239834:G:T:A:wC	77	106	-	10.6092	7.4e-05	0.236	GAAATAAAAATATTTTACCCTAAAATACAT
pattern_3		3:32537625:A:G:A:wC	164	193	-	10.6092	7.4e-05	0.236	TGTCCACACTTTTTTTTTTTTTTTTTTTGA
pattern_5		11:32956620:A:G:A:wC	107	136	+	10.2262	7.42e-05	0.16	AAAACAGGATTTATTGCTTCTTTCTTAGAT
pattern_0		1:87770251:T:C:A:wC	5	34	+	9.9881	7.43e-05	0.0888	TTGAAAAATATTTTTTAAAAGTTTCCATAT
pattern_0		18:14133319:T:C:R:wC	63	92	-	9.9881	7.43e-05	0.0888	TAGATCCAAAATATTTATAATTATTTGTTG
pattern_0		3:24341272:A:T:A:wC	97	126	+	9.9881	7.43e-05	0.0888	TTTTTTTATTTATTTTTTTTTTTTTAGCAA
pattern_3		20:8618626:T:C:A:wC	8	37	-	10.5977	7.46e-05	0.236	GTCTCAAAAATAAATCAATAAATAAAATAA
pattern_3		10:97877485:G:A:A:wC	9	38	-	10.5977	7.46e-05	0.236	TAACTAAAAATAACACATTAAAAATACTGA
pattern_3		9:131197305:T:C:A:wC	62	91	+	10.5977	7.46e-05	0.236	ATTTATTTATTTATTTATTTATTTTTGAGA
pattern_3		3:124442146:G:A:R:wC	48	77	-	10.5977	7.46e-05	0.236	CATTTACAAGATATTTTAAAGTAAAGAAAA
pattern_3		1:67424488:A:G:R:wC	118	147	+	10.5977	7.46e-05	0.236	TAGAGAAATTTAATTTATTATTCCACAGGA
pattern_3		2:170401673:T:C:R:wC	149	178	+	10.5977	7.46e-05	0.236	CTGTCTTTATTTAAATTTAAAATAAGTAAA
pattern_3		10:125243654:A:G:A:wC	159	188	-	10.5977	7.46e-05	0.236	ATCCCAAGTTTTATTCTTCCTTTATTAAAA
pattern_3		2:54834839:G:A:R:wC	169	198	-	10.5977	7.46e-05	0.236	GTAGAAAAATTTTATTTTCAAATATATTTG
pattern_5		11:129720116:A:G:A:wC	21	50	+	10.2143	7.47e-05	0.16	TTCTCACGTTTTTTTTTTTGTTGATGTTGT
pattern_5		12:69094121:C:T:R:wC	103	132	+	10.2143	7.47e-05	0.16	TTTTAAGATAACTTTTTAAATTTTAATTGC
pattern_5		6:122796370:T:C:R:wC	141	170	+	10.2143	7.47e-05	0.16	TAAAAATAATAATTTTATTTTCAGAAACCA
pattern_0		1:1768779:C:T:R:wC	8	37	+	9.97619	7.47e-05	0.0891	TGAGTTAATTTTTTTTTTTTTTTTTGAGAC
pattern_0		1:148239834:G:T:A:wC	86	115	+	9.97619	7.47e-05	0.0891	AGGGTAAAATATTTTTATTTCTTTCAGGGC
pattern_2		3:43147652:C:T:R:wC	109	138	-	1.34146	7.48e-05	0.0621	ATTCCGCAGGCTGGTGGCGGCGCGGGCTGT
pattern_2		16:57321695:C:A:R:wC	164	193	+	1.34146	7.48e-05	0.0621	ATCAGCCTGGCCAACATGGCGAAACCCTGT
pattern_4		12:66385194:C:G:A:wC	26	55	+	10.2262	7.51e-05	0.182	GACAAGTTTTATTTAAATAATTTTAAAATT
pattern_2		19:19867394:T:C:R:wC	99	128	-	1.32927	7.51e-05	0.0622	ACCTGGGAGGCGGAGCTTGCGGTGAGCCAA
pattern_2		8:146176268:C:G:R:wC	152	181	+	1.32927	7.51e-05	0.0622	TGGCGGGAGGCCGGGGCGACTCTGTGGTTC
pattern_2		8:146176268:C:G:A:wC	152	181	+	1.32927	7.51e-05	0.0622	TGGCGGGAGGCCGGGGCGACTCTGTGGTTC
pattern_5		20:39128901:T:C:A:wC	29	58	+	10.2024	7.52e-05	0.16	CTACTAATTATTCATTTTTATTTATAGCCA
pattern_5		22:31991001:G:A:R:wC	64	93	+	10.2024	7.52e-05	0.16	ATAATAATTTATTTATTTATTTATTTATTT
pattern_3		8:22335170:C:T:A:wC	61	90	+	10.5862	7.52e-05	0.237	AGGCATTTTATTTTATTTTATTTTTTTAGA
pattern_0		4:123113352:A:G:A:wC	4	33	+	9.96429	7.52e-05	0.0893	GGTTCTCAATAATTTTTAAGAGTGTAAAGG
pattern_0		17:35132006:T:C:R:wC	23	52	+	9.96429	7.52e-05	0.0893	TGACCTAAATATGTTTTTTGTTTGTTTTAT
pattern_0		16:72908020:C:G:R:wC	170	199	+	9.96429	7.52e-05	0.0893	TTTTTTGATTTTTTTTTTTTTTTTTTTTTT
pattern_2		4:23726783:T:C:A:wC	59	88	+	1.31707	7.54e-05	0.0623	GTTACGGAGGCAAGGGAAACAGGCCCTTGA
pattern_4		4:155693001:A:G:R:wC	17	46	+	10.2143	7.56e-05	0.182	ATTTATTTATTTATTTATTTTTATGCTTTA
pattern_5		9:97503617:C:T:R:wC	22	51	+	10.1905	7.56e-05	0.16	TTTATTTTTTATTTTTTTATTTTTTTATTT
pattern_1		20:39128901:T:C:A:wC	11	40	+	10.7262	7.56e-05	0.388	TTTTCTTAATTTATTTATCTACTAATTATT
pattern_1		13:21326587:T:G:A:wC	2	31	-	10.7262	7.56e-05	0.388	GCATTTTAAAAAATTCAACATCCCTTCATG
pattern_1		1:61653438:G:T:A:wC	52	81	+	10.7262	7.56e-05	0.388	TTTTTAAAAAGCATTTAATGTTTTCCCTGC
pattern_1		3:111612191:A:G:R:wC	109	138	+	10.7262	7.56e-05	0.388	ATCCTGAGTATAATTTTAATTTATTAAAAA
pattern_0		18:5586542:A:G:A:wC	120	149	+	9.95238	7.57e-05	0.0897	CTATTTTTTTTTTTTTTTTTGTAGAGATGA
pattern_0		18:5586542:A:G:R:wC	120	149	+	9.95238	7.57e-05	0.0897	CTATTTTTTTTTTTTTTTTTGTAGAGATGA
pattern_2		8:62186574:A:G:R:wC	34	63	+	1.29268	7.59e-05	0.0625	TTCTGCGTCGCTCACGCTGGGAGCTGTAGA
pattern_2		6:100379857:C:A:R:wC	41	70	+	1.29268	7.59e-05	0.0625	TTCTGCGTCGCTCACGCTGGGAGCTGTAGA
pattern_2		8:124878210:C:G:R:wC	69	98	+	1.29268	7.59e-05	0.0625	TTCTGCGTCGCTCACGCTGGGAGCTGTAGA
pattern_2		4:80625802:A:G:A:wC	41	70	-	1.29268	7.59e-05	0.0625	TTCTGCGTCGCTCACGCTGGGAGCTGTAGA
pattern_2		5:76770649:C:G:R:wC	118	147	-	1.29268	7.59e-05	0.0625	TTCTGCGTCGCTCACGCTGGGAGCTGTAGA
pattern_4		12:41092128:C:T:A:wC	1	30	+	10.2024	7.61e-05	0.182	AATTTTTTTTTTTTTTTTTTTTTTTTTTTT
pattern_4		12:66385194:C:G:A:wC	34	63	+	10.2024	7.61e-05	0.182	TTATTTAAATAATTTTAAAATTTTGTTATA
pattern_4		19:51126928:A:G:A:wC	54	83	-	10.2024	7.61e-05	0.182	AATTTTTTTTTTTTTTTTTTTTTTTTTTTT
pattern_4		2:55859215:T:A:R:wC	145	174	+	10.2024	7.61e-05	0.182	ACGTTTGTATTTTTTTTTCAGTAGAGACGG
pattern_5		20:38865866:A:G:A:wC	1	30	+	10.1786	7.61e-05	0.16	ATTTTGAGTTTTATTGCTTATTAGCAAAGC
pattern_0		17:17459620:T:C:A:wC	164	193	+	9.94048	7.62e-05	0.0901	CTCTCTCACTTTTTTTTTTTTTTAGACGGA
pattern_2		12:48174275:C:T:R:wC	66	95	+	1.28049	7.62e-05	0.0626	CTGAGTGTGGTAGAGAGGGGATCCTGCCAT
pattern_2		1:41957058:G:A:A:wC	131	160	-	1.28049	7.62e-05	0.0626	CTGAGCCAGGCAGAGGCCAGCTCTCACACT
pattern_1		9:109781455:G:A:A:wC	8	37	-	10.7143	7.62e-05	0.389	TTTTACTTAGATATTTTAAAAAGCAATATC
pattern_3		8:22335170:C:T:A:wC	23	52	-	10.5632	7.64e-05	0.239	ATTCAGTAATTTTTGTATTCTTCTAATCTT
pattern_4		12:111761923:G:A:A:wC	21	50	-	10.1905	7.66e-05	0.182	CTATACATTTCATTTTATTAATTCTTTTAG
pattern_4		12:129389210:T:C:A:wC	58	87	+	10.1905	7.66e-05	0.182	CTTTTTTTTTTTTTTTTTTTTTTTTTTTTG
pattern_4		9:136034364:G:A:A:wC	35	64	-	10.1905	7.66e-05	0.182	AAAGGACAAAAACTTTATTATTCCACTTAT
pattern_4		12:33821532:G:C:A:wC	69	98	+	10.1905	7.66e-05	0.182	TTCTGGATAACTAAATTACATTATTTTTAA
pattern_4		6:126148318:G:A:A:wC	116	145	-	10.1905	7.66e-05	0.182	CTTTTTTTTTTTTTTTTTTTTTTTTTTTTG
pattern_4		4:91287263:T:C:A:wC	170	199	+	10.1905	7.66e-05	0.182	TAGTCATTGCATTTATAAAATTATAATTAT
pattern_5		5:64924881:T:C:A:wC	146	175	-	10.1667	7.66e-05	0.16	GATTCTTAAAATATTGTTTTCATATGAATT
pattern_0		21:38398211:T:C:R:wC	59	88	+	9.92857	7.67e-05	0.0905	TTCTTCTTCTTTTTTTTTTTTTTTTTGAAG
pattern_0		21:34147896:G:A:R:wC	120	149	+	9.92857	7.67e-05	0.0905	ACTTCTTGACTTTTTTTTTTTTTTTTTTGA
pattern_2		17:56356502:A:G:A:wC	38	67	+	1.2561	7.68e-05	0.0629	GGGCGGCCGGCTCAGGGGTGAAGTCGAGGT
pattern_2		15:53164357:A:T:R:wC	85	114	+	1.2561	7.68e-05	0.0629	ACATGGGAGGCGGAGATTGCAGTGAGCTGA
pattern_2		16:8735200:G:A:A:wC	109	138	+	1.2561	7.68e-05	0.0629	CTCTGAGCGCCTGCTGCATGCTGGGCACCT
pattern_1		21:43513327:G:T:A:wC	72	101	-	10.7024	7.68e-05	0.39	AAAATAAAATTAATTAAATAAATAAATAAA
pattern_3		17:31279603:A:C:R:wC	4	33	+	10.5517	7.69e-05	0.239	ATTATTAATTTTACTCTTTGAAACTTTTGG
pattern_3		17:31279603:A:C:A:wC	4	33	+	10.5517	7.69e-05	0.239	ATTATTAATTTTACTCTTTGAAACTTTTGG
pattern_3		6:3470613:T:C:A:wC	67	96	+	10.5517	7.69e-05	0.239	GTATAAAATTAGATATTTTAATACAAGCAA
pattern_4		2:177796683:G:T:R:wC	119	148	+	10.1786	7.7e-05	0.183	ACCAGAAGGCATATTTATGACTCATCAGTC
pattern_4		5:90225486:G:A:R:wC	142	171	+	10.1786	7.7e-05	0.183	GTGCTATTCTTTTTATGTTACTATTAATGA
pattern_0		1:66056596:G:A:R:wC	69	98	+	9.91667	7.71e-05	0.0908	CTCTTTTTTTTTTTTCCTAGTTTGTTAAGA
pattern_0		4:148453347:A:G:A:wC	52	81	-	9.91667	7.71e-05	0.0908	TTTTTTGTATTTTTTTTTTTTTTTTTTTAG
pattern_2		9:132524895:C:G:A:wC	40	69	-	1.23171	7.74e-05	0.063	ACCAGCCTGGCCAACATGGTGAAACCCCGT
pattern_2		2:43434128:C:T:R:wC	149	178	+	1.23171	7.74e-05	0.063	ACCAGCCTGGCCAACATGGTGAAACCCCGT
pattern_2		2:43434128:C:T:A:wC	149	178	+	1.23171	7.74e-05	0.063	ACCAGCCTGGCCAACATGGTGAAACCCCGT
pattern_2		5:68755913:C:T:R:wC	153	182	+	1.23171	7.74e-05	0.063	ACCAGCCTGGCCAACATGGTGAAACCCCGT
pattern_2		11:32719175:G:A:R:wC	142	171	-	1.23171	7.74e-05	0.063	ACCAGCCTGGCCAACATGGTGAAACCCCGT
pattern_2		2:55859215:T:A:R:wC	171	200	-	1.23171	7.74e-05	0.063	ACCAGCCTGGCCAACATGGTGAAACCCCGT
pattern_1		15:84657643:T:A:R:wC	62	91	+	10.6905	7.74e-05	0.391	TCTTTATTTTTTATTTTTATTTATTTATTT
pattern_4		17:57510745:C:T:R:wC	3	32	+	10.1667	7.75e-05	0.183	ATATATATTTTTAATTTTTAAAAATTTTTT
pattern_4		17:73837209:C:T:A:wC	106	135	+	10.1667	7.75e-05	0.183	CCTTTTTTTTTTTTTTTTTTTTTTTTTGAG
pattern_3		16:3111193:T:C:A:wC	53	82	+	10.5402	7.75e-05	0.239	AAATAAAAATAATAATAATAAGAAGAAAGA
pattern_5		3:119372364:G:T:R:wC	53	82	+	10.1429	7.75e-05	0.16	TCAGCAATTCTTTTTTTTTTTTTTTTGAGA
pattern_5		3:188066896:T:C:R:wC	166	195	+	10.1429	7.75e-05	0.16	AGAGGGGAAGAATTTTTTTAAAAAAATTTA
pattern_0		20:8618626:T:C:A:wC	3	32	+	9.90476	7.76e-05	0.0913	ACCATTTATTTTATTTATTGATTTATTTTT
pattern_2		1:19657596:C:T:A:wC	27	56	-	1.20732	7.79e-05	0.0634	GCTTGGGCGGCAGAGCAAGACTCTGTGTCA
pattern_4		8:51556262:C:T:A:wC	21	50	+	10.1548	7.8e-05	0.183	ACTTGAAGCACTTTTTGAAATTTATTTGAT
pattern_5		1:205059066:G:A:A:wC	2	31	+	10.131	7.8e-05	0.16	TTTATTTATTTTATTTATTTTTATTTTTTT
pattern_5		17:73194987:G:A:R:wC	41	70	+	10.131	7.8e-05	0.16	TTACTTTTTAAAATTTTTTTTTTGAGACAG
pattern_5		1:65277944:C:T:R:wC	32	61	-	10.131	7.8e-05	0.16	GCCTGGCTAATTTTTTTATATTTTTAGTAG
pattern_5		7:135656955:A:G:A:wC	46	75	-	10.131	7.8e-05	0.16	TTTAAAAGTGGTTTTTTTTTTTGCTAACAA
pattern_5		2:213151472:G:A:A:wC	113	142	+	10.131	7.8e-05	0.16	AGGGTTAATTTTTTTTTTTTTTTTTTTTTT
pattern_5		2:213151472:G:A:A:wC	119	148	+	10.131	7.8e-05	0.16	AATTTTTTTTTTTTTTTTTTTTTTTGTAGA
pattern_1		21:43513327:G:T:A:wC	85	114	+	10.6786	7.8e-05	0.392	TTAATTAATTTTATTTTTTGTTTTTTATAG
pattern_0		15:38838432:A:T:R:wC	72	101	+	9.89286	7.81e-05	0.0916	AATTATAACTTTATTTATTTATTTATTTAT
pattern_0		2:145775791:C:T:A:wC	122	151	-	9.89286	7.81e-05	0.0916	CTAAGTTCTTTTTTTTTTTTTTTTTTTTTT
pattern_3		1:26852707:T:C:R:wC	68	97	+	10.5287	7.81e-05	0.239	TTTATTTATTATGTATTTTATTATTTATTT
pattern_3		20:14319063:A:G:A:wC	170	199	+	10.5287	7.81e-05	0.239	TTACTGTTCTCTATGTTTTAGAAAATGAAA
pattern_3		20:14319063:A:G:R:wC	170	199	+	10.5287	7.81e-05	0.239	TTACTGTTCTCTATGTTTTAGAAAATGAAA
pattern_4		9:131558430:G:C:A:wC	7	36	-	10.1429	7.85e-05	0.183	ACAACAATTACAACATTTTATTTTAAAAAC
pattern_5		13:74711955:C:T:A:wC	10	39	+	10.119	7.85e-05	0.16	TAGAAAAATCTTTTTTTATTTTTTATTTTA
pattern_5		7:37979141:T:C:A:wC	29	58	+	10.119	7.85e-05	0.16	GCCTTATAATAAATTTAATATTTGTTCTTG
pattern_5		17:73194987:G:A:R:wC	19	48	-	10.119	7.85e-05	0.16	AAAAGTAAAAAAAAATTTTAAAAATTAAAA
pattern_5		22:31991001:G:A:R:wC	58	87	+	10.119	7.85e-05	0.16	GAAATAATAATAATTTATTTATTTATTTAT
pattern_5		17:66184456:G:A:R:wC	52	81	-	10.119	7.85e-05	0.16	ATAAATAATGAAATTGTAAATAAAAATCAT
pattern_5		17:66184456:G:A:A:wC	52	81	-	10.119	7.85e-05	0.16	ATAAATAATGAAATTGTAAATAAAAATCAT
pattern_5		2:242698423:C:T:A:wC	122	151	+	10.119	7.85e-05	0.16	ATTTTAAAAATTATTGATTTCTTTTTTATT
pattern_5		17:15414354:C:T:A:wC	109	138	-	10.119	7.85e-05	0.16	TCTTTTTTTTTTTTTTTTTTTTTTTGAGAC
pattern_0		1:156184598:G:A:A:wC	152	181	+	9.88095	7.86e-05	0.0921	GATTATTATTATTATTATTATTATTATTTT
pattern_1		1:148239834:G:T:A:wC	84	113	+	10.6667	7.87e-05	0.392	TTAGGGTAAAATATTTTTATTTCTTTCAGG
pattern_3		22:32155445:T:C:R:wC	5	34	+	10.5172	7.87e-05	0.239	GTTTTTTTTGTTTTTTTTTGTTTTTTTTGA
pattern_3		19:887434:G:A:A:wC	9	38	+	10.5172	7.87e-05	0.239	AGCACATGTGCCTTTTATTAATGTAATTAA
pattern_3		7:137989231:T:G:R:wC	33	62	+	10.5172	7.87e-05	0.239	AGTATAAAATACCTATGAAAGAATACAAAA
pattern_2		6:3028295:A:G:R:wC	82	111	-	1.17073	7.88e-05	0.0639	CCTTGGGTGGTTGATGGGACTGGGCGCCTG
pattern_2		22:50847279:C:T:A:wC	166	195	+	1.17073	7.88e-05	0.0639	ACCAGCCTGACCAACGTGGAGAAACCCCGT
pattern_0		11:88071072:A:G:A:wC	129	158	+	9.86905	7.91e-05	0.0925	TTTTTTTTTTATTTTTATTTTTTTTGCCGA
pattern_3		1:1768779:C:T:R:wC	7	36	+	10.5057	7.93e-05	0.239	TTGAGTTAATTTTTTTTTTTTTTTTTGAGA
pattern_3		2:44008228:A:G:R:wC	56	85	+	10.5057	7.93e-05	0.239	TGCTATACATTTATATGAAATAATAATAAA
pattern_2		21:33723992:C:T:R:wC	9	38	-	1.14634	7.94e-05	0.0643	TCTGGCCCGGCAGGTCTGGGTGGAGCCTGA
pattern_5		1:205059066:G:A:A:wC	7	36	+	10.0952	7.95e-05	0.16	TTATTTTATTTATTTTTATTTTTTTAGACA
pattern_5		4:113599558:C:T:R:wC	33	62	+	10.0952	7.95e-05	0.16	TTATAAAAGTAATTTTTTGAAAACTAAGAC
pattern_5		4:146056320:G:A:A:wC	43	72	+	10.0952	7.95e-05	0.16	ATGCAAAGATTAATTTTAAAACTATCAAAA
pattern_5		22:41127062:C:T:A:wC	52	81	+	10.0952	7.95e-05	0.16	TTCTTTCTTTTTTTTTTTTTTTCTTGAGAT
pattern_5		9:131861118:A:C:R:wC	65	94	+	10.0952	7.95e-05	0.16	TTTTTCTTTTTTCTTTTTTTTTTTTTTTTA
pattern_5		17:9155479:T:A:R:wC	75	104	+	10.0952	7.95e-05	0.16	TCTACTAAAAATATATTTAAAAAATTGGCC
pattern_5		2:242698423:C:T:A:wC	113	142	-	10.0952	7.95e-05	0.16	GAAATCAATAATTTTTAAAATAACTAGAAA
pattern_5		11:8074982:A:G:A:wC	143	172	+	10.0952	7.95e-05	0.16	TTATTTATTTATCTTTATTTATTAATTTAT
pattern_4		5:441695:T:C:A:wC	21	50	+	10.119	7.95e-05	0.183	TTTTTTTTTTTTTTTTTTTTTTTTTTTTTG
pattern_4		7:4807826:T:C:R:wC	27	56	+	10.119	7.95e-05	0.183	TTTTTTTTTTTTTTTTTTTTTTTTTTTTTG
pattern_4		4:4404145:T:C:A:wC	59	88	+	10.119	7.95e-05	0.183	TTTTTTTTTTTTTTTTTTTTTTTTTTTTTG
pattern_4		19:41259325:A:G:R:wC	66	95	+	10.119	7.95e-05	0.183	TTTTTTTTTTTTTTTTTTTTTTTTTTTTTG
pattern_4		19:51126928:A:G:A:wC	42	71	-	10.119	7.95e-05	0.183	TTTTTTTTTTTTTTTTTTTTTTTTTTTTTG
pattern_4		16:3111193:T:C:A:wC	43	72	-	10.119	7.95e-05	0.183	TATTATTATTATTTTTATTTTTATTTTTGA
pattern_4		3:126653373:T:C:A:wC	108	137	+	10.119	7.95e-05	0.183	TTTTTTTTTTTTTTTTTTTTTTTTTTTTTG
pattern_4		20:57542074:A:G:R:wC	165	194	+	10.119	7.95e-05	0.183	TTTTTTTTTTTTTTTTTTTTTTTTTTTTTG
pattern_4		3:197816514:C:G:R:wC	163	192	-	10.119	7.95e-05	0.183	TTTTTTTTTTTTTTTTTTTTTTTTTTTTTG
pattern_2		1:156088256:C:G:R:wC	22	51	+	1.13415	7.97e-05	0.0645	GCCTGGGACACCAGGCGGGTATGTGCGCAT
pattern_2		20:61983311:G:A:A:wC	72	101	+	1.13415	7.97e-05	0.0645	GGCAGCCAGGCTCACGGGGGCAGCAGCCAA
pattern_1		8:19860747:G:A:R:wC	61	90	-	10.6429	7.99e-05	0.392	CACATAAAATATATTTAAACTCAAGTGCTA
pattern_1		15:81028554:T:G:A:wC	121	150	+	10.6429	7.99e-05	0.392	TAATGCTAAAAAATTTTCCAAATCTACAAA
pattern_1		6:135035372:C:T:A:wC	163	192	+	10.6429	7.99e-05	0.392	TTAATCTTTATTATTTATATTTCCCGGTGC
pattern_3		12:69094121:C:T:R:wC	108	137	+	10.4943	7.99e-05	0.241	AGATAACTTTTTAAATTTTAATTGCTAAAA
pattern_2		8:27581292:T:A:R:wC	78	107	-	1.12195	8e-05	0.0646	GCCTGGGAGACAGAGCGAGACTCTGTCTCT
pattern_5		17:73194987:G:A:R:wC	14	43	+	10.0833	8e-05	0.16	TAATTTTTTAATTTTTAAAATTTTTTTTTA
pattern_5		9:109781455:G:A:A:wC	22	51	-	10.0833	8e-05	0.16	ACCAAGCTGCATATTTTTACTTAGATATTT
pattern_5		4:156645933:G:A:A:wC	81	110	+	10.0833	8e-05	0.16	TTTTTAAAAAAAATCTTTCACCCATCCTGT
pattern_5		3:106221324:G:A:A:wC	168	197	-	10.0833	8e-05	0.16	GTATTATTATTTTTTTTATTTTTTTTTTTT
pattern_0		18:14133319:T:C:R:wC	37	66	+	9.84524	8.01e-05	0.0935	CCAAAATATTATTTTTCATGTGTGGTCAAC
pattern_0		7:29398110:G:A:R:wC	55	84	+	9.84524	8.01e-05	0.0935	ATTTATTTATTTATTTATTTATTTTCTTTT
pattern_2		1:22706434:C:T:A:wC	126	155	+	1.10976	8.03e-05	0.0648	GGTTGGGGGCTGGAGGCGGCTCATTCTTCT
pattern_5		9:97503617:C:T:R:wC	8	37	+	10.0714	8.05e-05	0.16	CCTTTTGTTTTTATTTTATTTTTTATTTTT
pattern_5		5:441695:T:C:A:wC	22	51	+	10.0714	8.05e-05	0.16	TTTTTTTTTTTTTTTTTTTTTTTTTTTTGA
pattern_5		7:4807826:T:C:R:wC	28	57	+	10.0714	8.05e-05	0.16	TTTTTTTTTTTTTTTTTTTTTTTTTTTTGA
pattern_5		12:129389210:T:C:A:wC	59	88	+	10.0714	8.05e-05	0.16	TTTTTTTTTTTTTTTTTTTTTTTTTTTTGA
pattern_5		4:4404145:T:C:A:wC	60	89	+	10.0714	8.05e-05	0.16	TTTTTTTTTTTTTTTTTTTTTTTTTTTTGA
pattern_5		19:41259325:A:G:R:wC	67	96	+	10.0714	8.05e-05	0.16	TTTTTTTTTTTTTTTTTTTTTTTTTTTTGA
pattern_5		3:126653373:T:C:A:wC	109	138	+	10.0714	8.05e-05	0.16	TTTTTTTTTTTTTTTTTTTTTTTTTTTTGA
pattern_5		9:4834438:C:G:A:wC	127	156	+	10.0714	8.05e-05	0.16	GTCATTCTTTTTTTTTTTTTTTTTTTAATT
pattern_5		6:126148318:G:A:A:wC	115	144	-	10.0714	8.05e-05	0.16	TTTTTTTTTTTTTTTTTTTTTTTTTTTTGA
pattern_5		20:57542074:A:G:R:wC	166	195	+	10.0714	8.05e-05	0.16	TTTTTTTTTTTTTTTTTTTTTTTTTTTTGA
pattern_5		19:53233572:G:A:R:wC	171	200	-	10.0714	8.05e-05	0.16	TTTTTTTTTTTTTTTTTTTTTTTTTTTTGA
pattern_1		22:31991001:G:A:R:wC	62	91	+	10.631	8.05e-05	0.392	TAATAATAATTTATTTATTTATTTATTTAT
pattern_1		8:19860747:G:A:R:wC	69	98	+	10.631	8.05e-05	0.392	GAGTTTAAATATATTTTATGTGTTCCAAGC
pattern_4		19:887434:G:A:A:wC	22	51	-	10.0952	8.05e-05	0.183	AAATTTTTGTTTTTTAATTACATTAATAAA
pattern_2		17:74576721:G:A:R:wC	46	75	+	1.09756	8.06e-05	0.0649	ACTTAGGAGGCTGAGGCCCAGGCTACTCGG
pattern_2		13:23500616:C:G:R:wC	63	92	+	1.09756	8.06e-05	0.0649	CCACAGGAGGCCGGCGTGGCCTTGGAAGCC
pattern_3		16:30345505:T:C:R:wC	99	128	+	10.4828	8.06e-05	0.242	ATAGGAAATTACATTTATTTAAAAAGTTAA
pattern_0		19:52370845:A:G:R:wC	120	149	-	9.83333	8.06e-05	0.0938	GGCTAATTTTTTTTTTTTTTTTTGTATTTT
pattern_0		2:95833187:C:G:A:wC	158	187	-	9.83333	8.06e-05	0.0938	TTCTTTTTTTTTTTTTTTTTTTTTGAGACT
pattern_2		3:113251079:G:A:A:wC	25	54	+	1.08537	8.09e-05	0.0651	AGGTAAGAGGCTGGGGTGGAAAGAAATGCC
pattern_5		11:57328155:G:A:A:wC	29	58	+	10.0595	8.1e-05	0.16	TTTTTCTTTTTTCTTTTTTTTTTTTTTTGA
pattern_5		1:26852707:T:C:R:wC	65	94	+	10.0595	8.1e-05	0.16	TACTTTATTTATTATGTATTTTATTATTTA
pattern_5		18:56987447:A:G:R:wC	85	114	-	10.0595	8.1e-05	0.16	AAATAATAAGATATTTGATTTCATAAAGCA
pattern_0		3:126653373:T:C:A:wC	101	130	+	9.82143	8.11e-05	0.0942	CTCTGCTTTTTTTTTTTTTTTTTTTTTTTT
pattern_0		9:23073339:C:T:A:wC	162	191	+	9.82143	8.11e-05	0.0942	CATGAAAAAAGAATGTATTGTTAAAGTACA
pattern_1		20:12973521:A:T:A:wC	19	48	-	10.619	8.12e-05	0.393	ATTTTAACAATAATCTATTGTATGTTTCAA
pattern_3		8:176818:G:A:A:wC	140	169	+	10.4713	8.12e-05	0.242	CTTCTGAAATTCCTTTTTTTTTTTTTATAG
pattern_2		13:114186396:A:G:A:wC	134	163	+	1.06098	8.15e-05	0.0654	CTCTAGGGGCTCAGGATGCAAGGGTGAGCT
pattern_2		13:114186396:A:G:R:wC	134	163	+	1.06098	8.15e-05	0.0654	CTCTAGGGGCTCAGGATGCAAGGGTGAGCT
pattern_2		22:29109409:G:A:R:wC	106	135	-	1.06098	8.15e-05	0.0654	ACCCGGGAGGCGGAGCTTGCGGTGAGCCGA
pattern_5		10:73822243:G:T:A:wC	25	54	+	10.0476	8.15e-05	0.16	GTGTGTGAATGTATTTTAAAACCAACAACA
pattern_5		7:11909945:C:T:R:wC	154	183	+	10.0476	8.15e-05	0.16	TTAAAGAAGGTTATTTTTGAGCTTTAAGTT
pattern_4		11:8074982:A:G:A:wC	148	177	+	10.0714	8.16e-05	0.183	TATTTATCTTTATTTATTAATTTATCTATT
pattern_0		19:21560141:G:A:A:wC	61	90	-	9.80952	8.16e-05	0.0944	TATAATACAATTTTTTTTTTTTTTAGATGG
pattern_2		13:99577216:C:T:A:wC	104	133	+	1.04878	8.18e-05	0.0655	ACCAGCCTGGCCAACACGGTGAAACCCTGT
pattern_3		21:36480002:C:T:R:wC	147	176	+	10.4598	8.18e-05	0.242	TCTTATTATTTTTTACTTTCATTTGTTCAT
pattern_3		21:36480002:C:T:A:wC	147	176	+	10.4598	8.18e-05	0.242	TCTTATTATTTTTTACTTTCATTTGTTCAT
pattern_5		16:54152297:G:C:R:wC	62	91	+	10.0357	8.2e-05	0.16	CACAGTCTTTTTTTTTTTTCTTTTTTTTTT
pattern_5		16:54152297:G:C:A:wC	62	91	+	10.0357	8.2e-05	0.16	CACAGTCTTTTTTTTTTTTCTTTTTTTTTT
pattern_5		10:62500217:C:T:R:wC	46	75	-	10.0357	8.2e-05	0.16	TTTTTAATTCTTTTTTTTTTTTTCTTTGTA
pattern_5		12:48174275:C:T:R:wC	170	199	+	10.0357	8.2e-05	0.16	TTTTTTCTTTTTTTTTTTTTTTTGAGATGG
pattern_5		22:38498985:G:A:R:wC	163	192	-	10.0357	8.2e-05	0.16	CTAATTTTTTTTTTTTTTTAATTTTGAGAT
pattern_2		7:140103756:C:T:R:wC	88	117	-	1.03659	8.21e-05	0.0657	GGGCAGGGCGCAGAGCCGGCTTTCTCACCA
pattern_0		20:37266874:T:C:A:wC	10	39	-	9.79762	8.21e-05	0.0944	GCTAATTTTTTTTTTTTGTATTTTTAGTAG
pattern_2		19:17308734:T:G:A:wC	13	42	+	1.02439	8.24e-05	0.0659	CCGTCCCTGGCCAAGGCTCAGGTAACAACA
pattern_3		17:42650550:C:T:A:wC	13	42	+	10.4483	8.24e-05	0.242	CAAAAAACATTTTTTTTTTGTATTTGTTTT
pattern_5		8:103073924:T:A:A:wC	63	92	+	10.0238	8.25e-05	0.16	TCATTTGAATAATATTTTTAAATGTATTCA
pattern_5		8:51556262:C:T:A:wC	98	127	-	10.0238	8.25e-05	0.16	TTTTATCAGATAATTTTATTTTTGTCCAGT
pattern_5		17:15414354:C:T:A:wC	120	149	-	10.0238	8.25e-05	0.16	CTCTTCCATTATCTTTTTTTTTTTTTTTTT
pattern_4		17:73194987:G:A:R:wC	4	33	+	10.0476	8.26e-05	0.183	CATGCTCGGCTAATTTTTTAATTTTTAAAA
pattern_4		8:132332152:G:A:A:wC	166	195	-	10.0476	8.26e-05	0.183	ATATATTATTTTTTTTTTTTTTTTTTTTTG
pattern_0		3:129074542:T:C:A:wC	8	37	+	9.78571	8.26e-05	0.0944	TTTGTTTTTTTTTTGTTTTTTTGTTTTTGA
pattern_0		3:129074542:T:C:R:wC	8	37	+	9.78571	8.26e-05	0.0944	TTTGTTTTTTTTTTGTTTTTTTGTTTTTGA
pattern_0		5:441695:T:C:A:wC	26	55	+	9.78571	8.26e-05	0.0944	TTTTTTTTTTTTTTTTTTTTTTTTGAGACG
pattern_0		7:4807826:T:C:R:wC	32	61	+	9.78571	8.26e-05	0.0944	TTTTTTTTTTTTTTTTTTTTTTTTGAGACG
pattern_0		4:4404145:T:C:A:wC	64	93	+	9.78571	8.26e-05	0.0944	TTTTTTTTTTTTTTTTTTTTTTTTGAGACG
pattern_0		3:141813172:G:A:A:wC	69	98	+	9.78571	8.26e-05	0.0944	ACTGTACTTTTTTTTTTTTTTTTGAGATGG
pattern_0		19:8403727:T:C:A:wC	125	154	-	9.78571	8.26e-05	0.0944	TTTTTTTTTTTTTTTTTTTTTTTTGAGACG
pattern_0		10:8125134:C:T:A:wC	140	169	-	9.78571	8.26e-05	0.0944	TTTTTTTTTTTTTTTTTTTTTTTTGAGACG
pattern_0		3:197816514:C:G:R:wC	158	187	-	9.78571	8.26e-05	0.0944	TTTTTTTTTTTTTTTTTTTTTTTTGGGACA
pattern_0		19:53233572:G:A:R:wC	167	196	-	9.78571	8.26e-05	0.0944	TTTTTTTTTTTTTTTTTTTTTTTTGAGACG
pattern_2		5:90225486:G:A:R:wC	21	50	+	1.0122	8.27e-05	0.066	TTCTGCGTCACTCAGGCTGGGAGCTGTAGA
pattern_2		12:48129679:A:G:R:wC	53	82	+	1.0122	8.27e-05	0.066	TCCTGACTCACCCAGGCTTGAGCCTCCTGT
pattern_2		11:89828798:T:G:R:wC	132	161	+	1.0122	8.27e-05	0.066	TTCTGCGTCGCTCATGCTGGGAGCTGTAGA
pattern_2		9:131683700:C:A:R:wC	45	74	-	1	8.3e-05	0.0661	ACGCGGGAGGCGGAGCTTGCAGTGAGCCGA
pattern_2		5:81570394:G:A:A:wC	118	147	-	1	8.3e-05	0.0661	CCCTGGGCGTCAGGCGCGGGGTGGGCAGCT
pattern_3		17:57510745:C:T:R:wC	2	31	+	10.4368	8.31e-05	0.242	TATATATATTTTTAATTTTTAAAAATTTTT
pattern_3		17:57510745:C:T:R:wC	3	32	+	10.4368	8.31e-05	0.242	ATATATATTTTTAATTTTTAAAAATTTTTT
pattern_3		2:37993304:A:G:A:wC	32	61	+	10.4368	8.31e-05	0.242	AGAATATTATTTTTGTTTACAAGAATTGTG
pattern_0		13:113352130:C:T:A:wC	4	33	+	9.77381	8.31e-05	0.0944	CCGGCCAGTTTTTTTTTTTTTTTTTTTTTT
pattern_0		4:15730146:G:T:A:wC	10	39	+	9.77381	8.31e-05	0.0944	GTAACTAATTCTTTTTCTTTTTTTTTTTTT
pattern_0		19:41259325:A:G:R:wC	55	84	+	9.77381	8.31e-05	0.0944	TTTGCATATGTTTTTTTTTTTTTTTTTTTT
pattern_0		16:16923453:G:A:A:wC	117	146	+	9.77381	8.31e-05	0.0944	ATTTTTTTTTTTTTTTTTTTTTTTTTTAAT
pattern_2		19:632675:C:T:R:wC	50	79	+	0.987805	8.33e-05	0.0662	TTACGAGAGCTCCAGGAAGGAGCCTGCTCA
pattern_2		1:59544962:G:T:R:wC	36	65	-	0.97561	8.36e-05	0.0664	GCTAAAGTGGCAGAGCCAGAGCTTTGAACT
pattern_2		19:49458262:C:T:R:wC	86	115	-	0.97561	8.36e-05	0.0664	CCCGGACGGGCCGGCGAGGGGGCTCGCCCT
pattern_5		22:45603296:T:C:R:wC	160	189	+	10	8.36e-05	0.161	ACCACACGTAATTTTTTTTTTTTTTTTTTA
pattern_4		1:1651631:T:G:A:wC	3	32	+	10.0238	8.36e-05	0.183	TTTATTTATTTTATTTGAGATTGGAGTCTT
pattern_4		4:4404145:T:C:A:wC	53	82	+	10.0238	8.36e-05	0.183	ATTTTTTTTTTTTTTTTTTTTTTTTTTTTT
pattern_4		19:51126928:A:G:A:wC	53	82	-	10.0238	8.36e-05	0.183	ATTTTTTTTTTTTTTTTTTTTTTTTTTTTT
pattern_4		19:30288488:C:T:A:wC	166	195	+	10.0238	8.36e-05	0.183	GCTAATTTTTTTTATTTTTAGTAGAGATGG
pattern_4		19:30288488:C:T:R:wC	166	195	+	10.0238	8.36e-05	0.183	GCTAATTTTTTTTATTTTTAGTAGAGATGG
pattern_4		3:197816514:C:G:R:wC	166	195	-	10.0238	8.36e-05	0.183	ATTTTTTTTTTTTTTTTTTTTTTTTTTTTT
pattern_0		11:918837:G:T:A:wC	50	79	+	9.7619	8.37e-05	0.0944	GGTGGACATCTTTTTTTTTTTTTTTTTTTT
pattern_0		2:100692175:T:C:R:wC	56	85	+	9.7619	8.37e-05	0.0944	AAATCTCAAATTCTGTATTTTATGTTTCCA
pattern_0		18:14133319:T:C:R:wC	61	90	+	9.7619	8.37e-05	0.0944	GTCAACAAATAATTATAAATATTTTGGATC
pattern_0		7:135667353:C:G:A:wC	62	91	+	9.7619	8.37e-05	0.0944	TTCAGCTTAATTTTTTTTTTCTTTTAGCAT
pattern_0		16:89744494:G:A:R:wC	106	135	-	9.7619	8.37e-05	0.0944	TATAAAAATATTTTTTTTAAATTAGCCAGA
pattern_0		16:89744494:G:A:A:wC	106	135	-	9.7619	8.37e-05	0.0944	TATAAAAATATTTTTTTTAAATTAGCCAGA
pattern_0		6:169009635:T:C:R:wC	155	184	+	9.7619	8.37e-05	0.0944	TTGGTAGAAAGGTTTTAAATTGTAAAAAGT
pattern_3		13:74711955:C:T:A:wC	11	40	+	10.4253	8.37e-05	0.242	AGAAAAATCTTTTTTTATTTTTTATTTTAT
pattern_3		20:12973521:A:T:A:wC	25	54	+	10.4253	8.37e-05	0.242	CATACAATAGATTATTGTTAAAATATTCTA
pattern_3		6:127419737:G:A:A:wC	48	77	-	10.4253	8.37e-05	0.242	CTAAAGTTATTTTCACAATCTAAAACTGAA
pattern_3		4:101131793:T:C:R:wC	140	169	+	10.4253	8.37e-05	0.242	ATAGGATACATTTTATTTAAATAAAGATTA
pattern_3		6:169009635:T:C:R:wC	169	198	-	10.4253	8.37e-05	0.242	AGCCGAACATCTTTACTTTTTACAATTTAA
pattern_4		4:4404145:T:C:A:wC	52	81	+	10.0119	8.42e-05	0.183	TATTTTTTTTTTTTTTTTTTTTTTTTTTTT
pattern_4		12:66385194:C:G:A:wC	157	186	+	10.0119	8.42e-05	0.183	AAAATAATTTTAATTTTATAATTTTGACAT
pattern_4		3:197816514:C:G:R:wC	167	196	-	10.0119	8.42e-05	0.183	TATTTTTTTTTTTTTTTTTTTTTTTTTTTT
pattern_2		1:19659789:C:T:A:wC	112	141	-	0.95122	8.42e-05	0.0668	CGTGGTGGCACTCAAGTGGGAGGATCACTT
pattern_0		12:58167661:A:G:R:wC	106	135	+	9.75	8.42e-05	0.0948	GATTCCTTAGGTTTTTATTGCTAAGAGAAA
pattern_0		2:213151472:G:A:A:wC	119	148	+	9.75	8.42e-05	0.0948	AATTTTTTTTTTTTTTTTTTTTTTTGTAGA
pattern_1		6:158978631:G:T:A:wC	9	38	+	10.5595	8.44e-05	0.394	ATTTATTTATTTATTTATTTATTTATTTGA
pattern_1		4:1257311:T:C:A:wC	43	72	+	10.5595	8.44e-05	0.394	TTATTCTTATTTATTTACCTATTTATTTAT
pattern_1		7:135316879:G:A:A:wC	156	185	-	10.5595	8.44e-05	0.394	CTACTATCATTTATATTACATATTCTAAGC
pattern_2		19:5969186:A:G:A:wC	66	95	+	0.939024	8.45e-05	0.0668	CCACAGGACGTTCAGCCTTGCAGGCCATGC
pattern_2		17:79397678:C:T:A:wC	127	156	+	0.939024	8.45e-05	0.0668	ATTTCCCACACTCAGGCTGCCAGGAGAAGT
pattern_2		20:10731494:T:C:R:wC	129	158	+	0.939024	8.45e-05	0.0668	ACCAGCCTGGCCAACATGACAAAACCCCGT
pattern_5		19:20043680:T:A:A:wC	59	88	+	9.97619	8.46e-05	0.161	ATATACTTTTAAATTTGTTGTTTTTATTTC
pattern_5		8:103073924:T:A:A:wC	68	97	-	9.97619	8.46e-05	0.161	AGTGTTGAATACATTTAAAAATATTATTCA
pattern_5		17:12187626:C:G:A:wC	101	130	+	9.97619	8.46e-05	0.161	AAGTTGAAATTCTTTTTTTTTTTTTTTTTT
pattern_5		10:8125134:C:T:A:wC	146	175	-	9.97619	8.46e-05	0.161	TCATTCTTTTTTTTTTTTTTTTTTTTTTTT
pattern_4		13:113352130:C:T:A:wC	12	41	+	10	8.47e-05	0.183	TTTTTTTTTTTTTTTTTTTTTTTTTTAGTA
pattern_0		17:73194987:G:A:R:wC	36	65	+	9.7381	8.47e-05	0.0953	TTTTTTTACTTTTTAAAATTTTTTTTTTGA
pattern_3		7:16460343:G:A:R:wC	2	31	-	10.4023	8.5e-05	0.244	TGTGTTCGTTTTTTTCATTCATTTACTGAG
pattern_1		3:168686333:T:A:A:wC	31	60	-	10.5476	8.5e-05	0.394	GTTTGTGGAATAATATTAAGCAATTCAACA
pattern_1		8:22373383:T:C:A:wC	140	169	+	10.5476	8.5e-05	0.394	CTTCTTTATTTTATTTTATTTTATTTTATT
pattern_1		5:156719105:T:G:R:wC	115	144	-	10.5476	8.5e-05	0.394	ATTGGATTATTTATTTAGATGAAAATAGGC
pattern_5		4:160423944:G:A:R:wC	13	42	+	9.96429	8.51e-05	0.161	TATAGTATTGTTATTGCTTTTTAAATATGA
pattern_5		13:113352130:C:T:A:wC	16	45	+	9.96429	8.51e-05	0.161	TTTTTTTTTTTTTTTTTTTTTTAGTAGAGA
pattern_5		19:51126928:A:G:A:wC	36	65	-	9.96429	8.51e-05	0.161	TTTTTTTTTTTTTTTTTTTTTTTGTAGAGA
pattern_5		2:213151472:G:A:A:wC	121	150	+	9.96429	8.51e-05	0.161	TTTTTTTTTTTTTTTTTTTTTTTGTAGAGA
pattern_5		17:40724276:C:T:A:wC	157	186	+	9.96429	8.51e-05	0.161	ATTGGAAATTTTTTATTTTTCTAAATACCA
pattern_4		2:74354479:T:G:A:wC	46	75	+	9.9881	8.52e-05	0.183	ACTAATTTACAACTATGTAATTCTTTTAAG
pattern_3		1:148239834:G:T:A:wC	67	96	+	10.3908	8.56e-05	0.244	ATGATAAAAAATGTATTTTAGGGTAAAATA
pattern_3		1:47964541:G:A:R:wC	115	144	+	10.3908	8.56e-05	0.244	GTTGTATGTTTTTCACATTAAAAAATCAGA
pattern_3		1:47964541:G:A:A:wC	115	144	+	10.3908	8.56e-05	0.244	GTTGTATGTTTTTCACATTAAAAAATCAGA
pattern_5		4:741742:T:C:R:wC	15	44	+	9.95238	8.57e-05	0.161	TTCTTCCTTTTTCTTTTTTTTTTTAATTAC
pattern_5		16:89744494:G:A:A:wC	108	137	-	9.95238	8.57e-05	0.161	ACTATAAAAATATTTTTTTTAAATTAGCCA
pattern_5		16:89744494:G:A:R:wC	108	137	-	9.95238	8.57e-05	0.161	ACTATAAAAATATTTTTTTTAAATTAGCCA
pattern_1		11:8074982:A:G:A:wC	155	184	+	10.5357	8.57e-05	0.394	CTTTATTTATTAATTTATCTATTTATTTTG
pattern_2		11:45869658:G:A:A:wC	148	177	-	0.890244	8.57e-05	0.0678	TCAAACGAGCCAGAGGCTTCGGAGTGATCT
pattern_4		1:156184598:G:A:A:wC	33	62	-	9.97619	8.58e-05	0.183	CATTATCTTTTTTTTTTTTCTTTTTTAGAG
pattern_0		7:4807826:T:C:R:wC	22	51	+	9.71429	8.58e-05	0.096	ACTTCTTTTTTTTTTTTTTTTTTTTTTTTT
pattern_0		17:66184456:G:A:R:wC	72	101	+	9.71429	8.58e-05	0.096	CATTATTTATATTTTCATTATGTTTAGGGT
pattern_0		3:126653373:T:C:A:wC	105	134	+	9.71429	8.58e-05	0.096	GCTTTTTTTTTTTTTTTTTTTTTTTTTTTT
pattern_0		20:57542074:A:G:R:wC	162	191	+	9.71429	8.58e-05	0.096	GCTTTTTTTTTTTTTTTTTTTTTTTTTTTT
pattern_2		6:119215902:C:G:A:wC	29	58	+	0.878049	8.61e-05	0.0679	ACGACGGCCGCCGAGGCGCGCGCGGCTTTC
pattern_5		17:12187626:C:G:A:wC	110	139	+	9.94048	8.62e-05	0.161	TTCTTTTTTTTTTTTTTTTTTTTTTGAGAT
pattern_5		7:29182099:C:T:A:wC	139	168	+	9.94048	8.62e-05	0.161	CAGATACTTTTTTTTTTTTTTTTGAGACAC
pattern_5		2:155423435:T:C:R:wC	152	181	+	9.94048	8.62e-05	0.161	TGATCCTGGGGTATTTTTTAATCGAAATCT
pattern_5		13:109799451:A:G:A:wC	168	197	-	9.94048	8.62e-05	0.161	AATATTTAGAATCTTTTTTTTTTTTCTGTA
pattern_5		13:21341377:G:A:R:wC	170	199	-	9.94048	8.62e-05	0.161	AATATCTTTTTTTTTTTTTTTTTTTTTTTT
pattern_3		9:131197305:T:C:A:wC	58	87	+	10.3793	8.63e-05	0.244	ATTTATTTATTTATTTATTTATTTATTTTT
pattern_3		19:20043680:T:A:A:wC	64	93	+	10.3793	8.63e-05	0.244	CTTTTAAATTTGTTGTTTTTATTTCTTTGA
pattern_3		22:31991001:G:A:R:wC	70	99	+	10.3793	8.63e-05	0.244	ATTTATTTATTTATTTATTTATTTATTTTT
pattern_4		17:26250721:A:G:A:wC	6	35	+	9.96429	8.63e-05	0.183	TTTATTTATTTATTTATTTATTTATTGAGA
pattern_4		17:26250721:A:G:R:wC	6	35	+	9.96429	8.63e-05	0.183	TTTATTTATTTATTTATTTATTTATTGAGA
pattern_4		1:52538180:C:T:A:wC	97	126	+	9.96429	8.63e-05	0.183	AACTGCCAATCTACTTTCTATTTTATGGAT
pattern_0		16:16923453:G:A:A:wC	110	139	+	9.70238	8.63e-05	0.0964	TTTATAGATTTTTTTTTTTTTTTTTTTTTT
pattern_0		8:22373383:T:C:A:wC	140	169	+	9.70238	8.63e-05	0.0964	CTTCTTTATTTTATTTTATTTTATTTTATT
pattern_1		12:58167661:A:G:R:wC	88	117	+	10.5238	8.64e-05	0.394	TATTATGAATATATTTCAGATTCCTTAGGT
pattern_2		10:58121034:C:A:A:wC	28	57	-	0.865854	8.64e-05	0.0681	GCAGCGGAGACAGAGGCGGAAGCTGCAGCC
pattern_2		8:134504076:G:C:A:wC	134	163	-	0.865854	8.64e-05	0.0681	TCCTCTGGGGCCCAGGTATGGGGGTGGGGC
pattern_5		4:148453347:A:G:A:wC	56	85	-	9.92857	8.67e-05	0.161	CTAATTTTTTGTATTTTTTTTTTTTTTTTT
pattern_0		18:58192696:A:G:A:wC	24	53	+	9.69048	8.68e-05	0.0966	CTAGATACATTTCTGCATTTTAAAATGCAA
pattern_0		16:16923453:G:A:A:wC	113	142	+	9.69048	8.68e-05	0.0966	ATAGATTTTTTTTTTTTTTTTTTTTTTTTT
pattern_0		1:212375336:G:A:R:wC	155	184	+	9.69048	8.68e-05	0.0966	TCTCTTTTTTTTTTTTTTTTTTTTGAGATG
pattern_4		3:24341272:A:T:A:wC	80	109	+	9.95238	8.68e-05	0.183	GTATGCTTTTTTATTTATTTTTTTATTTAT
pattern_3		5:158466283:T:A:A:wC	70	99	+	10.3678	8.69e-05	0.244	TTGTATAACTCTATGCATTAAACCATAAAT
pattern_3		3:24341272:A:T:A:wC	103	132	+	10.3678	8.69e-05	0.244	TATTTATTTTTTTTTTTTTAGCAAACATAC
pattern_2		22:45259492:G:A:A:wC	49	78	+	0.841463	8.7e-05	0.0683	ACCCACGAGTCCCACGCTGCCGTCTCCCCA
pattern_2		1:52284018:A:C:R:wC	80	109	+	0.841463	8.7e-05	0.0683	GTTTCAGAGGTAGAGAAAGCAGGGATAAAA
pattern_1		7:135667353:C:G:A:wC	59	88	+	10.5119	8.7e-05	0.394	GCTTTCAGCTTAATTTTTTTTTTCTTTTAG
pattern_5		6:158978631:G:T:A:wC	7	36	+	9.91667	8.73e-05	0.162	TTATTTATTTATTTATTTATTTATTTATTT
pattern_5		9:131197305:T:C:A:wC	56	85	+	9.91667	8.73e-05	0.162	TTATTTATTTATTTATTTATTTATTTATTT
pattern_2		2:54244011:C:T:R:wC	19	48	-	0.829268	8.73e-05	0.0683	ACCCAGGAGGCGGAGCTTGCAGTGAGCCGA
pattern_2		17:8203122:T:C:A:wC	63	92	+	0.829268	8.73e-05	0.0683	ACCCAGGAGGCGGAGCTTGCAGTGAGCCGA
pattern_2		20:37266874:T:C:A:wC	105	134	+	0.829268	8.73e-05	0.0683	ACCCAGGAGGCGGAGCTTGCAGTGAGCCGA
pattern_2		11:918837:G:T:A:wC	128	157	-	0.829268	8.73e-05	0.0683	ACCCAGGAGGCGGAGCTTGCAGTGAGCCGA
pattern_2		4:57764340:G:A:R:wC	160	189	+	0.829268	8.73e-05	0.0683	ACCCAGGAGGCGGAGCTTGCAGTGAGCCGA
pattern_0		15:51312751:G:A:R:wC	47	76	+	9.67857	8.74e-05	0.097	GTTTTTGACTTTTTTTTTTTTTTGAGGCGG
pattern_0		6:140295358:A:G:A:wC	137	166	-	9.67857	8.74e-05	0.097	ACTTATCTAACTTTTTCTTGTAAAAAGAAC
pattern_4		19:57665345:T:C:R:wC	1	30	+	9.94048	8.74e-05	0.183	ACTTAAAGGTTTTTTTTTAAGTGAAAGCAA
pattern_4		16:20557688:T:C:R:wC	27	56	+	9.94048	8.74e-05	0.183	GTACTTTCTATTATTTTTGACTCAATAAAC
pattern_3		7:29398110:G:A:R:wC	13	42	-	10.3563	8.76e-05	0.244	TTGACTAATTTTCTTTTATTTTTAAATTAA
pattern_3		12:100816980:G:A:A:wC	95	124	+	10.3563	8.76e-05	0.244	ATACCATATTTTATTTTCTGGGACATAGTA
pattern_3		12:69094121:C:T:R:wC	117	146	-	10.3563	8.76e-05	0.244	AAGCCAACATTTTAGCAATTAAAATTTAAA
pattern_1		1:65277944:C:T:R:wC	31	60	-	10.5	8.77e-05	0.394	CCTGGCTAATTTTTTTATATTTTTAGTAGA
pattern_1		22:29169444:C:T:A:wC	64	93	-	10.5	8.77e-05	0.394	GTTAAGCACTTTATTTAAATAATCTCACTA
pattern_1		22:29169444:C:T:R:wC	64	93	-	10.5	8.77e-05	0.394	GTTAAGCACTTTATTTAAATAATCTCACTA
pattern_5		19:44072013:G:T:A:wC	109	138	+	9.90476	8.78e-05	0.162	TCTTTTCTTTTTTTTTTTTTTTTGAGACAG
pattern_5		20:36552888:A:G:A:wC	162	191	-	9.90476	8.78e-05	0.162	TGTTTTGTTTTTTTTTTTTTTTTGAGACAG
pattern_0		4:1381798:A:G:R:wC	26	55	-	9.66667	8.79e-05	0.0971	AGCTGCTTTTTTTTTTTTTTTGAAGAAACT
pattern_0		15:84657643:T:A:R:wC	64	93	+	9.66667	8.79e-05	0.0971	TTTATTTTTTATTTTTATTTATTTATTTAT
pattern_0		19:51126928:A:G:A:wC	39	68	-	9.66667	8.79e-05	0.0971	TTTTTTTTTTTTTTTTTTTTTTTTTTGTAG
pattern_0		19:3185636:T:C:R:wC	141	170	+	9.66667	8.79e-05	0.0971	CGCGAAATAGTTTTTTAAAGCATTTTATTG
pattern_2		1:164561380:C:T:A:wC	27	56	+	0.804878	8.8e-05	0.0686	GTTAATGTGGCTGGGGGGAAAGGCAGATGA
pattern_2		1:164561380:C:T:R:wC	27	56	+	0.804878	8.8e-05	0.0686	GTTAATGTGGCTGGGGGGAAAGGCAGATGA
pattern_2		19:807127:T:G:R:wC	78	107	-	0.804878	8.8e-05	0.0686	GCGAGGGAGGGCCAGGCTGGGCACCGCCTT
pattern_3		21:36480002:C:T:R:wC	159	188	+	10.3448	8.83e-05	0.244	TTACTTTCATTTGTTCATTCACTCATTTAC
pattern_3		21:36480002:C:T:A:wC	159	188	+	10.3448	8.83e-05	0.244	TTACTTTCATTTGTTCATTCACTCATTTAC
pattern_5		5:158466283:T:A:A:wC	45	74	+	9.89286	8.84e-05	0.162	TCAGAAAAGAAAATCTTTTACACTTTTGTA
pattern_5		1:156184598:G:A:A:wC	39	68	-	9.89286	8.84e-05	0.162	CCTGTTCATTATCTTTTTTTTTTTTCTTTT
pattern_5		3:24341272:A:T:A:wC	97	126	+	9.89286	8.84e-05	0.162	TTTTTTTATTTATTTTTTTTTTTTTAGCAA
pattern_1		17:57510745:C:T:R:wC	7	36	+	10.4881	8.84e-05	0.394	ATATTTTTAATTTTTAAAAATTTTTTTTTC
pattern_0		2:38894870:T:C:A:wC	16	45	+	9.65476	8.85e-05	0.0974	CGGCTAATTTTTTTGTGTTTTTGGTAGAGA
pattern_0		19:50049882:T:G:A:wC	61	90	-	9.65476	8.85e-05	0.0974	CAGGCTAATTTTTTAAATATTTTTAGTAGA
pattern_0		17:73837209:C:T:A:wC	101	130	+	9.65476	8.85e-05	0.0974	GCATCCCTTTTTTTTTTTTTTTTTTTTTTT
pattern_5		22:31991001:G:A:R:wC	62	91	+	9.88095	8.89e-05	0.163	TAATAATAATTTATTTATTTATTTATTTAT
pattern_5		7:29182099:C:T:A:wC	134	163	+	9.88095	8.89e-05	0.163	ACTTCCAGATACTTTTTTTTTTTTTTTTGA
pattern_2		7:47370322:T:G:A:wC	108	137	-	0.768293	8.89e-05	0.0693	CTCTGGGCGCCCCAGCTCCTCCCTTCTCCT
pattern_3		3:129095895:G:A:R:wC	45	74	+	10.3333	8.89e-05	0.244	TAATGATAACATTATTATTATTATTTTTAT
pattern_3		1:52284018:A:C:R:wC	46	75	+	10.3333	8.89e-05	0.244	ATAATGCAATTTTTGTAAATTTCTTTTTTA
pattern_0		4:4404145:T:C:A:wC	49	78	+	9.64286	8.9e-05	0.0975	GGTTATTTTTTTTTTTTTTTTTTTTTTTTT
pattern_0		1:118688547:A:G:A:wC	33	62	-	9.64286	8.9e-05	0.0975	CTGAAACAAAAATTGTCTATAAAGAATAAA
pattern_0		21:43513327:G:T:A:wC	81	110	+	9.64286	8.9e-05	0.0975	TTATTTAATTAATTTTATTTTTTGTTTTTT
pattern_0		4:57764340:G:A:R:wC	68	97	-	9.64286	8.9e-05	0.0975	CCGGCTAATTTTTCGTATTTTCAGTAGAGA
pattern_4		5:441695:T:C:A:wC	17	46	+	9.90476	8.9e-05	0.183	CTTTTTTTTTTTTTTTTTTTTTTTTTTTTT
pattern_4		7:4807826:T:C:R:wC	26	55	+	9.90476	8.9e-05	0.183	CTTTTTTTTTTTTTTTTTTTTTTTTTTTTT
pattern_4		15:38838432:A:T:R:wC	64	93	-	9.90476	8.9e-05	0.183	ATAAATAAATAAAGTTATAATTTATGTAAA
pattern_4		3:126653373:T:C:A:wC	106	135	+	9.90476	8.9e-05	0.183	CTTTTTTTTTTTTTTTTTTTTTTTTTTTTT
pattern_4		16:89744494:G:A:R:wC	105	134	-	9.90476	8.9e-05	0.183	ATAAAAATATTTTTTTTAAATTAGCCAGAC
pattern_4		16:89744494:G:A:A:wC	105	134	-	9.90476	8.9e-05	0.183	ATAAAAATATTTTTTTTAAATTAGCCAGAC
pattern_4		5:90225486:G:A:R:wC	152	181	+	9.90476	8.9e-05	0.183	TTTTATGTTACTATTAATGATTAGGCACAT
pattern_4		20:57542074:A:G:R:wC	163	192	+	9.90476	8.9e-05	0.183	CTTTTTTTTTTTTTTTTTTTTTTTTTTTTT
pattern_1		9:22030438:A:G:A:wC	171	200	+	10.4762	8.91e-05	0.394	TACAGTGACACAATGTAAAATTGTAAGAGG
pattern_2		15:65186324:C:T:R:wC	46	75	+	0.756098	8.92e-05	0.0695	CTTCCGCAGGTAGAGGCCCCAGAGAGGGGA
pattern_2		7:75754486:T:C:A:wC	169	198	-	0.756098	8.92e-05	0.0695	GCCAGCCTGGCCAACATGGCGCAACCCCGT
pattern_2		8:21767275:C:G:A:wC	78	107	+	0.743902	8.96e-05	0.0696	GGCTATCAGGCCGGGGCAGCGAGGCGGGGA
pattern_0		15:34400939:G:C:R:wC	112	141	+	9.63095	8.96e-05	0.098	ACTTGTTCAGTTTTTTTTTTTTTTTTTTTT
pattern_4		11:69457293:C:T:A:wC	120	149	+	9.89286	8.96e-05	0.183	GCACTTAGTTATTTTTTTAATATTTTTAAA
pattern_4		1:156184598:G:A:A:wC	150	179	-	9.89286	8.96e-05	0.183	AATAATAATAATAATAATAATAATAATCTG
pattern_3		6:96988696:A:T:R:wC	76	105	+	10.3218	8.96e-05	0.244	TGCTAATGTGTTAAGTTTTATATAATAAAA
pattern_3		16:3111193:T:C:A:wC	55	84	-	10.3218	8.96e-05	0.244	CTTCTTTCTTCTTATTATTATTATTTTTAT
pattern_3		8:144395504:C:T:A:wC	144	173	-	10.3218	8.96e-05	0.244	TGGCTAATTTTTGTATTTTAGTACAGATGG
pattern_3		8:144395504:C:T:R:wC	144	173	-	10.3218	8.96e-05	0.244	TGGCTAATTTTTGTATTTTAGTACAGATGG
pattern_1		10:118398304:C:A:A:wC	64	93	+	10.4643	8.98e-05	0.394	TTTTGTTATTTTATTTTATTTTAGATTCAG
pattern_1		6:169009635:T:C:R:wC	157	186	-	10.4643	8.98e-05	0.394	TTACTTTTTACAATTTAAAACCTTTCTACC
pattern_2		19:53500694:G:C:R:wC	54	83	-	0.731707	8.99e-05	0.0698	ACCCGGGAGGCGGAGCTTGCAGCGAGCTGA
pattern_5		3:3189060:G:A:R:wC	49	78	+	9.85714	9e-05	0.163	CTGAACCTATATAATGTATCCTAGTGACAA
pattern_5		19:41259325:A:G:R:wC	61	90	+	9.85714	9e-05	0.163	TATGTTTTTTTTTTTTTTTTTTTTTTTTTT
pattern_0		19:49587245:T:C:A:wC	12	41	+	9.61905	9.01e-05	0.0983	CCCACTTCTTTTTTTTATTTGAGACGGAGT
pattern_0		16:24578458:T:C:R:wC	5	34	-	9.61905	9.01e-05	0.0983	TATCCATAATTATTTTCAAACTTAAAAACA
pattern_0		21:43513327:G:T:A:wC	71	100	+	9.61905	9.01e-05	0.0983	GTTTATTTATTTATTTAATTAATTTTATTT
pattern_4		3:129074542:T:C:R:wC	3	32	+	9.88095	9.02e-05	0.183	CTTTTTTTGTTTTTTTTTTGTTTTTTTGTT
pattern_4		3:129074542:T:C:A:wC	3	32	+	9.88095	9.02e-05	0.183	CTTTTTTTGTTTTTTTTTTGTTTTTTTGTT
pattern_3		13:21326587:T:G:A:wC	43	72	-	10.3103	9.03e-05	0.244	AGGACAAATGTTATATGATCATCTCAATAG
pattern_3		13:47244223:T:G:R:wC	149	178	+	10.3103	9.03e-05	0.244	CAACTTTGACTTTAATATAGAAATTAATAA
pattern_2		9:16744121:C:G:R:wC	11	40	-	0.707317	9.06e-05	0.0701	ACCCGGGAGGCGGAGCTTGCAGTGAGCAGA
pattern_2		19:8402132:G:A:R:wC	123	152	-	0.707317	9.06e-05	0.0701	ACCCGGGAGGCGGAGCTTGCAGTGAGCAGA
pattern_2		19:47774329:T:C:A:wC	137	166	-	0.707317	9.06e-05	0.0701	GTCTCAGGGGCTGGGGATGCTGCCCCTTCT
pattern_5		2:60852853:T:C:A:wC	8	37	+	9.84524	9.06e-05	0.163	GAGTGAGTTTTTTTTTTTTTTTTTTTTTTT
pattern_5		1:26852707:T:C:R:wC	61	90	+	9.84524	9.06e-05	0.163	CAAATACTTTATTTATTATGTATTTTATTA
pattern_5		7:152381598:G:T:R:wC	75	104	-	9.84524	9.06e-05	0.163	AAAACCAAACATTTTTGTTACCCTAAAAAA
pattern_5		11:93959939:C:T:R:wC	135	164	+	9.84524	9.06e-05	0.163	AATTTTTTATTTATTTATTTATTTTTATTT
pattern_5		11:93959939:C:T:R:wC	141	170	+	9.84524	9.06e-05	0.163	TTATTTATTTATTTATTTTTATTTTTTGCT
pattern_0		22:29109409:G:A:R:wC	33	62	+	9.60714	9.07e-05	0.0987	CAAGTTTTCTTTTTTTTTTTTTTTGAGATG
pattern_0		2:118943801:T:A:R:wC	90	119	-	9.60714	9.07e-05	0.0987	AAAGCCAAATATTTGTGAGATGATGTGAAC
pattern_4		17:66184456:G:A:R:wC	61	90	+	9.86905	9.07e-05	0.183	ATTTACAATTTCATTATTTATATTTTCATT
pattern_4		17:66184456:G:A:A:wC	61	90	+	9.86905	9.07e-05	0.183	ATTTACAATTTCATTATTTATATTTTCATT
pattern_2		11:2187855:G:C:A:wC	63	92	-	0.695122	9.09e-05	0.0702	GGCCGCCAGCCCGAGGGTGGGGGGTGCGAC
pattern_2		11:2187855:G:C:R:wC	63	92	-	0.695122	9.09e-05	0.0702	GGCCGCCAGCCCGAGGGTGGGGGGTGCGAC
pattern_2		6:18756486:A:G:R:wC	152	181	+	0.695122	9.09e-05	0.0702	GTTTGGGAGATTAATCAGACACGATCAGCA
pattern_3		4:155693001:A:G:R:wC	27	56	+	10.2989	9.1e-05	0.245	TTATTTATTTTTATGCTTTAAGTTCTAGAG
pattern_3		3:42651319:G:T:A:wC	113	142	-	10.2989	9.1e-05	0.245	AGTTGTTGATATTTATATTATGACAAACAA
pattern_5		16:1853698:G:A:R:wC	115	144	+	9.83333	9.11e-05	0.164	CAGCTAATTTTTTTTTTTTTTTTTTTTTGA
pattern_1		20:16541716:C:T:A:wC	3	32	+	10.4405	9.12e-05	0.394	ACAATCATCTTTTTTTAAAAAAATATAATA
pattern_1		12:111761923:G:A:A:wC	17	46	+	10.4405	9.12e-05	0.394	ATCTCTAAAAGAATTAATAAAATGAAATGT
pattern_1		17:66184456:G:A:R:wC	70	99	+	10.4405	9.12e-05	0.394	TTCATTATTTATATTTTCATTATGTTTAGG
pattern_1		17:66184456:G:A:A:wC	70	99	+	10.4405	9.12e-05	0.394	TTCATTATTTATATTTTCATTATGTTTAGG
pattern_1		3:42217491:G:A:A:wC	111	140	+	10.4405	9.12e-05	0.394	TCCTTGTCACTGATTTAAAATAAAACAACC
pattern_1		3:111521268:T:C:A:wC	165	194	+	10.4405	9.12e-05	0.394	CTTAGAATATTTATTTCCTGTTTTCCCAAC
pattern_2		11:11863399:G:T:A:wC	92	121	-	0.682927	9.12e-05	0.0704	TCGGAGGTGGCCGGCACTTGTAGCTAGCTT
pattern_0		9:18022995:C:T:A:wC	109	138	+	9.59524	9.12e-05	0.0988	CCCTTAAACATTTTTTGTGTGTGTTTGAGA
pattern_0		17:15414354:C:T:A:wC	116	145	-	9.59524	9.12e-05	0.0988	TCCATTATCTTTTTTTTTTTTTTTTTTTTT
pattern_0		6:126148318:G:A:A:wC	121	150	-	9.59524	9.12e-05	0.0988	TCTCACTTTTTTTTTTTTTTTTTTTTTTTT
pattern_0		16:72908020:C:G:R:wC	169	198	+	9.59524	9.12e-05	0.0988	ATTTTTTGATTTTTTTTTTTTTTTTTTTTT
pattern_2		15:31637569:G:C:A:wC	111	140	-	0.670732	9.15e-05	0.0705	CAAAGGCAGGCTGAGGCGGGGGCACAGGCC
pattern_2		13:111452560:C:T:A:wC	150	179	-	0.670732	9.15e-05	0.0705	GCCTGGGTGACAGAGCCAGACTCCATATCA
pattern_5		17:27122153:A:G:A:wC	53	82	-	9.82143	9.17e-05	0.164	AATTTTAGGGTTTTTTTTTTTTTTTGAAAC
pattern_5		5:90225486:G:A:R:wC	139	168	+	9.82143	9.17e-05	0.164	TCAGTGCTATTCTTTTTATGTTACTATTAA
pattern_0		14:75784722:A:G:R:wC	115	144	+	9.58333	9.18e-05	0.0992	ACGCATTTTTTTTTTTTTTTTGAAATGACA
pattern_0		18:58192696:A:G:A:wC	151	180	+	9.58333	9.18e-05	0.0992	TTTTCTTTCTTTTTTAAAAATATGTTTACA
pattern_1		6:127419737:G:A:A:wC	52	81	-	10.4286	9.19e-05	0.394	ATGCCTAAAGTTATTTTCACAATCTAAAAC
pattern_4		7:29398110:G:A:R:wC	15	44	-	9.84524	9.19e-05	0.183	AATTGACTAATTTTCTTTTATTTTTAAATT
pattern_4		12:58167661:A:G:R:wC	65	94	+	9.84524	9.19e-05	0.183	ACTTCGTGAGTGCTTTATAACTTTATTATG
pattern_2		3:46722373:C:T:A:wC	60	89	+	0.658537	9.19e-05	0.0706	ACTTCAGTGGTCCAGAAAGGCTGGAGGGGT
pattern_2		4:3505162:G:A:A:wC	124	153	-	0.658537	9.19e-05	0.0706	ACGCAGGAGGCTGAGGCTGCACGTCACAGG
pattern_2		11:7684919:T:C:A:wC	138	167	-	0.658537	9.19e-05	0.0706	AGCAGCGAGGCTGGGGGAGGGGCGCCCGCC
pattern_2		7:135386698:T:C:A:wC	49	78	-	0.646341	9.22e-05	0.0708	GCAGGCCTGGCTGAGGTGCCCTGGTGTATA
pattern_5		17:12187626:C:G:A:wC	100	129	+	9.80952	9.23e-05	0.165	GAAGTTGAAATTCTTTTTTTTTTTTTTTTT
pattern_3		10:105771405:G:A:R:wC	11	40	+	10.2759	9.24e-05	0.245	AATTCTTTTTTTTTTTTTTGGTGAATTGGA
pattern_3		8:113945521:C:T:R:wC	33	62	+	10.2759	9.24e-05	0.245	TGATAAAAATATCTCTATTATTCAGAATTG
pattern_3		20:37266874:T:C:A:wC	13	42	-	10.2759	9.24e-05	0.245	CCGGCTAATTTTTTTTTTTTGTATTTTTAG
pattern_3		1:148239834:G:T:A:wC	58	87	-	10.2759	9.24e-05	0.245	CTAAAATACATTTTTTATCATATTTTGAAA
pattern_3		11:23998719:T:C:A:wC	131	160	-	10.2759	9.24e-05	0.245	TGAAAATGAGCTTAGTTTTAAGTTAGGAAA
pattern_0		1:179542602:G:A:R:wC	109	138	-	9.57143	9.24e-05	0.0994	CTGGTCAAATGTGTGTAAACAAAGCTAAGA
pattern_0		16:81539375:C:T:A:wC	149	178	-	9.57143	9.24e-05	0.0994	TGATTTTTTGTTTTGTATTTAGTAGAGACA
pattern_0		16:81539375:C:T:R:wC	149	178	-	9.57143	9.24e-05	0.0994	TGATTTTTTGTTTTGTATTTAGTAGAGACA
pattern_0		19:49124991:G:C:R:wC	166	195	-	9.57143	9.24e-05	0.0994	CCTAAAACATGTTTTTCCTTGAAAAGTAAG
pattern_4		5:441695:T:C:A:wC	18	47	+	9.83333	9.24e-05	0.183	TTTTTTTTTTTTTTTTTTTTTTTTTTTTTT
pattern_4		5:441695:T:C:A:wC	19	48	+	9.83333	9.24e-05	0.183	TTTTTTTTTTTTTTTTTTTTTTTTTTTTTT
pattern_4		5:441695:T:C:A:wC	20	49	+	9.83333	9.24e-05	0.183	TTTTTTTTTTTTTTTTTTTTTTTTTTTTTT
pattern_4		4:4404145:T:C:A:wC	54	83	+	9.83333	9.24e-05	0.183	TTTTTTTTTTTTTTTTTTTTTTTTTTTTTT
pattern_4		4:4404145:T:C:A:wC	55	84	+	9.83333	9.24e-05	0.183	TTTTTTTTTTTTTTTTTTTTTTTTTTTTTT
pattern_4		4:4404145:T:C:A:wC	56	85	+	9.83333	9.24e-05	0.183	TTTTTTTTTTTTTTTTTTTTTTTTTTTTTT
pattern_4		4:4404145:T:C:A:wC	57	86	+	9.83333	9.24e-05	0.183	TTTTTTTTTTTTTTTTTTTTTTTTTTTTTT
pattern_4		4:4404145:T:C:A:wC	58	87	+	9.83333	9.24e-05	0.183	TTTTTTTTTTTTTTTTTTTTTTTTTTTTTT
pattern_4		19:41259325:A:G:R:wC	65	94	+	9.83333	9.24e-05	0.183	TTTTTTTTTTTTTTTTTTTTTTTTTTTTTT
pattern_4		2:48018081:A:G:R:wC	40	69	-	9.83333	9.24e-05	0.183	AATACATAACTTAGTTAATATTTGGTCAAG
pattern_4		19:51126928:A:G:A:wC	43	72	-	9.83333	9.24e-05	0.183	TTTTTTTTTTTTTTTTTTTTTTTTTTTTTT
pattern_4		19:51126928:A:G:A:wC	44	73	-	9.83333	9.24e-05	0.183	TTTTTTTTTTTTTTTTTTTTTTTTTTTTTT
pattern_4		19:51126928:A:G:A:wC	45	74	-	9.83333	9.24e-05	0.183	TTTTTTTTTTTTTTTTTTTTTTTTTTTTTT
pattern_4		19:51126928:A:G:A:wC	46	75	-	9.83333	9.24e-05	0.183	TTTTTTTTTTTTTTTTTTTTTTTTTTTTTT
pattern_4		19:51126928:A:G:A:wC	47	76	-	9.83333	9.24e-05	0.183	TTTTTTTTTTTTTTTTTTTTTTTTTTTTTT
pattern_4		19:51126928:A:G:A:wC	48	77	-	9.83333	9.24e-05	0.183	TTTTTTTTTTTTTTTTTTTTTTTTTTTTTT
pattern_4		19:51126928:A:G:A:wC	49	78	-	9.83333	9.24e-05	0.183	TTTTTTTTTTTTTTTTTTTTTTTTTTTTTT
pattern_4		19:51126928:A:G:A:wC	50	79	-	9.83333	9.24e-05	0.183	TTTTTTTTTTTTTTTTTTTTTTTTTTTTTT
pattern_4		19:51126928:A:G:A:wC	51	80	-	9.83333	9.24e-05	0.183	TTTTTTTTTTTTTTTTTTTTTTTTTTTTTT
pattern_4		19:51126928:A:G:A:wC	52	81	-	9.83333	9.24e-05	0.183	TTTTTTTTTTTTTTTTTTTTTTTTTTTTTT
pattern_4		3:126653373:T:C:A:wC	107	136	+	9.83333	9.24e-05	0.183	TTTTTTTTTTTTTTTTTTTTTTTTTTTTTT
pattern_4		11:69457293:C:T:A:wC	119	148	+	9.83333	9.24e-05	0.183	TGCACTTAGTTATTTTTTTAATATTTTTAA
pattern_4		16:16923453:G:A:A:wC	122	151	+	9.83333	9.24e-05	0.183	TTTTTTTTTTTTTTTTTTTTTTAATCTCAG
pattern_4		6:135035372:C:T:A:wC	160	189	+	9.83333	9.24e-05	0.183	ACCTTAATCTTTATTATTTATATTTCCCGG
pattern_4		20:57542074:A:G:R:wC	164	193	+	9.83333	9.24e-05	0.183	TTTTTTTTTTTTTTTTTTTTTTTTTTTTTT
pattern_4		3:197816514:C:G:R:wC	164	193	-	9.83333	9.24e-05	0.183	TTTTTTTTTTTTTTTTTTTTTTTTTTTTTT
pattern_4		3:197816514:C:G:R:wC	165	194	-	9.83333	9.24e-05	0.183	TTTTTTTTTTTTTTTTTTTTTTTTTTTTTT
pattern_2		22:39557612:G:A:R:wC	124	153	+	0.634146	9.25e-05	0.071	GCCAGACTGGCCAACATGGTGAAACCCCGT
pattern_1		21:43513327:G:T:A:wC	80	109	+	10.4167	9.26e-05	0.394	TTTATTTAATTAATTTTATTTTTTGTTTTT
pattern_1		7:16567628:C:T:R:wC	110	139	+	10.4167	9.26e-05	0.394	GTTAACCAACTAATTTAAAATCCGACTTTT
pattern_5		1:113040832:G:C:R:wC	129	158	+	9.79762	9.28e-05	0.166	TCATTCCTTTTTTTTTTTAGTTTGTTTTGT
pattern_2		3:63414440:A:C:A:wC	83	112	+	0.621951	9.29e-05	0.0711	ATCCAGCAGGCTAGCCTCGGCTTATTCCCA
pattern_0		19:887434:G:A:A:wC	12	41	+	9.55952	9.3e-05	0.0995	ACATGTGCCTTTTATTAATGTAATTAAAAA
pattern_0		17:42650550:C:T:A:wC	18	47	+	9.55952	9.3e-05	0.0995	AACATTTTTTTTTTGTATTTGTTTTTGTTT
pattern_0		9:109781455:G:A:A:wC	20	49	-	9.55952	9.3e-05	0.0995	CAAGCTGCATATTTTTACTTAGATATTTTA
pattern_0		12:114837761:G:A:R:wC	104	133	+	9.55952	9.3e-05	0.0995	CCAGACACCTATTATTAATATTTGTGGGGA
pattern_4		3:197816514:C:G:R:wC	162	191	-	9.82143	9.3e-05	0.184	TTTTTTTTTTTTTTTTTTTTTTTTTTTTGG
pattern_3		12:66385194:C:G:A:wC	34	63	+	10.2644	9.31e-05	0.246	TTATTTAAATAATTTTAAAATTTTGTTATA
pattern_1		11:65575056:T:C:A:wC	26	55	+	10.4048	9.33e-05	0.394	TTTCTGCAAAATATTTAAAAATTAGCCAGA
pattern_1		8:103073924:T:A:A:wC	65	94	+	10.4048	9.33e-05	0.394	ATTTGAATAATATTTTTAAATGTATTCAAC
pattern_5		19:1520924:C:A:R:wC	17	46	-	9.78571	9.34e-05	0.167	AAAGGGAAAAATATATTAGATTCCCTACCC
pattern_0		16:57002732:T:G:A:wC	31	60	+	9.54762	9.35e-05	0.0996	CTAGCTAAAGGTTTGTTGATTTTGTTGATC
pattern_0		6:96988696:A:T:R:wC	81	110	+	9.54762	9.35e-05	0.0996	ATGTGTTAAGTTTTATATAATAAAATGGAA
pattern_0		6:126148318:G:A:A:wC	120	149	-	9.54762	9.35e-05	0.0996	CTCACTTTTTTTTTTTTTTTTTTTTTTTTT
pattern_0		19:8403727:T:C:A:wC	133	162	-	9.54762	9.35e-05	0.0996	ACATCCTTTTTTTTTTTTTTTTTTTTTTTT
pattern_0		22:38498985:G:A:R:wC	166	195	-	9.54762	9.35e-05	0.0996	TGGCTAATTTTTTTTTTTTTTTAATTTTGA
pattern_4		6:96988696:A:T:R:wC	88	117	-	9.80952	9.36e-05	0.185	CCAATATTTCCATTTTATTATATAAAACTT
pattern_3		8:113945521:C:T:R:wC	130	159	+	10.2529	9.38e-05	0.247	ATAGTTCAAATTTTTTACCAGTTTGTAATA
pattern_2		3:4863830:G:A:R:wC	112	141	+	0.585366	9.39e-05	0.0719	CGTTGGGTGGTAGACATGAGCTAAATGAGA
pattern_1		2:242698423:C:T:A:wC	113	142	-	10.3929	9.4e-05	0.394	GAAATCAATAATTTTTAAAATAACTAGAAA
pattern_1		12:20582640:A:T:A:wC	126	155	-	10.3929	9.4e-05	0.394	TAACTAGAAAAAATTAAACATACTTTTTCT
pattern_1		9:18022995:C:T:A:wC	151	180	-	10.3929	9.4e-05	0.394	TACTTTATAAATATTTCCAAACCATTCATT
pattern_0		8:3260798:G:A:R:wC	12	41	-	9.53571	9.41e-05	0.1	CTTATTTATTGTTTTTCTTGAAAAGTGTTT
pattern_2		6:3264502:G:C:R:wC	169	198	-	0.573171	9.42e-05	0.072	GGCACTGGGGCTGGGGGTCGCAGAGCACAT
pattern_3		9:97503617:C:T:R:wC	20	49	+	10.2414	9.45e-05	0.247	ATTTTATTTTTTATTTTTTTATTTTTTTAT
pattern_3		10:62500217:C:T:R:wC	33	62	+	10.2414	9.45e-05	0.247	AAAACACCATCTCTACAAAGAAAAAAAAAA
pattern_3		6:109759854:C:T:A:wC	17	46	-	10.2414	9.45e-05	0.247	AAACAAAAAACTGTTTACAAATCTAAAAAT
pattern_5		19:44750252:C:T:R:wC	169	198	+	9.7619	9.45e-05	0.168	TTAGGGGTTTTTCTTTTTTCATAGACAGGG
pattern_0		9:131197305:T:C:A:wC	58	87	+	9.52381	9.47e-05	0.1	ATTTATTTATTTATTTATTTATTTATTTTT
pattern_0		22:31991001:G:A:R:wC	70	99	+	9.52381	9.47e-05	0.1	ATTTATTTATTTATTTATTTATTTATTTTT
pattern_4		2:3634399:C:T:A:wC	19	48	-	9.78571	9.48e-05	0.186	CCATTGTGCTTAATATTTTATTTGTGCTAA
pattern_2		10:91589226:C:T:R:wC	88	117	+	0.54878	9.49e-05	0.0725	CCTGGGCAGCCCCGCGCTTGCGCGCCAATC
pattern_5		2:45681165:C:T:R:wC	10	39	+	9.75	9.51e-05	0.168	AATCTCCAGTTCATTTTAAACCTATCAAAA
pattern_3		10:77185310:G:C:A:wC	134	163	-	10.2299	9.52e-05	0.248	AAAAAGACAAATATTTAAAGTTATATATAG
pattern_0		4:2685085:C:T:A:wC	27	56	+	9.5119	9.53e-05	0.101	TTTTTTTTTTTTTTGTTTTTTGTTTTTTGA
pattern_0		15:38838432:A:T:R:wC	76	105	+	9.5119	9.53e-05	0.101	ATAACTTTATTTATTTATTTATTTATTTTT
pattern_4		1:66056596:G:A:R:wC	9	38	+	9.77381	9.53e-05	0.187	CATTATATTCTGATTTGATATTTATGATTT
pattern_1		19:20013987:A:G:R:wC	42	71	+	10.369	9.55e-05	0.395	TGTAAAAGATGAATTTCAAAAAAGTATTAC
pattern_1		2:43989267:G:A:A:wC	140	169	-	10.369	9.55e-05	0.395	CAACAAAAATTTATTAAAAATCTCGCCTAG
pattern_1		18:58192696:A:G:A:wC	153	182	-	10.369	9.55e-05	0.395	ATTGTAAACATATTTTTAAAAAAGAAAGAA
pattern_2		20:8618626:T:C:A:wC	82	111	-	0.52439	9.56e-05	0.073	GCCCAGGAGGCGGAGCTTGCAGTGAGCCGA
pattern_5		13:31042452:G:T:R:wC	14	43	+	9.7381	9.57e-05	0.168	CAAATCTAGTGAATTTTTTGTTGTTGTTGT
pattern_5		13:28013245:A:C:R:wC	29	58	+	9.7381	9.57e-05	0.168	TGAAAAACAAACATCTTTGCTTAATATCCA
pattern_5		20:12973521:A:T:A:wC	31	60	-	9.7381	9.57e-05	0.168	AAAATATAGAATATTTTAACAATAATCTAT
pattern_5		10:97877485:G:A:A:wC	33	62	-	9.7381	9.57e-05	0.168	ACTCAAATAAAATTTTTAAAGCAATAACTA
pattern_5		8:132332152:G:A:A:wC	162	191	-	9.7381	9.57e-05	0.168	ATTATTTTTTTTTTTTTTTTTTTTTGAGAT
pattern_0		2:60852853:T:C:A:wC	17	46	+	9.5	9.59e-05	0.101	TTTTTTTTTTTTTTTTTTTTTTTGAGGTGG
pattern_0		20:16541716:C:T:A:wC	7	36	-	9.5	9.59e-05	0.101	TCTCTATTATATTTTTTTAAAAAAAGATGA
pattern_0		1:52538180:C:T:A:wC	129	158	+	9.5	9.59e-05	0.101	CCTATTCTAGATGTTTCATATGAATAGAAT
pattern_3		18:13183504:C:T:A:wC	3	32	+	10.2184	9.59e-05	0.248	TTTAAAAACTTTTAATTTTGAGATAATTGT
pattern_3		4:70516431:C:T:R:wC	38	67	+	10.2184	9.59e-05	0.248	ATATTTAAATAGATACAATTGTATTTATTA
pattern_3		3:42651319:G:T:A:wC	117	146	+	10.2184	9.59e-05	0.248	TTGTCATAATATAAATATCAACAACTTCAG
pattern_4		17:57510745:C:T:R:wC	7	36	-	9.7619	9.59e-05	0.187	GAAAAAAAAATTTTTAAAAATTAAAAATAT
pattern_4		15:81028554:T:G:A:wC	114	143	-	9.7619	9.59e-05	0.187	ATTTGGAAAATTTTTTAGCATTATACTAAG
pattern_4		2:113312117:A:G:A:wC	148	177	-	9.7619	9.59e-05	0.187	GTTAATTTAATAACATTAAATTAATAAGAG
pattern_2		1:3453046:C:G:A:wC	100	129	+	0.512195	9.6e-05	0.0732	GCGGGCGTGGCCGTGGGGGGCAGCAGCCCA
pattern_1		20:51570506:C:T:R:wC	26	55	+	10.3571	9.62e-05	0.395	TTTTTAAATATAATTTATTTGAATGTTTAG
pattern_5		4:4404145:T:C:A:wC	51	80	+	9.72619	9.63e-05	0.168	TTATTTTTTTTTTTTTTTTTTTTTTTTTTT
pattern_2		14:58693402:C:T:A:wC	84	113	-	0.5	9.63e-05	0.0734	ACCCGGGAGGTGGAGGTTGTGGTGAGCCGA
pattern_0		17:19553659:A:G:A:wC	30	59	+	9.4881	9.64e-05	0.101	ATTGTTACTTTTTTTTTTTTTAAACGGACA
pattern_0		21:46383063:G:C:R:wC	40	69	+	9.4881	9.64e-05	0.101	CTTTCTTTTTTTTTTTTTTTGAGATAGAGT
pattern_0		12:100816980:G:A:A:wC	47	76	-	9.4881	9.64e-05	0.101	GCTGGAAATACTTTTTAAAAGACATAGCAG
pattern_0		4:101131793:T:C:R:wC	142	171	+	9.4881	9.64e-05	0.101	AGGATACATTTTATTTAAATAAAGATTAAT
pattern_0		17:8203122:T:C:A:wC	139	168	-	9.4881	9.64e-05	0.101	CCGGCCTCAATTTTTTTTTTTTTTTTTGAG
pattern_0		12:101690279:G:T:A:wC	166	195	-	9.4881	9.64e-05	0.101	TTTTGTATTTTTCTTTTTTTTTTTTTGAGA
pattern_4		1:54183531:C:G:A:wC	114	143	-	9.75	9.65e-05	0.188	GAAAGCAAGTTTTTTTTTTAACTTACATTT
pattern_4		5:96506796:T:C:R:wC	169	198	-	9.75	9.65e-05	0.188	TTTTTTATTTTTATTTTATTTTATTTTTTT
pattern_3		15:38838432:A:T:R:wC	80	109	+	10.2069	9.66e-05	0.249	CTTTATTTATTTATTTATTTATTTTTGAGA
pattern_3		2:213151472:G:A:A:wC	113	142	+	10.2069	9.66e-05	0.249	AGGGTTAATTTTTTTTTTTTTTTTTTTTTT
pattern_2		10:16848997:C:T:A:wC	168	197	-	0.487805	9.67e-05	0.0736	GTAAGTGAGGCTGGGCGCAGTGGCTCATGC
pattern_5		1:95709758:G:T:R:wC	53	82	+	9.71429	9.69e-05	0.168	TGTTCCATTCAAATTGAATAATGTACAGCT
pattern_5		1:156184598:G:A:A:wC	146	175	+	9.71429	9.69e-05	0.168	GAACCAGATTATTATTATTATTATTATTAT
pattern_1		1:44395309:C:T:A:wC	63	92	+	10.3452	9.69e-05	0.395	CTATTTTTAATTTTCTAAAAAAGATTTGCC
pattern_0		1:9692131:T:C:A:wC	26	55	+	9.47619	9.7e-05	0.101	CTATCTTTCTTTTTTTTATTTTTGTTTTTT
pattern_0		20:45095161:T:C:R:wC	38	67	+	9.47619	9.7e-05	0.101	AAATGCAAATGTTTATTTATTTATTTATTT
pattern_0		14:100363254:A:C:R:wC	10	39	-	9.47619	9.7e-05	0.101	CGAGCTAAATTTTTACTAAAAAATTCCTTT
pattern_0		22:31991001:G:A:R:wC	66	95	+	9.47619	9.7e-05	0.101	AATAATTTATTTATTTATTTATTTATTTAT
pattern_0		3:24341272:A:T:A:wC	80	109	+	9.47619	9.7e-05	0.101	GTATGCTTTTTTATTTATTTTTTTATTTAT
pattern_0		9:136619571:C:A:R:wC	155	184	-	9.47619	9.7e-05	0.101	CTGGGAACATATTTGTAATTCCATCAATGA
pattern_4		20:51570506:C:T:R:wC	24	53	-	9.7381	9.71e-05	0.188	AAACATTCAAATAAATTATATTTAAAAAGT
pattern_4		11:131758603:C:T:R:wC	153	182	-	9.7381	9.71e-05	0.188	CTTGTCACTTTAAAATTTAATTATATAAAA
pattern_2		2:232586962:G:C:R:wC	137	166	-	0.463415	9.74e-05	0.074	TTACAGCAGCCTGAGCTGACTGAGTCACCC
pattern_3		20:12973521:A:T:A:wC	33	62	+	10.1954	9.74e-05	0.249	AGATTATTGTTAAAATATTCTATATTTTAA
pattern_3		3:111612191:A:G:R:wC	115	144	+	10.1954	9.74e-05	0.249	AGTATAATTTTAATTTATTAAAAAAATGGC
pattern_5		20:39128901:T:C:A:wC	36	65	+	9.70238	9.75e-05	0.168	TTATTCATTTTTATTTATAGCCATTCTTTC
pattern_5		7:37979141:T:C:A:wC	36	65	+	9.70238	9.75e-05	0.168	AATAAATTTAATATTTGTTCTTGCTTTAAT
pattern_5		4:1257311:T:C:A:wC	55	84	+	9.70238	9.75e-05	0.168	ATTTACCTATTTATTTATTTATTTTTTTTA
pattern_0		17:581967:C:T:A:wC	3	32	+	9.46429	9.76e-05	0.101	CTAAATATATATATATATATATTTTTTTGA
pattern_0		20:14319063:A:G:R:wC	45	74	+	9.46429	9.76e-05	0.101	CATCTCCAATATATGTATATATATACACGT
pattern_0		20:14319063:A:G:A:wC	45	74	+	9.46429	9.76e-05	0.101	CATCTCCAATATATGTATATATATACACGT
pattern_0		7:152381598:G:T:R:wC	102	131	+	9.46429	9.76e-05	0.101	TTTTTTTGTTTGTTTTATTTTGTTTTGAGA
pattern_1		17:26250721:A:G:R:wC	5	34	+	10.3333	9.77e-05	0.395	ATTTATTTATTTATTTATTTATTTATTGAG
pattern_1		17:26250721:A:G:A:wC	5	34	+	10.3333	9.77e-05	0.395	ATTTATTTATTTATTTATTTATTTATTGAG
pattern_1		11:23998719:T:C:A:wC	35	64	-	10.3333	9.77e-05	0.395	AGAAGGAAAAATATCTAAAAAGTCTATCAG
pattern_2		1:16359123:A:G:R:wC	67	96	-	0.439024	9.81e-05	0.0745	CGGGGCGGGGTTGGGACGGGAGGCTGGAGC
pattern_5		4:25408838:G:A:A:wC	88	117	-	9.69048	9.81e-05	0.168	TAAAGTATTTTCCTTTTTGATTATAAAGGT
pattern_5		14:64721649:T:C:R:wC	148	177	+	9.69048	9.81e-05	0.168	TGTAAGAAAAATAACTTTTCTTCTATTAAC
pattern_3		3:171989276:T:G:R:wC	68	97	+	10.1839	9.81e-05	0.249	GTATCATAACTTTAATATTACTCAGCACAT
pattern_3		11:8074982:A:G:A:wC	159	188	+	10.1839	9.81e-05	0.249	ATTTATTAATTTATCTATTTATTTTGAGAC
pattern_0		3:129095895:G:A:R:wC	48	77	+	9.45238	9.82e-05	0.102	TGATAACATTATTATTATTATTTTTATTTT
pattern_4		19:51126928:A:G:A:wC	40	69	-	9.71429	9.83e-05	0.19	TTTTTTTTTTTTTTTTTTTTTTTTTTTGTA
pattern_2		1:39492462:C:T:R:wC	4	33	-	0.426829	9.84e-05	0.0746	GCTCAGGAGGCCGGCGGGGCCGAAATCACG
pattern_2		1:47974123:C:T:R:wC	100	129	+	0.426829	9.84e-05	0.0746	CCTGGGGCCGCCGCGGCCGCAGGCCCGGCA
pattern_1		1:90203065:T:C:A:wC	22	51	-	10.3214	9.84e-05	0.395	CTTTTATAATATATTTTACTGTACCTTTTT
pattern_5		5:441695:T:C:A:wC	24	53	+	9.67857	9.87e-05	0.168	TTTTTTTTTTTTTTTTTTTTTTTTTTGAGA
pattern_5		7:4807826:T:C:R:wC	30	59	+	9.67857	9.87e-05	0.168	TTTTTTTTTTTTTTTTTTTTTTTTTTGAGA
pattern_5		12:129389210:T:C:A:wC	61	90	+	9.67857	9.87e-05	0.168	TTTTTTTTTTTTTTTTTTTTTTTTTTGAGA
pattern_5		4:4404145:T:C:A:wC	62	91	+	9.67857	9.87e-05	0.168	TTTTTTTTTTTTTTTTTTTTTTTTTTGAGA
pattern_5		3:129095895:G:A:R:wC	53	82	-	9.67857	9.87e-05	0.168	TCTCAAAAATAAAAATAATAATAATAATGT
pattern_5		3:126653373:T:C:A:wC	111	140	+	9.67857	9.87e-05	0.168	TTTTTTTTTTTTTTTTTTTTTTTTTTGAGA
pattern_5		6:126148318:G:A:A:wC	113	142	-	9.67857	9.87e-05	0.168	TTTTTTTTTTTTTTTTTTTTTTTTTTGAGA
pattern_5		19:8403727:T:C:A:wC	127	156	-	9.67857	9.87e-05	0.168	TTTTTTTTTTTTTTTTTTTTTTTTTTGAGA
pattern_5		20:57542074:A:G:R:wC	168	197	+	9.67857	9.87e-05	0.168	TTTTTTTTTTTTTTTTTTTTTTTTTTGAGA
pattern_5		13:21341377:G:A:R:wC	164	193	-	9.67857	9.87e-05	0.168	TTTTTTTTTTTTTTTTTTTTTTTTTTGAGA
pattern_5		19:53233572:G:A:R:wC	169	198	-	9.67857	9.87e-05	0.168	TTTTTTTTTTTTTTTTTTTTTTTTTTGAGA
pattern_2		7:73434691:T:C:R:wC	107	136	+	0.414634	9.88e-05	0.0748	AGCTGGGGGCCCAAGACCTCAGCACCAAGC
pattern_3		9:109781455:G:A:A:wC	18	47	-	10.1724	9.88e-05	0.249	AGCTGCATATTTTTACTTAGATATTTTAAA
pattern_3		14:93016815:A:G:R:wC	21	50	-	10.1724	9.88e-05	0.249	ATAAATAAATAAAACTAAACAAAAATAAAA
pattern_3		3:114464858:C:T:R:wC	124	153	+	10.1724	9.88e-05	0.249	GTTCTAAAAGTTAACTATTAAACCATGTGC
pattern_0		9:34349863:G:A:R:wC	21	50	-	9.44048	9.88e-05	0.102	CCATCCTATTTTTTTTTATGGCTGCATAAT
pattern_4		17:75375881:G:A:R:wC	101	130	+	9.70238	9.89e-05	0.19	ACTTTTTCTTTTTATTTTGATTCATCCCAG
pattern_4		16:16923453:G:A:A:wC	109	138	+	9.70238	9.89e-05	0.19	CTTTATAGATTTTTTTTTTTTTTTTTTTTT
pattern_2		1:116452800:C:T:R:wC	153	182	+	0.402439	9.91e-05	0.0749	GCATGGGAGGTTGAAGCTGCATTTAGCCAT
pattern_2		1:116452800:C:T:A:wC	153	182	+	0.402439	9.91e-05	0.0749	GCATGGGAGGTTGAAGCTGCATTTAGCCAT
pattern_2		13:37679729:C:T:R:wC	142	171	-	0.402439	9.91e-05	0.0749	TTGTGGTTGGCTGAGGTGGAGGAACAAAAT
pattern_1		15:84657643:T:A:R:wC	76	105	+	10.3095	9.92e-05	0.395	TTTTATTTATTTATTTATTTATTTTTTTTT
pattern_1		5:64924881:T:C:A:wC	152	181	+	10.3095	9.92e-05	0.395	TATGAAAACAATATTTTAAGAATCATTCAT
pattern_1		9:79281625:G:C:A:wC	155	184	+	10.3095	9.92e-05	0.395	TCTTGTGTCTTTATTTCTGCAATCTCTCGT
pattern_5		19:4268019:G:A:R:wC	23	52	+	9.66667	9.93e-05	0.168	TTTTTCTTTTTTCTTTTTTTTTTTTTGAGA
pattern_5		12:20582640:A:T:A:wC	130	159	+	9.66667	9.93e-05	0.168	AAAGTATGTTTAATTTTTTCTAGTTATTGT
pattern_5		19:53500694:G:C:R:wC	143	172	+	9.66667	9.93e-05	0.168	TGCCCGGCTAATTTTTTATATTTTTAGCAG
pattern_0		7:4807826:T:C:R:wC	25	54	+	9.42857	9.94e-05	0.102	TCTTTTTTTTTTTTTTTTTTTTTTTTTTTT
pattern_0		12:129389210:T:C:A:wC	57	86	+	9.42857	9.94e-05	0.102	TCTTTTTTTTTTTTTTTTTTTTTTTTTTTT
pattern_0		9:15880555:A:G:A:wC	162	191	+	9.42857	9.94e-05	0.102	CCTAATTGTTTTTTTTTTTTTTTTTTTTTG
pattern_0		9:15880555:A:G:A:wC	163	192	+	9.42857	9.94e-05	0.102	CTAATTGTTTTTTTTTTTTTTTTTTTTTGT
pattern_0		3:197816514:C:G:R:wC	162	191	-	9.42857	9.94e-05	0.102	TTTTTTTTTTTTTTTTTTTTTTTTTTTTGG
pattern_2		17:37100166:C:T:R:wC	89	118	+	0.390244	9.95e-05	0.0751	ACGTCTCTGGCCGGGCGTGGTGGCTCATGC
pattern_4		1:212375336:G:A:R:wC	26	55	+	9.69048	9.96e-05	0.191	CTATCATAACCATTTTTTAAGTGTACAATT
pattern_3		3:42651319:G:T:A:wC	50	79	+	10.1609	9.96e-05	0.25	AGGTAGAATGTTTCTTGTTGTTTTTGAGAA
pattern_3		11:8074982:A:G:A:wC	137	166	+	10.1609	9.96e-05	0.25	CTGTTTTTATTTATTTATCTTTATTTATTA
pattern_2		12:53731984:G:A:R:wC	54	83	+	0.378049	9.98e-05	0.0753	AGGTGGGGGGGCGGGGAAGGAGTATAAATA
pattern_5		3:52491836:G:A:R:wC	10	39	-	9.65476	9.99e-05	0.168	TCTTTCCCAATTATCTTTTATCAGTCTTTC
pattern_5		16:3111193:T:C:A:wC	43	72	-	9.65476	9.99e-05	0.168	TATTATTATTATTTTTATTTTTATTTTTGA

# FIMO (Find Individual Motif Occurrences): Version 5.5.5 compiled on Jan  2 2025 at 11:01:40
# The format of this file is described at https://meme-suite.org/meme/doc/fimo-output-format.html#tsv_results.
# fimo --no-pgc -o sknsh_95033_malinois_hit_fimo sknsh_95033_modisco_motif_pwms.txt sknsh.hit.80.percent.train.95033.fa
