motif_id	motif_alt_id	sequence_name	start	stop	strand	score	p-value	q-value	matched_sequence
pattern_2		17:79996375:G:C:A:wC	25	54	-	39.1786	2.98e-18	1.14e-12	CGGCTAATTTTTTGTATTTTTAGTAGAGAT
pattern_2		3:14226173:C:T:A:wC	12	41	-	38.8333	9.05e-18	1.14e-12	CGGCTAATTTTTTGTATTTTTAGTAGAGAC
pattern_2		9:37798238:A:C:R:wC	136	165	+	38.8333	9.05e-18	1.14e-12	CGGCTAATTTTTTGTATTTTTAGTAGAGAC
pattern_2		9:131683700:C:A:R:wC	138	167	+	38.8333	9.05e-18	1.14e-12	CGGCTAATTTTTTGTATTTTTAGTAGAGAC
pattern_2		1:16330139:C:T:R:wC	160	189	+	38.8333	9.05e-18	1.14e-12	CGGCTAATTTTTTGTATTTTTAGTAGAGAC
pattern_2		3:100114009:T:C:A:wC	132	161	-	38.2381	5.55e-17	5.81e-12	CTGCTAATTTTTTGTATTTTTAGTAGAGAC
pattern_2		13:43057060:T:A:R:wC	156	185	+	38.1071	7.9e-17	7.08e-12	TGGCTAATTTTTTGTATTTTTAGTAGAGAT
pattern_2		2:66583496:T:C:A:wC	60	89	-	37.8929	1.3e-16	8.01e-12	AGGCTAATTTTTTGTATTTTTAGTAGAGAT
pattern_2		15:28931042:A:G:A:wC	35	64	-	37.8214	1.6e-16	8.01e-12	CAGCTAATTTTTTGTATTTTTAGTAGAGAC
pattern_2		19:10682247:A:G:A:wC	22	51	-	37.7619	1.79e-16	8.01e-12	TGGCTAATTTTTTGTATTTTTAGTAGAGAC
pattern_2		8:139918506:A:G:R:wC	35	64	-	37.7619	1.79e-16	8.01e-12	TGGCTAATTTTTTGTATTTTTAGTAGAGAC
pattern_2		1:155877769:T:C:R:wC	40	69	-	37.7619	1.79e-16	8.01e-12	TGGCTAATTTTTTGTATTTTTAGTAGAGAC
pattern_2		19:46325483:T:C:R:wC	154	183	+	37.7619	1.79e-16	8.01e-12	TGGCTAATTTTTTGTATTTTTAGTAGAGAC
pattern_2		3:183690945:C:T:R:wC	158	187	+	37.7619	1.79e-16	8.01e-12	TGGCTAATTTTTTGTATTTTTAGTAGAGAC
pattern_3		1:213192458:A:G:A:wC	4	33	-	35.4878	2.81e-16	8.4e-11	GAGACGGGGTTTCACCATGTTGGCCAGGCT
pattern_3		3:132046175:T:C:A:wC	87	116	-	35.4878	2.81e-16	8.4e-11	GAGATGGGGTTTCACCGTGTTGGCCAGGCT
pattern_2		12:110272889:T:C:A:wC	43	72	+	37.5476	2.95e-16	1.23e-11	AGGCTAATTTTTTGTATTTTTAGTAGAGAC
pattern_2		4:99981615:T:C:R:wC	160	189	+	37.2619	5.63e-16	2.21e-11	CGGGTGATTTTTTGTATTTTTAGTAGAGAT
pattern_2		1:28260898:G:A:A:wC	156	185	-	36.9881	1e-15	3.69e-11	CGGCTATTTTTTTGTATTTTTAGTAGAGAC
pattern_3		2:61378186:C:A:A:wC	169	198	-	34.7561	1.45e-15	1.8e-10	GAGACGGGGTTTCACCATCTTGGCCAGGCT
pattern_3		2:219279673:T:G:R:wC	118	147	+	34.5854	2.11e-15	1.8e-10	GAGACGGGGTTTCACCATGTTAGCCAGGAT
pattern_3		7:23241866:C:T:A:wC	148	177	+	34.5854	2.11e-15	1.8e-10	GAGACGGGGTTTCACCATGTTAGCCAGGAT
pattern_3		3:101326815:C:T:A:wC	163	192	+	34.5854	2.11e-15	1.8e-10	GAGACGGGGTTTCACCATGTTAGCCAGGAT
pattern_3		3:101326815:C:T:R:wC	163	192	+	34.5854	2.11e-15	1.8e-10	GAGACGGGGTTTCACCATGTTAGCCAGGAT
pattern_3		3:11264732:A:G:R:wC	43	72	-	34.3537	3.32e-15	2.21e-10	GAGGTGGGGTTTCACCATGTTGGCCAGGAT
pattern_3		1:168178297:C:T:R:wC	132	161	-	34.3537	3.32e-15	2.21e-10	GAGACGGGGTTTCACCATGTTGGCCAGGAT
pattern_2		7:76251126:G:A:R:wC	59	88	-	36.2976	3.91e-15	1.36e-10	CGGCTACTTTTTTGTATTTTTAGTAGAGAT
pattern_2		16:5925990:C:G:R:wC	115	144	+	35.9524	7.28e-15	2.4e-10	CAGCTAATTTTTTGTATTTTTAGTAGAGAA
pattern_3		19:10763787:C:T:A:wC	42	71	+	33.9024	7.91e-15	4.24e-10	GAGACGGGGTTTCACCATGCTGGCCAGGCT
pattern_3		19:22632854:A:G:R:wC	31	60	+	33.8293	9.2e-15	4.24e-10	GAGACAGGGTTTCACCATGTTGGCCAGGCT
pattern_3		12:110272889:T:C:A:wC	68	97	+	33.8293	9.2e-15	4.24e-10	GAGACAGGGTTTCACCATGTTGGCCAGGCT
pattern_3		15:42817780:G:A:A:wC	166	195	+	33.8293	9.2e-15	4.24e-10	GAGACAGGGTTTCACCATGTTGGCCAGGCT
pattern_3		1:16771474:C:T:R:wC	131	160	+	33.4756	1.73e-14	6.89e-10	GAGACGGGGTTTCACCATATTGGCCAGGCT
pattern_3		17:27732587:A:G:A:wC	114	143	-	33.4756	1.73e-14	6.89e-10	GAGACGGGGTTTCACCATATTGGCCAGGCT
pattern_3		7:137989231:T:G:A:wC	162	191	-	33.3537	2.15e-14	8.04e-10	GAGAAGGGGTTTCACCATGTTGCCCAGGCT
pattern_2		11:93019901:T:A:A:wC	139	168	+	35.2381	2.42e-14	7.58e-10	TGGCTAATTTTTTATATTTTTAGTAGAGAC
pattern_3		13:21655832:T:A:R:wC	7	36	-	32.878	4.87e-14	1.17e-09	GAGACGGGGTTTCACCGTGTTAGCCAGGAT
pattern_3		15:28931042:A:G:A:wC	10	39	-	32.878	4.87e-14	1.17e-09	GAGACGGGGTTTCACCGTGTTAGCCAGGAT
pattern_3		1:155877769:T:C:R:wC	15	44	-	32.878	4.87e-14	1.17e-09	GAGACGGGGTTTCACCGTGTTAGCCAGGAT
pattern_3		12:24416335:G:A:A:wC	29	58	-	32.878	4.87e-14	1.17e-09	GAGACGGGGTTTCACCGTGTTAGCCAGGAT
pattern_3		7:150512410:T:G:A:wC	112	141	-	32.878	4.87e-14	1.17e-09	GAGACGGGGTTTCACCGTGTTAGCCAGGAT
pattern_3		11:69611810:T:C:R:wC	144	173	+	32.878	4.87e-14	1.17e-09	GAGACGGGGTTTCACCGTGTTAGCCAGGAT
pattern_3		22:50652201:C:T:A:wC	162	191	+	32.878	4.87e-14	1.17e-09	GAGACGGGGTTTCACCGTGTTAGCCAGGAT
pattern_3		9:131683700:C:A:R:wC	163	192	+	32.878	4.87e-14	1.17e-09	GAGACGGGGTTTCACCGTGTTAGCCAGGAT
pattern_3		16:85974961:C:T:R:wC	170	199	+	32.878	4.87e-14	1.17e-09	GAGACGGGGTTTCACCGTGTTAGCCAGGAT
pattern_2		13:21655832:T:A:R:wC	32	61	-	34.7381	5.36e-14	1.6e-09	CAGCTAATTTTTTGTATTTTTACTAGAGAC
pattern_3		9:4739681:G:C:A:wC	153	182	-	32.6341	7.28e-14	1.65e-09	GCGATGGGGTTTCACTGTGTTAGCCAGGCT
pattern_3		6:13777936:G:A:A:wC	169	198	+	32.622	7.43e-14	1.65e-09	GAGGTGGGGTTTCACCATGTTGTCCAGGCT
pattern_3		8:139918506:A:G:R:wC	10	39	-	32.5854	7.92e-14	1.69e-09	GAGACGGGGTTTCACCGTGTCAGCCAGGAT
pattern_2		3:101326815:C:T:A:wC	138	167	+	34.4524	8.28e-14	2.26e-09	CAGCTAATTTTTTGTATTTTTAATAGAGAC
pattern_2		3:101326815:C:T:R:wC	138	167	+	34.4524	8.28e-14	2.26e-09	CAGCTAATTTTTTGTATTTTTAATAGAGAC
pattern_3		10:93597351:A:G:A:wC	170	199	-	32.4512	9.84e-14	2.03e-09	GAGACGGGGTTTCGCCATGTTGGCCAGGCT
pattern_3		9:95644107:A:G:R:wC	103	132	-	32.1585	1.57e-13	3.12e-09	GAGACGGGGTTTCCCCGTGTTAGCCAGGAT
pattern_2		10:79670654:T:C:A:wC	4	33	-	33.8452	2.01e-13	5.26e-09	CAGGTAATTTTTGGTATTTTTAGTAGAGAC
pattern_3		7:23294900:C:T:A:wC	22	51	+	31.9024	2.32e-13	4.43e-09	CAGACGGGGTTTCCCCATGTTGGCCAGGTT
pattern_3		15:65178950:C:T:R:wC	17	46	-	31.8902	2.37e-13	4.43e-09	GAGATGGGGTTTCACTGTGTTAGCCAGGAT
pattern_2		2:239174734:T:C:A:wC	71	100	+	33.6905	2.5e-13	6.27e-09	CAGCTAATTTTTTGTATTTTTAGTTGAGGC
pattern_3		17:47024829:G:T:A:wC	170	199	-	31.8171	2.66e-13	4.82e-09	GAGACAGGGTTTCACCATATTGGCCAGGCT
pattern_2		22:50652201:C:T:A:wC	137	166	+	33.631	2.72e-13	6.56e-09	GGGTAATTTTTTTGTATTTTTAGTAGAGAC
pattern_3		7:76251126:G:A:R:wC	34	63	-	31.5	4.27e-13	7.52e-09	GAGATGGGATTTCACCGTGTTAGCCAGGAT
pattern_2		19:37235887:G:A:A:wC	62	91	-	33.2976	4.3e-13	9.99e-09	TGGCTAATTTTTTGTATTTGTAGTAGAGAC
pattern_3		3:100114009:T:C:A:wC	107	136	-	31.2683	6.03e-13	1.03e-08	GAGACAGAGTTTCACCATGTTAGCCAGGAT
pattern_3		22:24618788:A:G:R:wC	160	189	-	31.2195	6.45e-13	1.04e-08	GAGACAGGGTTTCACCGTGTTAGCCAGGAT
pattern_3		19:18301979:C:G:A:wC	167	196	-	31.2195	6.45e-13	1.04e-08	GAGACAGGGTTTCACCGTGTTAGCCAGGAT
pattern_2		12:53210503:G:A:A:wC	129	158	+	32.9881	6.52e-13	1.46e-08	TTTTTTTTTTTTTGTATTTTTAGTAGAGAC
pattern_2		3:183505651:C:T:R:wC	62	91	-	32.7738	8.64e-13	1.87e-08	ATTTTTTTTTTTTGTATTTTTAGTAGAGAC
pattern_3		17:74558446:A:G:R:wC	119	148	-	31.0122	8.7e-13	1.34e-08	GAGACGGGGTTTCACCTTGTTAGCCAGGAT
pattern_3		9:37798238:A:C:R:wC	161	190	+	31.0122	8.7e-13	1.34e-08	GAGACGGGGTTTCACCTTGTTAGCCAGGAT
pattern_3		2:239174734:T:C:A:wC	96	125	+	30.939	9.65e-13	1.43e-08	GAGGCGGGGTTTCACCGTGTTGGCCAGGAT
pattern_3		19:887434:G:A:R:wC	136	165	-	30.9268	9.82e-13	1.43e-08	GAGACGGGGTTTCACTATCTTGGCCAGGAT
pattern_3		19:20145775:C:T:A:wC	35	64	-	30.8659	1.07e-12	1.53e-08	GAGACGGGGTTTCGCCATGCTGGCCAGGCT
pattern_2		22:29632882:A:T:R:wC	163	192	+	32.5238	1.19e-12	2.49e-08	CTGGCTAATTTTTGTATTTTTAGTAGAGAT
pattern_3		13:99109976:G:A:A:wC	32	61	+	30.7439	1.27e-12	1.77e-08	GAGACAGGATTTCACCATGTTGGCCAGGCT
pattern_3		20:48781981:G:C:R:wC	37	66	-	30.622	1.5e-12	2.05e-08	AAGACGGGGTTTCACCATGTTGCCCAGGCT
pattern_2		19:22632854:A:G:R:wC	6	35	+	32.1786	1.85e-12	3.51e-08	CTGGCTAATTTTTGTATTTTTAGTAGAGAC
pattern_2		13:103447529:G:A:R:wC	2	31	-	32.1786	1.85e-12	3.51e-08	CTGGCTAATTTTTGTATTTTTAGTAGAGAC
pattern_2		1:168178297:C:T:R:wC	157	186	-	32.1786	1.85e-12	3.51e-08	CTGGCTAATTTTTGTATTTTTAGTAGAGAC
pattern_2		19:56621171:T:G:R:wC	11	40	-	32.131	1.96e-12	3.61e-08	CCGGCTAATTTTTGTATTTTTAGTAGAGAT
pattern_3		20:49102815:G:A:R:wC	50	79	+	30.378	2.11e-12	2.8e-08	GAGACAGGGTTTCACCATGTTGACCAGGGT
pattern_2		1:224407158:A:G:R:wC	74	103	+	32	2.3e-12	3.68e-08	CAGCTAATTTTTTGTATTTTTAGTAGATGG
pattern_2		9:135844640:G:A:A:wC	37	66	+	31.9643	2.41e-12	3.68e-08	GGCTAATTTTTTTGTATTTTTAGTAGAGAC
pattern_2		14:73447434:C:G:R:wC	103	132	+	31.9643	2.41e-12	3.68e-08	GGCTAATTTTTTTGTATTTTTAGTAGAGAC
pattern_2		7:23241866:C:T:A:wC	123	152	+	31.9643	2.41e-12	3.68e-08	GGCTAATTTTTTTGTATTTTTAGTAGAGAC
pattern_2		1:196978944:G:A:R:wC	144	173	+	31.9643	2.41e-12	3.68e-08	GGCTAATTTTTTTGTATTTTTAGTAGAGAC
pattern_2		16:85974961:C:T:R:wC	145	174	+	31.9643	2.41e-12	3.68e-08	GGCTAATTTTTTTGTATTTTTAGTAGAGAC
pattern_2		17:74558446:A:G:R:wC	144	173	-	31.9643	2.41e-12	3.68e-08	GGCTAATTTTTTTGTATTTTTAGTAGAGAC
pattern_3		1:28260898:G:A:A:wC	131	160	-	30.1829	2.74e-12	3.57e-08	GAGACGGGGTTTCACTGTGTTAGCCAGGAT
pattern_2		11:69611810:T:C:R:wC	119	148	+	31.8452	2.78e-12	4.16e-08	CGGCTAATTTTTTATATTTGTAGTAGAGAC
pattern_2		9:1045295:G:A:R:wC	134	163	+	31.7857	2.99e-12	4.26e-08	CCGGCTAATTTTTGTATTTTTAGTAGAGAC
pattern_2		19:887434:G:A:R:wC	161	190	-	31.7857	2.99e-12	4.26e-08	CCGGCTAATTTTTGTATTTTTAGTAGAGAC
pattern_3		1:196978944:G:A:R:wC	169	198	+	30.061	3.23e-12	4.11e-08	GAGACGGGGTTTCATCATGTTAGCCAGGAT
pattern_3		2:66583496:T:C:A:wC	35	64	-	29.9756	3.62e-12	4.52e-08	GAGATGGGGTTTTGCCATGTTGGGCAGGCT
pattern_3		19:37235887:G:A:A:wC	37	66	-	29.8415	4.32e-12	5.16e-08	GAGACGGAATTTCACCATGTTAGCCAGGAT
pattern_3		16:5925990:C:G:R:wC	140	169	+	29.8415	4.32e-12	5.16e-08	GAGAAGGGGTTTCGCCGTGTTAGCCAGGGT
pattern_3		21:38475164:G:C:A:wC	37	66	-	29.8293	4.39e-12	5.16e-08	CAGACAGGGTTTCACCATGTTGACCAGGAT
pattern_3		19:44294500:C:A:A:wC	97	126	-	29.561	6.22e-12	7.16e-08	GAGACGGGGTTTCACCGTGTTAGCCATGGT
pattern_3		20:25984796:T:C:R:wC	151	180	-	29.5366	6.42e-12	7.25e-08	GAGATGGGGTTTCACTGGGTTGGCCAGGAT
pattern_2		1:47072937:C:T:A:wC	34	63	-	31.0714	6.96e-12	9.71e-08	AGCTAATTTTTTTGTATTTTTAGTAGAAAC
pattern_2		13:45971741:G:A:R:wC	14	43	-	30.9881	7.67e-12	1.02e-07	TAATTTTTTTTTTGTATTTTTAGTAGAGAC
pattern_2		19:44294500:C:A:A:wC	122	151	-	30.9881	7.67e-12	1.02e-07	TAATTTTTTTTTTGTATTTTTAGTAGAGAC
pattern_3		11:93019901:T:A:A:wC	164	193	+	29.3537	8.11e-12	8.98e-08	GAGACAGGGTTTCACCGTGTTAACCAGGAT
pattern_3		22:42486080:G:A:R:wC	7	36	-	28.9146	1.4e-11	1.53e-07	GAGACGGGATTTCACCGTGTTAGCCAGAAT
pattern_2		17:18290295:A:G:R:wC	7	36	+	30.4405	1.42e-11	1.82e-07	TGGTTAATTTTTTTTTTTTTTTTTTGAGAC
pattern_2		17:18290295:A:G:A:wC	7	36	+	30.4405	1.42e-11	1.82e-07	TGGTTAATTTTTTTTTTTTTTTTTTGAGAC
pattern_3		20:4138820:G:T:R:wC	13	42	+	28.7439	1.73e-11	1.85e-07	GAGATGGTGTTTCACCTTGTTAGCCAGGAT
pattern_3		7:76260729:C:T:A:wC	32	61	-	28.7195	1.79e-11	1.88e-07	GAGATGGCGTTTCACCGTGGTAGCCAGGAT
pattern_2		9:42209073:G:C:A:wC	165	194	+	30.1548	1.95e-11	2.44e-07	CTAATTTTTTTTTGTATTTTTAGTAGAGAC
pattern_2		6:71298959:G:C:R:wC	169	198	+	30.0952	2.08e-11	2.55e-07	CTGGCTAATTTTTGTATTTTTAGTAAAGAC
pattern_2		8:1811037:C:T:A:wC	168	197	+	30.0357	2.21e-11	2.67e-07	CGGCTAATTTTTTGTATTTTTTTTTTAGTA
pattern_2		19:46210692:T:C:R:wC	60	89	+	29.9048	2.55e-11	3.02e-07	CCGGCTGATTTTTGTATTTTTAGTAGAGAC
pattern_2		22:42486080:G:A:R:wC	32	61	-	29.7857	2.9e-11	3.36e-07	GCCATTTTTTTTTGTATTTTTAGTAGAGAC
pattern_3		7:100898375:C:T:R:wC	169	198	-	27.9512	4.46e-11	4.61e-07	GAGATGGGATTTCACCATGTTGTCCGGGCT
pattern_3		1:224407158:A:G:R:wC	97	126	+	27.7683	5.51e-11	5.59e-07	TAGATGGGATTTCGCCATGTTGGCTAGGCT
pattern_2		7:1238873:C:A:R:wC	171	200	+	28.7976	8.04e-11	9.17e-07	AGCTAATTTTTTTGTATTTTCAGTAGAGAC
pattern_3		19:46210692:T:C:R:wC	85	114	+	27.4146	8.26e-11	8.24e-07	GAGACAGGGTTTCACTGTATTGGCCAGGCT
pattern_3		7:5273683:A:C:A:wC	55	84	-	27.3171	9.21e-11	9.04e-07	GAAATGTCGTTTCACCATGTTGGCCAGGCT
pattern_2		20:30835489:T:C:A:wC	148	177	+	28.5952	9.84e-11	1.1e-06	GGCTAATTTTTTTGTATTTTTAATAGAGAC
pattern_2		17:66215837:A:T:A:wC	97	126	+	28.3929	1.2e-10	1.32e-06	GGCTAATTTTTTTTTTTTTTTTGTAGAGAT
pattern_3		9:135844640:G:A:A:wC	62	91	+	27.0732	1.21e-10	1.17e-06	GAGACTGGGTTTCGCCATGTTGGCCAGGCA
pattern_2		10:97351844:C:G:R:wC	19	48	+	28.2619	1.37e-10	1.48e-06	GCTAATTTTTTTTGTATTTTTAGTAGAGAC
pattern_3		1:47061655:C:A:A:wC	49	78	+	26.8537	1.54e-10	1.46e-06	GACACAGGGTCTCACCATGTTGCCCAGGCT
pattern_2		9:95644107:A:G:R:wC	128	157	-	28.0595	1.66e-10	1.77e-06	CTAATTTCTTTTTGTATTTTTAGTAGAGAC
pattern_2		3:194686788:C:T:R:wC	10	39	+	28.0357	1.7e-10	1.78e-06	CCAGCTAATTTTTGTATTTTTTGTAGAGAC
pattern_3		1:47072937:C:T:A:wC	9	38	-	26.439	2.41e-10	2.25e-06	GAAACGGGGTTTCACCGCGTTAGCCAGGAT
pattern_2		7:16721382:A:G:A:wC	3	32	-	27.619	2.53e-10	2.6e-06	CAGCTAATTTTTGTATTTTTTAGTAGAGAT
pattern_2		15:58006206:C:T:R:wC	100	129	+	27.5357	2.73e-10	2.76e-06	CGGCTAATTTTTTGTATATTTAGTAGAGAC
pattern_2		19:10763787:C:T:A:wC	17	46	+	27.381	3.16e-10	3.14e-06	CTAATTTTCTTTTGTATTTTTAGTAGAGAC
pattern_3		8:6314904:G:A:A:wC	106	135	-	26.122	3.37e-10	3.11e-06	TGGCCAGGGTTTTGCCATGTTGGCCAGGCT
pattern_2		8:1811037:C:T:A:wC	1	30	+	27.2857	3.45e-10	3.38e-06	CTTCTTTTTTTTTTTTTTTTTTTTTGAGAC
pattern_2		11:654229:T:C:R:wC	33	62	+	27.2619	3.52e-10	3.4e-06	CCCCTTTTTTTTTTTTTTTTTTTTTGAGAT
pattern_2		5:142052130:T:C:R:wC	33	62	+	27.0952	4.11e-10	3.9e-06	CAGTTTTTTTTTTTTTTTTTTTTTTGAAAC
pattern_2		1:26377185:G:A:R:wC	70	99	+	27.0357	4.33e-10	3.97e-06	CTCTTTTTTTTTTTTTTTTTTTTTTGAGAC
pattern_2		7:131007371:G:A:A:wC	45	74	+	27.0119	4.43e-10	3.97e-06	CTTTTTTTTTTTTTTTTTTTTTTTTGAGAC
pattern_2		17:73010320:G:C:A:wC	54	83	+	27.0119	4.43e-10	3.97e-06	CTTTTTTTTTTTTTTTTTTTTTTTTGAGAC
pattern_2		12:57079586:A:G:R:wC	68	97	+	27.0119	4.43e-10	3.97e-06	CTTTTTTTTTTTTTTTTTTTTTTTTGAGAC
pattern_2		21:38475164:G:C:A:wC	62	91	-	26.8095	5.32e-10	4.7e-06	CCACCTAATTTTTGTATTTTTAGTACAGAC
pattern_2		7:100411875:G:A:A:wC	119	148	+	26.7857	5.43e-10	4.73e-06	AGAGTAATTTTTTGTTTGTTTTTTTGAGAC
pattern_3		11:7983846:G:A:A:wC	55	84	+	25.6341	5.59e-10	5.07e-06	GAGATGGAGTTTCGCTCTGTCGCCCAGGCT
pattern_2		7:141387520:C:T:R:wC	5	34	+	26.6667	6.05e-10	5.2e-06	CGGCTAATTTTTTTTTTTTTTTTTTTTGAG
pattern_2		1:47061655:C:A:A:wC	24	53	+	26.631	6.24e-10	5.29e-06	ACGCCTAATTTTTGTATTTTTTGTAGACAC
pattern_3		2:37519768:C:T:A:wC	7	36	+	25.4878	6.49e-10	5.8e-06	CAGACGGGGTTTCATCTTGTTAGCCAGGAT
pattern_2		13:103447529:G:A:R:wC	167	196	-	26.5595	6.65e-10	5.56e-06	TGCTTTTTTTTTTTTTTTTTTTTTTGAGAC
pattern_2		8:128797214:T:G:R:wC	105	134	+	26.5238	6.87e-10	5.67e-06	AGGCTTTTTTTTTTTCTTTTTTTCAGAGAC
pattern_2		3:11264732:A:G:R:wC	68	97	-	26.4881	7.09e-10	5.7e-06	CCAGCTAATTTTTGTATTTTTAGTAGAGGT
pattern_2		3:132046175:T:C:A:wC	112	141	-	26.4881	7.09e-10	5.7e-06	CCAGCTAATCTTTGTATTTTTAGTAGAGAT
pattern_2		11:7983846:G:A:A:wC	30	59	+	26.3095	8.3e-10	6.48e-06	TTCTTTTTTTTTTTTTTTTTTTTTTGAGAT
pattern_2		17:30610375:G:C:R:wC	59	88	+	26.3095	8.3e-10	6.48e-06	TTCTTTTTTTTTTTTTTTTTTTTTTGAGAT
pattern_3		15:65566674:G:A:R:wC	129	158	-	25.2439	8.31e-10	7.31e-06	GAGATGCGGTTTCGCCATGTTGCCCCTGCT
pattern_2		9:131101845:C:T:R:wC	28	57	+	26.2857	8.47e-10	6.48e-06	TTTTTTTTTTTTTTTTTTTTTTTTTGAGAT
pattern_2		1:204939136:G:A:R:wC	162	191	-	26.2857	8.47e-10	6.48e-06	TTTTTTTTTTTTTTTTTTTTTTTTTGAGAT
pattern_3		8:6314904:G:A:A:wC	126	155	-	25.1829	8.83e-10	7.66e-06	GAGACGGGATTTTGCCATGTTGGCCAGGGT
pattern_2		1:100650664:A:G:A:wC	156	185	+	26.2381	8.83e-10	6.67e-06	TTCCTTTTTTTTTTTTTTTTTTTTTGAGAC
pattern_2		2:65289623:C:T:A:wC	139	168	-	26.2143	9.02e-10	6.73e-06	CGCCTCTTTTTTTTTTTTTTTTTTTGAGAT
pattern_3		11:654229:T:C:R:wC	58	87	+	25.1463	9.16e-10	7.83e-06	GAGATGGAGTCTCACTCTGTCGCCCAGGCT
pattern_3		19:46325483:T:C:R:wC	12	41	+	25.0976	9.62e-10	8.11e-06	GAGATGGAGTCTCACTCTGTCATCCAGGCT
pattern_2		17:80683420:G:A:A:wC	165	194	+	26.0119	1.07e-09	7.93e-06	CCGGCTAATTTTTGTATTTTTAGTACAAGC
pattern_2		6:35432100:C:T:R:wC	9	38	+	25.9643	1.12e-09	8.15e-06	TTCTTTTTTTTTTTTTTTTTTTTTTGAGAC
pattern_2		20:5942955:C:A:R:wC	152	181	+	25.9405	1.14e-09	8.15e-06	TTTTTTTTTTTTTTTTTTTTTTTTTGAGAC
pattern_2		13:21341377:G:A:R:wC	163	192	-	25.9405	1.14e-09	8.15e-06	TTTTTTTTTTTTTTTTTTTTTTTTTGAGAC
pattern_2		1:228371551:G:A:A:wC	62	91	-	25.8571	1.23e-09	8.65e-06	CGTTTCTTTTTTTTTTTTTTTTTTGGAGAC
pattern_2		7:29188870:G:A:R:wC	32	61	+	25.8452	1.24e-09	8.65e-06	TCCCTTTTTTTTTTTTTTTTTTTTTGAGAC
pattern_2		2:48631377:T:C:R:wC	157	186	+	25.8214	1.27e-09	8.73e-06	TTTTTTTTATTTTTTATTTTTAGTAGAGAC
pattern_3		17:19378824:G:A:R:wC	134	163	+	24.7561	1.35e-09	1.1e-05	GAGACGGGGTTTCGCTGTGTTGGCCGGGCT
pattern_3		17:19378824:G:A:A:wC	134	163	+	24.7561	1.35e-09	1.1e-05	GAGACGGGGTTTCGCTGTGTTGGCCGGGCT
pattern_2		7:99915673:C:T:A:wC	21	50	-	25.7024	1.4e-09	9.56e-06	GTTCTTTTTTTTTTTTTTTTTTTTTGAGAC
pattern_2		1:155857540:G:A:R:wC	27	56	+	25.6786	1.43e-09	9.65e-06	CCGCTAATTTTTTTTTTTTTTTTTTTTGAG
pattern_3		17:19453587:A:G:A:wC	160	189	+	24.6829	1.45e-09	1.17e-05	AAGATAGGGTGTCACTCTGTCACCCAGGCT
pattern_2		19:29454928:G:C:A:wC	37	66	+	25.6548	1.46e-09	9.74e-06	TTGATTTTTTTTTTTTTTTTTTTTTGAGAT
pattern_2		6:3134826:G:A:R:wC	105	134	+	25.5952	1.53e-09	1.01e-05	TGGCTAATTTTTTTTTTTTTTTTTTTTGAG
pattern_2		18:53373610:G:A:R:wC	14	43	+	25.5833	1.55e-09	1.01e-05	CTCTGTTTTTTTTTTTTTTTTTTTTGAGAT
pattern_3		3:71799808:C:T:A:wC	167	196	-	24.5854	1.59e-09	1.27e-05	GAGATGGGGTCTCCCTATGTTTCCCAGGCT
pattern_2		6:42993336:G:A:R:wC	120	149	-	25.5238	1.63e-09	1.05e-05	TATTTTTTTTTTTTTTTTTTTTTTTGAGAC
pattern_2		11:62387222:C:T:A:wC	52	81	+	25.4762	1.7e-09	1.09e-05	TTTTTTTTTTTTTTTTTTTTTTTCAGAGAC
pattern_3		19:46402383:A:G:A:wC	6	35	-	24.5	1.73e-09	1.36e-05	GAGATGGGGTTTCTCCATGTTGGTCAGGCT
pattern_2		5:172382175:A:G:A:wC	57	86	+	25.4286	1.77e-09	1.12e-05	GTTTTTTTTTTTTTTTTTTTTTTTTGAGAC
pattern_2		8:23082971:G:T:A:wC	118	147	+	25.4048	1.8e-09	1.13e-05	GCCTTTTTTTTTTTTTTTTTTTTTTGAGAT
pattern_2		8:26049480:C:G:A:wC	145	174	+	25.3333	1.91e-09	1.19e-05	ACTTTTTTTTTTTTTTTTTTTTTTTGAGAC
pattern_1		10:115796337:A:G:R:wC	28	57	+	21.6071	1.96e-09	0.000685	TTTATTTATTTTTATTTTTATTTTTATTTT
pattern_3		15:58006206:C:T:R:wC	125	154	+	24.3659	1.97e-09	1.53e-05	GAGACGGGGATTCATCGTGTTAGCCAGGAT
pattern_2		7:5273683:A:C:A:wC	80	109	-	25.2976	1.97e-09	1.21e-05	CCAGCTAATGTTTGTATTTTTAGTAGAAAT
pattern_2		20:49102815:G:A:R:wC	25	54	+	25.2738	2.01e-09	1.22e-05	CCAGCTAATTTTTCTATTTTTAGTAGAGAC
pattern_2		2:97005275:G:A:A:wC	149	178	-	25.25	2.05e-09	1.24e-05	CTTCTCTTTTTTTTTTTTTTTTTTTGAGAC
pattern_1		19:57807525:G:A:A:wC	42	71	+	21.5357	2.18e-09	0.000685	TTCTATTATTATTATAATTTTTTTTAATTT
pattern_3		10:97351844:C:G:R:wC	45	74	+	24.2561	2.18e-09	1.68e-05	AGACAGGGGTTTCACTGTGTTAGCCAGGAT
pattern_2		10:81894877:A:G:R:wC	162	191	+	25.0952	2.33e-09	1.39e-05	CTAAATTTTTTTTGTATTTTTAGTAGACAT
pattern_2		12:516880:A:G:R:wC	167	196	+	25.0119	2.5e-09	1.48e-05	GATTTTTTTTTTTTTTTTTTTTTTTGAGAC
pattern_2		8:6733773:C:T:A:wC	153	182	-	25	2.52e-09	1.48e-05	TGGCTAATTTTTGTATTTTTTAGTACAGAC
pattern_3		1:205755144:T:C:R:wC	33	62	+	24.061	2.63e-09	1.99e-05	GAGATGGAGTCTCTCTCTGTCACCCAGGCT
pattern_2		5:131008885:C:T:A:wC	116	145	+	24.9286	2.67e-09	1.55e-05	TGGCTAATTTTTTGTATTTTTTTTTTTTTG
pattern_0		17:6757094:G:A:R:wC	27	56	+	20.7529	3.08e-09	0.00194	GCTTTTAATATTTAAAAAAATATTTTGAGA
pattern_2		12:11962839:C:T:R:wC	10	39	+	24.6429	3.37e-09	1.94e-05	TTTTTTTTTTTTTTTTTTTTTTTTGGAGAG
pattern_2		17:13909320:G:C:R:wC	44	73	-	24.5833	3.54e-09	2.02e-05	CTCTCTTTTTTTTTTTTTTTTTTTTGAGAT
pattern_3		4:14457296:C:T:R:wC	58	87	+	23.7317	3.58e-09	2.58e-05	GAGACGGAGTCTCACTCTGTTGCCCAGGCT
pattern_3		17:73933290:T:C:R:wC	80	109	+	23.7317	3.58e-09	2.58e-05	GAGACGGAGTCTCACTCTGTTGCCCAGGCT
pattern_3		12:121424406:G:A:R:wC	95	124	+	23.7317	3.58e-09	2.58e-05	GAGACGGAGTCTCACTCTGTTGCCCAGGCT
pattern_3		8:128797214:T:G:R:wC	130	159	+	23.7317	3.58e-09	2.58e-05	GAGACAGGGTCTCACTCTGTTGCCCAGGCT
pattern_3		8:96311217:C:G:R:wC	84	113	+	23.6707	3.79e-09	2.7e-05	GAGACAGGGTCTCACTCTGTCACCCAGGCT
pattern_3		14:89872532:C:T:A:wC	43	72	+	23.6585	3.83e-09	2.7e-05	GAGATGCAGTTTCATCATGTTGCCTAGGCT
pattern_2		7:116515781:A:T:A:wC	87	116	+	24.4762	3.85e-09	2.18e-05	TTTTTTTTTTTTTTAATTTTTTGTAGATAC
pattern_2		20:48781981:G:C:R:wC	62	91	-	24.3929	4.12e-09	2.29e-05	CCAGCCAATTTTTGTATTTTTAGTAAAGAC
pattern_2		5:131008885:C:T:A:wC	123	152	+	24.3929	4.12e-09	2.29e-05	TTTTTTGTATTTTTTTTTTTTTGTAGAGAC
pattern_2		12:11962839:C:T:R:wC	12	41	+	24.2619	4.57e-09	2.52e-05	TTTTTTTTTTTTTTTTTTTTTTGGAGAGAG
pattern_2		14:105582775:C:T:R:wC	33	62	+	24.25	4.61e-09	2.52e-05	TTTTTCTTTTTTTTTTTTTTTTTTTGAGAT
pattern_3		18:77905109:G:C:R:wC	22	51	+	23.439	4.69e-09	3.26e-05	GAGACAGGGTCTCACTCTGTCGCCCAGGCT
pattern_2		8:129003458:G:A:R:wC	24	53	+	24.2143	4.75e-09	2.57e-05	CTTTCTTTTTTTTTTTTTTTTTTTTGAGAC
pattern_3		11:62387222:C:T:A:wC	78	107	+	23.378	4.96e-09	3.37e-05	AGACAAGAGTTTCACCATGTTGTCCAGGCT
pattern_2		17:27732587:A:G:A:wC	139	168	-	24.1548	4.97e-09	2.67e-05	CCAGCTAATTTTTGCATTTTTAGTAGAGAC
pattern_3		19:4255456:G:A:A:wC	29	58	-	23.3659	5.01e-09	3.37e-05	GAGACAGAGTCTCACTATGTTGCCCAGGCT
pattern_3		19:48786299:G:T:A:wC	92	121	+	23.3659	5.01e-09	3.37e-05	AAGATGGGTTCTCACCCTGTCACCCAGGCT
pattern_3		12:53270855:G:A:R:wC	92	121	+	23.3171	5.24e-09	3.49e-05	GAGACAGGGTCTCACTGTGTTGCCCAGGCT
pattern_3		2:65289623:C:T:A:wC	114	143	-	23.2805	5.42e-09	3.56e-05	GAGATGGAGTCTCACTCTGTCGCCCAGGTT
pattern_2		10:70633047:C:A:A:wC	63	92	+	24.0238	5.51e-09	2.93e-05	AGCATTTTTTTTTTTTTTTTTTTTTGAGAC
pattern_2		19:49214066:G:A:A:wC	39	68	+	23.9524	5.83e-09	3.07e-05	CCAGCTAATTTTTGTATTTTTACTGGAGAC
pattern_3		19:4874373:G:A:A:wC	135	164	-	23.1585	6.05e-09	3.94e-05	GAGACAGGGTCTCACTATGTTGCCCAGGTT
pattern_2		12:132577378:G:A:R:wC	7	36	+	23.8452	6.34e-09	3.31e-05	TTTCTTTTTCTTTTTTTTTTTTTTTGAGAC
pattern_2		7:100177174:T:C:R:wC	141	170	-	23.8333	6.4e-09	3.32e-05	CTGTGCCTTTTTTTTTTTTTTTTTTGAGAC
pattern_3		3:9827691:C:T:A:wC	48	77	+	23.0976	6.4e-09	4.12e-05	GAGATGGAGTCTCACTTTGTCACCCAGGCT
pattern_3		13:85136540:G:A:A:wC	32	61	+	22.939	7.38e-09	4.7e-05	GAAATGGAGTCTCACTCTGTTACCCAGGCT
pattern_3		17:66215837:A:T:A:wC	122	151	+	22.878	7.79e-09	4.91e-05	GAGATGAGGTCTCGCTATATTGCCCAGGCT
pattern_3		10:43065274:C:T:A:wC	46	75	-	22.8049	8.31e-09	5.18e-05	GAGATGGGATTTTGCCATGTTTCCCAGGCT
pattern_2		12:125541085:T:C:R:wC	160	189	+	23.4524	8.57e-09	4.41e-05	AGGCCCTTTTTTTTTTTTTTTTTTTGAGAC
pattern_2		1:21768191:G:C:R:wC	104	133	-	23.4048	8.89e-09	4.53e-05	CATTACTTTTTTTTTTTTTTTTTTTGAGAT
pattern_2		10:72169888:C:G:A:wC	30	59	+	23.3571	9.22e-09	4.63e-05	TGCTTTTTTTTTTCTTTCTTTCTTTGAGAC
pattern_2		22:23910746:G:A:A:wC	28	57	-	23.3571	9.22e-09	4.63e-05	AGCTCCATTTTTTTTTTTTTTTTTTGAGAC
pattern_3		19:56898981:A:G:A:wC	104	133	+	22.5732	1.02e-08	6.29e-05	GAGATGGGGTCTCATTCTGTTGCCCAGGCT
pattern_2		1:205755144:T:C:R:wC	8	37	+	23.1786	1.05e-08	5.25e-05	GACATAACTTTTTTTTTTTTTTTTTGAGAT
pattern_2		12:53210503:G:A:A:wC	115	144	+	23.131	1.09e-08	5.4e-05	CAGCTAATTTTTTTTTTTTTTTTTTTTGTA
pattern_2		6:158621028:A:G:A:wC	8	37	-	23.0833	1.13e-08	5.55e-05	GTCTTTTTTTTTTTTTTTTTTTTTTGAGGC
pattern_3		9:33397073:T:C:R:wC	96	125	-	22.3902	1.2e-08	7.31e-05	GAGACAGGGTGTCACTCTGTCACCCATGCT
pattern_2		10:88533607:C:A:R:wC	95	124	+	22.9643	1.24e-08	6.02e-05	TATTTCATTCTTTTTTTTTTTTTTTGAGAC
pattern_3		12:122800273:C:T:R:wC	33	62	+	22.3415	1.25e-08	7.48e-05	GAGATGGAGTCTCGCTCTGTCACCCAGGCT
pattern_3		12:122800273:C:T:A:wC	33	62	+	22.3415	1.25e-08	7.48e-05	GAGATGGAGTCTCGCTCTGTCACCCAGGCT
pattern_1		6:135845145:C:T:A:wC	3	32	+	20.2619	1.27e-08	0.00266	TTATTTTATTATTATTATTATTATTATTTT
pattern_3		3:194686788:C:T:R:wC	35	64	+	22.3171	1.28e-08	7.56e-05	GAGACGGGGTTTCAGCATGTTGGCCAGGAT
pattern_2		19:46402383:A:G:A:wC	31	60	-	22.9167	1.28e-08	6.19e-05	CCTGGCTAATTTTGTATTTTTAGTAGAGAT
pattern_2		15:75030323:C:T:R:wC	117	146	-	22.8929	1.31e-08	6.21e-05	TCATTGGTTTTTTTTTTTTTTTTTTGAGAC
pattern_2		21:43388784:G:A:A:wC	151	180	+	22.8929	1.31e-08	6.21e-05	CAGGTGTTTTTTTTTTTTTTTTGTAGGATT
pattern_2		9:131861118:A:C:R:wC	68	97	+	22.8571	1.34e-08	6.32e-05	TTCTTTTTTCTTTTTTTTTTTTTTTTAGAT
pattern_2		1:46822998:T:C:A:wC	116	145	+	22.8452	1.35e-08	6.33e-05	GCTAATTTTTTTGGTATTTTTTGTGGAGAC
pattern_3		5:176657622:T:A:A:wC	109	138	-	22.1707	1.45e-08	8.5e-05	GAGACAGTGTTTCATCATGTTGGCCCAGCT
pattern_2		17:66215837:A:T:A:wC	95	124	+	22.75	1.45e-08	6.74e-05	CTGGCTAATTTTTTTTTTTTTTTTGTAGAG
pattern_2		3:98304788:A:C:R:wC	22	51	+	22.7262	1.48e-08	6.81e-05	TTTCTTTTCTTTTCTTTTTTTTTTTGAGAC
pattern_3		10:126544939:C:A:A:wC	19	48	+	22.1098	1.53e-08	8.87e-05	GAGATGGAGTCTCGCTCTGTCGCCCAGGCT
pattern_2		10:115796337:A:G:R:wC	38	67	+	22.6429	1.57e-08	7.19e-05	TTTATTTTTATTTTTATTTTTTTTTGAGAT
pattern_3		19:57970368:A:G:R:wC	32	61	+	22.0732	1.58e-08	8.98e-05	GAGACAGAGTCTCACTCTGTTGCCCAGGCT
pattern_3		6:35432100:C:T:R:wC	34	63	+	22.0732	1.58e-08	8.98e-05	GAGACAGAGTCTCACTCTGTTGCCCAGGCT
pattern_3		20:37475516:C:T:R:wC	35	64	-	22.061	1.59e-08	8.99e-05	GATATGGGGTCTCACTATGTTGCCTAGGCT
pattern_2		16:84219312:G:C:A:wC	124	153	-	22.5952	1.63e-08	7.39e-05	CCCGGCTAATTTTGTATTTTTAGTAGAGAC
pattern_3		22:37976422:T:C:A:wC	41	70	+	22.0122	1.66e-08	9.28e-05	GAGACAGAGTCTCACTCTGTCACCCAGGCT
pattern_3		17:30610375:G:C:R:wC	84	113	+	21.9878	1.7e-08	9.39e-05	GAGATGGAGTCTCGCTGTGTTGCCCAGGCT
pattern_0		7:37971866:A:T:A:wC	116	145	-	19.4941	1.89e-08	0.00595	GTAAATAAATTTTAAAAATTTAGAAATTAA
pattern_3		22:50952570:A:G:R:wC	36	65	-	21.8049	1.98e-08	0.000109	GAGACGGAGTCTCACTCTGTCACCCAAGCT
pattern_3		3:183690945:C:T:R:wC	16	45	+	21.6951	2.17e-08	0.000118	GAGATGGAGTCTCGCTGTGTCGCCCAGGCT
pattern_2		14:89872532:C:T:A:wC	18	47	+	22.1786	2.2e-08	9.93e-05	CCAGCTAATTTTTTTATCTTTTGCAGAGAT
pattern_2		11:62387222:C:T:A:wC	50	79	+	22.1429	2.26e-08	0.000101	TTTTTTTTTTTTTTTTTTTTTTTTTCAGAG
pattern_2		19:33407828:C:T:A:wC	15	44	-	22.131	2.28e-08	0.000101	CCGGCTAATTTTTGTATTTTCAGTAGGGGT
pattern_3		17:73010320:G:C:A:wC	79	108	+	21.6341	2.29e-08	0.000123	GAGACGGAGTCTCACTCTGTCCCCCAGGCT
pattern_3		7:116515781:A:T:A:wC	112	141	+	21.622	2.31e-08	0.000124	GATACAGGATCTCACCATGTTGACCAGGCT
pattern_3		6:143097771:C:T:A:wC	15	44	+	21.6098	2.34e-08	0.000124	GAGATAGAGTCTCACTCTGGTGCCCAGGCT
pattern_2		5:172382175:A:G:A:wC	55	84	+	22.0952	2.34e-08	0.000103	TAGTTTTTTTTTTTTTTTTTTTTTTTTGAG
pattern_1		8:6738204:T:C:R:wC	20	49	+	19.7381	2.47e-08	0.00341	TTTTATTTATTTTATTTATTTTTTTATTAT
pattern_2		12:101690279:G:T:R:wC	165	194	-	21.9524	2.59e-08	0.000113	TTTGTATTTTTCTTTTTTTTTTTTTGAGAT
pattern_2		13:21341377:G:A:R:wC	165	194	-	21.8929	2.7e-08	0.000118	CTTTTTTTTTTTTTTTTTTTTTTTTTTGAG
pattern_3		11:8043412:G:A:R:wC	121	150	-	21.4268	2.72e-08	0.000143	GAGCTGGAGTCTCGCTCTGTTGCCCAGGCT
pattern_3		9:1045295:G:A:R:wC	159	188	+	21.378	2.83e-08	0.000148	GAGACGGGGCTTCACCGTGTTAGCCAGGAT
pattern_2		16:2706036:T:C:A:wC	15	44	-	21.8095	2.86e-08	0.000124	TAGCTAATCTTTTTTTTTTTTTTTTTTGAG
pattern_2		15:65566674:G:A:R:wC	3	32	+	21.7976	2.89e-08	0.000124	CAGCATACTTTTTTTTTTTTTTTTGAAAGT
pattern_3		2:207984514:G:A:A:wC	32	61	+	21.3537	2.89e-08	0.000149	GAGACGGTGTCTCACTCTGTCACCCAGGCT
pattern_2		15:65178950:C:T:R:wC	42	71	-	21.7619	2.96e-08	0.000126	GGCTAATTTTTTGTATTTTTTAGTAGAGAT
pattern_3		7:100411875:G:A:A:wC	144	173	+	21.2683	3.1e-08	0.000159	GAGACGCAGTCTCACTCTGTCGCCCAGGCT
pattern_2		12:11962839:C:T:R:wC	4	33	+	21.6786	3.14e-08	0.000133	CTGCTTTTTTTTTTTTTTTTTTTTTTTTTT
pattern_2		10:62500217:C:T:A:wC	41	70	-	21.631	3.24e-08	0.000137	AATTCTTTTTTTTTTTTTCTTTGTAGAGAT
pattern_1		8:6738204:T:C:R:wC	18	47	+	19.5119	3.25e-08	0.00341	TTTTTTATTTATTTTATTTATTTTTTTATT
pattern_1		10:115796337:A:G:R:wC	34	63	+	19.5119	3.25e-08	0.00341	TATTTTTATTTTTATTTTTATTTTTTTTTG
pattern_3		19:56621171:T:G:R:wC	152	181	-	21.1585	3.4e-08	0.000172	GAGACGGAGTCTCACTTTGTCGCCCAGGCT
pattern_2		1:155857540:G:A:R:wC	29	58	+	21.5595	3.41e-08	0.000143	GCTAATTTTTTTTTTTTTTTTTTTTGAGAT
pattern_2		7:131007371:G:A:A:wC	43	72	+	21.5	3.56e-08	0.000148	CACTTTTTTTTTTTTTTTTTTTTTTTTGAG
pattern_2		11:70238030:T:C:A:wC	132	161	-	21.4643	3.64e-08	0.00015	CCGGATAAGTTTTGTATTTTTAGTAGAGAC
pattern_2		18:53373610:G:A:R:wC	16	45	+	21.4167	3.77e-08	0.000154	CTGTTTTTTTTTTTTTTTTTTTTGAGATGG
pattern_2		6:158621028:A:G:A:wC	10	39	-	21.381	3.86e-08	0.000157	CGGTCTTTTTTTTTTTTTTTTTTTTTTGAG
pattern_3		12:57079586:A:G:R:wC	93	122	+	21	3.87e-08	0.000195	GAGACGGAGTCTCCCTCTATTGCCCAGGCT
pattern_0		1:76223816:T:C:A:wC	17	46	-	18.9294	3.94e-08	0.00826	AAAAATAATAATTAAAAAAAAAGTAAAAAA
pattern_3		11:70238030:T:C:A:wC	107	136	-	20.9512	4.03e-08	0.000201	GAGACGGGGTTTCACCCTGTTGGTCAGGTT
pattern_3		19:58995042:A:G:A:wC	45	74	-	20.9024	4.19e-08	0.000207	CAGACAGGGTCTCATCCTGTTGCCCAGGCT
pattern_2		5:172382175:A:G:A:wC	51	80	+	21.2619	4.19e-08	0.00017	TGGTTAGTTTTTTTTTTTTTTTTTTTTTTT
pattern_2		14:100228342:C:T:R:wC	15	44	-	21.25	4.23e-08	0.00017	GTTCTCGATTTTTTTTTTTTTTTTTGAGAC
pattern_2		7:141387520:C:T:R:wC	7	36	+	21.2143	4.33e-08	0.000172	GCTAATTTTTTTTTTTTTTTTTTTTGAGAC
pattern_2		6:3134826:G:A:R:wC	107	136	+	21.2143	4.33e-08	0.000172	GCTAATTTTTTTTTTTTTTTTTTTTGAGAC
pattern_2		11:40662499:G:C:A:wC	162	191	-	21.1667	4.48e-08	0.000177	TTTACTTTTTTTTTTTTTTTTTTTTGAGAT
pattern_2		12:53210503:G:A:A:wC	120	149	+	21.1429	4.55e-08	0.000178	AATTTTTTTTTTTTTTTTTTTTGTATTTTT
pattern_2		7:37377172:G:C:R:wC	50	79	-	21.0952	4.7e-08	0.000183	AGGTGTTTTTTTTTTTTTTTTTTTATACTT
pattern_3		1:46822998:T:C:A:wC	141	170	+	20.7317	4.81e-08	0.000236	GAGACGGGGTTTTGTCATATTGCCCAGGCT
pattern_2		8:23082971:G:T:A:wC	116	145	+	21.0595	4.82e-08	0.000186	CTGCCTTTTTTTTTTTTTTTTTTTTTTGAG
pattern_2		4:71736336:G:A:R:wC	53	82	+	21.0119	4.98e-08	0.000191	GATCTCTTTTTTTTTTTTTTTTTTTGAGTC
pattern_2		6:143097771:C:T:A:wC	158	187	+	20.9881	5.06e-08	0.000193	CATCTAATTTTTGTATTTTGTTGTAGAGAT
pattern_2		5:142052130:T:C:R:wC	34	63	+	20.9643	5.14e-08	0.000195	AGTTTTTTTTTTTTTTTTTTTTTTGAAACC
pattern_3		6:3134826:G:A:R:wC	132	161	+	20.6341	5.21e-08	0.000253	GAGACGGAGTCTCGCTCTGTCACCCAGGCT
pattern_1		17:45963810:G:A:R:wC	121	150	+	19.1071	5.27e-08	0.00383	TTATTTTAATTTAATTTTTATTTTTATTTT
pattern_2		12:24416335:G:A:A:wC	54	83	-	20.9048	5.35e-08	0.000202	GGCTAATTTTTTTGTGTTTTTAGTAGAGAC
pattern_3		6:158621028:A:G:A:wC	158	187	-	20.5854	5.41e-08	0.000261	GACACAGGGTCTCACTTTGTTGCCCAGGCT
pattern_2		9:131861118:A:C:R:wC	70	99	+	20.8571	5.53e-08	0.000206	CTTTTTTCTTTTTTTTTTTTTTTTAGATGG
pattern_2		12:6763515:G:C:R:wC	73	102	+	20.8571	5.53e-08	0.000206	TCTATTTTTCTTTTTTTTTTTTTTTGAGAC
pattern_2		7:64460675:A:T:A:wC	21	50	+	20.8214	5.66e-08	0.000208	CACTTTCTTTTTTGTTTTTTTTTGAGATGG
pattern_2		9:131101845:C:T:R:wC	26	55	+	20.8214	5.66e-08	0.000208	TTTTTTTTTTTTTTTTTTTTTTTTTTTGAG
pattern_2		20:5942955:C:A:R:wC	150	179	+	20.8214	5.66e-08	0.000208	TTTTTTTTTTTTTTTTTTTTTTTTTTTGAG
pattern_3		10:115796337:A:G:R:wC	63	92	+	20.4146	6.21e-08	0.000291	GAGATGGAGTCTCGCTCTGTTGCCCTGGCT
pattern_3		13:43057060:T:A:R:wC	14	43	+	20.4024	6.27e-08	0.000291	GAGGTGGAGTCTCGCTCTGTCGCCCAGGCT
pattern_3		12:132577378:G:A:R:wC	32	61	+	20.4024	6.27e-08	0.000291	GAGACGGAGTCTCGCTCTGTCGCCCAGGCT
pattern_3		15:75030323:C:T:R:wC	92	121	-	20.4024	6.27e-08	0.000291	GAGACGGAGTCTCGCTCTGTCGCCCAGGCT
pattern_3		3:14226173:C:T:A:wC	154	183	-	20.4024	6.27e-08	0.000291	GAGACGGAGTCTCGCTCTGTCGCCCAGGCT
pattern_2		11:77870638:A:T:R:wC	110	139	+	20.6548	6.33e-08	0.000231	TTCTTTTTTTTTTTCCTTTTTTTTTGAGAT
pattern_2		1:228371551:G:A:A:wC	60	89	-	20.631	6.44e-08	0.000233	TTTCTTTTTTTTTTTTTTTTTTGGAGACAG
pattern_0		9:104148858:A:G:R:wC	53	82	+	18.5176	6.55e-08	0.0103	TAATATAATTTTTAAAATTATAAAATGAAG
pattern_2		10:60384459:T:G:R:wC	154	183	+	20.5952	6.59e-08	0.000238	CCAGTTAATTTTTGTGTTTTTAGTAGAGAT
pattern_2		2:103147561:G:A:A:wC	54	83	+	20.5833	6.64e-08	0.000238	TAAATTCTTTTTTTTTTTTTTTTTTGAGAC
pattern_2		17:18263957:G:C:A:wC	12	41	-	20.5714	6.7e-08	0.000239	CTTTTCTTTTCTTTTTTTTTTTTTTGAGAC
pattern_3		17:28908718:T:C:R:wC	80	109	+	20.3049	6.77e-08	0.000312	GGGACGGAGTCTCGCTCTGTTGCCCAGGCT
pattern_2		16:2706036:T:C:A:wC	13	42	-	20.5238	6.91e-08	0.000245	GCTAATCTTTTTTTTTTTTTTTTTTGAGAT
pattern_2		10:70278725:G:A:A:wC	154	183	-	20.5119	6.97e-08	0.000246	CCCAGCTAATTTTGTATTTTTAGTAGAGAC
pattern_2		7:99915673:C:T:A:wC	23	52	-	20.4762	7.14e-08	0.00025	TTGTTCTTTTTTTTTTTTTTTTTTTTTGAG
pattern_2		19:29454928:G:C:A:wC	35	64	+	20.4643	7.19e-08	0.000251	CTTTGATTTTTTTTTTTTTTTTTTTTTGAG
pattern_2		7:129081665:A:C:R:wC	51	80	+	20.4524	7.25e-08	0.000251	CAGCTAATTTTGTTTATCTTTTGTAGAAAC
pattern_2		12:57079586:A:G:R:wC	66	95	+	20.4286	7.36e-08	0.000252	TACTTTTTTTTTTTTTTTTTTTTTTTTGAG
pattern_2		1:204939136:G:A:R:wC	164	193	-	20.4286	7.36e-08	0.000252	TCTTTTTTTTTTTTTTTTTTTTTTTTTGAG
pattern_1		4:187022930:C:T:A:wC	3	32	+	18.8095	7.43e-08	0.00383	TATTATTATTATTATTATTATTATTATTAT
pattern_1		4:187022930:C:T:A:wC	6	35	+	18.8095	7.43e-08	0.00383	TATTATTATTATTATTATTATTATTATTAT
pattern_1		4:187022930:C:T:A:wC	9	38	+	18.8095	7.43e-08	0.00383	TATTATTATTATTATTATTATTATTATTAT
pattern_1		4:187022930:C:T:A:wC	12	41	+	18.8095	7.43e-08	0.00383	TATTATTATTATTATTATTATTATTATTAT
pattern_2		17:4745474:A:G:R:wC	136	165	-	20.4048	7.48e-08	0.000255	AAGGCAGTTTTTTTTTTTTTTTGGACAGAG
pattern_3		1:26834960:G:A:A:wC	140	169	-	20.1707	7.53e-08	0.000344	GAGACGAAGTCTCGCTCTGTCACCCAGGCT
pattern_2		20:62395318:T:C:R:wC	92	121	+	20.369	7.66e-08	0.00026	TTCTTTTTTCTTTTTCTTTTTTTTTTAAAT
pattern_2		22:37976422:T:C:A:wC	16	45	+	20.3333	7.84e-08	0.000265	CTAATTTTCTTTTTTTTTTTTTTTTGAGAC
pattern_2		9:33397073:T:C:R:wC	119	148	-	20.3214	7.91e-08	0.000265	AAGCTTTTTTTTTTTTTTTTTTTGAGACAG
pattern_2		11:62387222:C:T:A:wC	42	71	+	20.3095	7.97e-08	0.000266	TAGCTAACTTTTTTTTTTTTTTTTTTTTTT
pattern_2		6:139835399:C:G:R:wC	106	135	+	20.2738	8.16e-08	0.000271	CTGTTTTTTTTTTGTTTTGTTTTTTTTAAA
pattern_1		4:187022930:C:T:A:wC	15	44	+	18.7262	8.17e-08	0.00383	TATTATTATTATTATTATTATTATTATTTG
pattern_2		15:35353163:C:T:R:wC	25	54	+	20.2143	8.48e-08	0.00028	TTTCTGTTTTTTTTTTTTTTTTCTCCAGAC
pattern_1		8:6738204:T:C:R:wC	11	40	+	18.6905	8.51e-08	0.00383	ATTTTTATTTTTTATTTATTTTATTTATTT
pattern_1		7:150043205:G:A:R:wC	99	128	+	18.6905	8.51e-08	0.00383	AGTTTTTATTATTATTATTTTTTTTTTCAG
pattern_3		11:77870638:A:T:R:wC	135	164	+	20.0122	8.52e-08	0.000386	GAGATGGAGTCCCACTCTGCTCCCCAGGCT
pattern_3		6:71298959:G:C:R:wC	27	56	+	19.9634	8.85e-08	0.000398	GAGACAGAGTCTCTCTCTCTCACCCAGGCT
pattern_2		20:62395318:T:C:R:wC	94	123	+	20.1429	8.89e-08	0.000292	CTTTTTTCTTTTTCTTTTTTTTTTAAATAA
pattern_2		19:57970368:A:G:R:wC	7	36	+	20.131	8.96e-08	0.000293	TTTGCTTTCTTTTTTTTTTTTTTTTGAGAC
pattern_2		6:35432100:C:T:R:wC	11	40	+	20.0595	9.39e-08	0.0003	CTTTTTTTTTTTTTTTTTTTTTTGAGACAG
pattern_2		3:183505651:C:T:R:wC	68	97	-	20.0595	9.39e-08	0.0003	CCGCTAATTTTTTTTTTTTGTATTTTTAGT
pattern_2		16:84155129:C:T:A:wC	111	140	+	20.0595	9.39e-08	0.0003	CCGGCTAATTTTAGTATTTTTAGTAGAGAC
pattern_2		16:84155129:C:T:R:wC	111	140	+	20.0595	9.39e-08	0.0003	CCGGCTAATTTTAGTATTTTTAGTAGAGAC
pattern_3		12:6763515:G:C:R:wC	98	127	+	19.8537	9.64e-08	0.000431	GAGACAGGGTCTCACTCTATTGCCCAGGTT
pattern_3		13:45971741:G:A:R:wC	160	189	-	19.8293	9.83e-08	0.000436	GAGATGGAGTCTCGCTTTGTCGCCCAGGCT
pattern_2		7:116515781:A:T:A:wC	80	109	+	19.9643	9.99e-08	0.000318	TGGCTAATTTTTTTTTTTTTTAATTTTTTG
pattern_3		18:53373610:G:A:R:wC	39	68	+	19.8049	1e-07	0.000441	GAGATGGAGTCTTGCTCTGTTGCCCAGGCT
pattern_2		17:73010320:G:C:A:wC	52	81	+	19.9405	1.01e-07	0.000321	GCCTTTTTTTTTTTTTTTTTTTTTTTTGAG
pattern_3		12:101690279:G:T:R:wC	140	169	-	19.7805	1.02e-07	0.000446	GAGATGAAGTCTCGCTCTGTCGTGCAGGCT
pattern_3		1:204262260:T:C:A:wC	121	150	+	19.7439	1.05e-07	0.000455	GAGATGGAGTCTTGCTCTGTCACCCAGGCT
pattern_3		7:152154660:C:T:R:wC	33	62	+	19.7317	1.06e-07	0.000456	AAGACAGAGTCTCACTCTGTCACCCAGGCT
pattern_1		12:12275828:C:T:R:wC	36	65	-	18.4881	1.07e-07	0.00443	CCTTTTTATTTTTATTTTTATTTTTTTTGA
pattern_3		9:42209073:G:C:A:wC	20	49	+	19.6951	1.09e-07	0.000463	GAGACGGAGTCTCGCTCTGTGGCCCAGGCG
pattern_3		15:101390481:G:A:R:wC	32	61	+	19.6951	1.09e-07	0.000463	TAGGTGGAGTCTCGCTCTGTCGCCCAGGCT
pattern_2		2:145876745:A:G:R:wC	85	114	-	19.8214	1.1e-07	0.000344	TGTAATGTTTTTTTTTTTTTTAGCAGATGC
pattern_2		11:8043412:G:A:R:wC	146	175	-	19.8214	1.1e-07	0.000344	TAATTTTCTTTTTTTTTTTTTTTTTGAGCT
pattern_2		8:129003458:G:A:R:wC	22	51	+	19.8095	1.1e-07	0.000345	TTCTTTCTTTTTTTTTTTTTTTTTTTTGAG
pattern_0		1:75263485:A:T:A:wC	46	75	-	18.0706	1.11e-07	0.0121	GAAAATAAATATTCAAAATTTATTTATGTG
pattern_1		14:74412505:C:T:R:wC	27	56	+	18.4405	1.12e-07	0.00443	ATTTTTAAATTTTATTTTATTTTTATTTGT
pattern_2		17:13909320:G:C:R:wC	42	71	-	19.75	1.15e-07	0.000352	CTCTTTTTTTTTTTTTTTTTTTTGAGATGG
pattern_0		5:56507824:C:T:A:wC	26	55	+	18.0353	1.16e-07	0.0121	ACCAATTTTAATTAAAAAAAAATTTTTTTT
pattern_2		11:7983846:G:A:A:wC	32	61	+	19.7262	1.17e-07	0.000352	CTTTTTTTTTTTTTTTTTTTTTTGAGATGG
pattern_2		17:30610375:G:C:R:wC	61	90	+	19.7262	1.17e-07	0.000352	CTTTTTTTTTTTTTTTTTTTTTTGAGATGG
pattern_2		8:23082971:G:T:A:wC	120	149	+	19.7262	1.17e-07	0.000352	CTTTTTTTTTTTTTTTTTTTTTTGAGATGG
pattern_2		9:131101845:C:T:R:wC	22	51	+	19.7143	1.17e-07	0.000352	CTTTTTTTTTTTTTTTTTTTTTTTTTTTTT
pattern_2		19:4255456:G:A:A:wC	54	83	-	19.7143	1.17e-07	0.000352	CTGGCTAATTTTTTAATGTTTTATAGAGAC
pattern_2		1:21768191:G:C:R:wC	102	131	-	19.7143	1.17e-07	0.000352	TTACTTTTTTTTTTTTTTTTTTTGAGATAG
pattern_2		20:5942955:C:A:R:wC	143	172	+	19.7143	1.17e-07	0.000352	CTTTTTTTTTTTTTTTTTTTTTTTTTTTTT
pattern_2		7:29188870:G:A:R:wC	34	63	+	19.6667	1.21e-07	0.00036	CCTTTTTTTTTTTTTTTTTTTTTGAGACAG
pattern_2		1:100650664:A:G:A:wC	158	187	+	19.6667	1.21e-07	0.00036	CCTTTTTTTTTTTTTTTTTTTTTGAGACAG
pattern_2		3:14938030:T:C:A:wC	40	69	+	19.631	1.24e-07	0.000367	AGATGTAACTTTTTTTTTTTTTTTTGAGAC
pattern_3		14:105582775:C:T:R:wC	58	87	+	19.5122	1.25e-07	0.000529	GAGATGGAGTCTTGCTCTGTCGCCCAGGCT
pattern_2		2:65289623:C:T:A:wC	137	166	-	19.6071	1.26e-07	0.00037	CCTCTTTTTTTTTTTTTTTTTTTGAGATGG
pattern_3		12:53210503:G:A:A:wC	154	183	+	19.5	1.27e-07	0.00053	GAGACGGGGTTTCACCGTGGTCTCCATCTC
pattern_2		12:516880:A:G:R:wC	165	194	+	19.5595	1.3e-07	0.00038	AAGATTTTTTTTTTTTTTTTTTTTTTTGAG
pattern_2		11:40662499:G:C:A:wC	164	193	-	19.5238	1.33e-07	0.000387	AATTTACTTTTTTTTTTTTTTTTTTTTGAG
pattern_1		12:516880:A:G:R:wC	161	190	+	18.25	1.39e-07	0.00485	ACTGAAGATTTTTTTTTTTTTTTTTTTTTT
pattern_3		17:13909320:G:C:R:wC	19	48	-	19.3415	1.43e-07	0.000593	GAGATGGATTCTCACTCTATTGCCCAGGCT
pattern_2		4:23418674:T:A:R:wC	113	142	+	19.381	1.45e-07	0.000422	GATGGGGTTGTTTGTTTTTTTCTTGTAAAT
pattern_3		7:131007371:G:A:A:wC	70	99	+	19.2805	1.5e-07	0.000613	GAGACGGAGTCTCGCTCTGTCGCCCAGGCC
pattern_3		7:37971866:A:T:A:wC	157	186	+	19.2805	1.5e-07	0.000613	GAGATGACATCTCACTATGTTGCCCAAGCT
pattern_2		11:654229:T:C:R:wC	35	64	+	19.3333	1.5e-07	0.000433	CCTTTTTTTTTTTTTTTTTTTTTGAGATGG
pattern_1		12:57079586:A:G:R:wC	61	90	+	18.1786	1.5e-07	0.00485	ACACTTACTTTTTTTTTTTTTTTTTTTTTT
pattern_1		5:96506796:T:C:R:wC	170	199	-	18.1667	1.52e-07	0.00485	TTTTTTTATTTTTATTTTATTTTATTTTTT
pattern_2		8:26049480:C:G:A:wC	143	172	+	19.2976	1.53e-07	0.000441	ATACTTTTTTTTTTTTTTTTTTTTTTTGAG
pattern_2		5:176657622:T:A:A:wC	134	163	-	19.2738	1.55e-07	0.000445	TGGCTCATTTTTCGGATTTTTAGTAGAGAC
pattern_2		12:11962839:C:T:R:wC	7	36	+	19.2381	1.59e-07	0.000453	CTTTTTTTTTTTTTTTTTTTTTTTTTTGGA
pattern_1		17:45963810:G:A:R:wC	127	156	+	18.119	1.6e-07	0.00485	TAATTTAATTTTTATTTTTATTTTCAGACG
pattern_1		10:115796337:A:G:R:wC	16	45	+	18.1071	1.62e-07	0.00485	GTTTGATATTTATTTATTTATTTTTATTTT
pattern_3		7:76026458:G:T:R:wC	60	89	+	19.1707	1.62e-07	0.000661	GAGATGGAGTCTGTCTCTGTCACCCTGGCT
pattern_3		7:129081665:A:C:R:wC	76	105	+	19.1463	1.65e-07	0.000669	GAAACAGAGTCTCACCATGTTGCCAAGGCT
pattern_3		2:48631377:T:C:R:wC	7	36	+	19.122	1.69e-07	0.000677	GAGACGGAGTCTCACTCTGTCGCCCAATCT
pattern_2		7:37377172:G:C:R:wC	52	81	-	19.119	1.71e-07	0.000486	ATAGGTGTTTTTTTTTTTTTTTTTTTATAC
pattern_3		9:131861118:A:C:R:wC	93	122	+	19.0976	1.72e-07	0.000685	TAGATGGAGTCTTGCTCTGTTGCCCAGGCT
pattern_2		12:11962839:C:T:R:wC	8	37	+	19.1071	1.73e-07	0.000488	TTTTTTTTTTTTTTTTTTTTTTTTTTGGAG
pattern_2		4:14457296:C:T:R:wC	31	60	+	19.0833	1.75e-07	0.000491	TAACAGTTTTTTTGTTTTTTTTTTTTTGAG
pattern_2		10:11843379:G:A:R:wC	126	155	+	19.0833	1.75e-07	0.000491	ACATCTTTTTTTTTTTTTTTTTTTTGAGAA
pattern_3		6:135845145:C:T:A:wC	33	62	+	19.0366	1.8e-07	0.000709	GAGACAGAGTCTCGCTCTGTTGCCCAGGCT
pattern_3		10:81894877:A:G:R:wC	17	46	+	19.0244	1.81e-07	0.000709	GAGATGGAGTCTCGCTCTGTCTCCCAGGCT
pattern_3		8:144783377:C:T:R:wC	33	62	+	19.0244	1.81e-07	0.000709	GAGATGGAGTCTCGCTCTGTCTCCCAGGCT
pattern_1		11:17346379:C:T:A:wC	47	76	+	18	1.81e-07	0.00516	TCTATTTATTTATTTATTTATTTATTTATT
pattern_2		8:26049480:C:G:A:wC	147	176	+	18.9881	1.86e-07	0.000514	TTTTTTTTTTTTTTTTTTTTTTTGAGACAG
pattern_2		6:42993336:G:A:R:wC	118	147	-	18.9881	1.86e-07	0.000514	TTTTTTTTTTTTTTTTTTTTTTTGAGACAG
pattern_2		13:21341377:G:A:R:wC	161	190	-	18.9881	1.86e-07	0.000514	TTTTTTTTTTTTTTTTTTTTTTTGAGACAG
pattern_3		14:50102527:A:G:R:wC	32	61	+	18.9756	1.88e-07	0.000726	GAGACAGAGTCTCGCTCTGTCACCCAGGCT
pattern_3		7:100177174:T:C:R:wC	116	145	-	18.9756	1.88e-07	0.000726	GAGACAGAGTCTCGCTCTGTCACCCAGGCT
pattern_1		8:26049480:C:G:A:wC	139	168	+	17.9643	1.88e-07	0.00516	CCAGATACTTTTTTTTTTTTTTTTTTTTTT
pattern_2		14:105582775:C:T:R:wC	35	64	+	18.9286	1.93e-07	0.000531	TTTCTTTTTTTTTTTTTTTTTTTGAGATGG
pattern_2		20:5942955:C:A:R:wC	140	169	+	18.9167	1.94e-07	0.000532	TTTCTTTTTTTTTTTTTTTTTTTTTTTTTT
pattern_3		19:18812472:A:G:A:wC	62	91	+	18.9268	1.95e-07	0.000748	GAGACAGAATCTCACTCTGTCACCCAGGCT
pattern_2		2:97005275:G:A:A:wC	147	176	-	18.869	2e-07	0.000545	TCTCTTTTTTTTTTTTTTTTTTTGAGACAG
pattern_2		22:23910746:G:A:A:wC	26	55	-	18.8571	2.02e-07	0.000545	CTCCATTTTTTTTTTTTTTTTTTGAGACAG
pattern_2		10:11843379:G:A:R:wC	128	157	+	18.8571	2.02e-07	0.000545	ATCTTTTTTTTTTTTTTTTTTTTGAGAAGA
pattern_2		17:8100645:G:A:R:wC	28	57	+	18.8452	2.03e-07	0.000547	TTTTTGTTTTTTGGTTTTTTTTTTTTTGAG
pattern_3		19:57807525:G:A:A:wC	79	108	+	18.7683	2.19e-07	0.000836	GAGATGGAGTCTCGCTCTGTCACCCAGCTG
pattern_2		20:5942955:C:A:R:wC	141	170	+	18.6667	2.27e-07	0.000596	TTCTTTTTTTTTTTTTTTTTTTTTTTTTTT
pattern_2		9:131101845:C:T:R:wC	30	59	+	18.6548	2.28e-07	0.000596	TTTTTTTTTTTTTTTTTTTTTTTGAGATGG
pattern_2		12:57079586:A:G:R:wC	62	91	+	18.6548	2.28e-07	0.000596	CACTTACTTTTTTTTTTTTTTTTTTTTTTT
pattern_2		1:204939136:G:A:R:wC	160	189	-	18.6548	2.28e-07	0.000596	TTTTTTTTTTTTTTTTTTTTTTTGAGATGG
pattern_2		9:131101845:C:T:R:wC	23	52	+	18.6429	2.3e-07	0.000596	TTTTTTTTTTTTTTTTTTTTTTTTTTTTTT
pattern_2		20:5942955:C:A:R:wC	144	173	+	18.6429	2.3e-07	0.000596	TTTTTTTTTTTTTTTTTTTTTTTTTTTTTT
pattern_2		20:5942955:C:A:R:wC	145	174	+	18.6429	2.3e-07	0.000596	TTTTTTTTTTTTTTTTTTTTTTTTTTTTTT
pattern_2		20:5942955:C:A:R:wC	146	175	+	18.6429	2.3e-07	0.000596	TTTTTTTTTTTTTTTTTTTTTTTTTTTTTT
pattern_2		20:5942955:C:A:R:wC	147	176	+	18.6429	2.3e-07	0.000596	TTTTTTTTTTTTTTTTTTTTTTTTTTTTTT
pattern_1		9:131101845:C:T:R:wC	21	50	+	17.7738	2.3e-07	0.00566	TCTTTTTTTTTTTTTTTTTTTTTTTTTTTT
pattern_1		20:5942955:C:A:R:wC	142	171	+	17.7738	2.3e-07	0.00566	TCTTTTTTTTTTTTTTTTTTTTTTTTTTTT
pattern_3		22:46664638:G:A:R:wC	62	91	+	18.6951	2.31e-07	0.000877	GAGGCGGAGTCTCGCTCTGTCGCCCAGGCT
pattern_2		11:7983846:G:A:A:wC	28	57	+	18.619	2.34e-07	0.000602	TGTTCTTTTTTTTTTTTTTTTTTTTTTGAG
pattern_2		7:150512410:T:G:A:wC	137	166	-	18.6071	2.35e-07	0.000602	GATAATTTTTTTGTAATTTTTAGTAGAGAC
pattern_2		8:6314904:G:A:A:wC	151	180	-	18.6071	2.35e-07	0.000602	CTGGCCAATTTTTGTGTTTTTTGTAGAGAC
pattern_2		8:1811037:C:T:A:wC	3	32	+	18.5952	2.37e-07	0.000604	TCTTTTTTTTTTTTTTTTTTTTTGAGACAG
pattern_3		8:6733773:C:T:A:wC	128	157	-	18.6585	2.38e-07	0.000895	CAGACGGGGTTTCACCATGCTGGTCATGCT
pattern_2		19:57970368:A:G:R:wC	9	38	+	18.5714	2.4e-07	0.000611	TGCTTTCTTTTTTTTTTTTTTTTGAGACAG
pattern_0		22:22572199:T:C:A:wC	3	32	-	17.3765	2.42e-07	0.02	AGTTAAAAATTTTAAAAATAAAAAATAAAA
pattern_2		12:53210503:G:A:A:wC	118	147	+	18.5476	2.44e-07	0.000617	CTAATTTTTTTTTTTTTTTTTTTTGTATTT
pattern_2		22:38309938:G:A:A:wC	37	66	+	18.5238	2.48e-07	0.000623	GCCCAACTCTTTTTTTTTTTTTTTTGATAC
pattern_1		7:131007371:G:A:A:wC	38	67	+	17.7024	2.48e-07	0.00566	CCAAACACTTTTTTTTTTTTTTTTTTTTTT
pattern_3		22:23910746:G:A:A:wC	3	32	-	18.5976	2.49e-07	0.000924	GAGACAGAGTCTCTCTCTGTCGCCCAAGCT
pattern_3		1:212473208:A:G:R:wC	65	94	+	18.5976	2.49e-07	0.000924	GAGACAGGGTCTCGCTCTGTCCCCCAGGCT
pattern_2		15:94841430:G:A:A:wC	54	83	+	18.5	2.51e-07	0.000628	TTTTTTTTTGTTTGTTTGTTTTTTGTTGTT
pattern_2		13:21341377:G:A:R:wC	168	197	-	18.5	2.51e-07	0.000628	TATCTTTTTTTTTTTTTTTTTTTTTTTTTT
pattern_0		7:128402711:C:T:R:wC	49	78	-	17.3294	2.55e-07	0.02	TATAATAAATTTTAAAAATAAAAATAATTA
pattern_2		9:131101845:C:T:R:wC	20	49	+	18.4524	2.59e-07	0.000643	ATCTTTTTTTTTTTTTTTTTTTTTTTTTTT
pattern_2		2:219279673:T:G:R:wC	74	103	+	18.4405	2.6e-07	0.000643	CGGCTAATTTTTGTTTTGTTTTTTTTTTGT
pattern_2		12:53210503:G:A:A:wC	116	145	+	18.4405	2.6e-07	0.000643	AGCTAATTTTTTTTTTTTTTTTTTTTGTAT
pattern_2		10:115796337:A:G:R:wC	26	55	+	18.4286	2.62e-07	0.000645	TATTTATTTATTTTTATTTTTATTTTTATT
pattern_1		11:12418784:C:A:A:wC	78	107	+	17.6429	2.64e-07	0.00566	TCATATCTTTCATTTATTTATTATTATTTT
pattern_2		19:57807525:G:A:A:wC	54	83	+	18.4048	2.66e-07	0.000652	TATAATTTTTTTTAATTTTTTTTTTGAGAT
pattern_1		20:5942955:C:A:R:wC	137	166	+	17.631	2.67e-07	0.00566	TCATTTCTTTTTTTTTTTTTTTTTTTTTTT
pattern_2		12:516880:A:G:R:wC	162	191	+	18.3929	2.68e-07	0.000654	CTGAAGATTTTTTTTTTTTTTTTTTTTTTT
pattern_2		7:150043205:G:A:R:wC	106	135	+	18.3452	2.76e-07	0.000671	ATTATTATTATTTTTTTTTTCAGGAGAGAG
pattern_2		15:65178950:C:T:R:wC	43	72	-	18.3214	2.8e-07	0.000678	CGGCTAATTTTTTGTATTTTTTAGTAGAGA
pattern_1		12:57079586:A:G:R:wC	63	92	+	17.5833	2.81e-07	0.00566	ACTTACTTTTTTTTTTTTTTTTTTTTTTTT
pattern_2		8:96311217:C:G:R:wC	59	88	+	18.3095	2.82e-07	0.00068	ATTGATCTATTTTTTTTTTTTTTTTGAGAC
pattern_3		5:56507824:C:T:A:wC	58	87	+	18.4146	2.84e-07	0.00105	GAGACAGAGTCTTCCTCTGTCATCCAGGCT
pattern_1		10:62500217:C:T:A:wC	47	76	-	17.5714	2.84e-07	0.00566	ATTTTTAATTCTTTTTTTTTTTTTCTTTGT
pattern_2		9:131101845:C:T:R:wC	19	48	+	18.2857	2.86e-07	0.000687	AATCTTTTTTTTTTTTTTTTTTTTTTTTTT
pattern_2		1:21768191:G:C:R:wC	106	135	-	18.2738	2.88e-07	0.00069	TTCATTACTTTTTTTTTTTTTTTTTTTGAG
pattern_2		11:40662499:G:C:A:wC	160	189	-	18.2619	2.9e-07	0.000692	TACTTTTTTTTTTTTTTTTTTTTGAGATGG
pattern_2		9:131101845:C:T:R:wC	21	50	+	18.25	2.92e-07	0.000692	TCTTTTTTTTTTTTTTTTTTTTTTTTTTTT
pattern_2		20:5942955:C:A:R:wC	142	171	+	18.25	2.92e-07	0.000692	TCTTTTTTTTTTTTTTTTTTTTTTTTTTTT
pattern_1		17:45963810:G:A:R:wC	116	145	+	17.5119	3.02e-07	0.00566	TTATTTTATTTTAATTTAATTTTTATTTTT
pattern_1		13:21341377:G:A:R:wC	169	198	-	17.5119	3.02e-07	0.00566	ATATCTTTTTTTTTTTTTTTTTTTTTTTTT
pattern_2		7:37377172:G:C:R:wC	51	80	-	18.1905	3.03e-07	0.000714	TAGGTGTTTTTTTTTTTTTTTTTTTATACT
pattern_1		19:57807525:G:A:A:wC	45	74	+	17.5	3.06e-07	0.00566	TATTATTATTATAATTTTTTTTAATTTTTT
pattern_1		12:53210503:G:A:A:wC	114	143	+	17.5	3.06e-07	0.00566	CCAGCTAATTTTTTTTTTTTTTTTTTTTGT
pattern_3		1:21768191:G:C:R:wC	79	108	-	18.3049	3.08e-07	0.00113	GAGATAGGCTCTCACTCTGCCATCCAGGTC
pattern_2		10:11843379:G:A:R:wC	127	156	+	18.131	3.14e-07	0.000737	CATCTTTTTTTTTTTTTTTTTTTTGAGAAG
pattern_2		6:42993336:G:A:R:wC	122	151	-	18.1071	3.18e-07	0.000745	TCTATTTTTTTTTTTTTTTTTTTTTTTGAG
pattern_1		11:17346379:C:T:A:wC	51	80	+	17.4286	3.29e-07	0.00575	TTTATTTATTTATTTATTTATTTATTTATT
pattern_1		11:17346379:C:T:A:wC	55	84	+	17.4286	3.29e-07	0.00575	TTTATTTATTTATTTATTTATTTATTTATT
pattern_2		6:42993336:G:A:R:wC	124	153	-	18.0357	3.32e-07	0.000775	CCTCTATTTTTTTTTTTTTTTTTTTTTTTG
pattern_2		18:53373610:G:A:R:wC	12	41	+	18.0119	3.37e-07	0.000783	TTCTCTGTTTTTTTTTTTTTTTTTTTTGAG
pattern_2		8:26049480:C:G:A:wC	140	169	+	18	3.39e-07	0.000786	CAGATACTTTTTTTTTTTTTTTTTTTTTTT
pattern_1		7:150043205:G:A:R:wC	102	131	+	17.369	3.5e-07	0.00582	TTTTATTATTATTATTTTTTTTTTCAGGAG
pattern_3		19:49214066:G:A:A:wC	64	93	+	18.122	3.51e-07	0.00128	GAGACTGGGTTTCACCATATTGGTCAGGCT
pattern_2		12:11962839:C:T:R:wC	1	30	+	17.9167	3.57e-07	0.000823	CTTCTGCTTTTTTTTTTTTTTTTTTTTTTT
pattern_2		1:204939136:G:A:R:wC	168	197	-	17.881	3.64e-07	0.000837	TAGTTCTTTTTTTTTTTTTTTTTTTTTTTT
pattern_3		9:139708154:A:G:R:wC	31	60	+	18.061	3.67e-07	0.00132	GAGCCAGAGTCTCGCTCTGTTGCCCAGGCT
pattern_3		9:139708154:A:G:A:wC	31	60	+	18.061	3.67e-07	0.00132	GAGCCAGAGTCTCGCTCTGTTGCCCAGGCT
pattern_3		12:12275828:C:T:R:wC	8	37	-	18.0366	3.73e-07	0.00132	GAGACAGGGTCTTGCTCTGTCACCCAGGCT
pattern_3		9:35725985:C:T:A:wC	43	72	+	18.0366	3.73e-07	0.00132	GAGACAGAGTTTCGTTCTGTTGCCCAGGCT
pattern_3		19:48267703:C:T:R:wC	84	113	+	18.0366	3.73e-07	0.00132	GAGACGGAGTCTTGCTCTGTCACCCAGGCT
pattern_2		14:105582775:C:T:R:wC	31	60	+	17.8214	3.77e-07	0.000864	GCTTTTTCTTTTTTTTTTTTTTTTTTTGAG
pattern_2		9:33397073:T:C:R:wC	121	150	-	17.8095	3.8e-07	0.000867	TCAAGCTTTTTTTTTTTTTTTTTTTGAGAC
pattern_2		13:103447529:G:A:R:wC	169	198	-	17.7857	3.86e-07	0.000876	TTTGCTTTTTTTTTTTTTTTTTTTTTTGAG
pattern_2		12:122800273:C:T:R:wC	8	37	+	17.7619	3.91e-07	0.000882	TGATTCCTTTTCTTTTTTTTTTTTTGAGAT
pattern_2		12:122800273:C:T:A:wC	8	37	+	17.7619	3.91e-07	0.000882	TGATTCCTTTTCTTTTTTTTTTTTTGAGAT
pattern_1		8:6738204:T:C:R:wC	9	38	+	17.25	3.94e-07	0.00582	TTATTTTTATTTTTTATTTATTTTATTTAT
pattern_2		1:26377185:G:A:R:wC	72	101	+	17.6905	4.08e-07	0.000917	CTTTTTTTTTTTTTTTTTTTTTTGAGACGG
pattern_1		13:21341377:G:A:R:wC	171	200	-	17.2143	4.09e-07	0.00582	AAATATCTTTTTTTTTTTTTTTTTTTTTTT
pattern_1		9:131101845:C:T:R:wC	23	52	+	17.2024	4.13e-07	0.00582	TTTTTTTTTTTTTTTTTTTTTTTTTTTTTT
pattern_1		20:5942955:C:A:R:wC	144	173	+	17.2024	4.13e-07	0.00582	TTTTTTTTTTTTTTTTTTTTTTTTTTTTTT
pattern_1		20:5942955:C:A:R:wC	145	174	+	17.2024	4.13e-07	0.00582	TTTTTTTTTTTTTTTTTTTTTTTTTTTTTT
pattern_1		20:5942955:C:A:R:wC	146	175	+	17.2024	4.13e-07	0.00582	TTTTTTTTTTTTTTTTTTTTTTTTTTTTTT
pattern_1		20:5942955:C:A:R:wC	147	176	+	17.2024	4.13e-07	0.00582	TTTTTTTTTTTTTTTTTTTTTTTTTTTTTT
pattern_2		1:212473208:A:G:R:wC	40	69	+	17.6429	4.19e-07	0.000936	TCATAAGACTTTTTTTTTTTTTTTTGAGAC
pattern_2		7:100177174:T:C:R:wC	139	168	-	17.6429	4.19e-07	0.000936	GTGCCTTTTTTTTTTTTTTTTTTGAGACAG
pattern_2		6:35432100:C:T:R:wC	7	36	+	17.631	4.22e-07	0.000936	TCTTCTTTTTTTTTTTTTTTTTTTTTTGAG
pattern_2		17:30610375:G:C:R:wC	57	86	+	17.631	4.22e-07	0.000936	TCTTCTTTTTTTTTTTTTTTTTTTTTTGAG
pattern_2		15:65566674:G:A:R:wC	159	188	-	17.619	4.25e-07	0.000939	TTTTTTGTTGTTTGTTTGTTTTGTTTTGTG
pattern_3		10:70278725:G:A:A:wC	129	158	-	17.8415	4.29e-07	0.00151	GAGACAGGGTTTCTCCATGTTGGTCGGGCT
pattern_1		1:28260898:G:A:A:wC	12	41	-	17.1548	4.34e-07	0.00582	TAAACAACTTTTAAAATTTTTTATTATTTT
pattern_1		7:150043205:G:A:R:wC	96	125	+	17.1429	4.39e-07	0.00582	GCTAGTTTTTATTATTATTATTTTTTTTTT
pattern_1		20:5942955:C:A:R:wC	139	168	+	17.1429	4.39e-07	0.00582	ATTTCTTTTTTTTTTTTTTTTTTTTTTTTT
pattern_1		8:96311217:C:G:R:wC	52	81	+	17.131	4.44e-07	0.00582	AAGACATATTGATCTATTTTTTTTTTTTTT
pattern_1		10:115796337:A:G:R:wC	10	39	+	17.1071	4.55e-07	0.00584	TCAATGGTTTGATATTTATTTATTTATTTT
pattern_2		12:12275828:C:T:R:wC	38	67	-	17.4881	4.59e-07	0.00101	ACCCTTTTTATTTTTATTTTTATTTTTTTT
pattern_3		16:84155129:C:T:R:wC	136	165	+	17.7073	4.72e-07	0.00164	GAGACGGGGTTTCACTACGTTGGTCAGGCT
pattern_3		16:84155129:C:T:A:wC	136	165	+	17.7073	4.72e-07	0.00164	GAGACGGGGTTTCACTACGTTGGTCAGGCT
pattern_2		19:29454928:G:C:A:wC	39	68	+	17.4405	4.72e-07	0.00103	GATTTTTTTTTTTTTTTTTTTTTGAGATGA
pattern_2		14:100228342:C:T:R:wC	13	42	-	17.4405	4.72e-07	0.00103	TCTCGATTTTTTTTTTTTTTTTTGAGACAG
pattern_2		17:80593858:G:A:A:wC	35	64	-	17.4405	4.72e-07	0.00103	CCTGGCAAGTTTTGTATTTTTAGTAGAGAC
pattern_1		9:104148858:A:G:R:wC	44	73	+	17.0595	4.77e-07	0.006	AAGGAAGAATAATATAATTTTTAAAATTAT
pattern_2		2:85659603:G:A:R:wC	15	44	+	17.4167	4.79e-07	0.00104	TTTTGTTTTGTTTTGTTTTTTTTTTGAGAC
pattern_2		13:103447529:G:A:R:wC	165	194	-	17.4048	4.82e-07	0.00104	CTTTTTTTTTTTTTTTTTTTTTTGAGACGA
pattern_3		11:121998254:C:T:R:wC	16	45	+	17.6707	4.84e-07	0.00167	GAAACGGAGTCTCGCTCTGTCGCCCAGGCT
pattern_1		11:18335684:G:A:R:wC	2	31	-	17.0357	4.88e-07	0.00602	CTGCCTAATTTTTATATATTTTTTAGAGAT
pattern_2		11:18335684:G:A:R:wC	2	31	-	17.369	4.92e-07	0.00106	CTGCCTAATTTTTATATATTTTTTAGAGAT
pattern_3		17:4745474:A:G:R:wC	115	144	-	17.6463	4.92e-07	0.00169	TGGACAGAGTCTCGCTCTGTCGCCCAGGCT
pattern_2		2:43423179:T:C:A:wC	69	98	+	17.3571	4.96e-07	0.00106	GCCCGGCCTTTTTGTTTGTTTTTTTAAGAC
pattern_2		8:6738204:T:C:R:wC	24	53	+	17.3452	4.99e-07	0.00107	ATTTATTTTATTTATTTTTTTATTATACTT
pattern_2		12:11962839:C:T:R:wC	5	34	+	17.3333	5.02e-07	0.00107	TGCTTTTTTTTTTTTTTTTTTTTTTTTTTG
pattern_2		11:62387222:C:T:A:wC	49	78	+	17.3333	5.02e-07	0.00107	CTTTTTTTTTTTTTTTTTTTTTTTTTCAGA
pattern_1		11:17346379:C:T:A:wC	59	88	+	17	5.05e-07	0.00612	TTTATTTATTTATTTATTTATTTATTTTTG
pattern_2		22:37976422:T:C:A:wC	18	47	+	17.3214	5.06e-07	0.00107	AATTTTCTTTTTTTTTTTTTTTTGAGACAG
pattern_2		1:213192458:A:G:A:wC	29	58	-	17.2976	5.13e-07	0.00108	AGCTAATTTTTGTCTATTTTTAGTAGAGAC
pattern_2		21:47701835:T:C:A:wC	8	37	-	17.2857	5.16e-07	0.00108	CTGGCTAATTTTTGTAGTTTTAGTGGAGAG
pattern_2		21:47701835:T:C:R:wC	8	37	-	17.2857	5.16e-07	0.00108	CTGGCTAATTTTTGTAGTTTTAGTGGAGAG
pattern_2		10:70633047:C:A:A:wC	65	94	+	17.2738	5.2e-07	0.00109	CATTTTTTTTTTTTTTTTTTTTTGAGACGG
pattern_1		12:12275828:C:T:R:wC	42	71	-	16.9643	5.23e-07	0.00622	TTGCACCCTTTTTATTTTTATTTTTATTTT
pattern_2		20:5942955:C:A:R:wC	138	167	+	17.2619	5.24e-07	0.00109	CATTTCTTTTTTTTTTTTTTTTTTTTTTTT
pattern_2		2:31820256:A:G:A:wC	150	179	-	17.2262	5.35e-07	0.00111	CTTTTTGTTTCATTTATCTTTTGTATTGAT
pattern_2		13:103447529:G:A:R:wC	168	197	-	17.2262	5.35e-07	0.00111	TTGCTTTTTTTTTTTTTTTTTTTTTTGAGA
pattern_2		9:33397073:T:C:R:wC	123	152	-	17.2024	5.42e-07	0.00112	AATCAAGCTTTTTTTTTTTTTTTTTTTGAG
pattern_1		9:104148858:A:G:R:wC	48	77	-	16.9286	5.42e-07	0.00632	TTTTATAATTTTAAAAATTATATTATTCTT
pattern_3		15:40893976:A:C:R:wC	120	149	-	17.5	5.45e-07	0.00187	GAGACGGAGTCTGGCTCTGTCGCCCAGGCT
pattern_3		2:242241706:C:T:R:wC	171	200	-	17.4878	5.5e-07	0.00187	AAAATGGAGGTTTGCTATGTTGCCCAGGCT
pattern_2		1:26377185:G:A:R:wC	68	97	+	17.1429	5.61e-07	0.00115	GCCTCTTTTTTTTTTTTTTTTTTTTTTGAG
pattern_1		11:8043412:G:A:R:wC	151	180	-	16.8929	5.61e-07	0.00642	AAAAATAATTTTCTTTTTTTTTTTTTTTTT
pattern_2		4:71736336:G:A:R:wC	51	80	+	17.131	5.65e-07	0.00116	CTGATCTCTTTTTTTTTTTTTTTTTTTGAG
pattern_3		11:118859274:C:T:A:wC	9	38	-	17.4146	5.79e-07	0.00196	GAGAGGAGGTCTCACCAGGTTGCCCAGGCT
pattern_2		8:96311217:C:G:R:wC	61	90	+	17.0476	5.92e-07	0.00121	TGATCTATTTTTTTTTTTTTTTTGAGACAG
pattern_2		11:7983846:G:A:A:wC	27	56	+	17.0238	6e-07	0.00122	CTGTTCTTTTTTTTTTTTTTTTTTTTTTGA
pattern_2		7:141387520:C:T:R:wC	9	38	+	16.9881	6.13e-07	0.00124	TAATTTTTTTTTTTTTTTTTTTTGAGACAG
pattern_3		17:8100645:G:A:R:wC	55	84	+	17.3171	6.19e-07	0.00207	GAGACGGAATCTCGCTCTGTCGCCCAGGCT
pattern_3		3:197326771:T:G:R:wC	79	108	+	17.3171	6.19e-07	0.00207	GAGACGGAGTCTCGCTCTGTCTCCCAGGCT
pattern_2		14:105582775:C:T:R:wC	29	58	+	16.9643	6.21e-07	0.00126	CAGCTTTTTCTTTTTTTTTTTTTTTTTTTG
pattern_1		22:22572199:T:C:A:wC	7	36	+	16.7857	6.23e-07	0.007	ATTTTTTATTTTTAAAATTTTTAACTTTTA
pattern_2		10:70633047:C:A:A:wC	61	90	+	16.9524	6.25e-07	0.00126	AGAGCATTTTTTTTTTTTTTTTTTTTTGAG
pattern_2		20:35746819:G:A:A:wC	62	91	+	16.9405	6.3e-07	0.00127	TAACTCTTTTTTTCTCTTTTTTTGTGAGAC
pattern_1		12:11962839:C:T:R:wC	3	32	+	16.7619	6.37e-07	0.007	TCTGCTTTTTTTTTTTTTTTTTTTTTTTTT
pattern_2		9:131861118:A:C:R:wC	64	93	+	16.8929	6.47e-07	0.00129	TTTTTTCTTTTTTCTTTTTTTTTTTTTTTT
pattern_2		15:42817780:G:A:A:wC	141	170	+	16.8929	6.47e-07	0.00129	CCAGCTAAGTTTTGTATTTTTAGTAGAGAC
pattern_2		11:62387222:C:T:A:wC	43	72	+	16.881	6.51e-07	0.0013	AGCTAACTTTTTTTTTTTTTTTTTTTTTTT
pattern_3		17:79996375:G:C:A:wC	167	196	-	17.2317	6.57e-07	0.00218	AAGATGGAGTCTTGCTCTGTCGCCCAGGCT
pattern_1		9:131101845:C:T:R:wC	20	49	+	16.7262	6.6e-07	0.007	ATCTTTTTTTTTTTTTTTTTTTTTTTTTTT
pattern_2		2:48631377:T:C:R:wC	150	179	+	16.8452	6.65e-07	0.00132	GGCTAATTTTTTTTTATTTTTTATTTTTAG
pattern_1		17:30610375:G:C:R:wC	54	83	+	16.7143	6.67e-07	0.007	TTTTCTTCTTTTTTTTTTTTTTTTTTTTTT
pattern_1		2:48631377:T:C:R:wC	148	177	+	16.7143	6.67e-07	0.007	CGGGCTAATTTTTTTTTATTTTTTATTTTT
pattern_3		1:235583690:C:T:R:wC	58	87	+	17.2073	6.68e-07	0.00221	GAGATGGAGTCTTGCTCTGTTGCCTAGGCT
pattern_2		6:42993336:G:A:R:wC	125	154	-	16.8095	6.78e-07	0.00134	GCCTCTATTTTTTTTTTTTTTTTTTTTTTT
pattern_3		7:29188870:G:A:R:wC	57	86	+	17.1829	6.8e-07	0.00223	GAGACAGAGTCTTACTGTGCCGCCCAGGCT
pattern_2		8:27587944:G:C:A:wC	155	184	+	16.7976	6.83e-07	0.00135	CCTTTGATTTTTTTTTTTTTTTTTAATCGG
pattern_1		19:57807525:G:A:A:wC	51	80	+	16.6786	6.91e-07	0.00701	TATTATAATTTTTTTTAATTTTTTTTTTGA
pattern_1		3:196859277:T:C:R:wC	52	81	+	16.6786	6.91e-07	0.00701	AATATTAACTTTAATATATTTTTCACTTTT
pattern_3		8:124542931:T:C:R:wC	43	72	+	17.1585	6.91e-07	0.00226	GAGACAGAGTCTCGCACTGTCGCCCAGGCT
pattern_2		6:139835399:C:G:R:wC	107	136	+	16.7619	6.97e-07	0.00137	TGTTTTTTTTTTGTTTTGTTTTTTTTAAAG
pattern_2		10:11843379:G:A:R:wC	124	153	+	16.7619	6.97e-07	0.00137	ATACATCTTTTTTTTTTTTTTTTTTTTGAG
pattern_2		9:131101845:C:T:R:wC	24	53	+	16.7143	7.16e-07	0.00139	TTTTTTTTTTTTTTTTTTTTTTTTTTTTTG
pattern_2		20:5942955:C:A:R:wC	148	177	+	16.7143	7.16e-07	0.00139	TTTTTTTTTTTTTTTTTTTTTTTTTTTTTG
pattern_2		19:57807525:G:A:A:wC	31	60	+	16.7024	7.21e-07	0.0014	AGGTACGTTCTTTCTATTATTATTATAATT
pattern_2		12:101690279:G:T:R:wC	167	196	-	16.6905	7.25e-07	0.0014	TTTTTGTATTTTTCTTTTTTTTTTTTTGAG
pattern_2		17:73010320:G:C:A:wC	51	80	+	16.6786	7.3e-07	0.00141	GGCCTTTTTTTTTTTTTTTTTTTTTTTTGA
pattern_2		1:155857540:G:A:R:wC	31	60	+	16.6548	7.4e-07	0.00142	TAATTTTTTTTTTTTTTTTTTTTGAGATGG
pattern_2		8:129003458:G:A:R:wC	26	55	+	16.6429	7.45e-07	0.00142	TTCTTTTTTTTTTTTTTTTTTTTGAGACGG
pattern_2		1:76223816:T:C:A:wC	28	57	+	16.6429	7.45e-07	0.00142	TTTTTTAATTATTATTTTTTTCATACAGAG
pattern_2		7:131007371:G:A:A:wC	47	76	+	16.619	7.55e-07	0.00142	TTTTTTTTTTTTTTTTTTTTTTTGAGACGG
pattern_2		17:73010320:G:C:A:wC	56	85	+	16.619	7.55e-07	0.00142	TTTTTTTTTTTTTTTTTTTTTTTGAGACGG
pattern_2		5:172382175:A:G:A:wC	59	88	+	16.619	7.55e-07	0.00142	TTTTTTTTTTTTTTTTTTTTTTTGAGACGG
pattern_2		12:57079586:A:G:R:wC	70	99	+	16.619	7.55e-07	0.00142	TTTTTTTTTTTTTTTTTTTTTTTGAGACGG
pattern_2		20:5942955:C:A:R:wC	154	183	+	16.619	7.55e-07	0.00142	TTTTTTTTTTTTTTTTTTTTTTTGAGACGG
pattern_2		12:516880:A:G:R:wC	169	198	+	16.619	7.55e-07	0.00142	TTTTTTTTTTTTTTTTTTTTTTTGAGACGG
pattern_1		10:115796337:A:G:R:wC	22	51	+	16.5833	7.57e-07	0.00744	TATTTATTTATTTATTTTTATTTTTATTTT
pattern_1		1:204939136:G:A:R:wC	167	196	-	16.5833	7.57e-07	0.00744	AGTTCTTTTTTTTTTTTTTTTTTTTTTTTT
pattern_2		6:35432100:C:T:R:wC	8	37	+	16.6071	7.6e-07	0.00142	CTTCTTTTTTTTTTTTTTTTTTTTTTGAGA
pattern_2		17:30610375:G:C:R:wC	58	87	+	16.6071	7.6e-07	0.00142	CTTCTTTTTTTTTTTTTTTTTTTTTTGAGA
pattern_2		11:62387222:C:T:A:wC	46	75	+	16.5714	7.76e-07	0.00144	TAACTTTTTTTTTTTTTTTTTTTTTTTTTC
pattern_1		8:129003458:G:A:R:wC	18	47	+	16.5476	7.83e-07	0.00758	TCTTTTCTTTCTTTTTTTTTTTTTTTTTTT
pattern_2		13:21341377:G:A:R:wC	167	196	-	16.5238	7.97e-07	0.00148	ATCTTTTTTTTTTTTTTTTTTTTTTTTTTG
pattern_2		19:29454928:G:C:A:wC	34	63	+	16.5	8.07e-07	0.00149	ACTTTGATTTTTTTTTTTTTTTTTTTTTGA
pattern_2		17:13909320:G:C:R:wC	46	75	-	16.5	8.07e-07	0.00149	GTCTCTCTTTTTTTTTTTTTTTTTTTTGAG
pattern_2		17:18263957:G:C:A:wC	10	39	-	16.4881	8.13e-07	0.00149	TTTCTTTTCTTTTTTTTTTTTTTGAGACAG
pattern_2		12:57079586:A:G:R:wC	61	90	+	16.4762	8.18e-07	0.00149	ACACTTACTTTTTTTTTTTTTTTTTTTTTT
pattern_2		12:6763515:G:C:R:wC	75	104	+	16.4762	8.18e-07	0.00149	TATTTTTCTTTTTTTTTTTTTTTGAGACAG
pattern_2		1:204939136:G:A:R:wC	166	195	-	16.4762	8.18e-07	0.00149	GTTCTTTTTTTTTTTTTTTTTTTTTTTTTG
pattern_1		11:40662499:G:C:A:wC	171	200	-	16.5	8.19e-07	0.00778	TTTTTTAAATTTACTTTTTTTTTTTTTTTT
pattern_1		20:5942955:C:A:R:wC	141	170	+	16.4881	8.28e-07	0.00778	TTCTTTTTTTTTTTTTTTTTTTTTTTTTTT
pattern_2		15:94841430:G:A:A:wC	72	101	+	16.4286	8.4e-07	0.00152	TTTTTTGTTGTTTTTTTCTGTTTTATAGAA
pattern_2		1:16771474:C:T:R:wC	106	135	+	16.4286	8.4e-07	0.00152	GCTAATTTTTTTTGTACTTTTAGTAGAGAC
pattern_2		4:71736336:G:A:R:wC	55	84	+	16.4167	8.46e-07	0.00153	TCTCTTTTTTTTTTTTTTTTTTTGAGTCAG
pattern_1		6:42993336:G:A:R:wC	125	154	-	16.4643	8.47e-07	0.00784	GCCTCTATTTTTTTTTTTTTTTTTTTTTTT
pattern_2		6:158621028:A:G:A:wC	11	40	-	16.3929	8.57e-07	0.00154	CCGGTCTTTTTTTTTTTTTTTTTTTTTTGA
pattern_2		12:6763515:G:C:R:wC	71	100	+	16.3929	8.57e-07	0.00154	ACTCTATTTTTCTTTTTTTTTTTTTTTGAG
pattern_2		1:228371551:G:A:A:wC	63	92	-	16.3929	8.57e-07	0.00154	ACGTTTCTTTTTTTTTTTTTTTTTTGGAGA
pattern_3		17:47342782:C:T:R:wC	45	74	+	16.8415	8.58e-07	0.00279	TTCACGGAGTCTCGCTCTGTCGCCCAGGCT
pattern_2		12:11962839:C:T:R:wC	9	38	+	16.3452	8.8e-07	0.00157	TTTTTTTTTTTTTTTTTTTTTTTTTGGAGA
pattern_2		8:27587944:G:C:A:wC	158	187	+	16.3452	8.8e-07	0.00157	TTGATTTTTTTTTTTTTTTTTAATCGGGTC
pattern_2		1:204939136:G:A:R:wC	163	192	-	16.3333	8.86e-07	0.00157	CTTTTTTTTTTTTTTTTTTTTTTTTTGAGA
pattern_1		9:131101845:C:T:R:wC	15	44	+	16.4167	8.86e-07	0.00803	CCAGAATCTTTTTTTTTTTTTTTTTTTTTT
pattern_2		1:204939136:G:A:R:wC	165	194	-	16.3214	8.92e-07	0.00158	TTCTTTTTTTTTTTTTTTTTTTTTTTTTGA
pattern_2		11:62387222:C:T:A:wC	48	77	+	16.3095	8.98e-07	0.00159	ACTTTTTTTTTTTTTTTTTTTTTTTTTCAG
pattern_2		9:131101845:C:T:R:wC	25	54	+	16.2976	9.04e-07	0.00159	TTTTTTTTTTTTTTTTTTTTTTTTTTTTGA
pattern_2		20:5942955:C:A:R:wC	149	178	+	16.2976	9.04e-07	0.00159	TTTTTTTTTTTTTTTTTTTTTTTTTTTTGA
pattern_1		9:131861118:A:C:R:wC	64	93	+	16.3929	9.06e-07	0.00803	TTTTTTCTTTTTTCTTTTTTTTTTTTTTTT
pattern_1		12:53210503:G:A:A:wC	119	148	+	16.3929	9.06e-07	0.00803	TAATTTTTTTTTTTTTTTTTTTTGTATTTT
pattern_2		7:29188870:G:A:R:wC	30	59	+	16.2619	9.22e-07	0.00161	TTTCCCTTTTTTTTTTTTTTTTTTTTTGAG
pattern_3		16:67241930:C:T:A:wC	134	163	-	16.7317	9.25e-07	0.00299	GTGCTCCAGTTTCTCCAGCTGAGGCAGCTG
pattern_2		12:121424406:G:A:R:wC	63	92	+	16.25	9.28e-07	0.00162	TCTGTAACTTTTTGTTTGTTTGTTTGTTTT
pattern_2		7:99915673:C:T:A:wC	27	56	-	16.2381	9.34e-07	0.00162	TTTTTTGTTCTTTTTTTTTTTTTTTTTTTT
pattern_2		7:37377172:G:C:R:wC	48	77	-	16.2381	9.34e-07	0.00162	GTGTTTTTTTTTTTTTTTTTTTATACTTTA
pattern_1		9:131101845:C:T:R:wC	22	51	+	16.3571	9.37e-07	0.00808	CTTTTTTTTTTTTTTTTTTTTTTTTTTTTT
pattern_1		20:5942955:C:A:R:wC	143	172	+	16.3571	9.37e-07	0.00808	CTTTTTTTTTTTTTTTTTTTTTTTTTTTTT
pattern_2		7:99915673:C:T:A:wC	19	48	-	16.2262	9.4e-07	0.00162	TCTTTTTTTTTTTTTTTTTTTTTGAGACGG
pattern_2		1:204939136:G:A:R:wC	167	196	-	16.2262	9.4e-07	0.00162	AGTTCTTTTTTTTTTTTTTTTTTTTTTTTT
pattern_2		3:197326771:T:G:R:wC	56	85	+	16.2143	9.46e-07	0.00163	ACTATTTTTTTTTGTTTTTTTTTGAGACGG
pattern_2		1:26377185:G:A:R:wC	69	98	+	16.2143	9.46e-07	0.00163	CCTCTTTTTTTTTTTTTTTTTTTTTTGAGA
pattern_2		8:27406850:A:G:A:wC	48	77	+	16.2024	9.53e-07	0.00163	GTTTCCATTTTCTGTTTTTTTAATATATAG
pattern_3		5:131008885:C:T:A:wC	148	177	+	16.6829	9.56e-07	0.00307	GAGACAGAGTTTTGCCATGTTTCCTAGGGT
pattern_1		11:40662499:G:C:A:wC	165	194	-	16.3333	9.58e-07	0.00815	AAATTTACTTTTTTTTTTTTTTTTTTTTGA
pattern_2		5:172382175:A:G:A:wC	52	81	+	16.1905	9.59e-07	0.00164	GGTTAGTTTTTTTTTTTTTTTTTTTTTTTT
pattern_2		17:18290295:A:G:R:wC	6	35	+	16.1786	9.65e-07	0.00164	TTGGTTAATTTTTTTTTTTTTTTTTTGAGA
pattern_2		17:18290295:A:G:A:wC	6	35	+	16.1786	9.65e-07	0.00164	TTGGTTAATTTTTTTTTTTTTTTTTTGAGA
pattern_2		13:99109976:G:A:A:wC	7	36	+	16.1667	9.72e-07	0.00165	CCAGCTAGTTTTTGTATTTTTAATAGAGAC
pattern_2		8:23082971:G:T:A:wC	117	146	+	16.1548	9.78e-07	0.00165	TGCCTTTTTTTTTTTTTTTTTTTTTTGAGA
pattern_1		1:28260898:G:A:A:wC	5	34	-	16.3095	9.8e-07	0.00822	CTTTTAAAATTTTTTATTATTTTAACTTTT
pattern_2		9:131101845:C:T:R:wC	16	45	+	16.131	9.91e-07	0.00167	CAGAATCTTTTTTTTTTTTTTTTTTTTTTT
pattern_2		1:100650664:A:G:A:wC	149	178	+	16.131	9.91e-07	0.00167	TGGGTAATTCCTTTTTTTTTTTTTTTTTTT
pattern_2		5:124563598:A:C:R:wC	5	34	+	16.119	9.97e-07	0.00167	CAATGTTTCTTTTATTTTTTCCGTTGAAAC
pattern_2		11:7983846:G:A:A:wC	26	55	+	16.119	9.97e-07	0.00167	CCTGTTCTTTTTTTTTTTTTTTTTTTTTTG
pattern_3		3:38047954:G:C:R:wC	37	66	+	16.6098	1e-06	0.00321	GGGCTACTGATTCCCCATCTTCCCCAGCCT
pattern_1		9:131101845:C:T:R:wC	17	46	+	16.2738	1.01e-06	0.00836	AGAATCTTTTTTTTTTTTTTTTTTTTTTTT
pattern_1		11:17346379:C:T:A:wC	43	72	+	16.2619	1.02e-06	0.00836	TTTGTCTATTTATTTATTTATTTATTTATT
pattern_1		7:141387520:C:T:R:wC	4	33	+	16.25	1.04e-06	0.00836	TCGGCTAATTTTTTTTTTTTTTTTTTTTGA
pattern_2		6:35432100:C:T:R:wC	5	34	+	16.0357	1.04e-06	0.00174	GGTCTTCTTTTTTTTTTTTTTTTTTTTTTG
pattern_3		5:142052130:T:C:R:wC	58	87	+	16.5488	1.05e-06	0.00333	GAAACCAAGTCTCACTCTGTCGCCCAGGCT
pattern_0		19:57807525:G:A:A:wC	48	77	-	15.9529	1.05e-06	0.072	AAAAAAAAATTAAAAAAAATTATAATAATA
pattern_2		5:142052130:T:C:R:wC	31	60	+	16.0238	1.05e-06	0.00175	TACAGTTTTTTTTTTTTTTTTTTTTTTGAA
pattern_2		12:125541085:T:C:R:wC	162	191	+	16.0119	1.06e-06	0.00176	GCCCTTTTTTTTTTTTTTTTTTTGAGACGG
pattern_1		16:21743592:C:A:R:wC	152	181	+	16.2262	1.06e-06	0.0084	TTAGATGTTTATTATTATTTTTATTTTTCC
pattern_2		16:66052131:A:G:R:wC	15	44	+	16	1.06e-06	0.00176	CACTTGTTTTTTTGTTTTTTTGTTTTGGTG
pattern_2		15:65566674:G:A:R:wC	4	33	+	15.9881	1.07e-06	0.00177	AGCATACTTTTTTTTTTTTTTTTGAAAGTG
pattern_2		13:50179454:T:C:A:wC	132	161	+	15.9762	1.08e-06	0.00178	TGCATTTTTTTTTGTTTGTTTTTTCTTTTT
pattern_1		12:132577378:G:A:R:wC	3	32	+	16.2024	1.08e-06	0.0084	TCTTTTTCTTTTTCTTTTTTTTTTTTTTTG
pattern_1		19:29454928:G:C:A:wC	33	62	+	16.2024	1.08e-06	0.0084	AACTTTGATTTTTTTTTTTTTTTTTTTTTG
pattern_2		1:76223816:T:C:A:wC	10	39	+	15.9643	1.09e-06	0.00178	ATCTAATTTTTTTACTTTTTTTTTAATTAT
pattern_2		17:73010320:G:C:A:wC	50	79	+	15.9643	1.09e-06	0.00178	GGGCCTTTTTTTTTTTTTTTTTTTTTTTTG
pattern_2		17:30610375:G:C:R:wC	55	84	+	15.9524	1.09e-06	0.00178	TTTCTTCTTTTTTTTTTTTTTTTTTTTTTG
pattern_1		12:6763515:G:C:R:wC	69	98	+	16.1905	1.09e-06	0.0084	TCACTCTATTTTTCTTTTTTTTTTTTTTTG
pattern_2		17:73010320:G:C:A:wC	53	82	+	15.9405	1.1e-06	0.00179	CCTTTTTTTTTTTTTTTTTTTTTTTTGAGA
pattern_2		3:14938030:T:C:A:wC	42	71	+	15.9286	1.11e-06	0.0018	ATGTAACTTTTTTTTTTTTTTTTGAGACGG
pattern_2		17:30610375:G:C:R:wC	52	81	+	15.9167	1.11e-06	0.0018	CCTTTTCTTCTTTTTTTTTTTTTTTTTTTT
pattern_2		1:26377185:G:A:R:wC	66	95	+	15.9167	1.11e-06	0.0018	CTGCCTCTTTTTTTTTTTTTTTTTTTTTTG
pattern_2		10:62500217:C:T:A:wC	46	75	-	15.9167	1.11e-06	0.0018	TTTTTAATTCTTTTTTTTTTTTTCTTTGTA
pattern_1		11:62387222:C:T:A:wC	45	74	+	16.1667	1.12e-06	0.00845	CTAACTTTTTTTTTTTTTTTTTTTTTTTTT
pattern_2		6:158621028:A:G:A:wC	9	38	-	15.9048	1.12e-06	0.0018	GGTCTTTTTTTTTTTTTTTTTTTTTTGAGG
pattern_2		13:21341377:G:A:R:wC	166	195	-	15.9048	1.12e-06	0.0018	TCTTTTTTTTTTTTTTTTTTTTTTTTTTGA
pattern_3		22:50952570:A:G:R:wC	144	173	-	16.439	1.13e-06	0.00356	CCAGAGGGAGGCCTCCATGCTGGCCAGCCT
pattern_2		6:158621028:A:G:A:wC	6	35	-	15.8929	1.13e-06	0.0018	CTTTTTTTTTTTTTTTTTTTTTTGAGGCAG
pattern_2		6:42993336:G:A:R:wC	123	152	-	15.8929	1.13e-06	0.0018	CTCTATTTTTTTTTTTTTTTTTTTTTTTGA
pattern_2		1:228371551:G:A:A:wC	64	93	-	15.869	1.14e-06	0.00182	GACGTTTCTTTTTTTTTTTTTTTTTTGGAG
pattern_0		10:115796337:A:G:R:wC	14	43	-	15.8588	1.15e-06	0.072	AATAAAAATAAATAAATAAATATCAAACCA
pattern_2		10:115796337:A:G:R:wC	40	69	+	15.8571	1.15e-06	0.00183	TATTTTTATTTTTATTTTTTTTTGAGATGG
pattern_1		1:204939136:G:A:R:wC	170	199	-	16.131	1.16e-06	0.00845	AGTAGTTCTTTTTTTTTTTTTTTTTTTTTT
pattern_1		9:131101845:C:T:R:wC	24	53	+	16.119	1.17e-06	0.00845	TTTTTTTTTTTTTTTTTTTTTTTTTTTTTG
pattern_1		20:5942955:C:A:R:wC	148	177	+	16.119	1.17e-06	0.00845	TTTTTTTTTTTTTTTTTTTTTTTTTTTTTG
pattern_3		20:30835489:T:C:A:wC	5	34	+	16.378	1.17e-06	0.00369	GAGACAGAGTCTTGCTCTGTCACCCAGGCT
pattern_2		1:155857540:G:A:R:wC	28	57	+	15.8214	1.17e-06	0.00185	CGCTAATTTTTTTTTTTTTTTTTTTTGAGA
pattern_2		17:73010320:G:C:A:wC	48	77	+	15.8214	1.17e-06	0.00185	TGGGGCCTTTTTTTTTTTTTTTTTTTTTTT
pattern_2		17:66215837:A:T:A:wC	96	125	+	15.8095	1.18e-06	0.00186	TGGCTAATTTTTTTTTTTTTTTTGTAGAGA
pattern_1		13:21341377:G:A:R:wC	170	199	-	16.0952	1.19e-06	0.00845	AATATCTTTTTTTTTTTTTTTTTTTTTTTT
pattern_2		2:97005275:G:A:A:wC	151	180	-	15.7857	1.2e-06	0.00188	GACTTCTCTTTTTTTTTTTTTTTTTTTGAG
pattern_2		1:165734603:T:C:R:wC	5	34	+	15.7738	1.2e-06	0.00189	TTGCAGTTTTATTTTATTTTTATTTTTTTT
pattern_1		10:115796337:A:G:R:wC	24	53	+	16.0833	1.21e-06	0.00845	TTTATTTATTTATTTTTATTTTTATTTTTA
pattern_1		11:62387222:C:T:A:wC	48	77	+	16.0833	1.21e-06	0.00845	ACTTTTTTTTTTTTTTTTTTTTTTTTTCAG
pattern_1		19:57807525:G:A:A:wC	52	81	+	16.0833	1.21e-06	0.00845	ATTATAATTTTTTTTAATTTTTTTTTTGAG
pattern_2		8:26049480:C:G:A:wC	139	168	+	15.75	1.22e-06	0.00191	CCAGATACTTTTTTTTTTTTTTTTTTTTTT
pattern_2		13:85136540:G:A:A:wC	1	30	+	15.7143	1.24e-06	0.00193	TAGTTTTTTGTTTGTTTGTTCATTTGTTTT
pattern_2		20:5942955:C:A:R:wC	135	164	+	15.7143	1.24e-06	0.00193	CTTCATTTCTTTTTTTTTTTTTTTTTTTTT
pattern_2		13:103447529:G:A:R:wC	171	200	-	15.7143	1.24e-06	0.00193	CTTTTGCTTTTTTTTTTTTTTTTTTTTTTG
pattern_2		11:62387222:C:T:A:wC	47	76	+	15.6905	1.26e-06	0.00193	AACTTTTTTTTTTTTTTTTTTTTTTTTTCA
pattern_2		8:128797214:T:G:R:wC	103	132	+	15.6905	1.26e-06	0.00193	CAAGGCTTTTTTTTTTTCTTTTTTTCAGAG
pattern_1		20:5942955:C:A:R:wC	136	165	+	16.0357	1.26e-06	0.00863	TTCATTTCTTTTTTTTTTTTTTTTTTTTTT
pattern_2		12:11962839:C:T:R:wC	6	35	+	15.6786	1.27e-06	0.00193	GCTTTTTTTTTTTTTTTTTTTTTTTTTTGG
pattern_2		11:654229:T:C:R:wC	31	60	+	15.6786	1.27e-06	0.00193	ACCCCCTTTTTTTTTTTTTTTTTTTTTGAG
pattern_2		12:53210503:G:A:A:wC	117	146	+	15.6786	1.27e-06	0.00193	GCTAATTTTTTTTTTTTTTTTTTTTGTATT
pattern_1		6:135845145:C:T:A:wC	6	35	+	16.0238	1.28e-06	0.00863	TTTTATTATTATTATTATTATTATTTTGAG
pattern_1		16:21743592:C:A:R:wC	155	184	+	16.0238	1.28e-06	0.00863	GATGTTTATTATTATTTTTATTTTTCCATA
pattern_2		6:35432100:C:T:R:wC	3	32	+	15.6667	1.28e-06	0.00193	AGGGTCTTCTTTTTTTTTTTTTTTTTTTTT
pattern_2		11:654229:T:C:R:wC	34	63	+	15.6667	1.28e-06	0.00193	CCCTTTTTTTTTTTTTTTTTTTTTGAGATG
pattern_2		11:62387222:C:T:A:wC	54	83	+	15.6667	1.28e-06	0.00193	TTTTTTTTTTTTTTTTTTTTTCAGAGACAA
pattern_2		10:88533607:C:A:R:wC	97	126	+	15.6667	1.28e-06	0.00193	TTTCATTCTTTTTTTTTTTTTTTGAGACAG
pattern_3		7:16721382:A:G:A:wC	142	171	-	16.2439	1.28e-06	0.00401	GAGATGGAATCTCACTCTGTCACCAAGGTT
pattern_2		7:37377172:G:C:R:wC	45	74	-	15.6548	1.28e-06	0.00193	TTTTTTTTTTTTTTTTTTTATACTTTAAGT
pattern_2		8:1811037:C:T:A:wC	5	34	+	15.6429	1.29e-06	0.00193	TTTTTTTTTTTTTTTTTTTTTGAGACAGAG
pattern_2		6:35432100:C:T:R:wC	13	42	+	15.6429	1.29e-06	0.00193	TTTTTTTTTTTTTTTTTTTTTGAGACAGAG
pattern_2		7:29188870:G:A:R:wC	36	65	+	15.6429	1.29e-06	0.00193	TTTTTTTTTTTTTTTTTTTTTGAGACAGAG
pattern_2		5:172382175:A:G:A:wC	56	85	+	15.6429	1.29e-06	0.00193	AGTTTTTTTTTTTTTTTTTTTTTTTTGAGA
pattern_2		8:23082971:G:T:A:wC	119	148	+	15.6429	1.29e-06	0.00193	CCTTTTTTTTTTTTTTTTTTTTTTGAGATG
pattern_2		6:42993336:G:A:R:wC	116	145	-	15.6429	1.29e-06	0.00193	TTTTTTTTTTTTTTTTTTTTTGAGACAGAG
pattern_2		1:100650664:A:G:A:wC	160	189	+	15.6429	1.29e-06	0.00193	TTTTTTTTTTTTTTTTTTTTTGAGACAGAG
pattern_2		20:5942955:C:A:R:wC	137	166	+	15.631	1.3e-06	0.00193	TCATTTCTTTTTTTTTTTTTTTTTTTTTTT
pattern_2		20:5942955:C:A:R:wC	139	168	+	15.631	1.3e-06	0.00193	ATTTCTTTTTTTTTTTTTTTTTTTTTTTTT
pattern_2		1:25040315:C:T:A:wC	137	166	+	15.619	1.31e-06	0.00193	CTGCCTTCCTTTTTTTTTTTTTTCAGTAAG
pattern_2		8:26049480:C:G:A:wC	146	175	+	15.619	1.31e-06	0.00193	CTTTTTTTTTTTTTTTTTTTTTTTGAGACA
pattern_2		17:13909320:G:C:R:wC	40	69	-	15.6071	1.32e-06	0.00194	CTTTTTTTTTTTTTTTTTTTTGAGATGGAT
pattern_1		10:70633047:C:A:A:wC	58	87	+	15.9881	1.32e-06	0.00882	ACAAGAGCATTTTTTTTTTTTTTTTTTTTT
pattern_2		11:121998254:C:T:R:wC	158	187	+	15.5714	1.34e-06	0.00197	TGGCTAATTTTTTGTAATTTTTTTTTTAGT
pattern_3		16:85974961:C:T:R:wC	3	32	+	16.1707	1.34e-06	0.00419	GAGACGGAGTCTTGCTCTGTCACCCAAGCT
pattern_2		6:35432100:C:T:R:wC	2	31	+	15.5476	1.36e-06	0.00199	CAGGGTCTTCTTTTTTTTTTTTTTTTTTTT
pattern_1		1:76223816:T:C:A:wC	19	48	+	15.9524	1.36e-06	0.00902	TTTTACTTTTTTTTTAATTATTATTTTTTT
pattern_3		17:18290295:A:G:A:wC	32	61	+	16.1463	1.37e-06	0.00419	GAGACAGAGTCTTGCTCTGTCGCCCAGGCT
pattern_3		17:18290295:A:G:R:wC	32	61	+	16.1463	1.37e-06	0.00419	GAGACAGAGTCTTGCTCTGTCGCCCAGGCT
pattern_3		8:6513260:C:T:R:wC	33	62	+	16.1463	1.37e-06	0.00419	GAGACAGAGTCTTGCTCTGTCGCCCAGGCT
pattern_2		6:35432100:C:T:R:wC	4	33	+	15.5238	1.38e-06	0.00201	GGGTCTTCTTTTTTTTTTTTTTTTTTTTTT
pattern_2		11:7983846:G:A:A:wC	24	53	+	15.5119	1.39e-06	0.00202	AGCCTGTTCTTTTTTTTTTTTTTTTTTTTT
pattern_1		2:207984514:G:A:A:wC	1	30	+	15.9286	1.39e-06	0.00904	ATGTCCATTTTTTTTAATTTTTATTGTTTT
pattern_2		7:29188870:G:A:R:wC	27	56	+	15.5	1.4e-06	0.00203	CTGTTTCCCTTTTTTTTTTTTTTTTTTTTT
pattern_2		6:3134826:G:A:R:wC	104	133	+	15.4881	1.4e-06	0.00204	CTGGCTAATTTTTTTTTTTTTTTTTTTTGA
pattern_2		10:115796337:A:G:R:wC	32	61	+	15.4762	1.41e-06	0.00205	TTTATTTTTATTTTTATTTTTATTTTTTTT
pattern_1		8:30029914:G:A:R:wC	89	118	+	15.9048	1.42e-06	0.00904	TTTTCCAAATCGTATTTATTTTTAAACTTT
pattern_1		20:5942955:C:A:R:wC	140	169	+	15.9048	1.42e-06	0.00904	TTTCTTTTTTTTTTTTTTTTTTTTTTTTTT
pattern_2		22:38309938:G:A:A:wC	41	70	+	15.4643	1.42e-06	0.00206	AACTCTTTTTTTTTTTTTTTTGATACAGAG
pattern_2		21:46369947:G:A:R:wC	162	191	+	15.4524	1.43e-06	0.00206	TCAGGGATTTTTTTTTTTTTTAAGATAACT
pattern_1		17:18263957:G:C:A:wC	17	46	-	15.8929	1.44e-06	0.00904	TCTTTCTTTTCTTTTCTTTTTTTTTTTTTT
pattern_1		11:40662499:G:C:A:wC	169	198	-	15.8929	1.44e-06	0.00904	TTTTAAATTTACTTTTTTTTTTTTTTTTTT
pattern_2		16:66052131:A:G:R:wC	14	43	+	15.4405	1.44e-06	0.00207	ACACTTGTTTTTTTGTTTTTTTGTTTTGGT
pattern_2		7:141387520:C:T:R:wC	11	40	+	15.4286	1.45e-06	0.00208	ATTTTTTTTTTTTTTTTTTTTGAGACAGAG
pattern_1		10:115796337:A:G:R:wC	25	54	+	15.881	1.45e-06	0.00905	TTATTTATTTATTTTTATTTTTATTTTTAT
pattern_2		21:43388784:G:A:A:wC	154	183	+	15.3929	1.48e-06	0.00212	GTGTTTTTTTTTTTTTTTTGTAGGATTGTA
pattern_3		10:60384459:T:G:R:wC	13	42	+	16.0244	1.48e-06	0.00452	GAGACAGAGTCTTGCTGTGTTGCCCAGGCT
pattern_1		7:128402711:C:T:R:wC	44	73	+	15.8571	1.48e-06	0.00907	GCTGATAATTATTTTTATTTTTAAAATTTA
pattern_1		1:26377185:G:A:R:wC	65	94	+	15.8571	1.48e-06	0.00907	TCTGCCTCTTTTTTTTTTTTTTTTTTTTTT
pattern_2		1:21768191:G:C:R:wC	100	129	-	15.381	1.49e-06	0.00213	ACTTTTTTTTTTTTTTTTTTTGAGATAGGC
pattern_2		1:100650664:A:G:A:wC	154	183	+	15.3571	1.51e-06	0.00214	AATTCCTTTTTTTTTTTTTTTTTTTTTGAG
pattern_2		13:21341377:G:A:R:wC	159	188	-	15.3571	1.51e-06	0.00214	TTTTTTTTTTTTTTTTTTTTTGAGACAGAA
pattern_2		6:158621028:A:G:A:wC	7	36	-	15.3452	1.52e-06	0.00215	TCTTTTTTTTTTTTTTTTTTTTTTGAGGCA
pattern_2		17:73010320:G:C:A:wC	49	78	+	15.3452	1.52e-06	0.00215	GGGGCCTTTTTTTTTTTTTTTTTTTTTTTT
pattern_1		11:17346379:C:T:A:wC	57	86	+	15.8214	1.53e-06	0.00928	TATTTATTTATTTATTTATTTATTTATTTT
pattern_2		22:37976422:T:C:A:wC	14	43	+	15.3095	1.55e-06	0.00218	TTCTAATTTTCTTTTTTTTTTTTTTTTGAG
pattern_2		8:129003458:G:A:R:wC	19	48	+	15.3095	1.55e-06	0.00218	CTTTTCTTTCTTTTTTTTTTTTTTTTTTTT
pattern_2		14:105582775:C:T:R:wC	32	61	+	15.2976	1.55e-06	0.00219	CTTTTTCTTTTTTTTTTTTTTTTTTTGAGA
pattern_1		19:29454928:G:C:A:wC	34	63	+	15.7976	1.57e-06	0.00939	ACTTTGATTTTTTTTTTTTTTTTTTTTTGA
pattern_2		2:103147561:G:A:A:wC	52	81	+	15.2738	1.57e-06	0.0022	CCTAAATTCTTTTTTTTTTTTTTTTTTGAG
pattern_2		1:204939136:G:A:R:wC	169	198	-	15.2738	1.57e-06	0.0022	GTAGTTCTTTTTTTTTTTTTTTTTTTTTTT
pattern_2		9:131101845:C:T:R:wC	27	56	+	15.2619	1.58e-06	0.0022	TTTTTTTTTTTTTTTTTTTTTTTTTTGAGA
pattern_2		20:5942955:C:A:R:wC	151	180	+	15.2619	1.58e-06	0.0022	TTTTTTTTTTTTTTTTTTTTTTTTTTGAGA
pattern_2		11:40662499:G:C:A:wC	158	187	-	15.2619	1.58e-06	0.0022	CTTTTTTTTTTTTTTTTTTTTGAGATGGAC
pattern_2		13:21341377:G:A:R:wC	164	193	-	15.2619	1.58e-06	0.0022	TTTTTTTTTTTTTTTTTTTTTTTTTTGAGA
pattern_2		12:132577378:G:A:R:wC	1	30	+	15.25	1.59e-06	0.0022	TTTCTTTTTCTTTTTCTTTTTTTTTTTTTT
pattern_2		7:29188870:G:A:R:wC	33	62	+	15.25	1.59e-06	0.0022	CCCTTTTTTTTTTTTTTTTTTTTTGAGACA
pattern_2		2:97005275:G:A:A:wC	145	174	-	15.25	1.59e-06	0.0022	TCTTTTTTTTTTTTTTTTTTTGAGACAGAG
pattern_1		9:131101845:C:T:R:wC	19	48	+	15.7738	1.6e-06	0.00948	AATCTTTTTTTTTTTTTTTTTTTTTTTTTT
pattern_0		19:57807525:G:A:A:wC	50	79	-	15.5059	1.6e-06	0.0853	CAAAAAAAAAATTAAAAAAAATTATAATAA
pattern_2		12:11962839:C:T:R:wC	3	32	+	15.2143	1.63e-06	0.00223	TCTGCTTTTTTTTTTTTTTTTTTTTTTTTT
pattern_1		10:115796337:A:G:R:wC	31	60	+	15.75	1.63e-06	0.00948	ATTTATTTTTATTTTTATTTTTATTTTTTT
pattern_2		5:142052130:T:C:R:wC	32	61	+	15.2024	1.64e-06	0.00223	ACAGTTTTTTTTTTTTTTTTTTTTTTGAAA
pattern_2		17:73010320:G:C:A:wC	47	76	+	15.2024	1.64e-06	0.00223	CTGGGGCCTTTTTTTTTTTTTTTTTTTTTT
pattern_2		12:53210503:G:A:A:wC	123	152	+	15.2024	1.64e-06	0.00223	TTTTTTTTTTTTTTTTTTTGTATTTTTAGT
pattern_1		19:57807525:G:A:A:wC	39	68	+	15.7381	1.65e-06	0.00948	TCTTTCTATTATTATTATAATTTTTTTTAA
pattern_1		8:26049480:C:G:A:wC	141	170	+	15.7381	1.65e-06	0.00948	AGATACTTTTTTTTTTTTTTTTTTTTTTTG
pattern_1		1:155857540:G:A:R:wC	26	55	+	15.7262	1.67e-06	0.00948	CCCGCTAATTTTTTTTTTTTTTTTTTTTGA
pattern_2		17:28908718:T:C:R:wC	51	80	+	15.1548	1.68e-06	0.00227	GGTCTTAACTTTTTTTTTTTTTTTGGGGGG
pattern_2		1:26377185:G:A:R:wC	67	96	+	15.1548	1.68e-06	0.00227	TGCCTCTTTTTTTTTTTTTTTTTTTTTTGA
pattern_2		10:62500217:C:T:A:wC	43	72	-	15.1548	1.68e-06	0.00227	TTAATTCTTTTTTTTTTTTTCTTTGTAGAG
pattern_2		8:23082971:G:T:A:wC	113	142	+	15.1548	1.68e-06	0.00227	AGCCTGCCTTTTTTTTTTTTTTTTTTTTTT
pattern_1		7:131007371:G:A:A:wC	40	69	+	15.7143	1.69e-06	0.00948	AAACACTTTTTTTTTTTTTTTTTTTTTTTT
pattern_1		17:45963810:G:A:R:wC	123	152	+	15.7143	1.69e-06	0.00948	ATTTTAATTTAATTTTTATTTTTATTTTCA
pattern_1		1:57229256:A:G:R:wC	123	152	+	15.7024	1.71e-06	0.0095	CAGTCTTAATATTATATCTTTTTTCTGTTT
pattern_2		2:207984514:G:A:A:wC	2	31	+	15.119	1.71e-06	0.00231	TGTCCATTTTTTTTAATTTTTATTGTTTTT
pattern_2		8:129003458:G:A:R:wC	25	54	+	15.1071	1.72e-06	0.00232	TTTCTTTTTTTTTTTTTTTTTTTTGAGACG
pattern_1		17:45963810:G:A:R:wC	118	147	+	15.6905	1.72e-06	0.0095	ATTTTATTTTAATTTAATTTTTATTTTTAT
pattern_2		1:235583690:C:T:R:wC	35	64	+	15.0952	1.73e-06	0.00233	ATGCAGTTCTTTTTTTTTTTTTTGAGATGG
pattern_3		5:96518927:C:G:A:wC	51	80	+	15.7805	1.73e-06	0.00527	CACATTCACTTTCCCCATGGCGGCCCCAGT
pattern_1		11:62387222:C:T:A:wC	43	72	+	15.6786	1.74e-06	0.0095	AGCTAACTTTTTTTTTTTTTTTTTTTTTTT
pattern_3		19:48267703:C:T:A:wC	84	113	+	15.7561	1.76e-06	0.00533	GAGACGGAGTCTTGCTTTGTCACCCAGGCT
pattern_2		3:71452241:C:G:R:wC	94	123	+	15.0476	1.77e-06	0.00238	AGTTTACTTTTTTGTTTTGTTTTTTCTTTC
pattern_1		11:8043412:G:A:R:wC	152	181	-	15.6548	1.78e-06	0.0095	GAAAAATAATTTTCTTTTTTTTTTTTTTTT
pattern_1		11:40662499:G:C:A:wC	170	199	-	15.6548	1.78e-06	0.0095	TTTTTAAATTTACTTTTTTTTTTTTTTTTT
pattern_2		15:94841430:G:A:A:wC	50	79	+	15.0357	1.79e-06	0.00239	GTTTTTTTTTTTTGTTTGTTTGTTTTTTGT
pattern_2		15:101390481:G:A:R:wC	12	41	+	15.0238	1.8e-06	0.00239	TCTCTCTTTTTTTTTTTTTTTAGGTGGAGT
pattern_2		11:7983846:G:A:A:wC	29	58	+	15.0238	1.8e-06	0.00239	GTTCTTTTTTTTTTTTTTTTTTTTTTGAGA
pattern_2		7:99915673:C:T:A:wC	24	53	-	15.0238	1.8e-06	0.00239	TTTGTTCTTTTTTTTTTTTTTTTTTTTTGA
pattern_1		13:21341377:G:A:R:wC	167	196	-	15.6429	1.8e-06	0.0095	ATCTTTTTTTTTTTTTTTTTTTTTTTTTTG
pattern_2		1:76223816:T:C:A:wC	9	38	+	15.0119	1.81e-06	0.0024	TATCTAATTTTTTTACTTTTTTTTTAATTA
pattern_1		7:99915673:C:T:A:wC	25	54	-	15.631	1.82e-06	0.0095	TTTTGTTCTTTTTTTTTTTTTTTTTTTTTG
pattern_2		12:57079586:A:G:R:wC	65	94	+	14.9881	1.83e-06	0.00243	TTACTTTTTTTTTTTTTTTTTTTTTTTTGA
pattern_2		9:131101845:C:T:R:wC	29	58	+	14.9643	1.85e-06	0.00245	TTTTTTTTTTTTTTTTTTTTTTTTGAGATG
pattern_2		1:204939136:G:A:R:wC	161	190	-	14.9643	1.85e-06	0.00245	TTTTTTTTTTTTTTTTTTTTTTTTGAGATG
pattern_1		10:115796337:A:G:R:wC	20	49	+	15.6071	1.86e-06	0.0095	GATATTTATTTATTTATTTTTATTTTTATT
pattern_2		17:18786776:C:T:R:wC	34	63	+	14.9524	1.87e-06	0.00246	TTCTTTCTTTTTTTTTTTTTTTGGTGGGGG
pattern_0		1:75263485:A:T:A:wC	49	78	+	15.3412	1.87e-06	0.0853	ATAAATAAATTTTGAATATTTATTTTCAGA
pattern_2		6:41059169:G:A:R:wC	168	197	+	14.9286	1.89e-06	0.00248	TTGTTTGTTTTATGTTTTGTTTTCTTAAAG
pattern_2		17:30610375:G:C:R:wC	53	82	+	14.9048	1.91e-06	0.00251	CTTTTCTTCTTTTTTTTTTTTTTTTTTTTT
pattern_1		17:581967:C:T:A:wC	4	33	+	15.5714	1.92e-06	0.0095	TAAATATATATATATATATATTTTTTTGAG
pattern_1		14:105582775:C:T:R:wC	28	57	+	15.5714	1.92e-06	0.0095	CCAGCTTTTTCTTTTTTTTTTTTTTTTTTT
pattern_1		17:35415419:C:T:A:wC	122	151	+	15.5714	1.92e-06	0.0095	TGTATGTATTTATTTATTTATTTATTTATT
pattern_1		13:21341377:G:A:R:wC	166	195	-	15.5714	1.92e-06	0.0095	TCTTTTTTTTTTTTTTTTTTTTTTTTTTGA
pattern_2		1:11883629:T:A:R:wC	3	32	-	14.8929	1.92e-06	0.00251	TTGCACTTTTTTTTCTTTTTTTTTTTTGAG
pattern_2		2:132091707:T:G:R:wC	147	176	+	14.8929	1.92e-06	0.00251	TGTTTTGTTTCATTTTTGTTTTTTTGAGAC
pattern_2		13:45971741:G:A:R:wC	18	47	-	14.881	1.94e-06	0.00252	CGGCTAATTTTTTTTTTGTATTTTTAGTAG
pattern_2		19:44294500:C:A:A:wC	126	155	-	14.881	1.94e-06	0.00252	CGGCTAATTTTTTTTTTGTATTTTTAGTAG
pattern_2		8:26049480:C:G:A:wC	144	173	+	14.869	1.95e-06	0.00253	TACTTTTTTTTTTTTTTTTTTTTTTTGAGA
pattern_1		3:196859277:T:C:R:wC	54	83	+	15.5476	1.96e-06	0.0095	TATTAACTTTAATATATTTTTCACTTTTTC
pattern_1		10:62500217:C:T:A:wC	54	83	-	15.5476	1.96e-06	0.0095	CCGACTAATTTTTAATTCTTTTTTTTTTTT
pattern_2		7:99915673:C:T:A:wC	20	49	-	14.8571	1.96e-06	0.00253	TTCTTTTTTTTTTTTTTTTTTTTTGAGACG
pattern_2		17:13909320:G:C:R:wC	43	72	-	14.8452	1.97e-06	0.00253	TCTCTTTTTTTTTTTTTTTTTTTTGAGATG
pattern_1		2:75120525:C:A:R:wC	18	47	+	15.5357	1.98e-06	0.0095	TTAACTATTATTAATAAATTTTAACATTTT
pattern_1		13:21341377:G:A:R:wC	168	197	-	15.5357	1.98e-06	0.0095	TATCTTTTTTTTTTTTTTTTTTTTTTTTTT
pattern_2		12:11962839:C:T:R:wC	2	31	+	14.8333	1.98e-06	0.00253	TTCTGCTTTTTTTTTTTTTTTTTTTTTTTT
pattern_2		7:131007371:G:A:A:wC	46	75	+	14.8333	1.98e-06	0.00253	TTTTTTTTTTTTTTTTTTTTTTTTGAGACG
pattern_2		17:73010320:G:C:A:wC	55	84	+	14.8333	1.98e-06	0.00253	TTTTTTTTTTTTTTTTTTTTTTTTGAGACG
pattern_2		7:99915673:C:T:A:wC	26	55	-	14.8333	1.98e-06	0.00253	TTTTTGTTCTTTTTTTTTTTTTTTTTTTTT
pattern_2		5:172382175:A:G:A:wC	58	87	+	14.8333	1.98e-06	0.00253	TTTTTTTTTTTTTTTTTTTTTTTTGAGACG
pattern_2		12:57079586:A:G:R:wC	69	98	+	14.8333	1.98e-06	0.00253	TTTTTTTTTTTTTTTTTTTTTTTTGAGACG
pattern_2		20:5942955:C:A:R:wC	153	182	+	14.8333	1.98e-06	0.00253	TTTTTTTTTTTTTTTTTTTTTTTTGAGACG
pattern_1		19:29454928:G:C:A:wC	29	58	+	15.5238	2e-06	0.0095	ATTTAACTTTGATTTTTTTTTTTTTTTTTT
pattern_1		17:581967:C:T:A:wC	4	33	-	15.5238	2e-06	0.0095	CTCAAAAAAATATATATATATATATATTTA
pattern_1		12:10562802:T:G:A:wC	56	85	-	15.5238	2e-06	0.0095	TCTTTAAAATTTTAACAATTTTTCTGTTTT
pattern_0		5:56507824:C:T:A:wC	29	58	+	15.2588	2.02e-06	0.0853	AATTTTAATTAAAAAAAAATTTTTTTTTTG
pattern_1		8:27406850:A:G:A:wC	142	171	+	15.5119	2.02e-06	0.0095	ATCTTTCCTTTTTTTAAATTTATTTATTAT
pattern_1		8:27587944:G:C:A:wC	155	184	+	15.5119	2.02e-06	0.0095	CCTTTGATTTTTTTTTTTTTTTTTAATCGG
pattern_2		10:70633047:C:A:A:wC	62	91	+	14.7976	2.02e-06	0.00257	GAGCATTTTTTTTTTTTTTTTTTTTTGAGA
pattern_1		11:62387222:C:T:A:wC	44	73	+	15.5	2.04e-06	0.0095	GCTAACTTTTTTTTTTTTTTTTTTTTTTTT
pattern_3		9:131101845:C:T:R:wC	53	82	+	15.5244	2.05e-06	0.00615	GAGATGGAGACTTGCTCTGTCGCCCAGGCT
pattern_2		11:7983846:G:A:A:wC	23	52	+	14.7738	2.05e-06	0.0026	AAGCCTGTTCTTTTTTTTTTTTTTTTTTTT
pattern_2		7:100177174:T:C:R:wC	137	166	-	14.7619	2.06e-06	0.00261	GCCTTTTTTTTTTTTTTTTTTGAGACAGAG
pattern_1		2:103147561:G:A:A:wC	50	79	+	15.4881	2.06e-06	0.0095	TACCTAAATTCTTTTTTTTTTTTTTTTTTG
pattern_1		1:21768191:G:C:R:wC	110	139	-	15.4881	2.06e-06	0.0095	AAAATTCATTACTTTTTTTTTTTTTTTTTT
pattern_3		6:42993336:G:A:R:wC	95	124	-	15.5122	2.06e-06	0.00617	GAGACAGAGTCTTACTCTGTCCCACAGGCT
pattern_2		6:42993336:G:A:R:wC	121	150	-	14.75	2.07e-06	0.00262	CTATTTTTTTTTTTTTTTTTTTTTTTGAGA
pattern_1		12:11962839:C:T:R:wC	2	31	+	15.4762	2.08e-06	0.0095	TTCTGCTTTTTTTTTTTTTTTTTTTTTTTT
pattern_1		7:99915673:C:T:A:wC	31	60	-	15.4762	2.08e-06	0.0095	TTTGTTTTTTGTTCTTTTTTTTTTTTTTTT
pattern_2		22:23910746:G:A:A:wC	24	53	-	14.7381	2.09e-06	0.00263	CCATTTTTTTTTTTTTTTTTTGAGACAGAG
pattern_2		8:27587944:G:C:A:wC	154	183	+	14.7381	2.09e-06	0.00263	GCCTTTGATTTTTTTTTTTTTTTTTAATCG
pattern_3		7:100898375:C:T:R:wC	36	65	-	15.4878	2.09e-06	0.00624	GAGAAAGGGTCTTGCTCGGTCACCCAGACT
pattern_3		17:581967:C:T:A:wC	31	60	+	15.4756	2.11e-06	0.00625	GAGACAGAGTCTCGCTCTGTCGCCCAGGTA
pattern_2		14:105582775:C:T:R:wC	25	54	+	14.7143	2.11e-06	0.00265	CTTCCAGCTTTTTCTTTTTTTTTTTTTTTT
pattern_2		10:97351844:C:G:R:wC	170	199	+	14.7024	2.12e-06	0.00267	TTTTTAACTTCTTTTTTTTTTTTGAGACAG
pattern_1		8:6738204:T:C:R:wC	22	51	+	15.4405	2.15e-06	0.00973	TTATTTATTTTATTTATTTTTTTATTATAC
pattern_2		1:26834960:G:A:A:wC	165	194	-	14.6786	2.15e-06	0.00269	CATAGACTCTTTTTTTTTCTTTTTTGAGAC
pattern_2		9:131101845:C:T:R:wC	14	43	+	14.6667	2.16e-06	0.00269	CCCAGAATCTTTTTTTTTTTTTTTTTTTTT
pattern_2		17:18290295:A:G:A:wC	9	38	+	14.6548	2.18e-06	0.00269	GTTAATTTTTTTTTTTTTTTTTTGAGACAG
pattern_2		17:18290295:A:G:R:wC	9	38	+	14.6548	2.18e-06	0.00269	GTTAATTTTTTTTTTTTTTTTTTGAGACAG
pattern_2		13:44482856:A:G:R:wC	32	61	+	14.6548	2.18e-06	0.00269	TCTTAGACTTTTTTTTTCTTTTTCAAATTC
pattern_2		7:131007371:G:A:A:wC	44	73	+	14.6548	2.18e-06	0.00269	ACTTTTTTTTTTTTTTTTTTTTTTTTGAGA
pattern_2		12:57079586:A:G:R:wC	67	96	+	14.6548	2.18e-06	0.00269	ACTTTTTTTTTTTTTTTTTTTTTTTTGAGA
pattern_2		4:14457296:C:T:R:wC	35	64	+	14.631	2.2e-06	0.00272	AGTTTTTTTGTTTTTTTTTTTTTGAGACGG
pattern_3		17:45963810:G:A:R:wC	151	180	+	15.4024	2.21e-06	0.00652	CAGACGGAGTTTCACTCTTGTCGCCCAGGC
pattern_2		14:100228342:C:T:R:wC	11	40	-	14.619	2.22e-06	0.00272	TCGATTTTTTTTTTTTTTTTTGAGACAGAG
pattern_2		6:3134826:G:A:R:wC	109	138	+	14.619	2.22e-06	0.00272	TAATTTTTTTTTTTTTTTTTTTTGAGACGG
pattern_2		12:516880:A:G:R:wC	168	197	+	14.619	2.22e-06	0.00272	ATTTTTTTTTTTTTTTTTTTTTTTGAGACG
pattern_2		6:158621028:A:G:A:wC	13	42	-	14.6071	2.23e-06	0.00273	TGCCGGTCTTTTTTTTTTTTTTTTTTTTTT
pattern_2		6:42993336:G:A:R:wC	126	155	-	14.6071	2.23e-06	0.00273	GGCCTCTATTTTTTTTTTTTTTTTTTTTTT
pattern_2		8:1811037:C:T:A:wC	2	31	+	14.5714	2.27e-06	0.00275	TTCTTTTTTTTTTTTTTTTTTTTTGAGACA
pattern_2		22:46664638:G:A:R:wC	19	48	+	14.5714	2.27e-06	0.00275	AGCTGTTTTTTTGTTTTGTTTTGTTTTGTT
pattern_2		11:7983846:G:A:A:wC	31	60	+	14.5714	2.27e-06	0.00275	TCTTTTTTTTTTTTTTTTTTTTTTGAGATG
pattern_2		17:30610375:G:C:R:wC	60	89	+	14.5714	2.27e-06	0.00275	TCTTTTTTTTTTTTTTTTTTTTTTGAGATG
pattern_2		9:131861118:A:C:R:wC	62	91	+	14.5714	2.27e-06	0.00275	TTTTTTTTCTTTTTTCTTTTTTTTTTTTTT
pattern_0		2:101911385:A:G:R:wC	59	88	-	15.1176	2.29e-06	0.0853	AATTTTGCTTTTTAAAAGATAATTCATAAA
pattern_2		13:21341377:G:A:R:wC	162	191	-	14.5476	2.3e-06	0.00278	TTTTTTTTTTTTTTTTTTTTTTTTGAGACA
pattern_1		17:581967:C:T:A:wC	2	31	+	15.3571	2.31e-06	0.0102	GCTAAATATATATATATATATATTTTTTTG
pattern_1		12:133220670:G:A:A:wC	167	196	+	15.3571	2.31e-06	0.0102	TAATTTTTATGTTATTTATTTATTTTTTAC
pattern_2		20:5942955:C:A:R:wC	134	163	+	14.5238	2.33e-06	0.00281	CCTTCATTTCTTTTTTTTTTTTTTTTTTTT
pattern_1		14:74412505:C:T:R:wC	28	57	+	15.3452	2.34e-06	0.0102	TTTTTAAATTTTATTTTATTTTTATTTGTT
pattern_2		17:28908718:T:C:R:wC	52	81	+	14.5119	2.34e-06	0.00282	GTCTTAACTTTTTTTTTTTTTTTGGGGGGG
pattern_2		12:57079586:A:G:R:wC	63	92	+	14.5	2.36e-06	0.00283	ACTTACTTTTTTTTTTTTTTTTTTTTTTTT
pattern_1		11:62387222:C:T:A:wC	42	71	+	15.3333	2.36e-06	0.0102	TAGCTAACTTTTTTTTTTTTTTTTTTTTTT
pattern_1		20:5942955:C:A:R:wC	133	162	+	15.3333	2.36e-06	0.0102	GCCTTCATTTCTTTTTTTTTTTTTTTTTTT
pattern_1		12:516880:A:G:R:wC	162	191	+	15.3333	2.36e-06	0.0102	CTGAAGATTTTTTTTTTTTTTTTTTTTTTT
pattern_1		9:131101845:C:T:R:wC	18	47	+	15.3214	2.38e-06	0.0103	GAATCTTTTTTTTTTTTTTTTTTTTTTTTT
pattern_2		8:129003458:G:A:R:wC	21	50	+	14.4762	2.39e-06	0.00286	TTTCTTTCTTTTTTTTTTTTTTTTTTTTGA
pattern_2		5:172382175:A:G:A:wC	54	83	+	14.4762	2.39e-06	0.00286	TTAGTTTTTTTTTTTTTTTTTTTTTTTTGA
pattern_0		17:581967:C:T:A:wC	2	31	+	15.0706	2.39e-06	0.0853	GCTAAATATATATATATATATATTTTTTTG
pattern_0		7:37971866:A:T:A:wC	119	148	+	15.0588	2.42e-06	0.0853	ATTTCTAAATTTTTAAAATTTATTTACTCA
pattern_3		3:183505651:C:T:R:wC	36	65	-	15.2561	2.43e-06	0.00712	AGACGGGGGTTTCACCTTGTTAGCCAGGAT
pattern_2		15:65566674:G:A:R:wC	2	31	+	14.4405	2.43e-06	0.0029	CCAGCATACTTTTTTTTTTTTTTTTGAAAG
pattern_2		1:26377185:G:A:R:wC	71	100	+	14.4405	2.43e-06	0.0029	TCTTTTTTTTTTTTTTTTTTTTTTGAGACG
pattern_1		9:104148858:A:G:R:wC	42	71	-	15.2976	2.43e-06	0.0104	AATTTTAAAAATTATATTATTCTTCCTTTA
pattern_2		17:8100645:G:A:R:wC	27	56	+	14.4286	2.45e-06	0.00291	TTTTTTGTTTTTTGGTTTTTTTTTTTTTGA
pattern_2		19:57970368:A:G:R:wC	8	37	+	14.4167	2.46e-06	0.00292	TTGCTTTCTTTTTTTTTTTTTTTTGAGACA
pattern_2		17:18786776:C:T:R:wC	29	58	+	14.4167	2.46e-06	0.00292	TGTTTTTCTTTCTTTTTTTTTTTTTTTGGT
pattern_1		20:5942955:C:A:R:wC	138	167	+	15.2738	2.48e-06	0.0106	CATTTCTTTTTTTTTTTTTTTTTTTTTTTT
pattern_2		7:131007371:G:A:A:wC	42	71	+	14.381	2.51e-06	0.00297	ACACTTTTTTTTTTTTTTTTTTTTTTTTGA
pattern_2		5:87764347:T:A:A:wC	56	85	-	14.369	2.52e-06	0.00297	CTCGGTTTTTTTTTTTTCATTAGTTAAATA
pattern_2		15:75030323:C:T:R:wC	115	144	-	14.369	2.52e-06	0.00297	ATTGGTTTTTTTTTTTTTTTTTTGAGACGG
pattern_2		2:65289623:C:T:A:wC	141	170	-	14.3571	2.54e-06	0.00299	CCCGCCTCTTTTTTTTTTTTTTTTTTTGAG
pattern_0		2:160706544:A:G:A:wC	22	51	+	15	2.55e-06	0.0853	AGTATTGGTTTTTAAAAAAACTTACATTTT
pattern_2		18:53373610:G:A:R:wC	15	44	+	14.3333	2.57e-06	0.00301	TCTGTTTTTTTTTTTTTTTTTTTTGAGATG
pattern_2		8:128797214:T:G:R:wC	107	136	+	14.3333	2.57e-06	0.00301	GCTTTTTTTTTTTCTTTTTTTCAGAGACAG
pattern_2		6:42993336:G:A:R:wC	119	148	-	14.3333	2.57e-06	0.00301	ATTTTTTTTTTTTTTTTTTTTTTTGAGACA
pattern_2		12:132577378:G:A:R:wC	5	34	+	14.3214	2.58e-06	0.00301	TTTTTCTTTTTCTTTTTTTTTTTTTTTGAG
pattern_2		22:37976422:T:C:A:wC	13	42	+	14.3214	2.58e-06	0.00301	TTTCTAATTTTCTTTTTTTTTTTTTTTTGA
pattern_2		7:27445059:G:A:A:wC	38	67	+	14.2976	2.62e-06	0.00304	TTGATGACCTTTTTTTTTTTTTTGAGACAG
pattern_2		17:30610375:G:C:R:wC	56	85	+	14.2857	2.63e-06	0.00306	TTCTTCTTTTTTTTTTTTTTTTTTTTTTGA
pattern_3		14:58693402:C:T:A:wC	34	63	+	15.122	2.64e-06	0.00764	GAGGTGGAGTTTCACTCTTGTTGCCCAGGC
pattern_3		14:58693402:C:T:R:wC	34	63	+	15.122	2.64e-06	0.00764	GAGGTGGAGTTTCACTCTTGTTGCCCAGGC
pattern_3		1:26377185:G:A:R:wC	95	124	+	15.122	2.64e-06	0.00764	GAGACGGAGTTTCACTCTTGTTGCCCAGGC
pattern_2		9:131101845:C:T:R:wC	15	44	+	14.2738	2.65e-06	0.00306	CCAGAATCTTTTTTTTTTTTTTTTTTTTTT
pattern_2		12:101690279:G:T:R:wC	163	192	-	14.2738	2.65e-06	0.00306	TGTATTTTTCTTTTTTTTTTTTTGAGATGA
pattern_3		9:37517939:C:T:R:wC	27	56	-	15.1098	2.66e-06	0.00766	GGGATGGGGTGTCCCCTCCTTGTCATGGTG
pattern_1		2:103147561:G:A:A:wC	49	78	+	15.1905	2.67e-06	0.0112	ATACCTAAATTCTTTTTTTTTTTTTTTTTT
pattern_2		17:18786776:C:T:R:wC	32	61	+	14.25	2.68e-06	0.00307	TTTTCTTTCTTTTTTTTTTTTTTTGGTGGG
pattern_2		3:197326771:T:G:R:wC	54	83	+	14.25	2.68e-06	0.00307	ACACTATTTTTTTTTGTTTTTTTTTGAGAC
pattern_2		17:13909320:G:C:R:wC	49	78	-	14.25	2.68e-06	0.00307	CAGGTCTCTCTTTTTTTTTTTTTTTTTTTT
pattern_2		20:5942955:C:A:R:wC	136	165	+	14.25	2.68e-06	0.00307	TTCATTTCTTTTTTTTTTTTTTTTTTTTTT
pattern_2		12:516880:A:G:R:wC	161	190	+	14.25	2.68e-06	0.00307	ACTGAAGATTTTTTTTTTTTTTTTTTTTTT
pattern_2		7:141387520:C:T:R:wC	6	35	+	14.2381	2.7e-06	0.00308	GGCTAATTTTTTTTTTTTTTTTTTTTGAGA
pattern_2		6:3134826:G:A:R:wC	106	135	+	14.2381	2.7e-06	0.00308	GGCTAATTTTTTTTTTTTTTTTTTTTGAGA
pattern_1		13:53862742:C:T:A:wC	49	78	+	15.1786	2.7e-06	0.0112	ATTTTTAATTTCTAAAATTATTTTCTATTT
pattern_1		15:40893976:A:C:R:wC	171	200	+	15.1786	2.7e-06	0.0112	AAAAATGCATCTTTTTTTTTTTTTTTTTTT
pattern_2		5:159575028:G:A:A:wC	25	54	+	14.2262	2.71e-06	0.00309	CAGCTAATTTTTGTTTTTGTTTCTGTTTTT
pattern_1		6:35432100:C:T:R:wC	1	30	+	15.1667	2.72e-06	0.0112	ACAGGGTCTTCTTTTTTTTTTTTTTTTTTT
pattern_1		5:96506796:T:C:R:wC	169	198	-	15.1667	2.72e-06	0.0112	TTTTTTATTTTTATTTTATTTTATTTTTTT
pattern_0		11:12418784:C:A:A:wC	59	88	-	14.9176	2.75e-06	0.0853	GAAAGATATGATTAAATAAATTATCTTTCA
pattern_1		5:131008885:C:T:A:wC	116	145	+	15.1548	2.75e-06	0.0113	TGGCTAATTTTTTGTATTTTTTTTTTTTTG
pattern_2		3:105571631:A:G:R:wC	29	58	+	14.1786	2.78e-06	0.00316	AGGTTATCCATTTTTATCTTTTATACAGTA
pattern_2		1:100650664:A:G:A:wC	157	186	+	14.1786	2.78e-06	0.00316	TCCTTTTTTTTTTTTTTTTTTTTTGAGACA
pattern_1		7:150043205:G:A:R:wC	93	122	+	15.1429	2.78e-06	0.0113	CCAGCTAGTTTTTATTATTATTATTTTTTT
pattern_2		6:158621028:A:G:A:wC	4	33	-	14.1667	2.8e-06	0.00316	TTTTTTTTTTTTTTTTTTTTTGAGGCAGAG
pattern_2		2:170295503:C:T:R:wC	111	140	+	14.1667	2.8e-06	0.00316	TTTTTCCTTTTTTTTATTTTCCTTTTTGAG
pattern_1		11:17346379:C:T:A:wC	49	78	+	15.131	2.81e-06	0.0113	TATTTATTTATTTATTTATTTATTTATTTA
pattern_1		11:17346379:C:T:A:wC	53	82	+	15.131	2.81e-06	0.0113	TATTTATTTATTTATTTATTTATTTATTTA
pattern_2		6:35432100:C:T:R:wC	10	39	+	14.1548	2.81e-06	0.00318	TCTTTTTTTTTTTTTTTTTTTTTTGAGACA
pattern_2		1:100650664:A:G:A:wC	150	179	+	14.1429	2.83e-06	0.00319	GGGTAATTCCTTTTTTTTTTTTTTTTTTTT
pattern_1		8:27406850:A:G:A:wC	152	181	+	15.119	2.84e-06	0.0113	TTTTTAAATTTATTTATTATTATTATACTT
pattern_2		12:132577378:G:A:R:wC	9	38	+	14.131	2.85e-06	0.00321	TCTTTTTCTTTTTTTTTTTTTTTGAGACGG
pattern_2		6:139835399:C:G:R:wC	102	131	+	14.119	2.86e-06	0.00322	AACTCTGTTTTTTTTTTGTTTTGTTTTTTT
pattern_1		12:516880:A:G:R:wC	163	192	+	15.1071	2.87e-06	0.0113	TGAAGATTTTTTTTTTTTTTTTTTTTTTTG
pattern_2		18:53373610:G:A:R:wC	13	42	+	14.1071	2.88e-06	0.00323	TCTCTGTTTTTTTTTTTTTTTTTTTTGAGA
pattern_1		1:165734603:T:C:R:wC	7	36	+	15.0952	2.9e-06	0.0113	GCAGTTTTATTTTATTTTTATTTTTTTTGA
pattern_2		7:128402711:C:T:R:wC	7	36	-	14.0952	2.9e-06	0.00324	TGGGTGTTTTTTTTTTTCTTTCCCTATGTT
pattern_2		1:204939136:G:A:R:wC	171	200	-	14.0952	2.9e-06	0.00324	GAGTAGTTCTTTTTTTTTTTTTTTTTTTTT
pattern_1		11:62387222:C:T:A:wC	46	75	+	15.0833	2.93e-06	0.0113	TAACTTTTTTTTTTTTTTTTTTTTTTTTTC
pattern_1		7:128402711:C:T:R:wC	96	125	+	15.0833	2.93e-06	0.0113	ACAACTTATTTGTTTATTTATTTATGTTTT
pattern_1		1:204939136:G:A:R:wC	168	197	-	15.0833	2.93e-06	0.0113	TAGTTCTTTTTTTTTTTTTTTTTTTTTTTT
pattern_2		2:65289623:C:T:A:wC	140	169	-	14.0714	2.93e-06	0.00327	CCGCCTCTTTTTTTTTTTTTTTTTTTGAGA
pattern_3		8:129003458:G:A:R:wC	49	78	+	14.9512	2.94e-06	0.00842	GAGACGGAATCTTGCTCTGTCACCCAGGCT
pattern_2		2:103147561:G:A:A:wC	51	80	+	14.0595	2.95e-06	0.00328	ACCTAAATTCTTTTTTTTTTTTTTTTTTGA
pattern_2		12:516880:A:G:R:wC	166	195	+	14.0595	2.95e-06	0.00328	AGATTTTTTTTTTTTTTTTTTTTTTTGAGA
pattern_1		8:6738204:T:C:R:wC	1	30	+	15.0714	2.96e-06	0.0113	TCTAAATTTTATTTTTATTTTTTATTTATT
pattern_2		17:5321413:G:A:R:wC	145	174	-	14.0476	2.97e-06	0.00329	TTTTGTGTCTTTTTTTTTTTTTTGAGATGG
pattern_2		13:21341377:G:A:R:wC	169	198	-	14.0476	2.97e-06	0.00329	ATATCTTTTTTTTTTTTTTTTTTTTTTTTT
pattern_2		12:53210503:G:A:A:wC	114	143	+	14.0357	2.99e-06	0.0033	CCAGCTAATTTTTTTTTTTTTTTTTTTTGT
pattern_2		7:141387520:C:T:R:wC	4	33	+	14.0238	3e-06	0.00331	TCGGCTAATTTTTTTTTTTTTTTTTTTTGA
pattern_2		5:75964507:C:T:A:wC	59	88	+	14.0238	3e-06	0.00331	GTGGGATTTTTTTGTTTTCTTTTTCCTTCT
pattern_2		17:18786776:C:T:R:wC	35	64	+	14.0119	3.02e-06	0.00332	TCTTTCTTTTTTTTTTTTTTTGGTGGGGGG
pattern_2		6:141179802:G:A:R:wC	139	168	+	14.0119	3.02e-06	0.00332	TCGTTCTTTCTTTCTTTTCTTTGTTTTGAG
pattern_2		11:8043412:G:A:R:wC	148	177	-	14	3.04e-06	0.00333	AATAATTTTCTTTTTTTTTTTTTTTTTGAG
pattern_1		1:28260898:G:A:A:wC	6	35	-	15.0357	3.05e-06	0.0116	ACTTTTAAAATTTTTTATTATTTTAACTTT
pattern_0		1:3793240:T:C:R:wC	1	30	-	14.8	3.05e-06	0.0853	GCTTTTAATTCTTAAATAATTAAACATGTG
pattern_0		22:22572199:T:C:A:wC	124	153	-	14.8	3.05e-06	0.0853	TGAAATTTAAATTAAAAATATGTATTAAGA
pattern_2		19:29454928:G:C:A:wC	38	67	+	13.9762	3.08e-06	0.00337	TGATTTTTTTTTTTTTTTTTTTTTGAGATG
pattern_1		7:131007371:G:A:A:wC	39	68	+	15.0238	3.08e-06	0.0117	CAAACACTTTTTTTTTTTTTTTTTTTTTTT
pattern_2		19:57970368:A:G:R:wC	5	34	+	13.9524	3.11e-06	0.0034	TCTTTGCTTTCTTTTTTTTTTTTTTTTGAG
pattern_1		9:131101845:C:T:R:wC	25	54	+	15	3.14e-06	0.0118	TTTTTTTTTTTTTTTTTTTTTTTTTTTTGA
pattern_1		20:5942955:C:A:R:wC	149	178	+	15	3.14e-06	0.0118	TTTTTTTTTTTTTTTTTTTTTTTTTTTTGA
pattern_2		14:105582775:C:T:R:wC	30	59	+	13.9286	3.15e-06	0.00343	AGCTTTTTCTTTTTTTTTTTTTTTTTTTGA
pattern_2		13:103447529:G:A:R:wC	166	195	-	13.9286	3.15e-06	0.00343	GCTTTTTTTTTTTTTTTTTTTTTTGAGACG
pattern_2		19:57970368:A:G:R:wC	11	40	+	13.9167	3.17e-06	0.00344	CTTTCTTTTTTTTTTTTTTTTGAGACAGAG
pattern_2		7:99915673:C:T:A:wC	33	62	-	13.9167	3.17e-06	0.00344	CTTTTGTTTTTTGTTCTTTTTTTTTTTTTT
pattern_3		2:43423179:T:C:A:wC	94	123	+	14.8293	3.17e-06	0.00904	AAGACACGGTTTTGCTTTGTCACCCAGGCT
pattern_1		11:7983846:G:A:A:wC	25	54	+	14.9881	3.17e-06	0.0118	GCCTGTTCTTTTTTTTTTTTTTTTTTTTTT
pattern_2		13:21341377:G:A:R:wC	171	200	-	13.8929	3.21e-06	0.00348	AAATATCTTTTTTTTTTTTTTTTTTTTTTT
pattern_1		10:115796337:A:G:R:wC	30	59	+	14.9643	3.24e-06	0.0119	TATTTATTTTTATTTTTATTTTTATTTTTT
pattern_2		11:7983846:G:A:A:wC	25	54	+	13.869	3.25e-06	0.00351	GCCTGTTCTTTTTTTTTTTTTTTTTTTTTT
pattern_2		15:35353163:C:T:R:wC	21	50	+	13.8571	3.27e-06	0.00352	TGTCTTTCTGTTTTTTTTTTTTTTTTCTCC
pattern_2		16:2706036:T:C:A:wC	11	40	-	13.8571	3.27e-06	0.00352	TAATCTTTTTTTTTTTTTTTTTTGAGATGG
pattern_1		11:62387222:C:T:A:wC	47	76	+	14.9524	3.27e-06	0.0119	AACTTTTTTTTTTTTTTTTTTTTTTTTTCA
pattern_1		16:21743592:C:A:R:wC	149	178	+	14.9524	3.27e-06	0.0119	TGTTTAGATGTTTATTATTATTTTTATTTT
pattern_0		10:43065274:C:T:A:wC	72	101	-	14.7176	3.28e-06	0.0853	GATATTTTTTTTTATATTTTTAGTCAGAGA
pattern_1		17:45963810:G:A:R:wC	110	139	+	14.9405	3.3e-06	0.0119	TTTATTTTATTTTATTTTAATTTAATTTTT
pattern_1		13:102921869:T:C:R:wC	121	150	+	14.9405	3.3e-06	0.0119	GTATTTTATTTTATTATATTTTATTGTATT
pattern_2		11:40662499:G:C:A:wC	165	194	-	13.8333	3.31e-06	0.00356	AAATTTACTTTTTTTTTTTTTTTTTTTTGA
pattern_3		7:64460675:A:T:A:wC	44	73	+	14.7561	3.32e-06	0.00941	GAGATGGAGTCTCACGCTGTTGCCCAGGGT
pattern_0		19:55130441:C:T:A:wC	105	134	-	14.7059	3.32e-06	0.0853	TCCTGTAATTTTTAAATTATAAATTACCCA
pattern_2		7:97601835:G:T:R:wC	104	133	+	13.8095	3.34e-06	0.00359	TGTTTGTTTGTTTGTTTGTTTTTTGATAGG
pattern_0		8:27406850:A:G:A:wC	150	179	-	14.6941	3.35e-06	0.0853	GTATAATAATAATAAATAAATTTAAAAAAA
pattern_2		6:42993336:G:A:R:wC	127	156	-	13.7976	3.36e-06	0.00361	CGGCCTCTATTTTTTTTTTTTTTTTTTTTT
pattern_2		3:14938030:T:C:A:wC	41	70	+	13.7857	3.38e-06	0.00362	GATGTAACTTTTTTTTTTTTTTTTGAGACG
pattern_2		3:24696563:T:A:R:wC	140	169	+	13.7857	3.38e-06	0.00362	TTCTTTTTTTTTTGCCTTTTTCTTTTCTTT
pattern_1		7:116515781:A:T:A:wC	78	107	+	14.9048	3.4e-06	0.0122	CCTGGCTAATTTTTTTTTTTTTTAATTTTT
pattern_1		12:53210503:G:A:A:wC	120	149	+	14.9048	3.4e-06	0.0122	AATTTTTTTTTTTTTTTTTTTTGTATTTTT
pattern_2		6:35432100:C:T:R:wC	6	35	+	13.7738	3.4e-06	0.00363	GTCTTCTTTTTTTTTTTTTTTTTTTTTTGA
pattern_2		15:75030323:C:T:R:wC	113	142	-	13.7619	3.43e-06	0.00365	TGGTTTTTTTTTTTTTTTTTTGAGACGGAG
pattern_2		22:46664638:G:A:R:wC	18	47	+	13.75	3.45e-06	0.00365	AAGCTGTTTTTTTGTTTTGTTTTGTTTTGT
pattern_2		6:158621028:A:G:A:wC	14	43	-	13.75	3.45e-06	0.00365	ATGCCGGTCTTTTTTTTTTTTTTTTTTTTT
pattern_2		17:30610375:G:C:R:wC	54	83	+	13.75	3.45e-06	0.00365	TTTTCTTCTTTTTTTTTTTTTTTTTTTTTT
pattern_2		5:142052130:T:C:R:wC	35	64	+	13.7381	3.47e-06	0.00367	GTTTTTTTTTTTTTTTTTTTTTTGAAACCA
pattern_1		17:80683420:G:A:A:wC	3	32	+	14.881	3.47e-06	0.0123	TAATTTATTTAATTTATTTTTTTGAAATGG
pattern_1		7:131007371:G:A:A:wC	42	71	+	14.881	3.47e-06	0.0123	ACACTTTTTTTTTTTTTTTTTTTTTTTTGA
pattern_3		14:78185723:G:A:A:wC	161	190	-	14.6707	3.5e-06	0.00988	GAGACAGGGTTTCATCACGTTGGGTCAAGC
pattern_2		15:35353163:C:T:R:wC	17	46	+	13.7143	3.51e-06	0.0037	AGTGTGTCTTTCTGTTTTTTTTTTTTTTTT
pattern_1		7:116515781:A:T:A:wC	79	108	+	14.869	3.51e-06	0.0123	CTGGCTAATTTTTTTTTTTTTTAATTTTTT
pattern_2		8:129003458:G:A:R:wC	11	40	+	13.7024	3.53e-06	0.00372	TTTTTTTTCTTTTCTTTCTTTTTTTTTTTT
pattern_0		22:22572199:T:C:A:wC	7	36	+	14.6353	3.53e-06	0.0853	ATTTTTTATTTTTAAAATTTTTAACTTTTA
pattern_1		14:74412505:C:T:R:wC	30	59	+	14.8571	3.54e-06	0.0123	TTTAAATTTTATTTTATTTTTATTTGTTGA
pattern_2		19:29454928:G:C:A:wC	33	62	+	13.6905	3.55e-06	0.00372	AACTTTGATTTTTTTTTTTTTTTTTTTTTG
pattern_2		17:28908718:T:C:R:wC	53	82	+	13.6905	3.55e-06	0.00372	TCTTAACTTTTTTTTTTTTTTTGGGGGGGG
pattern_2		6:41059169:G:A:R:wC	157	186	+	13.6905	3.55e-06	0.00372	GTGCCTGTTTTTTGTTTGTTTTATGTTTTG
pattern_2		7:71731031:G:A:A:wC	25	54	-	13.6786	3.57e-06	0.00373	CTGGCTAATTTTGTTTTGTTTTTTATTTTT
pattern_2		2:219279673:T:G:R:wC	73	102	+	13.6786	3.57e-06	0.00373	CCGGCTAATTTTTGTTTTGTTTTTTTTTTG
pattern_3		14:73447434:C:G:R:wC	128	157	+	14.6341	3.58e-06	0.0101	GAGACAGGGTTTCACCATAGTCTCGATCTG
pattern_1		12:11962839:C:T:R:wC	5	34	+	14.8452	3.58e-06	0.0123	TGCTTTTTTTTTTTTTTTTTTTTTTTTTTG
pattern_1		12:53210503:G:A:A:wC	117	146	+	14.8452	3.58e-06	0.0123	GCTAATTTTTTTTTTTTTTTTTTTTGTATT
pattern_1		14:89872532:C:T:A:wC	161	190	-	14.8452	3.58e-06	0.0123	CCAGCTAATTTCAAGATTTTTTTTTTTTGT
pattern_2		10:97351844:C:G:R:wC	162	191	+	13.6667	3.59e-06	0.00375	CAGGTAATTTTTTAACTTCTTTTTTTTTTT
pattern_2		8:27406850:A:G:A:wC	152	181	+	13.6548	3.61e-06	0.00375	TTTTTAAATTTATTTATTATTATTATACTT
pattern_2		11:40662499:G:C:A:wC	161	190	-	13.6548	3.61e-06	0.00375	TTACTTTTTTTTTTTTTTTTTTTTGAGATG
pattern_2		13:21341377:G:A:R:wC	170	199	-	13.6548	3.61e-06	0.00375	AATATCTTTTTTTTTTTTTTTTTTTTTTTT
pattern_1		5:172382175:A:G:A:wC	51	80	+	14.8333	3.62e-06	0.0123	TGGTTAGTTTTTTTTTTTTTTTTTTTTTTT
pattern_1		6:3134826:G:A:R:wC	104	133	+	14.8333	3.62e-06	0.0123	CTGGCTAATTTTTTTTTTTTTTTTTTTTGA
pattern_2		2:85659603:G:A:R:wC	2	31	+	13.6429	3.63e-06	0.00375	TTTATTTTTTTTGTTTTGTTTTGTTTTGTT
pattern_2		17:18290295:A:G:A:wC	11	40	+	13.6429	3.63e-06	0.00375	TAATTTTTTTTTTTTTTTTTTGAGACAGAG
pattern_2		17:18290295:A:G:R:wC	11	40	+	13.6429	3.63e-06	0.00375	TAATTTTTTTTTTTTTTTTTTGAGACAGAG
pattern_2		8:6738204:T:C:R:wC	18	47	+	13.6429	3.63e-06	0.00375	TTTTTTATTTATTTTATTTATTTTTTTATT
pattern_2		18:53373610:G:A:R:wC	9	38	+	13.619	3.68e-06	0.00379	ATGTTCTCTGTTTTTTTTTTTTTTTTTTTT
pattern_2		9:131861118:A:C:R:wC	72	101	+	13.6071	3.7e-06	0.00379	TTTTTCTTTTTTTTTTTTTTTTAGATGGAG
pattern_2		17:17333448:A:G:A:wC	87	116	+	13.6071	3.7e-06	0.00379	TTGCTGATCCTTTGTTTTGTTTTTCAGAAT
pattern_2		12:102295834:G:A:A:wC	171	200	+	13.6071	3.7e-06	0.00379	GTGACATTTCTTTATATTTTTATGACAGTA
pattern_1		7:37971866:A:T:A:wC	112	141	+	14.7976	3.72e-06	0.0126	ATTTTTAATTTCTAAATTTTTAAAATTTAT
pattern_0		1:76223816:T:C:A:wC	32	61	-	14.5647	3.76e-06	0.0853	GAGACTCTGTATGAAAAAAATAATAATTAA
pattern_0		19:55130441:C:T:A:wC	128	157	-	14.5647	3.76e-06	0.0853	AGAATTGTTTTTTAAAAATGTTTTCCTGTA
pattern_2		8:23082971:G:T:A:wC	112	141	+	13.5595	3.79e-06	0.00387	CAGCCTGCCTTTTTTTTTTTTTTTTTTTTT
pattern_0		12:53270855:G:A:R:wC	57	86	-	14.5529	3.8e-06	0.0853	AAAATTAAAAATTAAAAAATTAGTCGGGCA
pattern_0		1:1466470:G:A:A:wC	155	184	+	14.5529	3.8e-06	0.0853	GAGACTCCATCTTAAAAAAATAGTAATAGG
pattern_3		12:6965194:A:G:R:wC	164	193	+	14.5366	3.8e-06	0.0106	TACCTGGAGATTGCCCGGGATGGACTGGGG
pattern_2		12:122800273:C:T:R:wC	10	39	+	13.5476	3.81e-06	0.00388	ATTCCTTTTCTTTTTTTTTTTTTGAGATGG
pattern_2		12:122800273:C:T:A:wC	10	39	+	13.5476	3.81e-06	0.00388	ATTCCTTTTCTTTTTTTTTTTTTGAGATGG
pattern_2		11:121998254:C:T:R:wC	159	188	+	13.5357	3.83e-06	0.0039	GGCTAATTTTTTGTAATTTTTTTTTTAGTA
pattern_1		1:76223816:T:C:A:wC	25	54	+	14.7619	3.84e-06	0.0128	TTTTTTTTTAATTATTATTTTTTTCATACA
pattern_1		17:581967:C:T:A:wC	6	35	-	14.7619	3.84e-06	0.0128	GTCTCAAAAAAATATATATATATATATATT
pattern_1		1:204939136:G:A:R:wC	169	198	-	14.7619	3.84e-06	0.0128	GTAGTTCTTTTTTTTTTTTTTTTTTTTTTT
pattern_2		14:50102527:A:G:R:wC	9	38	+	13.5238	3.85e-06	0.00391	TTTTGTTTTGTTTTTCTTTTTTTGAGACAG
pattern_2		19:29454928:G:C:A:wC	36	65	+	13.5238	3.85e-06	0.00391	TTTGATTTTTTTTTTTTTTTTTTTTTGAGA
pattern_1		1:28260898:G:A:A:wC	3	32	-	14.75	3.88e-06	0.0128	TTTAAAATTTTTTATTATTTTAACTTTTAT
pattern_2		12:132577378:G:A:R:wC	3	32	+	13.5119	3.88e-06	0.00393	TCTTTTTCTTTTTCTTTTTTTTTTTTTTTG
pattern_2		12:122800273:C:T:A:wC	6	35	+	13.5	3.9e-06	0.00393	TTTGATTCCTTTTCTTTTTTTTTTTTTGAG
pattern_2		12:122800273:C:T:R:wC	6	35	+	13.5	3.9e-06	0.00393	TTTGATTCCTTTTCTTTTTTTTTTTTTGAG
pattern_2		17:18290295:A:G:A:wC	8	37	+	13.5	3.9e-06	0.00393	GGTTAATTTTTTTTTTTTTTTTTTGAGACA
pattern_2		17:18290295:A:G:R:wC	8	37	+	13.5	3.9e-06	0.00393	GGTTAATTTTTTTTTTTTTTTTTTGAGACA
pattern_2		12:82872698:T:A:R:wC	8	37	+	13.4881	3.92e-06	0.00394	GCTTTGTTTTTATGTATTTTTTATATTACA
pattern_2		1:205755144:T:C:R:wC	10	39	+	13.4524	3.99e-06	0.00401	CATAACTTTTTTTTTTTTTTTTTGAGATGG
pattern_1		7:131007371:G:A:A:wC	41	70	+	14.7143	3.99e-06	0.0131	AACACTTTTTTTTTTTTTTTTTTTTTTTTG
pattern_1		12:57079586:A:G:R:wC	64	93	+	14.7143	3.99e-06	0.0131	CTTACTTTTTTTTTTTTTTTTTTTTTTTTG
pattern_2		8:6738204:T:C:R:wC	2	31	+	13.4405	4.01e-06	0.00402	CTAAATTTTATTTTTATTTTTTATTTATTT
pattern_2		11:654229:T:C:R:wC	32	61	+	13.4405	4.01e-06	0.00402	CCCCCTTTTTTTTTTTTTTTTTTTTTGAGA
pattern_3		22:29632882:A:T:R:wC	22	51	+	14.439	4.03e-06	0.0112	GAGGCAGAGTCTTGCTCTGTCGCCCAGGCT
pattern_2		1:155857540:G:A:R:wC	26	55	+	13.4286	4.04e-06	0.00403	CCCGCTAATTTTTTTTTTTTTTTTTTTTGA
pattern_2		2:43423179:T:C:A:wC	73	102	+	13.4167	4.06e-06	0.00405	GGCCTTTTTGTTTGTTTTTTTAAGACACGG
pattern_1		6:3134826:G:A:R:wC	103	132	+	14.6905	4.07e-06	0.0133	CCTGGCTAATTTTTTTTTTTTTTTTTTTTG
pattern_2		7:152154660:C:T:R:wC	12	41	+	13.4048	4.09e-06	0.00405	ACCTCTTTTCTTTTTTTTTTTAAGACAGAG
pattern_2		9:131861118:A:C:R:wC	55	84	+	13.4048	4.09e-06	0.00405	CTTCAGCTTTTTTTTCTTTTTTCTTTTTTT
pattern_2		13:50179454:T:C:A:wC	136	165	+	13.4048	4.09e-06	0.00405	TTTTTTTTTGTTTGTTTTTTCTTTTTTTTG
pattern_2		12:9395763:T:C:R:wC	146	175	+	13.4048	4.09e-06	0.00405	GGAATGATTTTTTGTTTGTTTGTTTGTTTC
pattern_2		17:18786776:C:T:R:wC	25	54	+	13.3929	4.11e-06	0.00407	TAGCTGTTTTTCTTTCTTTTTTTTTTTTTT
pattern_1		1:165734603:T:C:R:wC	5	34	+	14.6667	4.15e-06	0.0134	TTGCAGTTTTATTTTATTTTTATTTTTTTT
pattern_1		17:35415419:C:T:A:wC	126	155	+	14.6667	4.15e-06	0.0134	TGTATTTATTTATTTATTTATTTATTTAGA
pattern_2		8:96311217:C:G:R:wC	57	86	+	13.369	4.16e-06	0.00411	ATATTGATCTATTTTTTTTTTTTTTTTGAG
pattern_0		9:104148858:A:G:R:wC	48	77	-	14.4471	4.16e-06	0.0893	TTTTATAATTTTAAAAATTATATTATTCTT
pattern_1		5:56507824:C:T:A:wC	29	58	+	14.6548	4.19e-06	0.0134	AATTTTAATTAAAAAAAAATTTTTTTTTTG
pattern_1		5:172382175:A:G:A:wC	54	83	+	14.6548	4.19e-06	0.0134	TTAGTTTTTTTTTTTTTTTTTTTTTTTTGA
pattern_2		9:131101845:C:T:R:wC	18	47	+	13.3333	4.23e-06	0.00417	GAATCTTTTTTTTTTTTTTTTTTTTTTTTT
pattern_2		15:94841430:G:A:A:wC	41	70	+	13.3333	4.23e-06	0.00417	AAGGTTCATGTTTTTTTTTTTTGTTTGTTT
pattern_2		14:50102527:A:G:R:wC	7	36	+	13.3214	4.26e-06	0.00418	TGTTTTGTTTTGTTTTTCTTTTTTTGAGAC
pattern_2		6:13777936:G:A:A:wC	146	175	+	13.2976	4.31e-06	0.00423	GTATTTAATTTTTGTATTTTTTAGAGGTGG
pattern_3		20:61584032:G:T:R:wC	79	108	-	14.3293	4.31e-06	0.0119	CCCCCAGACGGCCACCAGGGCGGGCAGGCG
pattern_3		19:48786299:G:T:A:wC	122	151	+	14.3293	4.31e-06	0.0119	GGAGTGAAGTGGCACCATCTCGGCTCACTG
pattern_1		22:37976422:T:C:A:wC	11	40	+	14.619	4.32e-06	0.0137	GGTTTCTAATTTTCTTTTTTTTTTTTTTTT
pattern_1		11:7983846:G:A:A:wC	26	55	+	14.619	4.32e-06	0.0137	CCTGTTCTTTTTTTTTTTTTTTTTTTTTTG
pattern_0		8:27406850:A:G:A:wC	144	173	+	14.4	4.34e-06	0.0893	CTTTCCTTTTTTTAAATTTATTTATTATTA
pattern_2		8:26049480:C:G:A:wC	149	178	+	13.2738	4.36e-06	0.00427	TTTTTTTTTTTTTTTTTTTTTGAGACAGGG
pattern_2		22:46664638:G:A:R:wC	14	43	+	13.25	4.41e-06	0.00431	GGGAAAGCTGTTTTTTTGTTTTGTTTTGTT
pattern_2		4:186580657:A:G:A:wC	170	199	+	13.25	4.41e-06	0.00431	CGCCCAGCTAATTTTTTTTTTTGTATTTTT
pattern_2		11:8043412:G:A:R:wC	144	173	-	13.2381	4.43e-06	0.00432	ATTTTCTTTTTTTTTTTTTTTTTGAGCTGG
pattern_1		1:76223816:T:C:A:wC	28	57	+	14.5833	4.45e-06	0.014	TTTTTTAATTATTATTTTTTTCATACAGAG
pattern_2		11:62387222:C:T:A:wC	51	80	+	13.2262	4.46e-06	0.00434	TTTTTTTTTTTTTTTTTTTTTTTTCAGAGA
pattern_2		7:100177174:T:C:R:wC	143	172	-	13.2143	4.48e-06	0.00436	GACTGTGCCTTTTTTTTTTTTTTTTTTGAG
pattern_1		17:30610375:G:C:R:wC	51	80	+	14.5714	4.49e-06	0.0141	GCCTTTTCTTCTTTTTTTTTTTTTTTTTTT
pattern_0		8:6738204:T:C:R:wC	7	36	-	14.3529	4.52e-06	0.0893	AAATAAAATAAATAAAAAATAAAAATAAAA
pattern_2		2:103147561:G:A:A:wC	56	85	+	13.1905	4.54e-06	0.0044	AATTCTTTTTTTTTTTTTTTTTTGAGACGG
pattern_1		9:104148858:A:G:R:wC	57	86	-	14.5476	4.58e-06	0.0142	TTGGCTTCATTTTATAATTTTAAAAATTAT
pattern_1		11:8043412:G:A:R:wC	149	178	-	14.5476	4.58e-06	0.0142	AAATAATTTTCTTTTTTTTTTTTTTTTTGA
pattern_2		7:131007371:G:A:A:wC	40	69	+	13.1667	4.59e-06	0.00444	AAACACTTTTTTTTTTTTTTTTTTTTTTTT
pattern_2		20:5942955:C:A:R:wC	133	162	+	13.1667	4.59e-06	0.00444	GCCTTCATTTCTTTTTTTTTTTTTTTTTTT
pattern_2		3:9827691:C:T:A:wC	23	52	+	13.1548	4.62e-06	0.00446	TTGTTTTGTTTTGTTTTTTTTTTTTGAGAT
pattern_1		6:135845145:C:T:A:wC	9	38	+	14.5357	4.63e-06	0.0142	TATTATTATTATTATTATTATTTTGAGACA
pattern_2		7:23725908:G:A:A:wC	72	101	+	13.1429	4.64e-06	0.00448	ACTCAACTTTTTTTTTTTTTTGAGACAGAG
pattern_1		17:6757094:G:A:R:wC	25	54	-	14.5238	4.67e-06	0.0142	TCAAAATATTTTTTTAAATATTAAAAGCAG
pattern_1		1:100650664:A:G:A:wC	148	177	+	14.5238	4.67e-06	0.0142	ATGGGTAATTCCTTTTTTTTTTTTTTTTTT
pattern_1		1:204939136:G:A:R:wC	164	193	-	14.5238	4.67e-06	0.0142	TCTTTTTTTTTTTTTTTTTTTTTTTTTGAG
pattern_3		17:65109437:G:A:R:wC	57	86	+	14.1829	4.71e-06	0.0129	TAGACAGAGTCTCGCTCTGTCGCCCTGGTT
pattern_3		19:18285944:G:A:A:wC	132	161	-	14.1829	4.71e-06	0.0129	GACATTGAGGATCTCCATGACCAACAGCCA
pattern_1		19:29454928:G:C:A:wC	27	56	+	14.5119	4.72e-06	0.0143	TGATTTAACTTTGATTTTTTTTTTTTTTTT
pattern_2		9:131101845:C:T:R:wC	13	42	+	13.1071	4.72e-06	0.00454	TCCCAGAATCTTTTTTTTTTTTTTTTTTTT
pattern_2		17:13909320:G:C:R:wC	45	74	-	13.1071	4.72e-06	0.00454	TCTCTCTTTTTTTTTTTTTTTTTTTTGAGA
pattern_1		12:57079586:A:G:R:wC	62	91	+	14.5	4.76e-06	0.0143	CACTTACTTTTTTTTTTTTTTTTTTTTTTT
pattern_2		9:131101845:C:T:R:wC	17	46	+	13.0833	4.78e-06	0.00458	AGAATCTTTTTTTTTTTTTTTTTTTTTTTT
pattern_2		3:98304788:A:C:R:wC	20	49	+	13.0833	4.78e-06	0.00458	TTTTTCTTTTCTTTTCTTTTTTTTTTTGAG
pattern_2		17:18263957:G:C:A:wC	15	44	-	13.0833	4.78e-06	0.00458	TTTCTTTTCTTTTCTTTTTTTTTTTTTTGA
pattern_2		17:46043524:A:G:R:wC	14	43	-	13.0714	4.81e-06	0.0046	GTGTTGCTTTTTTCTTTCTTTCTTTCTTTC
pattern_2		7:99915673:C:T:A:wC	22	51	-	13.0595	4.83e-06	0.00461	TGTTCTTTTTTTTTTTTTTTTTTTTTGAGA
pattern_1		10:70633047:C:A:A:wC	59	88	+	14.4762	4.86e-06	0.0146	CAAGAGCATTTTTTTTTTTTTTTTTTTTTG
pattern_2		10:70633047:C:A:A:wC	60	89	+	13.0476	4.86e-06	0.00463	AAGAGCATTTTTTTTTTTTTTTTTTTTTGA
pattern_0		8:27406850:A:G:A:wC	52	81	-	14.2588	4.9e-06	0.0893	CATTCTATATATTAAAAAAACAGAAAATGG
pattern_1		9:131101845:C:T:R:wC	16	45	+	14.4643	4.91e-06	0.0146	CAGAATCTTTTTTTTTTTTTTTTTTTTTTT
pattern_2		11:62387222:C:T:A:wC	45	74	+	13.0119	4.95e-06	0.00471	CTAACTTTTTTTTTTTTTTTTTTTTTTTTT
pattern_0		13:102614474:T:C:A:wC	36	65	+	14.2353	5e-06	0.0893	CCATATGAATTTTAAAATAATGGTTTTAAT
pattern_2		7:23725908:G:A:A:wC	70	99	+	12.9881	5e-06	0.00475	CAACTCAACTTTTTTTTTTTTTTGAGACAG
pattern_2		3:9827691:C:T:A:wC	21	50	+	12.9762	5.03e-06	0.00477	CCTTGTTTTGTTTTGTTTTTTTTTTTTGAG
pattern_1		16:2706036:T:C:A:wC	17	46	-	14.4286	5.05e-06	0.0149	CCTAGCTAATCTTTTTTTTTTTTTTTTTTG
pattern_1		12:53210503:G:A:A:wC	113	142	+	14.4286	5.05e-06	0.0149	CCCAGCTAATTTTTTTTTTTTTTTTTTTTG
pattern_1		17:35415419:C:T:A:wC	124	153	+	14.4167	5.1e-06	0.015	TATGTATTTATTTATTTATTTATTTATTTA
pattern_2		20:32080308:A:G:A:wC	110	139	+	12.9286	5.15e-06	0.00488	TTGTTTTCTTTTTTCCTTTTTTTGAGACAG
pattern_1		10:115796337:A:G:R:wC	40	69	+	14.4048	5.15e-06	0.015	TATTTTTATTTTTATTTTTTTTTGAGATGG
pattern_1		11:62387222:C:T:A:wC	41	70	+	14.4048	5.15e-06	0.015	CTAGCTAACTTTTTTTTTTTTTTTTTTTTT
pattern_0		11:17346379:C:T:A:wC	57	86	-	14.2	5.15e-06	0.0893	AAAATAAATAAATAAATAAATAAATAAATA
pattern_0		2:48631377:T:C:R:wC	148	177	-	14.2	5.15e-06	0.0893	AAAAATAAAAAATAAAAAAAAATTAGCCCG
pattern_2		17:73933290:T:C:R:wC	55	84	+	12.9167	5.18e-06	0.0049	GATCAAAAACATTTTTTTTTTTTTTGAGAC
pattern_1		2:103147561:G:A:A:wC	42	71	+	14.3929	5.2e-06	0.015	ATATAAAATACCTAAATTCTTTTTTTTTTT
pattern_1		17:45963810:G:A:R:wC	105	134	+	14.3929	5.2e-06	0.015	ACCTTTTTATTTTATTTTATTTTAATTTAA
pattern_2		2:145876745:A:G:R:wC	88	117	-	12.9048	5.21e-06	0.00492	GGATGTAATGTTTTTTTTTTTTTTAGCAGA
pattern_0		16:78114846:A:G:A:wC	11	40	-	14.1765	5.25e-06	0.0893	TACTGCCATTATTAAATATTAGTATAGTCA
pattern_0		8:59768957:C:T:R:wC	92	121	-	14.1765	5.25e-06	0.0893	GCAAATATTTTTTGAATATTTGGAATACCA
pattern_2		18:53373610:G:A:R:wC	5	34	+	12.881	5.27e-06	0.00495	ATCCATGTTCTCTGTTTTTTTTTTTTTTTT
pattern_2		3:195629980:C:T:A:wC	47	76	+	12.881	5.27e-06	0.00495	CACCACTTTTTTTTTTTCTTTTGTGACAGA
pattern_2		1:228371551:G:A:A:wC	65	94	-	12.881	5.27e-06	0.00495	TGACGTTTCTTTTTTTTTTTTTTTTTTGGA
pattern_3		19:4129205:T:C:R:wC	117	146	+	13.9878	5.3e-06	0.0144	TAGACAGGATTTTCCTTTATTGCACAGGCT
pattern_2		22:37976422:T:C:A:wC	20	49	+	12.8452	5.36e-06	0.00502	TTTTCTTTTTTTTTTTTTTTTGAGACAGAG
pattern_2		9:131861118:A:C:R:wC	67	96	+	12.8452	5.36e-06	0.00502	TTTCTTTTTTCTTTTTTTTTTTTTTTTAGA
pattern_3		3:52866157:C:G:R:wC	41	70	+	13.9634	5.38e-06	0.0146	GGGGAAGAGTCTCCCCATGGAGTCCAGCAA
pattern_2		8:129003458:G:A:R:wC	23	52	+	12.8333	5.39e-06	0.00505	TCTTTCTTTTTTTTTTTTTTTTTTTTGAGA
pattern_2		7:99915673:C:T:A:wC	25	54	-	12.8214	5.42e-06	0.00505	TTTTGTTCTTTTTTTTTTTTTTTTTTTTTG
pattern_2		9:97398938:A:G:A:wC	127	156	+	12.8214	5.42e-06	0.00505	GACAAGCCCTTTTTTTTCTTTTTTTGAGAC
pattern_2		9:97398938:A:G:R:wC	127	156	+	12.8214	5.42e-06	0.00505	GACAAGCCCTTTTTTTTCTTTTTTTGAGAC
pattern_2		8:129003458:G:A:R:wC	18	47	+	12.8095	5.45e-06	0.00505	TCTTTTCTTTCTTTTTTTTTTTTTTTTTTT
pattern_2		9:97398938:A:G:A:wC	131	160	+	12.8095	5.45e-06	0.00505	AGCCCTTTTTTTTCTTTTTTTGAGACAGAG
pattern_2		9:97398938:A:G:R:wC	131	160	+	12.8095	5.45e-06	0.00505	AGCCCTTTTTTTTCTTTTTTTGAGACAGAG
pattern_2		1:204939136:G:A:R:wC	170	199	-	12.8095	5.45e-06	0.00505	AGTAGTTCTTTTTTTTTTTTTTTTTTTTTT
pattern_1		10:11843379:G:A:R:wC	120	149	+	14.3333	5.46e-06	0.0157	GATGATACATCTTTTTTTTTTTTTTTTTTT
pattern_1		19:57807525:G:A:A:wC	50	79	+	14.3214	5.51e-06	0.0158	TTATTATAATTTTTTTTAATTTTTTTTTTG
pattern_1		17:30610375:G:C:R:wC	55	84	+	14.3095	5.56e-06	0.0158	TTTCTTCTTTTTTTTTTTTTTTTTTTTTTG
pattern_2		8:129003458:G:A:R:wC	15	44	+	12.7619	5.58e-06	0.00513	TTTTCTTTTCTTTCTTTTTTTTTTTTTTTT
pattern_2		7:29188870:G:A:R:wC	31	60	+	12.7619	5.58e-06	0.00513	TTCCCTTTTTTTTTTTTTTTTTTTTTGAGA
pattern_2		22:38309938:G:A:A:wC	35	64	+	12.7619	5.58e-06	0.00513	TGGCCCAACTCTTTTTTTTTTTTTTTTGAT
pattern_2		6:158621028:A:G:A:wC	12	41	-	12.7619	5.58e-06	0.00513	GCCGGTCTTTTTTTTTTTTTTTTTTTTTTG
pattern_2		21:43388784:G:A:A:wC	150	179	+	12.7619	5.58e-06	0.00513	TCAGGTGTTTTTTTTTTTTTTTTGTAGGAT
pattern_1		1:76223816:T:C:A:wC	17	46	+	14.2976	5.62e-06	0.0158	TTTTTTACTTTTTTTTTAATTATTATTTTT
pattern_1		20:35746819:G:A:A:wC	28	57	+	14.2976	5.62e-06	0.0158	ATTTGGACTTTTTATTTATTTCATTTAATT
pattern_2		10:43065274:C:T:A:wC	72	101	-	12.7381	5.64e-06	0.00518	GATATTTTTTTTTATATTTTTAGTCAGAGA
pattern_1		6:42993336:G:A:R:wC	124	153	-	14.2857	5.67e-06	0.0159	CCTCTATTTTTTTTTTTTTTTTTTTTTTTG
pattern_1		1:204939136:G:A:R:wC	165	194	-	14.2857	5.67e-06	0.0159	TTCTTTTTTTTTTTTTTTTTTTTTTTTTGA
pattern_0		13:53862742:C:T:A:wC	49	78	+	14.0824	5.69e-06	0.091	ATTTTTAATTTCTAAAATTATTTTCTATTT
pattern_1		10:115796337:A:G:R:wC	32	61	+	14.2738	5.72e-06	0.0159	TTTATTTTTATTTTTATTTTTATTTTTTTT
pattern_1		22:22572199:T:C:A:wC	131	160	+	14.2738	5.72e-06	0.0159	ACATATTTTTAATTTAAATTTCAACTTTTA
pattern_1		1:76223816:T:C:A:wC	22	51	+	14.2619	5.78e-06	0.0159	TACTTTTTTTTTAATTATTATTTTTTTCAT
pattern_1		6:42993336:G:A:R:wC	122	151	-	14.2619	5.78e-06	0.0159	TCTATTTTTTTTTTTTTTTTTTTTTTTGAG
pattern_2		12:57079586:A:G:R:wC	64	93	+	12.6667	5.83e-06	0.00534	CTTACTTTTTTTTTTTTTTTTTTTTTTTTG
pattern_2		8:6733773:C:T:A:wC	154	183	-	12.6667	5.83e-06	0.00534	CTGGCTAATTTTTGTATTTTTTAGTACAGA
pattern_2		4:71736336:G:A:R:wC	52	81	+	12.6548	5.87e-06	0.00535	TGATCTCTTTTTTTTTTTTTTTTTTTGAGT
pattern_2		11:17346379:C:T:A:wC	63	92	+	12.6548	5.87e-06	0.00535	TTTATTTATTTATTTATTTATTTTTGAGAC
pattern_2		15:75030323:C:T:R:wC	116	145	-	12.6548	5.87e-06	0.00535	CATTGGTTTTTTTTTTTTTTTTTTGAGACG
pattern_1		11:8043412:G:A:R:wC	150	179	-	14.2381	5.89e-06	0.016	AAAATAATTTTCTTTTTTTTTTTTTTTTTG
pattern_1		6:35432100:C:T:R:wC	7	36	+	14.2262	5.95e-06	0.016	TCTTCTTTTTTTTTTTTTTTTTTTTTTGAG
pattern_1		10:115796337:A:G:R:wC	14	43	+	14.2262	5.95e-06	0.016	TGGTTTGATATTTATTTATTTATTTTTATT
pattern_1		5:142052130:T:C:R:wC	29	58	+	14.2262	5.95e-06	0.016	TGTACAGTTTTTTTTTTTTTTTTTTTTTTG
pattern_1		17:30610375:G:C:R:wC	57	86	+	14.2262	5.95e-06	0.016	TCTTCTTTTTTTTTTTTTTTTTTTTTTGAG
pattern_3		17:5321413:G:A:R:wC	122	151	-	13.7927	5.95e-06	0.0161	GAGATGGAGTTTCGCTCTTGTTGCCCAGGC
pattern_2		1:21768191:G:C:R:wC	105	134	-	12.619	5.97e-06	0.00542	TCATTACTTTTTTTTTTTTTTTTTTTGAGA
pattern_0		4:38933859:G:A:A:wC	28	57	-	14.0235	5.98e-06	0.091	CAGATGCTTTTTTAAAAAAATGCTGTGACA
pattern_0		17:45963810:G:A:R:wC	116	145	-	14.0235	5.98e-06	0.091	AAAAATAAAAATTAAATTAAAATAAAATAA
pattern_2		9:131101845:C:T:R:wC	32	61	+	12.6071	6e-06	0.00542	TTTTTTTTTTTTTTTTTTTTTGAGATGGAG
pattern_2		11:7983846:G:A:A:wC	34	63	+	12.6071	6e-06	0.00542	TTTTTTTTTTTTTTTTTTTTTGAGATGGAG
pattern_2		11:654229:T:C:R:wC	37	66	+	12.6071	6e-06	0.00542	TTTTTTTTTTTTTTTTTTTTTGAGATGGAG
pattern_2		17:30610375:G:C:R:wC	63	92	+	12.6071	6e-06	0.00542	TTTTTTTTTTTTTTTTTTTTTGAGATGGAG
pattern_2		8:23082971:G:T:A:wC	122	151	+	12.6071	6e-06	0.00542	TTTTTTTTTTTTTTTTTTTTTGAGATGGAG
pattern_2		1:204939136:G:A:R:wC	158	187	-	12.6071	6e-06	0.00542	TTTTTTTTTTTTTTTTTTTTTGAGATGGAG
pattern_2		7:15718531:C:T:R:wC	158	187	-	12.5952	6.04e-06	0.00544	CCTGCAGTTTTTGTTTTCTTTTGTTTTTCC
pattern_0		2:99999611:G:A:A:wC	29	58	-	14.0118	6.04e-06	0.091	ACAATTTGTATTTAAAAAAAAAAAACTATA
pattern_1		7:116515781:A:T:A:wC	86	115	+	14.2024	6.06e-06	0.0162	ATTTTTTTTTTTTTTAATTTTTTGTAGATA
pattern_2		8:6738204:T:C:R:wC	9	38	+	12.5833	6.07e-06	0.00545	TTATTTTTATTTTTTATTTATTTTATTTAT
pattern_2		14:100228342:C:T:R:wC	14	43	-	12.5833	6.07e-06	0.00545	TTCTCGATTTTTTTTTTTTTTTTTGAGACA
pattern_3		9:136997542:G:A:R:wC	34	63	-	13.7561	6.08e-06	0.0163	CGGAAGCACTGGCCCCTTCATGGCCAGCCC
pattern_1		17:30610375:G:C:R:wC	48	77	+	14.1905	6.12e-06	0.0163	CCTGCCTTTTCTTCTTTTTTTTTTTTTTTT
pattern_1		22:22572199:T:C:A:wC	129	158	+	14.1905	6.12e-06	0.0163	ATACATATTTTTAATTTAAATTTCAACTTT
pattern_1		7:37971866:A:T:A:wC	119	148	+	14.1786	6.18e-06	0.0163	ATTTCTAAATTTTTAAAATTTATTTACTCA
pattern_0		1:28260898:G:A:A:wC	17	46	+	13.9765	6.22e-06	0.091	AATAAAAAATTTTAAAAGTTGTTTAAATAG
pattern_0		20:48781981:G:C:R:wC	58	87	+	13.9765	6.22e-06	0.091	CCCCGTCTTTACTAAAAATACAAAAATTGG
pattern_1		8:6738204:T:C:R:wC	24	53	+	14.1667	6.24e-06	0.0164	ATTTATTTTATTTATTTTTTTATTATACTT
pattern_2		5:142052130:T:C:R:wC	29	58	+	12.5238	6.24e-06	0.00559	TGTACAGTTTTTTTTTTTTTTTTTTTTTTG
pattern_2		17:13909320:G:C:R:wC	47	76	-	12.5238	6.24e-06	0.00559	GGTCTCTCTTTTTTTTTTTTTTTTTTTTGA
pattern_2		1:100650664:A:G:A:wC	155	184	+	12.5238	6.24e-06	0.00559	ATTCCTTTTTTTTTTTTTTTTTTTTTGAGA
pattern_1		17:5321413:G:A:R:wC	162	191	-	14.1548	6.3e-06	0.0165	TTAATTATTTATAATTATTTTGTGTCTTTT
pattern_2		17:18786776:C:T:R:wC	27	56	+	12.4881	6.35e-06	0.00567	GCTGTTTTTCTTTCTTTTTTTTTTTTTTTG
pattern_2		2:113370315:C:A:A:wC	61	90	+	12.4881	6.35e-06	0.00567	TTTGTTTTGTTTTGTTTTTGTTTTTGAGAT
pattern_1		7:29188870:G:A:R:wC	28	57	+	14.1429	6.36e-06	0.0165	TGTTTCCCTTTTTTTTTTTTTTTTTTTTTG
pattern_1		10:115796337:A:G:R:wC	29	58	+	14.1429	6.36e-06	0.0165	TTATTTATTTTTATTTTTATTTTTATTTTT
pattern_2		12:53270855:G:A:R:wC	67	96	+	12.4762	6.39e-06	0.00569	ATTTTTTAATTTTTAATTTTTCACAGAGAC
pattern_3		1:155857540:G:A:R:wC	54	83	+	13.6707	6.4e-06	0.0171	GAGATGGAGTTTCACAATTGTTTCCCAGGC
pattern_1		7:37971866:A:T:A:wC	121	150	+	14.131	6.42e-06	0.0166	TTCTAAATTTTTAAAATTTATTTACTCATT
pattern_2		11:77870638:A:T:R:wC	103	132	+	12.4643	6.42e-06	0.0057	CTGAATTTTCTTTTTTTTTTTCCTTTTTTT
pattern_2		13:103447529:G:A:R:wC	170	199	-	12.4643	6.42e-06	0.0057	TTTTGCTTTTTTTTTTTTTTTTTTTTTTGA
pattern_1		8:6738204:T:C:R:wC	7	36	+	14.119	6.48e-06	0.0167	TTTTATTTTTATTTTTTATTTATTTTATTT
pattern_2		16:2706036:T:C:A:wC	14	43	-	12.4405	6.49e-06	0.00576	AGCTAATCTTTTTTTTTTTTTTTTTTGAGA
pattern_2		22:23910746:G:A:A:wC	29	58	-	12.4286	6.53e-06	0.00579	CAGCTCCATTTTTTTTTTTTTTTTTTGAGA
pattern_2		16:2706036:T:C:A:wC	9	38	-	12.4167	6.57e-06	0.00579	ATCTTTTTTTTTTTTTTTTTTGAGATGGAG
pattern_2		12:53210503:G:A:A:wC	119	148	+	12.4167	6.57e-06	0.00579	TAATTTTTTTTTTTTTTTTTTTTGTATTTT
pattern_2		12:125541085:T:C:R:wC	161	190	+	12.4167	6.57e-06	0.00579	GGCCCTTTTTTTTTTTTTTTTTTTGAGACG
pattern_2		1:212473208:A:G:R:wC	42	71	+	12.4048	6.6e-06	0.00581	ATAAGACTTTTTTTTTTTTTTTTGAGACAG
pattern_2		1:74726378:A:G:R:wC	160	189	-	12.4048	6.6e-06	0.00581	TGCCATTTCTTTTATATTGTTAGGATTACC
pattern_2		1:155857540:G:A:R:wC	33	62	+	12.3929	6.64e-06	0.00583	ATTTTTTTTTTTTTTTTTTTTGAGATGGAG
pattern_2		11:121998254:C:T:R:wC	164	193	+	12.3929	6.64e-06	0.00583	ATTTTTTGTAATTTTTTTTTTAGTAGAGAT
pattern_1		7:71731031:G:A:A:wC	26	55	-	14.0833	6.67e-06	0.017	CCTGGCTAATTTTGTTTTGTTTTTTATTTT
pattern_1		1:21768191:G:C:R:wC	109	138	-	14.0833	6.67e-06	0.017	AAATTCATTACTTTTTTTTTTTTTTTTTTT
pattern_0		7:128402711:C:T:R:wC	52	81	+	13.8941	6.67e-06	0.0953	TTATTTTTATTTTTAAAATTTATTATAGAG
pattern_2		10:11843379:G:A:R:wC	121	150	+	12.381	6.68e-06	0.00585	ATGATACATCTTTTTTTTTTTTTTTTTTTT
pattern_2		1:11883629:T:A:R:wC	4	33	-	12.369	6.72e-06	0.00587	CTTGCACTTTTTTTTCTTTTTTTTTTTTGA
pattern_2		9:33397073:T:C:R:wC	117	146	-	12.369	6.72e-06	0.00587	GCTTTTTTTTTTTTTTTTTTTGAGACAGGG
pattern_1		12:57079586:A:G:R:wC	65	94	+	14.0714	6.73e-06	0.017	TTACTTTTTTTTTTTTTTTTTTTTTTTTGA
pattern_1		11:77870638:A:T:R:wC	99	128	+	14.0714	6.73e-06	0.017	TAGTCTGAATTTTCTTTTTTTTTTTCCTTT
pattern_1		1:21768191:G:C:R:wC	106	135	-	14.0714	6.73e-06	0.017	TTCATTACTTTTTTTTTTTTTTTTTTTGAG
pattern_2		7:97601835:G:T:R:wC	96	125	+	12.3571	6.75e-06	0.00588	TGGGGCACTGTTTGTTTGTTTGTTTGTTTT
pattern_2		19:4413735:C:T:R:wC	108	137	+	12.3571	6.75e-06	0.00588	CGTGTTTTTGTTTGTTTTGGTTTTTGTTGT
pattern_3		11:113659993:A:C:A:wC	114	143	+	13.5732	6.78e-06	0.018	AAGAAGCAGTTCTACAAGGCCAGCCAGCTG
pattern_2		10:70633047:C:A:A:wC	64	93	+	12.3452	6.79e-06	0.00591	GCATTTTTTTTTTTTTTTTTTTTTGAGACG
pattern_3		1:16381623:G:A:A:wC	44	73	-	13.561	6.83e-06	0.0181	GGGCTGGGCTTTCTCCTTCATTTCCCAAGA
pattern_1		5:172382175:A:G:A:wC	52	81	+	14.0476	6.86e-06	0.0173	GGTTAGTTTTTTTTTTTTTTTTTTTTTTTT
pattern_2		10:62500217:C:T:A:wC	47	76	-	12.3214	6.87e-06	0.00597	ATTTTTAATTCTTTTTTTTTTTTTCTTTGT
pattern_1		11:8043412:G:A:R:wC	154	183	-	14.0357	6.92e-06	0.0173	CAGAAAAATAATTTTCTTTTTTTTTTTTTT
pattern_0		10:115796337:A:G:R:wC	24	53	-	13.8471	6.93e-06	0.0957	TAAAAATAAAAATAAAAATAAATAAATAAA
pattern_2		17:30610375:G:C:R:wC	50	79	+	12.2976	6.94e-06	0.00602	TGCCTTTTCTTCTTTTTTTTTTTTTTTTTT
pattern_1		12:11962839:C:T:R:wC	4	33	+	14.0238	6.99e-06	0.0173	CTGCTTTTTTTTTTTTTTTTTTTTTTTTTT
pattern_1		1:165734603:T:C:R:wC	13	42	+	14.0238	6.99e-06	0.0173	TTATTTTATTTTTATTTTTTTTGAGACAAG
pattern_1		13:102921869:T:C:R:wC	106	135	+	14.0238	6.99e-06	0.0173	TCTTTATTTTATTTTGTATTTTATTTTATT
pattern_0		11:110300413:A:G:R:wC	160	189	+	13.8353	7e-06	0.0957	TCCAGCTATCTTTCAAAATATTTTGTTTCT
pattern_2		2:132091707:T:G:R:wC	151	180	+	12.2738	7.02e-06	0.00608	TTGTTTCATTTTTGTTTTTTTGAGACGGAG
pattern_3		4:113542944:C:A:R:wC	57	86	+	13.5122	7.03e-06	0.0185	GAGATGGAGTTTCGCTCTTGTTGCCCAGTC
pattern_1		19:57807525:G:A:A:wC	44	73	+	14.0119	7.05e-06	0.0174	CTATTATTATTATAATTTTTTTTAATTTTT
pattern_2		8:129003458:G:A:R:wC	28	57	+	12.2619	7.06e-06	0.0061	CTTTTTTTTTTTTTTTTTTTTGAGACGGAA
pattern_2		15:75030323:C:T:R:wC	124	153	-	12.2619	7.06e-06	0.0061	CAGGATCTCATTGGTTTTTTTTTTTTTTTT
pattern_3		1:16381623:G:A:A:wC	132	161	+	13.4878	7.13e-06	0.0187	AATGTGGGGGATCTCAGTGGTGGCCAGGGT
pattern_2		2:170295503:C:T:R:wC	102	131	+	12.2262	7.18e-06	0.00619	TATCTCTTTTTTTTCCTTTTTTTTATTTTC
pattern_1		13:103447529:G:A:R:wC	170	199	-	13.9881	7.19e-06	0.0177	TTTTGCTTTTTTTTTTTTTTTTTTTTTTGA
pattern_2		14:105582775:C:T:R:wC	37	66	+	12.2143	7.22e-06	0.0062	TCTTTTTTTTTTTTTTTTTTTGAGATGGAG
pattern_2		3:197326771:T:G:R:wC	52	81	+	12.2143	7.22e-06	0.0062	CTACACTATTTTTTTTTGTTTTTTTTTGAG
pattern_2		2:65289623:C:T:A:wC	135	164	-	12.2143	7.22e-06	0.0062	TCTTTTTTTTTTTTTTTTTTTGAGATGGAG
pattern_3		10:72169888:C:G:A:wC	55	84	+	13.4634	7.23e-06	0.0189	GAGACAGAGTTTCACTCTTGTTGCCCAGGC
pattern_1		5:172382175:A:G:A:wC	53	82	+	13.9762	7.26e-06	0.0177	GTTAGTTTTTTTTTTTTTTTTTTTTTTTTG
pattern_1		12:57079586:A:G:R:wC	57	86	+	13.9762	7.26e-06	0.0177	TGCTACACTTACTTTTTTTTTTTTTTTTTT
pattern_2		15:101390481:G:A:R:wC	9	38	+	12.2024	7.26e-06	0.00623	CTCTCTCTCTTTTTTTTTTTTTTTAGGTGG
pattern_2		9:131861118:A:C:R:wC	63	92	+	12.1905	7.3e-06	0.00626	TTTTTTTCTTTTTTCTTTTTTTTTTTTTTT
pattern_1		17:18290295:A:G:R:wC	2	31	+	13.9643	7.32e-06	0.0177	ATTTTTGGTTAATTTTTTTTTTTTTTTTTT
pattern_1		17:18290295:A:G:A:wC	2	31	+	13.9643	7.32e-06	0.0177	ATTTTTGGTTAATTTTTTTTTTTTTTTTTT
pattern_2		17:13909320:G:C:R:wC	48	77	-	12.1786	7.34e-06	0.00628	AGGTCTCTCTTTTTTTTTTTTTTTTTTTTG
pattern_2		14:105582775:C:T:R:wC	34	63	+	12.1667	7.38e-06	0.0063	TTTTCTTTTTTTTTTTTTTTTTTTGAGATG
pattern_2		12:12275828:C:T:R:wC	44	73	-	12.1667	7.38e-06	0.0063	CCTTGCACCCTTTTTATTTTTATTTTTATT
pattern_1		10:115796337:A:G:R:wC	18	47	+	13.9524	7.39e-06	0.0177	TTGATATTTATTTATTTATTTTTATTTTTA
pattern_1		9:131101845:C:T:R:wC	26	55	+	13.9524	7.39e-06	0.0177	TTTTTTTTTTTTTTTTTTTTTTTTTTTGAG
pattern_1		20:5942955:C:A:R:wC	150	179	+	13.9524	7.39e-06	0.0177	TTTTTTTTTTTTTTTTTTTTTTTTTTTGAG
pattern_2		12:125541085:T:C:R:wC	164	193	+	12.1548	7.42e-06	0.00633	CCTTTTTTTTTTTTTTTTTTTGAGACGGAG
pattern_1		1:100650664:A:G:A:wC	152	181	+	13.9405	7.46e-06	0.0177	GTAATTCCTTTTTTTTTTTTTTTTTTTTTG
pattern_1		11:30390132:A:G:A:wC	164	193	-	13.9405	7.46e-06	0.0177	ATCCTTTATTGAAATATTTTTCTTTGTGCT
pattern_2		7:29188870:G:A:R:wC	28	57	+	12.1429	7.46e-06	0.00635	TGTTTCCCTTTTTTTTTTTTTTTTTTTTTG
pattern_3		2:113370315:C:A:A:wC	86	115	+	13.4024	7.49e-06	0.0195	GAGATGGAGTCTCAATCTGTTGCCCAGGCT
pattern_2		1:155857540:G:A:R:wC	30	59	+	12.131	7.5e-06	0.00638	CTAATTTTTTTTTTTTTTTTTTTTGAGATG
pattern_1		2:219279673:T:G:R:wC	73	102	+	13.9286	7.53e-06	0.0178	CCGGCTAATTTTTGTTTTGTTTTTTTTTTG
pattern_0		5:5401023:G:T:R:wC	73	102	-	13.7412	7.57e-06	0.1	CTCCTTGTTTTTTCAAATTTTTTCTTTTAA
pattern_2		8:129003458:G:A:R:wC	17	46	+	12.1071	7.59e-06	0.00644	TTCTTTTCTTTCTTTTTTTTTTTTTTTTTT
pattern_1		8:26049480:C:G:A:wC	140	169	+	13.9167	7.6e-06	0.0179	CAGATACTTTTTTTTTTTTTTTTTTTTTTT
pattern_2		18:53373610:G:A:R:wC	18	47	+	12.0952	7.63e-06	0.00647	GTTTTTTTTTTTTTTTTTTTTGAGATGGAG
pattern_0		17:5321413:G:A:R:wC	169	198	+	13.7294	7.64e-06	0.1	ACAAAATAATTATAAATAATTAAGTTATGA
pattern_2		12:132577378:G:A:R:wC	8	37	+	12.0833	7.67e-06	0.00649	TTCTTTTTCTTTTTTTTTTTTTTTGAGACG
pattern_2		5:172382175:A:G:A:wC	53	82	+	12.0833	7.67e-06	0.00649	GTTAGTTTTTTTTTTTTTTTTTTTTTTTTG
pattern_1		17:581967:C:T:A:wC	2	31	-	13.9048	7.68e-06	0.018	CAAAAAAATATATATATATATATATTTAGC
pattern_1		11:17346379:C:T:A:wC	41	70	+	13.9048	7.68e-06	0.018	TATTTGTCTATTTATTTATTTATTTATTTA
pattern_2		10:72169888:C:G:A:wC	26	55	+	12.0595	7.76e-06	0.00655	GAGCTGCTTTTTTTTTTCTTTCTTTCTTTG
pattern_2		10:11843379:G:A:R:wC	129	158	+	12.0476	7.8e-06	0.00655	TCTTTTTTTTTTTTTTTTTTTTGAGAAGAG
pattern_2		12:516880:A:G:R:wC	164	193	+	12.0476	7.8e-06	0.00655	GAAGATTTTTTTTTTTTTTTTTTTTTTTGA
pattern_2		17:18290295:A:G:R:wC	170	199	+	12.0476	7.8e-06	0.00655	CGCATGGCTAATTTTTTTTTTTGTATTTTT
pattern_2		17:18290295:A:G:A:wC	170	199	+	12.0476	7.8e-06	0.00655	CGCATGGCTAATTTTTTTTTTTGTATTTTT
pattern_3		12:126468191:A:G:A:wC	60	89	+	13.3293	7.82e-06	0.0203	TCGCTGGACTTTGCCTAGTTCGGGCCGGGC
pattern_1		8:6738204:T:C:R:wC	26	55	+	13.881	7.82e-06	0.0182	TTATTTTATTTATTTTTTTATTATACTTGA
pattern_2		2:103147561:G:A:A:wC	50	79	+	12.0238	7.89e-06	0.0066	TACCTAAATTCTTTTTTTTTTTTTTTTTTG
pattern_2		6:43354431:A:G:R:wC	56	85	-	12.0238	7.89e-06	0.0066	ATGAGAATTATTTACATTTATAATAGTAAT
pattern_2		6:3134826:G:A:R:wC	108	137	+	12	7.97e-06	0.00667	CTAATTTTTTTTTTTTTTTTTTTTGAGACG
pattern_0		7:128402711:C:T:R:wC	53	82	+	13.6706	8.02e-06	0.101	TATTTTTATTTTTAAAATTTATTATAGAGC
pattern_0		8:30029914:G:A:R:wC	139	168	+	13.6706	8.02e-06	0.101	TGGAGTGATATTTACAAATTTTTTTTTTTT
pattern_1		10:70633047:C:A:A:wC	60	89	+	13.8452	8.04e-06	0.0186	AAGAGCATTTTTTTTTTTTTTTTTTTTTGA
pattern_1		5:131008885:C:T:A:wC	114	143	+	13.8452	8.04e-06	0.0186	CCTGGCTAATTTTTTGTATTTTTTTTTTTT
pattern_2		17:18786776:C:T:R:wC	33	62	+	11.9762	8.06e-06	0.00672	TTTCTTTCTTTTTTTTTTTTTTTGGTGGGG
pattern_2		8:26049480:C:G:A:wC	141	170	+	11.9762	8.06e-06	0.00672	AGATACTTTTTTTTTTTTTTTTTTTTTTTG
pattern_2		12:516880:A:G:R:wC	163	192	+	11.9762	8.06e-06	0.00672	TGAAGATTTTTTTTTTTTTTTTTTTTTTTG
pattern_1		4:187022930:C:T:A:wC	18	47	+	13.8333	8.12e-06	0.0186	TATTATTATTATTATTATTATTATTTGAGA
pattern_1		8:6738204:T:C:R:wC	21	50	+	13.8333	8.12e-06	0.0186	TTTATTTATTTTATTTATTTTTTTATTATA
pattern_3		12:131850586:C:G:A:wC	93	122	+	13.2561	8.16e-06	0.021	TGGATGGGAGGTGTCCCTCTCGGCTGAGCA
pattern_2		5:142052130:T:C:R:wC	30	59	+	11.9405	8.2e-06	0.00682	GTACAGTTTTTTTTTTTTTTTTTTTTTTGA
pattern_3		7:76142536:G:A:A:wC	100	129	-	13.2439	8.22e-06	0.0211	GAGCAGGGGTGTGGCCAGCTCAGCAGAGGT
pattern_2		7:131007371:G:A:A:wC	39	68	+	11.9286	8.24e-06	0.00685	CAAACACTTTTTTTTTTTTTTTTTTTTTTT
pattern_2		21:48033575:A:G:R:wC	33	62	+	11.9167	8.29e-06	0.00688	TTTTTTACTTTTGTTTTGTTTTGTTTTTTG
pattern_2		8:23082971:G:T:A:wC	115	144	+	11.9048	8.33e-06	0.0069	CCTGCCTTTTTTTTTTTTTTTTTTTTTTGA
pattern_1		12:101690279:G:T:R:wC	167	196	-	13.7976	8.35e-06	0.0191	TTTTTGTATTTTTCTTTTTTTTTTTTTGAG
pattern_2		7:152154660:C:T:R:wC	8	37	+	11.8929	8.38e-06	0.00691	TTAAACCTCTTTTCTTTTTTTTTTTAAGAC
pattern_2		3:98304788:A:C:R:wC	17	46	+	11.8929	8.38e-06	0.00691	CTCTTTTTCTTTTCTTTTCTTTTTTTTTTT
pattern_2		7:116515781:A:T:A:wC	76	105	+	11.8929	8.38e-06	0.00691	TGCCTGGCTAATTTTTTTTTTTTTTAATTT
pattern_1		12:53270855:G:A:R:wC	59	88	+	13.7857	8.42e-06	0.0191	CCCGACTAATTTTTTAATTTTTAATTTTTC
pattern_2		11:62387222:C:T:A:wC	44	73	+	11.881	8.42e-06	0.00693	GCTAACTTTTTTTTTTTTTTTTTTTTTTTT
pattern_2		9:131861118:A:C:R:wC	60	89	+	11.881	8.42e-06	0.00693	GCTTTTTTTTCTTTTTTCTTTTTTTTTTTT
pattern_1		7:99915673:C:T:A:wC	24	53	-	13.7738	8.5e-06	0.0191	TTTGTTCTTTTTTTTTTTTTTTTTTTTTGA
pattern_1		1:100650664:A:G:A:wC	153	182	+	13.7738	8.5e-06	0.0191	TAATTCCTTTTTTTTTTTTTTTTTTTTTGA
pattern_1		6:42993336:G:A:R:wC	126	155	-	13.7738	8.5e-06	0.0191	GGCCTCTATTTTTTTTTTTTTTTTTTTTTT
pattern_1		4:6994666:A:G:A:wC	157	186	+	13.7738	8.5e-06	0.0191	TTGAGGAAATAATCTATTTCTTTATACTTT
pattern_2		8:129003458:G:A:R:wC	13	42	+	11.8452	8.56e-06	0.00702	TTTTTTCTTTTCTTTCTTTTTTTTTTTTTT
pattern_2		17:18263957:G:C:A:wC	8	37	-	11.8452	8.56e-06	0.00702	TCTTTTCTTTTTTTTTTTTTTGAGACAGGG
pattern_2		17:46043524:A:G:R:wC	10	39	-	11.8452	8.56e-06	0.00702	TGCTTTTTTCTTTCTTTCTTTCTTTCCTTT
pattern_1		7:37377172:G:C:R:wC	50	79	-	13.75	8.66e-06	0.0194	AGGTGTTTTTTTTTTTTTTTTTTTATACTT
pattern_0		17:6757094:G:A:R:wC	29	58	+	13.5765	8.67e-06	0.107	TTTTAATATTTAAAAAAATATTTTGAGAGA
pattern_2		15:35353163:C:T:R:wC	27	56	+	11.8095	8.7e-06	0.00713	TCTGTTTTTTTTTTTTTTTTCTCCAGACGG
pattern_3		7:76131812:C:G:A:wC	107	136	+	13.1341	8.75e-06	0.0224	GTCCTGAGCTGTCCCCTGCAGGGGCGGGAG
pattern_2		4:14457296:C:T:R:wC	33	62	+	11.7857	8.8e-06	0.00719	ACAGTTTTTTTGTTTTTTTTTTTTTGAGAC
pattern_2		11:62387222:C:T:A:wC	41	70	+	11.7857	8.8e-06	0.00719	CTAGCTAACTTTTTTTTTTTTTTTTTTTTT
pattern_1		1:28260898:G:A:A:wC	4	33	-	13.7262	8.82e-06	0.0196	TTTTAAAATTTTTTATTATTTTAACTTTTA
pattern_1		6:42993336:G:A:R:wC	123	152	-	13.7262	8.82e-06	0.0196	CTCTATTTTTTTTTTTTTTTTTTTTTTTGA
pattern_2		2:97005275:G:A:A:wC	148	177	-	11.7738	8.85e-06	0.00722	TTCTCTTTTTTTTTTTTTTTTTTTGAGACA
pattern_2		17:18290295:A:G:A:wC	5	34	+	11.7619	8.9e-06	0.00724	TTTGGTTAATTTTTTTTTTTTTTTTTTGAG
pattern_2		17:18290295:A:G:R:wC	5	34	+	11.7619	8.9e-06	0.00724	TTTGGTTAATTTTTTTTTTTTTTTTTTGAG
pattern_1		1:76223816:T:C:A:wC	11	40	+	13.7143	8.9e-06	0.0197	TCTAATTTTTTTACTTTTTTTTTAATTATT
pattern_1		8:6738204:T:C:R:wC	15	44	+	13.7143	8.9e-06	0.0197	TTATTTTTTATTTATTTTATTTATTTTTTT
pattern_2		1:26377185:G:A:R:wC	63	92	+	11.75	8.95e-06	0.00726	AATCTGCCTCTTTTTTTTTTTTTTTTTTTT
pattern_2		9:2586671:A:T:A:wC	149	178	-	11.75	8.95e-06	0.00726	CTTGGACTTTTTTTTTTTGTTGGTAATTTT
pattern_1		12:66571035:G:T:R:wC	153	182	+	13.7024	8.99e-06	0.0198	CTTTAAAATTGTTTTATCTTTAAAATTTTA
pattern_2		2:85659603:G:A:R:wC	1	30	+	11.7381	8.99e-06	0.00728	ATTTATTTTTTTTGTTTTGTTTTGTTTTGT
pattern_2		16:66052131:A:G:R:wC	19	48	+	11.7381	8.99e-06	0.00728	TGTTTTTTTGTTTTTTTGTTTTGGTGGGGG
pattern_2		1:165734603:T:C:R:wC	11	40	+	11.7262	9.04e-06	0.00731	TTTTATTTTATTTTTATTTTTTTTGAGACA
pattern_3		7:155596643:C:G:A:wC	138	167	-	13.0732	9.07e-06	0.0231	AGGAAAGAGTGTCACCGGCCTCTGCAGGAA
pattern_1		17:581967:C:T:A:wC	6	35	+	13.6905	9.07e-06	0.0199	AATATATATATATATATATTTTTTTGAGAC
pattern_2		7:141387520:C:T:R:wC	8	37	+	11.7143	9.09e-06	0.00734	CTAATTTTTTTTTTTTTTTTTTTTGAGACA
pattern_0		11:17346379:C:T:A:wC	41	70	-	13.5059	9.18e-06	0.108	TAAATAAATAAATAAATAAATAGACAAATA
pattern_2		9:131861118:A:C:R:wC	66	95	+	11.6905	9.19e-06	0.00741	TTTTCTTTTTTCTTTTTTTTTTTTTTTTAG
pattern_1		22:37976422:T:C:A:wC	12	41	+	13.6667	9.24e-06	0.0201	GTTTCTAATTTTCTTTTTTTTTTTTTTTTG
pattern_1		5:142052130:T:C:R:wC	28	57	+	13.6667	9.24e-06	0.0201	CTGTACAGTTTTTTTTTTTTTTTTTTTTTT
pattern_1		8:129003458:G:A:R:wC	9	38	+	13.6548	9.32e-06	0.0202	TCTTTTTTTTCTTTTCTTTCTTTTTTTTTT
pattern_3		21:46369947:G:A:R:wC	12	41	+	13.0244	9.33e-06	0.0235	CAGCAGAGCTGTGTCCTTGTCAGGTCAGCC
pattern_3		10:79670654:T:C:A:wC	158	187	-	13.0244	9.33e-06	0.0235	CAGACAGAATCTCGCTCTGTCACACAGGCT
pattern_2		13:44482856:A:G:R:wC	31	60	+	11.6548	9.34e-06	0.00752	CTCTTAGACTTTTTTTTTCTTTTTCAAATT
pattern_1		11:17346379:C:T:A:wC	45	74	+	13.6429	9.41e-06	0.0203	TGTCTATTTATTTATTTATTTATTTATTTA
pattern_1		8:26049480:C:G:A:wC	138	167	+	13.6429	9.41e-06	0.0203	TCCAGATACTTTTTTTTTTTTTTTTTTTTT
pattern_2		15:101390481:G:A:R:wC	7	36	+	11.631	9.44e-06	0.00757	ATCTCTCTCTCTTTTTTTTTTTTTTTAGGT
pattern_2		14:74412505:C:T:R:wC	30	59	+	11.631	9.44e-06	0.00757	TTTAAATTTTATTTTATTTTTATTTGTTGA
pattern_2		7:131007371:G:A:A:wC	38	67	+	11.631	9.44e-06	0.00757	CCAAACACTTTTTTTTTTTTTTTTTTTTTT
pattern_2		10:88533607:C:A:R:wC	99	128	+	11.631	9.44e-06	0.00757	TCATTCTTTTTTTTTTTTTTTGAGACAGAG
pattern_0		19:55130441:C:T:A:wC	133	162	+	13.4706	9.45e-06	0.108	GAAAACATTTTTAAAAAACAATTCTTATTA
pattern_2		10:62500217:C:T:A:wC	45	74	-	11.619	9.5e-06	0.00759	TTTTAATTCTTTTTTTTTTTTTCTTTGTAG
pattern_2		1:25040315:C:T:A:wC	139	168	+	11.619	9.5e-06	0.00759	GCCTTCCTTTTTTTTTTTTTTCAGTAAGCT
pattern_0		11:17346379:C:T:A:wC	49	78	-	13.4588	9.54e-06	0.108	TAAATAAATAAATAAATAAATAAATAAATA
pattern_0		11:17346379:C:T:A:wC	53	82	-	13.4588	9.54e-06	0.108	TAAATAAATAAATAAATAAATAAATAAATA
pattern_2		2:24413298:A:G:A:wC	112	141	-	11.6071	9.55e-06	0.00761	CGGCCGTCTTTTTCTCTTTTCTTTTCTGTT
pattern_2		6:42993336:G:A:R:wC	128	157	-	11.6071	9.55e-06	0.00761	CCGGCCTCTATTTTTTTTTTTTTTTTTTTT
pattern_1		1:28260898:G:A:A:wC	13	42	-	13.619	9.58e-06	0.0206	TTAAACAACTTTTAAAATTTTTTATTATTT
pattern_2		8:96311217:C:G:R:wC	63	92	+	11.5833	9.65e-06	0.00768	ATCTATTTTTTTTTTTTTTTTGAGACAGGG
pattern_1		17:45963810:G:A:R:wC	115	144	+	13.6071	9.67e-06	0.0207	TTTATTTTATTTTAATTTAATTTTTATTTT
pattern_2		19:4413735:C:T:R:wC	17	46	+	11.5714	9.7e-06	0.00771	TGCCTTCTTTATTATTTCTTCTTTAAAATA
pattern_2		5:172382175:A:G:A:wC	48	77	+	11.5595	9.76e-06	0.00775	CTGTGGTTAGTTTTTTTTTTTTTTTTTTTT
pattern_1		12:11962839:C:T:R:wC	6	35	+	13.5952	9.76e-06	0.0208	GCTTTTTTTTTTTTTTTTTTTTTTTTTTGG
pattern_1		11:12418784:C:A:A:wC	61	90	+	13.5952	9.76e-06	0.0208	AAAGATAATTTATTTAATCATATCTTTCAT
pattern_2		17:18786776:C:T:R:wC	31	60	+	11.5476	9.81e-06	0.00778	TTTTTCTTTCTTTTTTTTTTTTTTTGGTGG
pattern_1		11:12418784:C:A:A:wC	87	116	+	13.5833	9.85e-06	0.0208	TCATTTATTTATTATTATTTTTAGAGATGG
pattern_1		5:131008885:C:T:A:wC	118	147	+	13.5833	9.85e-06	0.0208	GCTAATTTTTTGTATTTTTTTTTTTTTGTA
pattern_2		12:132577378:G:A:R:wC	2	31	+	11.5357	9.86e-06	0.00781	TTCTTTTTCTTTTTCTTTTTTTTTTTTTTT
pattern_2		19:47209115:T:G:R:wC	93	122	+	11.5238	9.91e-06	0.00784	CTTCTTATTGTCTTATTTTATTTTGTAGAG
pattern_1		17:30610375:G:C:R:wC	56	85	+	13.5714	9.94e-06	0.0209	TTCTTCTTTTTTTTTTTTTTTTTTTTTTGA
pattern_2		9:131861118:A:C:R:wC	69	98	+	11.5119	9.97e-06	0.00785	TCTTTTTTCTTTTTTTTTTTTTTTTAGATG
pattern_2		11:40662499:G:C:A:wC	163	192	-	11.5119	9.97e-06	0.00785	ATTTACTTTTTTTTTTTTTTTTTTTTGAGA
pattern_2		4:71736336:G:A:R:wC	49	78	+	11.5	1e-05	0.00785	CACTGATCTCTTTTTTTTTTTTTTTTTTTG
pattern_2		2:103147561:G:A:A:wC	58	87	+	11.5	1e-05	0.00785	TTCTTTTTTTTTTTTTTTTTTGAGACGGAG
pattern_2		12:121424406:G:A:R:wC	71	100	+	11.5	1e-05	0.00785	TTTTTGTTTGTTTGTTTGTTTTTTGAGACG
pattern_2		12:125541085:T:C:R:wC	159	188	+	11.5	1e-05	0.00785	CAGGCCCTTTTTTTTTTTTTTTTTTTGAGA
pattern_1		8:27406850:A:G:A:wC	160	189	+	13.5595	1e-05	0.021	TTTATTTATTATTATTATACTTTAAGTTTT
pattern_2		22:23910746:G:A:A:wC	27	56	-	11.4881	1.01e-05	0.00785	GCTCCATTTTTTTTTTTTTTTTTTGAGACA
pattern_0		5:163913720:G:A:R:wC	7	36	-	13.3882	1.01e-05	0.108	AACTTTAGAGTTTAAAAAATTAAACTGTAA
pattern_0		11:17346379:C:T:A:wC	45	74	-	13.3882	1.01e-05	0.108	TAAATAAATAAATAAATAAATAAATAGACA
pattern_2		7:99915673:C:T:A:wC	17	46	-	11.4762	1.01e-05	0.00785	TTTTTTTTTTTTTTTTTTTTTGAGACGGAG
pattern_2		7:131007371:G:A:A:wC	49	78	+	11.4762	1.01e-05	0.00785	TTTTTTTTTTTTTTTTTTTTTGAGACGGAG
pattern_2		17:73010320:G:C:A:wC	58	87	+	11.4762	1.01e-05	0.00785	TTTTTTTTTTTTTTTTTTTTTGAGACGGAG
pattern_2		5:172382175:A:G:A:wC	61	90	+	11.4762	1.01e-05	0.00785	TTTTTTTTTTTTTTTTTTTTTGAGACGGAG
pattern_2		10:70633047:C:A:A:wC	67	96	+	11.4762	1.01e-05	0.00785	TTTTTTTTTTTTTTTTTTTTTGAGACGGAG
pattern_2		12:57079586:A:G:R:wC	72	101	+	11.4762	1.01e-05	0.00785	TTTTTTTTTTTTTTTTTTTTTGAGACGGAG
pattern_2		1:26377185:G:A:R:wC	74	103	+	11.4762	1.01e-05	0.00785	TTTTTTTTTTTTTTTTTTTTTGAGACGGAG
pattern_2		20:5942955:C:A:R:wC	156	185	+	11.4762	1.01e-05	0.00785	TTTTTTTTTTTTTTTTTTTTTGAGACGGAG
pattern_2		12:516880:A:G:R:wC	171	200	+	11.4762	1.01e-05	0.00785	TTTTTTTTTTTTTTTTTTTTTGAGACGGAG
pattern_2		17:5321413:G:A:R:wC	143	172	-	11.4643	1.02e-05	0.00789	TTGTGTCTTTTTTTTTTTTTTGAGATGGAG
pattern_0		19:57807525:G:A:A:wC	53	82	+	13.3765	1.02e-05	0.108	TTATAATTTTTTTTAATTTTTTTTTTGAGA
pattern_1		6:35432100:C:T:R:wC	4	33	+	13.5357	1.02e-05	0.0214	GGGTCTTCTTTTTTTTTTTTTTTTTTTTTT
pattern_2		19:887434:G:A:R:wC	27	56	-	11.4524	1.02e-05	0.00792	CGGCCAAATTTTTGTTTTTTAATTACATTA
pattern_3		19:18285944:G:A:A:wC	141	170	+	12.8537	1.03e-05	0.0259	GTCATGGAGATCCTCAATGTCACGCTGGTG
pattern_2		20:5942955:C:A:R:wC	132	161	+	11.4405	1.03e-05	0.00795	AGCCTTCATTTCTTTTTTTTTTTTTTTTTT
pattern_2		15:101390481:G:A:R:wC	11	40	+	11.4286	1.04e-05	0.00798	CTCTCTCTTTTTTTTTTTTTTTAGGTGGAG
pattern_2		12:125541085:T:C:R:wC	158	187	+	11.4286	1.04e-05	0.00798	ACAGGCCCTTTTTTTTTTTTTTTTTTTGAG
pattern_0		4:45179883:C:T:R:wC	23	52	+	13.3529	1.04e-05	0.108	TATGGAAGTTATTCAAAAAATTGAAAATAT
pattern_0		2:99999611:G:A:A:wC	33	62	+	13.3529	1.04e-05	0.108	GTTTTTTTTTTTTAAATACAAATTGTAAGT
pattern_1		17:18290295:A:G:R:wC	5	34	+	13.5119	1.04e-05	0.0215	TTTGGTTAATTTTTTTTTTTTTTTTTTGAG
pattern_1		17:18290295:A:G:A:wC	5	34	+	13.5119	1.04e-05	0.0215	TTTGGTTAATTTTTTTTTTTTTTTTTTGAG
pattern_1		8:129003458:G:A:R:wC	21	50	+	13.5119	1.04e-05	0.0215	TTTCTTTCTTTTTTTTTTTTTTTTTTTTGA
pattern_3		19:4369447:C:T:A:wC	124	153	+	12.8293	1.04e-05	0.0261	TGGCAGGAGTGGCTCCGTCAGGGCCCTTCC
pattern_1		14:105582775:C:T:R:wC	25	54	+	13.5	1.05e-05	0.0216	CTTCCAGCTTTTTCTTTTTTTTTTTTTTTT
pattern_1		7:37971866:A:T:A:wC	116	145	-	13.5	1.05e-05	0.0216	GTAAATAAATTTTAAAAATTTAGAAATTAA
pattern_0		17:35415419:C:T:A:wC	124	153	-	13.3294	1.06e-05	0.108	TAAATAAATAAATAAATAAATAAATACATA
pattern_1		2:49003458:C:T:A:wC	28	57	+	13.4881	1.06e-05	0.0217	TGTTCTCAATGGTATATATATCTTTTTTAT
pattern_3		21:34766932:G:A:R:wC	70	99	+	12.7927	1.06e-05	0.0265	GAAACGGAGTCTTGCTTTGTCGCCCAGGCT
pattern_0		17:45963810:G:A:R:wC	111	140	-	13.3176	1.07e-05	0.108	TAAAAATTAAATTAAAATAAAATAAAATAA
pattern_1		20:5942955:C:A:R:wC	128	157	+	13.4762	1.07e-05	0.0218	AATTAGCCTTCATTTCTTTTTTTTTTTTTT
pattern_3		8:11486714:A:C:A:wC	14	43	-	12.7805	1.07e-05	0.0266	TTCCTGAAGTACCTCCACCTGGGCCTGCGC
pattern_1		13:103447529:G:A:R:wC	171	200	-	13.4643	1.08e-05	0.022	CTTTTGCTTTTTTTTTTTTTTTTTTTTTTG
pattern_2		12:11962839:C:T:R:wC	11	40	+	11.3214	1.09e-05	0.00836	TTTTTTTTTTTTTTTTTTTTTTTGGAGAGA
pattern_3		6:42161292:T:C:A:wC	61	90	+	12.7561	1.09e-05	0.0269	TAACAAAAGTCTGCCCCTCCCACCCAGGGT
pattern_1		19:57807525:G:A:A:wC	43	72	+	13.4524	1.09e-05	0.022	TCTATTATTATTATAATTTTTTTTAATTTT
pattern_1		7:37377172:G:C:R:wC	49	78	-	13.4524	1.09e-05	0.022	GGTGTTTTTTTTTTTTTTTTTTTATACTTT
pattern_2		21:48033575:A:G:R:wC	26	55	+	11.3095	1.09e-05	0.00839	CTGTTATTTTTTTACTTTTGTTTTGTTTTG
pattern_2		2:48631377:T:C:R:wC	151	180	+	11.2976	1.1e-05	0.00843	GCTAATTTTTTTTTATTTTTTATTTTTAGT
pattern_1		7:124380734:T:C:A:wC	100	129	+	13.4405	1.1e-05	0.0222	CCTAACATATCTTATAACTTTTCATTTCTG
pattern_2		2:65289623:C:T:A:wC	138	167	-	11.2857	1.1e-05	0.00846	GCCTCTTTTTTTTTTTTTTTTTTTGAGATG
pattern_1		8:27587944:G:C:A:wC	154	183	+	13.4286	1.11e-05	0.0223	GCCTTTGATTTTTTTTTTTTTTTTTAATCG
pattern_2		5:96506796:T:C:R:wC	163	192	-	11.2738	1.11e-05	0.00848	ATTTTTATTTTATTTTATTTTTTTGGAGAC
pattern_0		18:67532292:A:G:A:wC	5	34	+	13.2706	1.11e-05	0.111	TGATGAGTAATTTAAAAATTTAGATTGACC
pattern_2		17:30610375:G:C:R:wC	51	80	+	11.2619	1.12e-05	0.00848	GCCTTTTCTTCTTTTTTTTTTTTTTTTTTT
pattern_2		12:6763515:G:C:R:wC	74	103	+	11.2619	1.12e-05	0.00848	CTATTTTTCTTTTTTTTTTTTTTTGAGACA
pattern_2		12:99004013:G:C:R:wC	79	108	-	11.2619	1.12e-05	0.00848	CGCCGGGCCTCTTATATTTTTTTGAGAGGG
pattern_2		6:3134826:G:A:R:wC	111	140	+	11.2619	1.12e-05	0.00848	ATTTTTTTTTTTTTTTTTTTTGAGACGGAG
pattern_2		10:11843379:G:A:R:wC	122	151	+	11.2619	1.12e-05	0.00848	TGATACATCTTTTTTTTTTTTTTTTTTTTG
pattern_2		2:97005275:G:A:A:wC	152	181	-	11.2619	1.12e-05	0.00848	GGACTTCTCTTTTTTTTTTTTTTTTTTTGA
pattern_1		8:129003458:G:A:R:wC	17	46	+	13.4167	1.12e-05	0.0223	TTCTTTTCTTTCTTTTTTTTTTTTTTTTTT
pattern_1		8:27406850:A:G:A:wC	148	177	+	13.4167	1.12e-05	0.0223	CCTTTTTTTAAATTTATTTATTATTATTAT
pattern_1		2:31820256:A:G:A:wC	141	170	-	13.4167	1.12e-05	0.0223	TCATTTATCTTTTGTATTGATTTTTTCTTT
pattern_2		7:128402711:C:T:R:wC	8	37	-	11.25	1.12e-05	0.00851	TTGGGTGTTTTTTTTTTTCTTTCCCTATGT
pattern_2		4:71736336:G:A:R:wC	57	86	+	11.25	1.12e-05	0.00851	TCTTTTTTTTTTTTTTTTTTTGAGTCAGTG
pattern_2		14:74412505:C:T:R:wC	27	56	+	11.2381	1.13e-05	0.00853	ATTTTTAAATTTTATTTTATTTTTATTTGT
pattern_2		12:6763515:G:C:R:wC	77	106	+	11.2381	1.13e-05	0.00853	TTTTTCTTTTTTTTTTTTTTTGAGACAGGG
pattern_1		7:141387520:C:T:R:wC	3	32	+	13.4048	1.13e-05	0.0224	CTCGGCTAATTTTTTTTTTTTTTTTTTTTG
pattern_2		1:100650664:A:G:A:wC	153	182	+	11.2262	1.13e-05	0.00857	TAATTCCTTTTTTTTTTTTTTTTTTTTTGA
pattern_1		1:155857540:G:A:R:wC	25	54	+	13.3929	1.14e-05	0.0225	CCCCGCTAATTTTTTTTTTTTTTTTTTTTG
pattern_1		13:102921869:T:C:R:wC	111	140	+	13.3929	1.14e-05	0.0225	ATTTTATTTTGTATTTTATTTTATTATATT
pattern_2		10:135226236:G:A:R:wC	103	132	+	11.2143	1.14e-05	0.0086	TTATTAATTTTATTGATTTTTCCCAAAGAA
pattern_3		4:187022930:C:T:A:wC	44	73	+	12.6707	1.14e-05	0.0281	GAGACGGAGTTTCGCTCTTCTTGCCCAGGC
pattern_2		3:24696563:T:A:R:wC	81	110	+	11.2024	1.15e-05	0.0086	TAGTGAAATATTTGGATTTTTATCTACTGT
pattern_2		20:32080308:A:G:A:wC	99	128	+	11.2024	1.15e-05	0.0086	TGACTACATTTTTGTTTTCTTTTTTCCTTT
pattern_2		13:103447529:G:A:R:wC	164	193	-	11.2024	1.15e-05	0.0086	TTTTTTTTTTTTTTTTTTTTTTGAGACGAT
pattern_2		7:16721382:A:G:A:wC	165	194	-	11.2024	1.15e-05	0.0086	TGTAGTTCTTTTTGTTTTGTTTTGAGATGG
pattern_2		11:40662499:G:C:A:wC	169	198	-	11.2024	1.15e-05	0.0086	TTTTAAATTTACTTTTTTTTTTTTTTTTTT
pattern_1		1:228371551:G:A:A:wC	67	96	-	13.381	1.15e-05	0.0225	TATGACGTTTCTTTTTTTTTTTTTTTTTTG
pattern_1		12:53210503:G:A:A:wC	121	150	+	13.381	1.15e-05	0.0225	ATTTTTTTTTTTTTTTTTTTTGTATTTTTA
pattern_2		21:48033575:A:G:R:wC	37	66	+	11.1786	1.16e-05	0.00868	TTACTTTTGTTTTGTTTTGTTTTTTGAGAC
pattern_1		17:73010320:G:C:A:wC	48	77	+	13.369	1.16e-05	0.0225	TGGGGCCTTTTTTTTTTTTTTTTTTTTTTT
pattern_1		10:62500217:C:T:A:wC	50	79	-	13.369	1.16e-05	0.0225	CTAATTTTTAATTCTTTTTTTTTTTTTCTT
pattern_1		2:97005275:G:A:A:wC	156	185	-	13.369	1.16e-05	0.0225	TCAAGGACTTCTCTTTTTTTTTTTTTTTTT
pattern_2		15:40893976:A:C:R:wC	141	170	-	11.1667	1.16e-05	0.00871	AAGGAATTTTTTTTTTTTTTTGAGACGGAG
pattern_3		19:4534744:T:G:A:wC	94	123	+	12.6341	1.16e-05	0.0286	AAGATGGGGGAGGTCCCTGCTACCCCTGCG
pattern_1		8:129003458:G:A:R:wC	13	42	+	13.3571	1.17e-05	0.0227	TTTTTTCTTTTCTTTCTTTTTTTTTTTTTT
pattern_2		8:29540350:C:T:A:wC	1	30	+	11.1429	1.18e-05	0.00876	TGGCCATTTGTATGTCTTCTTTTGAGAACT
pattern_2		8:129003458:G:A:R:wC	20	49	+	11.1429	1.18e-05	0.00876	TTTTCTTTCTTTTTTTTTTTTTTTTTTTTG
pattern_2		15:35353163:C:T:R:wC	24	53	+	11.1429	1.18e-05	0.00876	CTTTCTGTTTTTTTTTTTTTTTTCTCCAGA
pattern_2		7:131007371:G:A:A:wC	36	65	+	11.1429	1.18e-05	0.00876	TGCCAAACACTTTTTTTTTTTTTTTTTTTT
pattern_0		2:132091707:T:G:R:wC	35	64	-	13.1882	1.19e-05	0.116	ACAAATTAATCATAAATGAATATAATAACA
pattern_1		12:12275828:C:T:R:wC	38	67	-	13.3333	1.19e-05	0.023	ACCCTTTTTATTTTTATTTTTATTTTTTTT
pattern_2		10:72169888:C:G:A:wC	34	63	+	11.1071	1.2e-05	0.00888	TTTTTTTTTCTTTCTTTCTTTGAGACAGAG
pattern_2		10:62500217:C:T:A:wC	44	73	-	11.1071	1.2e-05	0.00888	TTTAATTCTTTTTTTTTTTTTCTTTGTAGA
pattern_2		3:71452241:C:G:R:wC	98	127	+	11.0952	1.2e-05	0.00892	TACTTTTTTGTTTTGTTTTTTCTTTCTGGT
pattern_1		7:37377172:G:C:R:wC	51	80	-	13.3214	1.2e-05	0.0231	TAGGTGTTTTTTTTTTTTTTTTTTTATACT
pattern_1		2:48631377:T:C:R:wC	150	179	+	13.3214	1.2e-05	0.0231	GGCTAATTTTTTTTTATTTTTTATTTTTAG
pattern_2		5:159575028:G:A:A:wC	24	53	+	11.0833	1.21e-05	0.00895	CCAGCTAATTTTTGTTTTTGTTTCTGTTTT
pattern_2		1:26377185:G:A:R:wC	65	94	+	11.0833	1.21e-05	0.00895	TCTGCCTCTTTTTTTTTTTTTTTTTTTTTT
pattern_1		8:6738204:T:C:R:wC	5	34	+	13.3095	1.21e-05	0.0231	AATTTTATTTTTATTTTTTATTTATTTTAT
pattern_1		17:45963810:G:A:R:wC	122	151	+	13.3095	1.21e-05	0.0231	TATTTTAATTTAATTTTTATTTTTATTTTC
pattern_1		8:27406850:A:G:A:wC	151	180	+	13.3095	1.21e-05	0.0231	TTTTTTAAATTTATTTATTATTATTATACT
pattern_2		19:47209115:T:G:R:wC	22	51	-	11.0595	1.22e-05	0.00903	CTGAGAACTCTTTTTTTTTTTTTGAAACTG
pattern_1		11:17346379:C:T:A:wC	63	92	+	13.2976	1.22e-05	0.0231	TTTATTTATTTATTTATTTATTTTTGAGAC
pattern_1		11:125428971:A:G:A:wC	138	167	+	13.2976	1.22e-05	0.0231	TTTAGTGAATGTTATTAATATTTGTTCCAA
pattern_2		15:94841430:G:A:A:wC	44	73	+	11.0476	1.23e-05	0.00906	GTTCATGTTTTTTTTTTTTGTTTGTTTGTT
pattern_2		10:11843379:G:A:R:wC	130	159	+	11.0476	1.23e-05	0.00906	CTTTTTTTTTTTTTTTTTTTTGAGAAGAGT
pattern_2		20:62395318:T:C:R:wC	93	122	+	11.0357	1.23e-05	0.0091	TCTTTTTTCTTTTTCTTTTTTTTTTAAATA
pattern_1		7:128402711:C:T:R:wC	43	72	+	13.2857	1.23e-05	0.0232	TGCTGATAATTATTTTTATTTTTAAAATTT
pattern_1		10:62500217:C:T:A:wC	48	77	-	13.2857	1.23e-05	0.0232	AATTTTTAATTCTTTTTTTTTTTTTCTTTG
pattern_2		20:62395318:T:C:R:wC	90	119	+	11.0238	1.24e-05	0.00912	CTTTCTTTTTTCTTTTTCTTTTTTTTTTAA
pattern_2		8:26049480:C:G:A:wC	137	166	+	11.0238	1.24e-05	0.00912	ATCCAGATACTTTTTTTTTTTTTTTTTTTT
pattern_0		9:104148858:A:G:R:wC	51	80	+	13.1294	1.24e-05	0.118	AATAATATAATTTTTAAAATTATAAAATGA
pattern_2		20:62395318:T:C:R:wC	84	113	+	11.0119	1.25e-05	0.00916	CTGGTGCTTTCTTTTTTCTTTTTCTTTTTT
pattern_1		8:26049480:C:G:A:wC	143	172	+	13.2619	1.26e-05	0.0233	ATACTTTTTTTTTTTTTTTTTTTTTTTGAG
pattern_1		11:40662499:G:C:A:wC	166	195	-	13.2619	1.26e-05	0.0233	TAAATTTACTTTTTTTTTTTTTTTTTTTTG
pattern_2		7:131007371:G:A:A:wC	41	70	+	10.9881	1.26e-05	0.00922	AACACTTTTTTTTTTTTTTTTTTTTTTTTG
pattern_2		20:35746819:G:A:A:wC	60	89	+	10.9881	1.26e-05	0.00922	ATTAACTCTTTTTTTCTCTTTTTTTGTGAG
pattern_2		3:24696563:T:A:R:wC	129	158	+	10.9881	1.26e-05	0.00922	GTGTACACCTTTTCTTTTTTTTTTGCCTTT
pattern_3		7:29253908:T:G:R:wC	41	70	-	12.4878	1.26e-05	0.0309	TCACTGGGGTGGTACCGTGATGACTAAGAC
pattern_2		2:113370315:C:A:A:wC	52	81	+	10.9762	1.27e-05	0.00926	AATATTGTTTTTGTTTTGTTTTGTTTTTGT
pattern_1		12:11962839:C:T:R:wC	1	30	+	13.25	1.27e-05	0.0233	CTTCTGCTTTTTTTTTTTTTTTTTTTTTTT
pattern_1		22:22572199:T:C:A:wC	5	34	+	13.25	1.27e-05	0.0233	TTATTTTTTATTTTTAAAATTTTTAACTTT
pattern_1		4:187022930:C:T:A:wC	21	50	+	13.25	1.27e-05	0.0233	TATTATTATTATTATTATTATTTGAGACGG
pattern_1		10:115796337:A:G:R:wC	26	55	+	13.25	1.27e-05	0.0233	TATTTATTTATTTTTATTTTTATTTTTATT
pattern_1		8:27406850:A:G:A:wC	146	175	+	13.25	1.27e-05	0.0233	TTCCTTTTTTTAAATTTATTTATTATTATT
pattern_1		10:97351844:C:G:R:wC	162	191	+	13.25	1.27e-05	0.0233	CAGGTAATTTTTTAACTTCTTTTTTTTTTT
pattern_2		7:128402711:C:T:R:wC	45	74	+	10.9643	1.27e-05	0.00929	CTGATAATTATTTTTATTTTTAAAATTTAT
pattern_2		8:23082971:G:T:A:wC	114	143	+	10.9643	1.27e-05	0.00929	GCCTGCCTTTTTTTTTTTTTTTTTTTTTTG
pattern_0		11:17346379:C:T:A:wC	61	90	-	13.0941	1.28e-05	0.118	CTCAAAAATAAATAAATAAATAAATAAATA
pattern_1		13:53862742:C:T:A:wC	50	79	+	13.2381	1.28e-05	0.0233	TTTTTAATTTCTAAAATTATTTTCTATTTC
pattern_1		17:77796889:G:C:R:wC	121	150	+	13.2381	1.28e-05	0.0233	TCCTTCCAATGTGATTTTTTTTTAACTTTT
pattern_1		1:204939136:G:A:R:wC	166	195	-	13.2381	1.28e-05	0.0233	GTTCTTTTTTTTTTTTTTTTTTTTTTTTTG
pattern_0		11:93019901:T:A:A:wC	143	172	-	13.0824	1.29e-05	0.118	CCCTGTCTCTACTAAAAATATAAAAAATTA
pattern_2		17:18786776:C:T:R:wC	30	59	+	10.9167	1.3e-05	0.00948	GTTTTTCTTTCTTTTTTTTTTTTTTTGGTG
pattern_2		12:12275828:C:T:R:wC	32	61	-	10.9048	1.31e-05	0.0095	TTTATTTTTATTTTTATTTTTTTTGAGACA
pattern_2		6:13777936:G:A:A:wC	133	162	+	10.9048	1.31e-05	0.0095	TGGCTAATTTTTTGTATTTAATTTTTGTAT
pattern_0		5:75964507:C:T:A:wC	22	51	+	13.0588	1.31e-05	0.118	TGCTTTGTGCTTTAATAATATATTAACTTA
pattern_0		17:581967:C:T:A:wC	2	31	-	13.0588	1.31e-05	0.118	CAAAAAAATATATATATATATATATTTAGC
pattern_1		17:5321413:G:A:R:wC	152	181	-	13.2024	1.31e-05	0.0238	ATAATTATTTTGTGTCTTTTTTTTTTTTTT
pattern_2		1:205755144:T:C:R:wC	12	41	+	10.881	1.32e-05	0.00957	TAACTTTTTTTTTTTTTTTTTGAGATGGAG
pattern_2		19:29454928:G:C:A:wC	27	56	+	10.881	1.32e-05	0.00957	TGATTTAACTTTGATTTTTTTTTTTTTTTT
pattern_2		4:71736336:G:A:R:wC	54	83	+	10.881	1.32e-05	0.00957	ATCTCTTTTTTTTTTTTTTTTTTTGAGTCA
pattern_0		7:116515781:A:T:A:wC	84	113	-	13.0471	1.33e-05	0.118	TCTACAAAAAATTAAAAAAAAAAAAAATTA
pattern_2		15:94841430:G:A:A:wC	69	98	+	10.869	1.33e-05	0.00961	TTGTTTTTTGTTGTTTTTTTCTGTTTTATA
pattern_1		19:57807525:G:A:A:wC	55	84	+	13.1786	1.34e-05	0.0241	ATAATTTTTTTTAATTTTTTTTTTGAGATG
pattern_1		10:62500217:C:T:A:wC	55	84	-	13.1786	1.34e-05	0.0241	CCCGACTAATTTTTAATTCTTTTTTTTTTT
pattern_0		17:35415419:C:T:A:wC	136	165	-	13.0353	1.34e-05	0.118	GCACTCCATCTCTAAATAAATAAATAAATA
pattern_2		22:38309938:G:A:A:wC	39	68	+	10.8452	1.34e-05	0.00969	CCAACTCTTTTTTTTTTTTTTTTGATACAG
pattern_2		11:77870638:A:T:R:wC	101	130	+	10.8452	1.34e-05	0.00969	GTCTGAATTTTCTTTTTTTTTTTCCTTTTT
pattern_2		1:55459758:C:A:R:wC	33	62	-	10.8333	1.35e-05	0.00973	TTTCTTTTCTTTTCTTTTTTCTTTTCTTTT
pattern_2		12:6763515:G:C:R:wC	65	94	+	10.8214	1.36e-05	0.00976	CTGCTCACTCTATTTTTCTTTTTTTTTTTT
pattern_2		2:97005275:G:A:A:wC	150	179	-	10.8214	1.36e-05	0.00976	ACTTCTCTTTTTTTTTTTTTTTTTTTGAGA
pattern_1		11:121998254:C:T:R:wC	161	190	+	13.1548	1.36e-05	0.0245	CTAATTTTTTGTAATTTTTTTTTTAGTAGA
pattern_0		17:5321413:G:A:R:wC	167	196	+	13.0118	1.36e-05	0.118	ACACAAAATAATTATAAATAATTAAGTTAT
pattern_2		1:26377185:G:A:R:wC	64	93	+	10.8095	1.36e-05	0.0098	ATCTGCCTCTTTTTTTTTTTTTTTTTTTTT
pattern_2		2:48631377:T:C:R:wC	154	183	+	10.7976	1.37e-05	0.00984	AATTTTTTTTTATTTTTTATTTTTAGTAGA
pattern_1		5:131008885:C:T:A:wC	115	144	+	13.1429	1.37e-05	0.0246	CTGGCTAATTTTTTGTATTTTTTTTTTTTT
pattern_1		7:37971866:A:T:A:wC	123	152	+	13.1429	1.37e-05	0.0246	CTAAATTTTTAAAATTTATTTACTCATTTA
pattern_0		19:57807525:G:A:A:wC	42	71	+	13	1.38e-05	0.118	TTCTATTATTATTATAATTTTTTTTAATTT
pattern_3		2:26943838:C:T:R:wC	33	62	+	12.3293	1.38e-05	0.0336	GACCCGGTGGTTCCCAGGCCTAGCTAGGGG
pattern_2		7:29188870:G:A:R:wC	26	55	+	10.7738	1.39e-05	0.00993	TCTGTTTCCCTTTTTTTTTTTTTTTTTTTT
pattern_1		20:62395318:T:C:R:wC	94	123	+	13.131	1.39e-05	0.0247	CTTTTTTCTTTTTCTTTTTTTTTTAAATAA
pattern_2		12:101690279:G:T:R:wC	164	193	-	10.75	1.4e-05	0.01	TTGTATTTTTCTTTTTTTTTTTTTGAGATG
pattern_1		17:18290295:A:G:R:wC	6	35	+	13.1071	1.41e-05	0.0247	TTGGTTAATTTTTTTTTTTTTTTTTTGAGA
pattern_1		17:18290295:A:G:A:wC	6	35	+	13.1071	1.41e-05	0.0247	TTGGTTAATTTTTTTTTTTTTTTTTTGAGA
pattern_1		5:142052130:T:C:R:wC	32	61	+	13.1071	1.41e-05	0.0247	ACAGTTTTTTTTTTTTTTTTTTTTTTGAAA
pattern_1		4:187022930:C:T:A:wC	16	45	-	13.1071	1.41e-05	0.0247	TCAAATAATAATAATAATAATAATAATAAT
pattern_1		1:75263485:A:T:A:wC	51	80	+	13.1071	1.41e-05	0.0247	AAATAAATTTTGAATATTTATTTTCAGAAA
pattern_1		13:21341377:G:A:R:wC	165	194	-	13.1071	1.41e-05	0.0247	CTTTTTTTTTTTTTTTTTTTTTTTTTTGAG
pattern_0		17:6757094:G:A:R:wC	25	54	-	12.9647	1.41e-05	0.12	TCAAAATATTTTTTTAAATATTAAAAGCAG
pattern_2		3:98304788:A:C:R:wC	24	53	+	10.7262	1.41e-05	0.0101	TCTTTTCTTTTCTTTTTTTTTTTGAGACGG
pattern_2		22:38309938:G:A:A:wC	36	65	+	10.7262	1.41e-05	0.0101	GGCCCAACTCTTTTTTTTTTTTTTTTGATA
pattern_2		19:48267703:C:T:A:wC	59	88	+	10.7262	1.41e-05	0.0101	GCTTCCCATGATTTTTTTTTTTTTTGAGAC
pattern_2		19:48267703:C:T:R:wC	59	88	+	10.7262	1.41e-05	0.0101	GCTTCCCATGATTTTTTTTTTTTTTGAGAC
pattern_2		10:88533607:C:A:R:wC	91	120	+	10.7262	1.41e-05	0.0101	CATGTATTTCATTCTTTTTTTTTTTTTTTG
pattern_1		11:7983846:G:A:A:wC	28	57	+	13.0952	1.42e-05	0.0247	TGTTCTTTTTTTTTTTTTTTTTTTTTTGAG
pattern_1		7:128402711:C:T:R:wC	41	70	+	13.0952	1.42e-05	0.0247	TGTGCTGATAATTATTTTTATTTTTAAAAT
pattern_1		12:133220670:G:A:A:wC	162	191	+	13.0952	1.42e-05	0.0247	GGATGTAATTTTTATGTTATTTATTTATTT
pattern_0		5:21556910:C:T:A:wC	19	48	+	12.9529	1.43e-05	0.12	AGCAATTATTTTTAAATTTAAAACTTAAAC
pattern_2		17:64305051:A:G:R:wC	42	71	+	10.7024	1.43e-05	0.0102	CTCTCTAATTTTGTTTTTTTTTTCCTCGGT
pattern_2		13:50179454:T:C:A:wC	140	169	+	10.7024	1.43e-05	0.0102	TTTTTGTTTGTTTTTTCTTTTTTTTGAGAC
pattern_1		10:115796337:A:G:R:wC	36	65	+	13.0833	1.44e-05	0.0249	TTTTTATTTTTATTTTTATTTTTTTTTGAG
pattern_1		10:106664651:G:A:A:wC	24	53	+	13.0714	1.45e-05	0.0251	ACCATAAATTTTCAGTATTTTTTTTTTAAA
pattern_2		19:48267703:C:T:R:wC	63	92	+	10.6667	1.45e-05	0.0103	CCCATGATTTTTTTTTTTTTTGAGACGGAG
pattern_2		19:48267703:C:T:A:wC	63	92	+	10.6667	1.45e-05	0.0103	CCCATGATTTTTTTTTTTTTTGAGACGGAG
pattern_0		12:10562802:T:G:A:wC	64	93	-	12.9294	1.45e-05	0.12	AAAATATTTCTTTAAAATTTTAACAATTTT
pattern_2		9:97398938:A:G:A:wC	129	158	+	10.6548	1.46e-05	0.0103	CAAGCCCTTTTTTTTCTTTTTTTGAGACAG
pattern_2		9:97398938:A:G:R:wC	129	158	+	10.6548	1.46e-05	0.0103	CAAGCCCTTTTTTTTCTTTTTTTGAGACAG
pattern_1		2:48631377:T:C:R:wC	147	176	+	13.0595	1.46e-05	0.0252	CCGGGCTAATTTTTTTTTATTTTTTATTTT
pattern_1		17:66215837:A:T:A:wC	94	123	+	13.0476	1.47e-05	0.0252	TCTGGCTAATTTTTTTTTTTTTTTTGTAGA
pattern_1		12:133220670:G:A:A:wC	165	194	+	13.0476	1.47e-05	0.0252	TGTAATTTTTATGTTATTTATTTATTTTTT
pattern_1		11:40662499:G:C:A:wC	164	193	-	13.0476	1.47e-05	0.0252	AATTTACTTTTTTTTTTTTTTTTTTTTGAG
pattern_3		11:70415681:C:A:A:wC	168	197	-	12.2073	1.48e-05	0.0358	GGGAAACGGGAACCCCTGATTGGCCAGGAC
pattern_1		13:53862742:C:T:A:wC	34	63	+	13.0357	1.49e-05	0.0252	TGTTTAGAATTTTCTATTTTTAATTTCTAA
pattern_1		11:17346379:C:T:A:wC	35	64	+	13.0357	1.49e-05	0.0252	ATTGTCTATTTGTCTATTTATTTATTTATT
pattern_1		10:11843379:G:A:R:wC	124	153	+	13.0357	1.49e-05	0.0252	ATACATCTTTTTTTTTTTTTTTTTTTTGAG
pattern_1		11:40662499:G:C:A:wC	168	197	-	13.0357	1.49e-05	0.0252	TTTAAATTTACTTTTTTTTTTTTTTTTTTT
pattern_3		17:80593858:G:A:A:wC	10	39	-	12.1951	1.49e-05	0.0359	GAGACGGGGGTTTTCCATGTTGGTCGCGCT
pattern_2		1:205755144:T:C:R:wC	9	38	+	10.6071	1.49e-05	0.0105	ACATAACTTTTTTTTTTTTTTTTTGAGATG
pattern_2		10:115796337:A:G:R:wC	22	51	+	10.6071	1.49e-05	0.0105	TATTTATTTATTTATTTTTATTTTTATTTT
pattern_2		15:94841430:G:A:A:wC	45	74	+	10.6071	1.49e-05	0.0105	TTCATGTTTTTTTTTTTTGTTTGTTTGTTT
pattern_2		5:96506796:T:C:R:wC	161	190	-	10.6071	1.49e-05	0.0105	TTTTATTTTATTTTATTTTTTTGGAGACGG
pattern_0		16:78114846:A:G:A:wC	124	153	-	12.8941	1.49e-05	0.122	TGTGGACATTAATAAAAGTTTATTAAACAT
pattern_2		22:46664638:G:A:R:wC	37	66	+	10.5833	1.51e-05	0.0105	TTTTGTTTTGTTTTGTTTTGTTTTTGAGGC
pattern_2		2:103147561:G:A:A:wC	55	84	+	10.5833	1.51e-05	0.0105	AAATTCTTTTTTTTTTTTTTTTTTGAGACG
pattern_2		20:62395318:T:C:R:wC	86	115	+	10.5833	1.51e-05	0.0105	GGTGCTTTCTTTTTTCTTTTTCTTTTTTTT
pattern_2		9:33397073:T:C:R:wC	120	149	-	10.5833	1.51e-05	0.0105	CAAGCTTTTTTTTTTTTTTTTTTTGAGACA
pattern_2		11:8043412:G:A:R:wC	145	174	-	10.5833	1.51e-05	0.0105	AATTTTCTTTTTTTTTTTTTTTTTGAGCTG
pattern_3		1:3796711:A:G:R:wC	82	111	+	12.1707	1.51e-05	0.0363	GAGGTGGAGGTTGGCCCCATGGGCCATCAG
pattern_1		8:23082971:G:T:A:wC	115	144	+	13	1.53e-05	0.0257	CCTGCCTTTTTTTTTTTTTTTTTTTTTTGA
pattern_1		11:121998254:C:T:R:wC	158	187	+	13	1.53e-05	0.0257	TGGCTAATTTTTTGTAATTTTTTTTTTAGT
pattern_2		22:29632882:A:T:R:wC	1	30	+	10.5476	1.53e-05	0.0107	TTCTTTTTTTTTTTATTTTTTGAGGCAGAG
pattern_2		1:235583690:C:T:R:wC	34	63	+	10.5476	1.53e-05	0.0107	CATGCAGTTCTTTTTTTTTTTTTTGAGATG
pattern_3		11:40662499:G:C:A:wC	137	166	-	12.1463	1.53e-05	0.0366	GAGATGGACTCTCGCTCTGTAGCGCGGGCT
pattern_0		21:27013992:C:T:R:wC	16	45	-	12.8588	1.54e-05	0.123	CTAAAATTGTTTTAAACATAAAAAAAAAAA
pattern_2		13:53862742:C:T:A:wC	34	63	+	10.5357	1.54e-05	0.0107	TGTTTAGAATTTTCTATTTTTAATTTCTAA
pattern_1		12:11962839:C:T:R:wC	7	36	+	12.9881	1.54e-05	0.0257	CTTTTTTTTTTTTTTTTTTTTTTTTTTGGA
pattern_1		8:27406850:A:G:A:wC	144	173	+	12.9881	1.54e-05	0.0257	CTTTCCTTTTTTTAAATTTATTTATTATTA
pattern_1		12:516880:A:G:R:wC	164	193	+	12.9881	1.54e-05	0.0257	GAAGATTTTTTTTTTTTTTTTTTTTTTTGA
pattern_3		21:47804358:T:C:A:wC	66	95	+	12.122	1.55e-05	0.037	CGGAAGCGCATTCACCATGTTGTATATTCA
pattern_0		6:159463452:C:T:R:wC	40	69	-	12.8471	1.55e-05	0.123	TTTCTCAAGTTTTCAAAATTATTTTTCTCA
pattern_2		17:18263957:G:C:A:wC	17	46	-	10.5119	1.55e-05	0.0108	TCTTTCTTTTCTTTTCTTTTTTTTTTTTTT
pattern_2		10:11843379:G:A:R:wC	125	154	+	10.5119	1.55e-05	0.0108	TACATCTTTTTTTTTTTTTTTTTTTTGAGA
pattern_1		12:53210503:G:A:A:wC	116	145	+	12.9762	1.55e-05	0.0259	AGCTAATTTTTTTTTTTTTTTTTTTTGTAT
pattern_2		6:3134826:G:A:R:wC	101	130	+	10.5	1.56e-05	0.0109	CACCTGGCTAATTTTTTTTTTTTTTTTTTT
pattern_1		12:57079586:A:G:R:wC	60	89	+	12.9643	1.57e-05	0.026	TACACTTACTTTTTTTTTTTTTTTTTTTTT
pattern_1		9:131861118:A:C:R:wC	60	89	+	12.9643	1.57e-05	0.026	GCTTTTTTTTCTTTTTTCTTTTTTTTTTTT
pattern_3		10:18338971:A:C:R:wC	10	39	-	12.0854	1.58e-05	0.0376	CAGGTGAGGGCCCTCCATGCAAAACTGGGC
pattern_1		11:77870638:A:T:R:wC	100	129	+	12.9524	1.58e-05	0.0261	AGTCTGAATTTTCTTTTTTTTTTTCCTTTT
pattern_2		15:94841430:G:A:A:wC	46	75	+	10.4643	1.59e-05	0.011	TCATGTTTTTTTTTTTTGTTTGTTTGTTTT
pattern_0		19:55130441:C:T:A:wC	149	178	+	12.8118	1.59e-05	0.124	AACAATTCTTATTAAAAGATAAATATCTGT
pattern_2		22:37976422:T:C:A:wC	17	46	+	10.4524	1.59e-05	0.011	TAATTTTCTTTTTTTTTTTTTTTTGAGACA
pattern_2		12:6763515:G:C:R:wC	72	101	+	10.4524	1.59e-05	0.011	CTCTATTTTTCTTTTTTTTTTTTTTTGAGA
pattern_2		17:17333448:A:G:A:wC	88	117	+	10.4524	1.59e-05	0.011	TGCTGATCCTTTGTTTTGTTTTTCAGAATC
pattern_2		19:52374118:C:T:R:wC	170	199	+	10.4524	1.59e-05	0.011	TCATATATTTTGTGCATCTTTTTTAGATAT
pattern_1		7:131007371:G:A:A:wC	44	73	+	12.9405	1.6e-05	0.0262	ACTTTTTTTTTTTTTTTTTTTTTTTTGAGA
pattern_1		12:57079586:A:G:R:wC	67	96	+	12.9405	1.6e-05	0.0262	ACTTTTTTTTTTTTTTTTTTTTTTTTGAGA
pattern_1		13:103447529:G:A:R:wC	169	198	-	12.9405	1.6e-05	0.0262	TTTGCTTTTTTTTTTTTTTTTTTTTTTGAG
pattern_2		20:35746819:G:A:A:wC	64	93	+	10.4405	1.6e-05	0.0111	ACTCTTTTTTTCTCTTTTTTTGTGAGACAG
pattern_2		20:44771542:T:C:A:wC	112	141	-	10.4405	1.6e-05	0.0111	AGAATTTTTTTTTGCTTTATTCTTAAAAGG
pattern_3		2:97005275:G:A:A:wC	124	153	-	12.061	1.6e-05	0.0379	GAGACAGAGTCTTGCTTTGTCCCCCAGGCT
pattern_1		12:53270855:G:A:R:wC	60	89	+	12.9286	1.61e-05	0.0262	CCGACTAATTTTTTAATTTTTAATTTTTCA
pattern_1		7:37377172:G:C:R:wC	41	70	-	12.9286	1.61e-05	0.0262	TTTTTTTTTTTTTTTATACTTTAAGTTTTA
pattern_2		12:133220670:G:A:A:wC	171	200	+	10.4167	1.62e-05	0.0112	TTTTATGTTATTTATTTATTTTTTACAGAC
pattern_1		20:5942955:C:A:R:wC	132	161	+	12.9167	1.62e-05	0.0264	AGCCTTCATTTCTTTTTTTTTTTTTTTTTT
pattern_0		17:5321413:G:A:R:wC	165	194	-	12.7765	1.64e-05	0.124	AACTTAATTATTTATAATTATTTTGTGTCT
pattern_1		14:105582775:C:T:R:wC	27	56	+	12.9048	1.64e-05	0.0266	TCCAGCTTTTTCTTTTTTTTTTTTTTTTTT
pattern_2		5:131008885:C:T:A:wC	117	146	+	10.381	1.64e-05	0.0113	GGCTAATTTTTTGTATTTTTTTTTTTTTGT
pattern_3		9:135725038:G:T:R:wC	85	114	-	12.0122	1.65e-05	0.0388	CAGCCATGGGATCTCCATCACAAACACCCT
pattern_1		22:22572199:T:C:A:wC	8	37	+	12.8929	1.65e-05	0.0267	TTTTTTATTTTTAAAATTTTTAACTTTTAT
pattern_2		22:37976422:T:C:A:wC	9	38	+	10.3571	1.66e-05	0.0114	TAGGTTTCTAATTTTCTTTTTTTTTTTTTT
pattern_1		8:27406850:A:G:A:wC	154	183	+	12.881	1.67e-05	0.0267	TTTAAATTTATTTATTATTATTATACTTTA
pattern_2		10:115796337:A:G:R:wC	20	49	+	10.3333	1.68e-05	0.0115	GATATTTATTTATTTATTTTTATTTTTATT
pattern_2		1:11883629:T:A:R:wC	2	31	-	10.3333	1.68e-05	0.0115	TGCACTTTTTTTTCTTTTTTTTTTTTGAGG
pattern_3		13:21341377:G:A:R:wC	138	167	-	11.9756	1.68e-05	0.0394	GAGACAGAATCTCGCTTTGTCGCCCAGGCA
pattern_1		7:16721382:A:G:A:wC	4	33	-	12.869	1.68e-05	0.0267	CCAGCTAATTTTTGTATTTTTTAGTAGAGA
pattern_1		6:158621028:A:G:A:wC	12	41	-	12.869	1.68e-05	0.0267	GCCGGTCTTTTTTTTTTTTTTTTTTTTTTG
pattern_1		12:57079586:A:G:R:wC	66	95	+	12.869	1.68e-05	0.0267	TACTTTTTTTTTTTTTTTTTTTTTTTTGAG
pattern_1		8:23082971:G:T:A:wC	113	142	+	12.869	1.68e-05	0.0267	AGCCTGCCTTTTTTTTTTTTTTTTTTTTTT
pattern_1		8:23082971:G:T:A:wC	114	143	+	12.869	1.68e-05	0.0267	GCCTGCCTTTTTTTTTTTTTTTTTTTTTTG
pattern_1		17:35415419:C:T:A:wC	130	159	+	12.869	1.68e-05	0.0267	TTTATTTATTTATTTATTTATTTAGAGATG
pattern_0		5:5401023:G:T:R:wC	74	103	-	12.7412	1.68e-05	0.124	CCTCCTTGTTTTTTCAAATTTTTTCTTTTA
pattern_3		16:30501216:A:C:A:wC	111	140	-	11.9634	1.69e-05	0.0395	GAGACAGAGTCTTGCTCTTTTGCCCAGACT
pattern_2		7:128402711:C:T:R:wC	105	134	+	10.3095	1.69e-05	0.0116	TTGTTTATTTATTTATGTTTTTTTTGAGAC
pattern_2		13:91991011:G:T:A:wC	159	188	+	10.3095	1.69e-05	0.0116	TACCTGGATATTTATATCTTTCTTAAGTTT
pattern_1		17:80683420:G:A:A:wC	1	30	+	12.8571	1.7e-05	0.0268	TTTAATTTATTTAATTTATTTTTTTGAAAT
pattern_1		8:6738204:T:C:R:wC	12	41	+	12.8571	1.7e-05	0.0268	TTTTTATTTTTTATTTATTTTATTTATTTT
pattern_1		4:113542944:C:A:R:wC	27	56	+	12.8571	1.7e-05	0.0268	TTTTACTAATGAAATGATTTTTTTTTCTTT
pattern_0		21:38475164:G:C:A:wC	58	87	+	12.7294	1.7e-05	0.124	CCCTGTCTGTACTAAAAATACAAAAATTAG
pattern_0		12:53270855:G:A:R:wC	60	89	+	12.7294	1.7e-05	0.124	CCGACTAATTTTTTAATTTTTAATTTTTCA
pattern_0		14:35408548:A:G:A:wC	35	64	-	12.7294	1.7e-05	0.124	AGAAATTATTTTTAAAGGAAAACTTTCAAA
pattern_0		8:59768957:C:T:R:wC	95	124	+	12.7294	1.7e-05	0.124	TATTCCAAATATTCAAAAAATATTTGCTGT
pattern_2		14:105582775:C:T:R:wC	28	57	+	10.2976	1.7e-05	0.0116	CCAGCTTTTTCTTTTTTTTTTTTTTTTTTT
pattern_2		9:2586671:A:T:A:wC	150	179	-	10.2976	1.7e-05	0.0116	TCTTGGACTTTTTTTTTTTGTTGGTAATTT
pattern_1		6:158621028:A:G:A:wC	13	42	-	12.8452	1.71e-05	0.0269	TGCCGGTCTTTTTTTTTTTTTTTTTTTTTT
pattern_1		8:27587944:G:C:A:wC	150	179	+	12.8452	1.71e-05	0.0269	TTCTGCCTTTGATTTTTTTTTTTTTTTTTA
pattern_3		21:43529642:A:C:A:wC	107	136	+	11.939	1.71e-05	0.0399	TTGATTGTGTCTCCCCCTGGCAGACTGGGA
pattern_2		1:165734603:T:C:R:wC	10	39	+	10.2738	1.72e-05	0.0117	GTTTTATTTTATTTTTATTTTTTTTGAGAC
pattern_2		17:73010320:G:C:A:wC	46	75	+	10.2738	1.72e-05	0.0117	TCTGGGGCCTTTTTTTTTTTTTTTTTTTTT
pattern_2		21:34766932:G:A:R:wC	47	76	+	10.2738	1.72e-05	0.0117	ACAGGTGTTTTTTTTTTTTTTTTGAAACGG
pattern_1		22:22572199:T:C:A:wC	6	35	+	12.8333	1.73e-05	0.027	TATTTTTTATTTTTAAAATTTTTAACTTTT
pattern_2		10:62500217:C:T:A:wC	54	83	-	10.2619	1.73e-05	0.0118	CCGACTAATTTTTAATTCTTTTTTTTTTTT
pattern_2		1:55459758:C:A:R:wC	28	57	-	10.25	1.74e-05	0.0118	TTTCTTTTCTTTTTTCTTTTCTTTTCTTTT
pattern_2		8:26049480:C:G:A:wC	142	171	+	10.25	1.74e-05	0.0118	GATACTTTTTTTTTTTTTTTTTTTTTTTGA
pattern_2		7:100177174:T:C:R:wC	142	171	-	10.25	1.74e-05	0.0118	ACTGTGCCTTTTTTTTTTTTTTTTTTGAGA
pattern_1		17:581967:C:T:A:wC	8	37	+	12.8214	1.74e-05	0.0271	TATATATATATATATATTTTTTTGAGACAG
pattern_1		12:53210503:G:A:A:wC	115	144	+	12.8214	1.74e-05	0.0271	CAGCTAATTTTTTTTTTTTTTTTTTTTGTA
pattern_2		6:41578661:G:A:A:wC	102	131	-	10.2381	1.75e-05	0.0118	CCTGTATATCTTTGTTTTTTTTGCCTCCCA
pattern_2		11:8043412:G:A:R:wC	147	176	-	10.2381	1.75e-05	0.0118	ATAATTTTCTTTTTTTTTTTTTTTTTGAGC
pattern_1		9:104148858:A:G:R:wC	51	80	-	12.8095	1.76e-05	0.0272	TCATTTTATAATTTTAAAAATTATATTATT
pattern_1		1:100650664:A:G:A:wC	154	183	+	12.8095	1.76e-05	0.0272	AATTCCTTTTTTTTTTTTTTTTTTTTTGAG
pattern_1		5:96506796:T:C:R:wC	171	200	-	12.8095	1.76e-05	0.0272	ATTTTTTTATTTTTATTTTATTTTATTTTT
pattern_2		14:58693402:C:T:A:wC	9	38	+	10.2262	1.76e-05	0.0118	TTTGTTTTGTTTTGTTTTGTTTTTTGAGGT
pattern_2		14:58693402:C:T:R:wC	9	38	+	10.2262	1.76e-05	0.0118	TTTGTTTTGTTTTGTTTTGTTTTTTGAGGT
pattern_2		9:131861118:A:C:R:wC	59	88	+	10.2262	1.76e-05	0.0118	AGCTTTTTTTTCTTTTTTCTTTTTTTTTTT
pattern_0		20:37475516:C:T:R:wC	64	93	+	12.6824	1.76e-05	0.126	CTACACGAAATTTAAAAAATTATCCAGGTG
pattern_2		13:111271146:T:A:R:wC	125	154	-	10.2143	1.77e-05	0.0119	TAGCACCTTTCTGATCTTTTTGGTTGAGAA
pattern_1		3:98304788:A:C:R:wC	12	41	+	12.7976	1.77e-05	0.0273	TTATCCTCTTTTTCTTTTCTTTTCTTTTTT
pattern_1		5:21556910:C:T:A:wC	16	45	+	12.7976	1.77e-05	0.0273	AGAAGCAATTATTTTTAAATTTAAAACTTA
pattern_0		7:152154660:C:T:R:wC	16	45	-	12.6706	1.78e-05	0.126	GAGACTCTGTCTTAAAAAAAAAAAGAAAAG
pattern_2		7:71731031:G:A:A:wC	17	46	-	10.1905	1.78e-05	0.012	TTTTGTTTTGTTTTTTATTTTTGGAGAGAT
pattern_2		9:42209073:G:C:A:wC	162	191	+	10.1905	1.78e-05	0.012	CGGCTAATTTTTTTTTGTATTTTTAGTAGA
pattern_3		10:99393234:G:A:A:wC	153	182	-	11.8659	1.78e-05	0.0414	GGAGTGGCGTTGCTCCCGGTTGCCTAGGTA
pattern_2		20:62395318:T:C:R:wC	87	116	+	10.1786	1.79e-05	0.012	GTGCTTTCTTTTTTCTTTTTCTTTTTTTTT
pattern_2		10:43065274:C:T:A:wC	78	107	-	10.1786	1.79e-05	0.012	AGGCCAGATATTTTTTTTTATATTTTTAGT
pattern_0		1:28260898:G:A:A:wC	7	36	+	12.6588	1.79e-05	0.126	AAGTTAAAATAATAAAAAATTTTAAAAGTT
pattern_3		19:4446995:C:T:R:wC	60	89	-	11.8537	1.8e-05	0.0415	TGGGTGGGGTGTGGCCAGGCCATGGAGGAA
pattern_1		12:12275828:C:T:R:wC	30	59	-	12.7738	1.8e-05	0.0277	TATTTTTATTTTTATTTTTTTTGAGACAGG
pattern_3		12:53731984:G:A:A:wC	147	176	+	11.8415	1.81e-05	0.0416	GTGGTGGGGTGTCCCTGTGACCTCGCGGTC
pattern_1		10:115796337:A:G:R:wC	17	46	+	12.7619	1.82e-05	0.0278	TTTGATATTTATTTATTTATTTTTATTTTT
pattern_1		7:112106232:G:C:A:wC	73	102	+	12.7619	1.82e-05	0.0278	ACAGCTCTATTATATAATTATCGTAAACTC
pattern_3		16:69424480:A:T:A:wC	167	196	-	11.8293	1.82e-05	0.0417	GAGACAGAGTCCTGCTTTGTCGCCCAGGCT
pattern_2		12:122800273:C:T:A:wC	12	41	+	10.1429	1.82e-05	0.0122	TCCTTTTCTTTTTTTTTTTTTGAGATGGAG
pattern_2		12:122800273:C:T:R:wC	12	41	+	10.1429	1.82e-05	0.0122	TCCTTTTCTTTTTTTTTTTTTGAGATGGAG
pattern_2		4:71736336:G:A:R:wC	50	79	+	10.1429	1.82e-05	0.0122	ACTGATCTCTTTTTTTTTTTTTTTTTTTGA
pattern_0		17:35415419:C:T:A:wC	128	157	-	12.6353	1.83e-05	0.126	TCTCTAAATAAATAAATAAATAAATAAATA
pattern_2		19:57970368:A:G:R:wC	6	35	+	10.131	1.83e-05	0.0122	CTTTGCTTTCTTTTTTTTTTTTTTTTGAGA
pattern_2		17:66215837:A:T:A:wC	92	121	+	10.131	1.83e-05	0.0122	CATCTGGCTAATTTTTTTTTTTTTTTTGTA
pattern_1		14:105582775:C:T:R:wC	31	60	+	12.75	1.83e-05	0.0279	GCTTTTTCTTTTTTTTTTTTTTTTTTTGAG
pattern_1		10:11843379:G:A:R:wC	122	151	+	12.75	1.83e-05	0.0279	TGATACATCTTTTTTTTTTTTTTTTTTTTG
pattern_2		12:53210503:G:A:A:wC	111	140	+	10.119	1.84e-05	0.0123	CGCCCAGCTAATTTTTTTTTTTTTTTTTTT
pattern_2		2:219279673:T:G:R:wC	77	106	+	10.1071	1.85e-05	0.0123	CTAATTTTTGTTTTGTTTTTTTTTTGTGTG
pattern_2		16:2706036:T:C:A:wC	12	41	-	10.0952	1.86e-05	0.0123	CTAATCTTTTTTTTTTTTTTTTTTGAGATG
pattern_2		1:212473208:A:G:R:wC	41	70	+	10.0952	1.86e-05	0.0123	CATAAGACTTTTTTTTTTTTTTTTGAGACA
pattern_2		22:37419220:T:G:A:wC	171	200	+	10.0952	1.86e-05	0.0123	TGCACTTTTTCTTGTTTGTTTTTTGTTTTT
pattern_0		7:150512410:T:G:A:wC	140	169	+	12.6118	1.86e-05	0.126	TCTACTAAAAATTACAAAAAAATTATCCGG
pattern_1		8:129003458:G:A:R:wC	22	51	+	12.7262	1.87e-05	0.0282	TTCTTTCTTTTTTTTTTTTTTTTTTTTGAG
pattern_1		10:70633047:C:A:A:wC	61	90	+	12.7262	1.87e-05	0.0282	AGAGCATTTTTTTTTTTTTTTTTTTTTGAG
pattern_2		11:8043412:G:A:R:wC	142	171	-	10.0833	1.87e-05	0.0124	TTTCTTTTTTTTTTTTTTTTTGAGCTGGAG
pattern_0		7:150512410:T:G:A:wC	143	172	+	12.6	1.88e-05	0.126	ACTAAAAATTACAAAAAAATTATCCGGGCG
pattern_2		5:172382175:A:G:A:wC	50	79	+	10.0714	1.88e-05	0.0124	GTGGTTAGTTTTTTTTTTTTTTTTTTTTTT
pattern_2		22:24339438:G:T:A:wC	63	92	+	10.0714	1.88e-05	0.0124	TTTTTCATTTTTGTTTTTGTTTGTTTTTTG
pattern_2		7:100177174:T:C:R:wC	140	169	-	10.0714	1.88e-05	0.0124	TGTGCCTTTTTTTTTTTTTTTTTTGAGACA
pattern_3		17:66421203:T:C:R:wC	57	86	-	11.7683	1.88e-05	0.043	AAGACAAGATTCCCTCCTGAGAGCCTGCTG
pattern_1		9:131861118:A:C:R:wC	62	91	+	12.7143	1.88e-05	0.0284	TTTTTTTTCTTTTTTCTTTTTTTTTTTTTT
pattern_2		4:71736336:G:A:R:wC	48	77	+	10.0595	1.89e-05	0.0124	GCACTGATCTCTTTTTTTTTTTTTTTTTTT
pattern_2		3:195629980:C:T:A:wC	50	79	+	10.0595	1.89e-05	0.0124	CACTTTTTTTTTTTCTTTTGTGACAGAGTC
pattern_2		22:24339438:G:T:A:wC	62	91	+	10.0595	1.89e-05	0.0124	TTTTTTCATTTTTGTTTTTGTTTGTTTTTT
pattern_2		16:66052131:A:G:R:wC	23	52	+	10.0476	1.9e-05	0.0125	TTTTTGTTTTTTTGTTTTGGTGGGGGAGGG
pattern_2		17:35415419:C:T:A:wC	127	156	+	10.0476	1.9e-05	0.0125	GTATTTATTTATTTATTTATTTATTTAGAG
pattern_1		5:142052130:T:C:R:wC	31	60	+	12.7024	1.9e-05	0.0284	TACAGTTTTTTTTTTTTTTTTTTTTTTGAA
pattern_1		11:62387222:C:T:A:wC	49	78	+	12.7024	1.9e-05	0.0284	CTTTTTTTTTTTTTTTTTTTTTTTTTCAGA
pattern_1		10:43065274:C:T:A:wC	76	105	-	12.7024	1.9e-05	0.0284	GCCAGATATTTTTTTTTATATTTTTAGTCA
pattern_1		12:125541085:T:C:R:wC	158	187	+	12.7024	1.9e-05	0.0284	ACAGGCCCTTTTTTTTTTTTTTTTTTTGAG
pattern_2		1:100650664:A:G:A:wC	151	180	+	10.0357	1.91e-05	0.0125	GGTAATTCCTTTTTTTTTTTTTTTTTTTTT
pattern_3		17:7226712:T:C:A:wC	16	45	+	11.7439	1.91e-05	0.0432	AAGGAGGACTGAGCCCCTGTGGGCCTGGGC
pattern_3		20:62509950:C:T:A:wC	50	79	-	11.7439	1.91e-05	0.0432	CCCATATGGGGCCACACTGTTGGGCTGCAG
pattern_0		7:37377172:G:C:R:wC	44	73	+	12.5765	1.91e-05	0.126	AACTTAAAGTATAAAAAAAAAAAAAAAAAA
pattern_0		17:45963810:G:A:R:wC	122	151	-	12.5765	1.91e-05	0.126	GAAAATAAAAATAAAAATTAAATTAAAATA
pattern_0		1:76223816:T:C:A:wC	21	50	+	12.5647	1.93e-05	0.126	TTACTTTTTTTTTAATTATTATTTTTTTCA
pattern_0		9:104148858:A:G:R:wC	49	78	-	12.5647	1.93e-05	0.126	ATTTTATAATTTTAAAAATTATATTATTCT
pattern_1		1:205755144:T:C:R:wC	9	38	+	12.6786	1.93e-05	0.0288	ACATAACTTTTTTTTTTTTTTTTTGAGATG
pattern_3		3:141144408:A:G:R:wC	9	38	-	11.7195	1.93e-05	0.0436	GCTATATGGGACCACCAGGTGGCCCTGGGG
pattern_0		2:114496099:G:A:R:wC	46	75	+	12.5529	1.94e-05	0.126	ATGAAAATGTACTATATATATATTCATCCA
pattern_1		11:62387222:C:T:A:wC	51	80	+	12.6667	1.95e-05	0.029	TTTTTTTTTTTTTTTTTTTTTTTTCAGAGA
pattern_2		1:11883629:T:A:R:wC	1	30	-	9.97619	1.95e-05	0.0128	GCACTTTTTTTTCTTTTTTTTTTTTGAGGT
pattern_2		7:99915673:C:T:A:wC	34	63	-	9.97619	1.95e-05	0.0128	CCTTTTGTTTTTTGTTCTTTTTTTTTTTTT
pattern_1		7:151126556:G:A:R:wC	109	138	-	12.6548	1.96e-05	0.0291	CATTTGCATATTTAGATATATTTTTGTCAT
pattern_2		15:94841430:G:A:A:wC	49	78	+	9.96429	1.96e-05	0.0129	TGTTTTTTTTTTTTGTTTGTTTGTTTTTTG
pattern_3		19:18169339:G:T:R:wC	100	129	-	11.6829	1.97e-05	0.0443	GCGGCGCGCGTTTCCCCGGCCGGGCCCGCC
pattern_0		19:57807525:G:A:A:wC	49	78	-	12.5294	1.98e-05	0.126	AAAAAAAAAATTAAAAAAAATTATAATAAT
pattern_1		9:131101845:C:T:R:wC	14	43	+	12.6429	1.98e-05	0.0291	CCCAGAATCTTTTTTTTTTTTTTTTTTTTT
pattern_1		5:172382175:A:G:A:wC	50	79	+	12.6429	1.98e-05	0.0291	GTGGTTAGTTTTTTTTTTTTTTTTTTTTTT
pattern_1		19:56898981:A:G:A:wC	25	54	-	12.6429	1.98e-05	0.0291	ATAGAACGTTTGTATATAGTTTTTTTTTAA
pattern_1		12:12275828:C:T:R:wC	40	69	-	12.6429	1.98e-05	0.0291	GCACCCTTTTTATTTTTATTTTTATTTTTT
pattern_2		11:8043412:G:A:R:wC	150	179	-	9.92857	1.99e-05	0.013	AAAATAATTTTCTTTTTTTTTTTTTTTTTG
pattern_0		5:56507824:C:T:A:wC	22	51	-	12.5176	2e-05	0.126	AAAATTTTTTTTTAATTAAAATTGGTAACA
pattern_0		17:6757094:G:A:R:wC	24	53	-	12.5176	2e-05	0.126	CAAAATATTTTTTTAAATATTAAAAGCAGC
pattern_1		4:45179883:C:T:R:wC	40	69	-	12.631	2e-05	0.0293	TGAGTCATATCATAGTTATATTTTCAATTT
pattern_2		7:29188870:G:A:R:wC	29	58	+	9.91667	2e-05	0.0131	GTTTCCCTTTTTTTTTTTTTTTTTTTTTGA
pattern_2		3:71452241:C:G:R:wC	93	122	+	9.91667	2e-05	0.0131	AAGTTTACTTTTTTGTTTTGTTTTTTCTTT
pattern_2		7:27445059:G:A:A:wC	40	69	+	9.90476	2.01e-05	0.0131	GATGACCTTTTTTTTTTTTTTGAGACAGAG
pattern_1		1:28260898:G:A:A:wC	7	36	+	12.619	2.01e-05	0.0294	AAGTTAAAATAATAAAAAATTTTAAAAGTT
pattern_1		17:45963810:G:A:R:wC	112	141	+	12.619	2.01e-05	0.0294	TATTTTATTTTATTTTAATTTAATTTTTAT
pattern_1		5:142052130:T:C:R:wC	36	65	+	12.6071	2.03e-05	0.0295	TTTTTTTTTTTTTTTTTTTTTTGAAACCAA
pattern_1		15:40893976:A:C:R:wC	168	197	+	12.6071	2.03e-05	0.0295	CTTAAAAATGCATCTTTTTTTTTTTTTTTT
pattern_0		1:28260898:G:A:A:wC	8	37	+	12.4941	2.03e-05	0.127	AGTTAAAATAATAAAAAATTTTAAAAGTTG
pattern_2		12:6763515:G:C:R:wC	69	98	+	9.88095	2.03e-05	0.0133	TCACTCTATTTTTCTTTTTTTTTTTTTTTG
pattern_2		7:123658288:G:T:R:wC	75	104	+	9.86905	2.04e-05	0.0133	CACTCAATCTATGGTATTTTTGTTAGGGCA
pattern_3		2:23887437:C:T:R:wC	41	70	-	11.6098	2.05e-05	0.0459	GCGGTGATCTTGCTCAGGGTCACCCAGGAT
pattern_1		1:75263485:A:T:A:wC	46	75	-	12.5952	2.05e-05	0.0297	GAAAATAAATATTCAAAATTTATTTATGTG
pattern_2		16:2706036:T:C:A:wC	16	45	-	9.84524	2.07e-05	0.0134	CTAGCTAATCTTTTTTTTTTTTTTTTTTGA
pattern_2		12:12275828:C:T:R:wC	36	65	-	9.84524	2.07e-05	0.0134	CCTTTTTATTTTTATTTTTATTTTTTTTGA
pattern_2		19:47209115:T:G:R:wC	23	52	-	9.83333	2.08e-05	0.0135	ACTGAGAACTCTTTTTTTTTTTTTGAAACT
pattern_3		11:12418784:C:A:A:wC	110	139	+	11.5854	2.08e-05	0.0464	GAGATGGCGTCTTGCTATATTGCCTATGCT
pattern_2		19:57807525:G:A:A:wC	53	82	+	9.82143	2.09e-05	0.0135	TTATAATTTTTTTTAATTTTTTTTTTGAGA
pattern_2		17:5321413:G:A:R:wC	147	176	-	9.80952	2.1e-05	0.0136	TATTTTGTGTCTTTTTTTTTTTTTTGAGAT
pattern_1		11:7983846:G:A:A:wC	31	60	+	12.5595	2.1e-05	0.0302	TCTTTTTTTTTTTTTTTTTTTTTTGAGATG
pattern_1		8:96311217:C:G:R:wC	50	79	+	12.5595	2.1e-05	0.0302	TAAAGACATATTGATCTATTTTTTTTTTTT
pattern_1		14:74412505:C:T:R:wC	25	54	-	12.5595	2.1e-05	0.0302	AAATAAAAATAAAATAAAATTTAAAAATGG
pattern_1		17:30610375:G:C:R:wC	60	89	+	12.5595	2.1e-05	0.0302	TCTTTTTTTTTTTTTTTTTTTTTTGAGATG
pattern_2		11:654229:T:C:R:wC	30	59	+	9.79762	2.11e-05	0.0136	GACCCCCTTTTTTTTTTTTTTTTTTTTTGA
pattern_1		22:37976422:T:C:A:wC	14	43	+	12.5476	2.12e-05	0.0302	TTCTAATTTTCTTTTTTTTTTTTTTTTGAG
pattern_1		19:29454928:G:C:A:wC	35	64	+	12.5476	2.12e-05	0.0302	CTTTGATTTTTTTTTTTTTTTTTTTTTGAG
pattern_1		5:172382175:A:G:A:wC	55	84	+	12.5476	2.12e-05	0.0302	TAGTTTTTTTTTTTTTTTTTTTTTTTTGAG
pattern_1		15:40893976:A:C:R:wC	153	182	-	12.5476	2.12e-05	0.0302	AGATGCATTTTTAAGGAATTTTTTTTTTTT
pattern_0		7:23294900:C:T:A:wC	1	30	-	12.4353	2.13e-05	0.128	CCCCGTCTGTACTAAAAATACAAAAATTAG
pattern_2		19:29454928:G:C:A:wC	40	69	+	9.77381	2.13e-05	0.0137	ATTTTTTTTTTTTTTTTTTTTTGAGATGAG
pattern_2		11:8043412:G:A:R:wC	154	183	-	9.77381	2.13e-05	0.0137	CAGAAAAATAATTTTCTTTTTTTTTTTTTT
pattern_0		16:87747204:T:C:A:wC	4	33	-	12.4235	2.15e-05	0.128	TTTCTTGATTTTGAAAAAAATTGCATTTGT
pattern_3		9:136795946:G:A:R:wC	81	110	+	11.5244	2.15e-05	0.0476	CCGGTGGTGTGCGTCCAGCGTCGCCAGCTG
pattern_3		17:80690632:C:T:R:wC	96	125	+	11.5244	2.15e-05	0.0476	GTGACGGAGTCTTGTTCTGTCACCCAGGCT
pattern_1		19:29454928:G:C:A:wC	32	61	+	12.5238	2.16e-05	0.0304	TAACTTTGATTTTTTTTTTTTTTTTTTTTT
pattern_1		6:41059169:G:A:R:wC	164	193	+	12.5238	2.16e-05	0.0304	TTTTTTGTTTGTTTTATGTTTTGTTTTCTT
pattern_1		12:516880:A:G:R:wC	165	194	+	12.5238	2.16e-05	0.0304	AAGATTTTTTTTTTTTTTTTTTTTTTTGAG
pattern_1		17:5321413:G:A:R:wC	165	194	-	12.5238	2.16e-05	0.0304	AACTTAATTATTTATAATTATTTTGTGTCT
pattern_2		4:71736336:G:A:R:wC	56	85	+	9.7381	2.16e-05	0.0139	CTCTTTTTTTTTTTTTTTTTTTGAGTCAGT
pattern_0		5:57315282:C:A:R:wC	38	67	-	12.4118	2.16e-05	0.128	AAAAATAGTTATTCATAATTAATTACCACA
pattern_2		19:57970368:A:G:R:wC	4	33	+	9.72619	2.17e-05	0.014	TTCTTTGCTTTCTTTTTTTTTTTTTTTTGA
pattern_2		8:6738204:T:C:R:wC	19	48	+	9.72619	2.17e-05	0.014	TTTTTATTTATTTTATTTATTTTTTTATTA
pattern_2		2:20092032:G:A:R:wC	165	194	+	9.72619	2.17e-05	0.014	AGGGTTTTTTGTTGTTTCTTCAGTAGTAGG
pattern_1		1:76223816:T:C:A:wC	23	52	+	12.5119	2.18e-05	0.0306	ACTTTTTTTTTAATTATTATTTTTTTCATA
pattern_2		17:18290295:A:G:A:wC	3	32	+	9.71429	2.18e-05	0.014	TTTTTGGTTAATTTTTTTTTTTTTTTTTTG
pattern_2		17:18290295:A:G:R:wC	3	32	+	9.71429	2.18e-05	0.014	TTTTTGGTTAATTTTTTTTTTTTTTTTTTG
pattern_2		22:24339438:G:T:A:wC	54	83	+	9.71429	2.18e-05	0.014	CCATTTCATTTTTTCATTTTTGTTTTTGTT
pattern_0		7:128402711:C:T:R:wC	47	76	-	12.4	2.18e-05	0.128	TAATAAATTTTAAAAATAAAAATAATTATC
pattern_0		20:62395318:T:C:R:wC	101	130	-	12.4	2.18e-05	0.128	CCGTCTCTTATTTAAAAAAAAAAGAAAAAG
pattern_0		17:35415419:C:T:A:wC	120	149	-	12.4	2.18e-05	0.128	TAAATAAATAAATAAATAAATACATACATA
pattern_2		1:21768191:G:C:R:wC	107	136	-	9.70238	2.19e-05	0.014	ATTCATTACTTTTTTTTTTTTTTTTTTTGA
pattern_2		6:3138194:T:C:R:wC	155	184	+	9.70238	2.19e-05	0.014	AATGTCTCCTATTCTTTTTTTTTTAGATGG
pattern_1		4:55350468:C:T:A:wC	14	43	-	12.5	2.19e-05	0.0307	TTTACCTATTCATTTATTCATTTTCTGTCT
pattern_1		9:131861118:A:C:R:wC	65	94	+	12.5	2.19e-05	0.0307	TTTTTCTTTTTTCTTTTTTTTTTTTTTTTA
pattern_1		8:6738204:T:C:R:wC	2	31	+	12.4881	2.21e-05	0.0307	CTAAATTTTATTTTTATTTTTTATTTATTT
pattern_1		1:165734603:T:C:R:wC	9	38	+	12.4881	2.21e-05	0.0307	AGTTTTATTTTATTTTTATTTTTTTTGAGA
pattern_1		8:11163586:G:C:R:wC	24	53	+	12.4881	2.21e-05	0.0307	TAAGGCTTATCTTTTATAGTTATTAACTAT
pattern_1		17:45963810:G:A:R:wC	117	146	+	12.4881	2.21e-05	0.0307	TATTTTATTTTAATTTAATTTTTATTTTTA
pattern_1		8:26049480:C:G:A:wC	142	171	+	12.4881	2.21e-05	0.0307	GATACTTTTTTTTTTTTTTTTTTTTTTTGA
pattern_2		17:65109437:G:A:R:wC	34	63	+	9.67857	2.22e-05	0.0142	AGGAGAGATTAATTTTTTTTTTTTAGACAG
pattern_0		12:10562802:T:G:A:wC	60	89	+	12.3765	2.22e-05	0.128	CAGAAAAATTGTTAAAATTTTAAAGAAATA
pattern_1		10:13158679:A:G:R:wC	131	160	+	12.4762	2.23e-05	0.0309	TAAGTGAAATATTTTCATTTTCTTTTCCCT
pattern_2		3:197326771:T:G:R:wC	55	84	+	9.65476	2.24e-05	0.0143	CACTATTTTTTTTTGTTTTTTTTTGAGACG
pattern_0		8:27406850:A:G:A:wC	143	172	+	12.3647	2.24e-05	0.128	TCTTTCCTTTTTTTAAATTTATTTATTATT
pattern_2		17:45963810:G:A:R:wC	119	148	+	9.64286	2.25e-05	0.0143	TTTTATTTTAATTTAATTTTTATTTTTATT
pattern_1		7:37377172:G:C:R:wC	48	77	-	12.4643	2.25e-05	0.0311	GTGTTTTTTTTTTTTTTTTTTTATACTTTA
pattern_2		2:65289623:C:T:A:wC	142	171	-	9.63095	2.26e-05	0.0144	CCCCGCCTCTTTTTTTTTTTTTTTTTTTGA
pattern_1		1:63177539:G:T:A:wC	22	51	+	12.4524	2.27e-05	0.0313	ATGTGCCCTTTAGATATTTTTTTTTGTTAC
pattern_2		5:142052130:T:C:R:wC	26	55	+	9.60714	2.28e-05	0.0145	TTCTGTACAGTTTTTTTTTTTTTTTTTTTT
pattern_1		19:57807525:G:A:A:wC	33	62	+	12.4405	2.29e-05	0.0315	GTACGTTCTTTCTATTATTATTATAATTTT
pattern_3		8:26049480:C:G:A:wC	170	199	+	11.4024	2.29e-05	0.0506	GAGACAGGGTCTCAGTCTGTCGCCCAGGCT
pattern_2		10:70633047:C:A:A:wC	59	88	+	9.59524	2.29e-05	0.0146	CAAGAGCATTTTTTTTTTTTTTTTTTTTTG
pattern_2		1:21768191:G:C:R:wC	109	138	-	9.59524	2.29e-05	0.0146	AAATTCATTACTTTTTTTTTTTTTTTTTTT
pattern_0		14:74412505:C:T:R:wC	20	49	+	12.3294	2.3e-05	0.128	CCGGCCCATTTTTAAATTTTATTTTATTTT
pattern_0		4:113542944:C:A:R:wC	14	43	-	12.3294	2.3e-05	0.128	TCATTTCATTAGTAAAATATTAATCTGATA
pattern_0		8:30029914:G:A:R:wC	95	124	-	12.3294	2.3e-05	0.128	CATTAAAAAGTTTAAAAATAAATACGATTT
pattern_0		13:102921869:T:C:R:wC	116	145	-	12.3294	2.3e-05	0.128	AATAAAATATAATAAAATAAAATACAAAAT
pattern_2		19:48616658:C:A:A:wC	14	43	-	9.58333	2.31e-05	0.0146	GGGCATTCTGTTTCTATTTGTTGTAGCCCA
pattern_2		14:23631372:G:A:R:wC	16	45	-	9.58333	2.31e-05	0.0146	CGGTTTGTTGAATACTTTTTTTTTTTAATC
pattern_2		19:57807525:G:A:A:wC	52	81	+	9.58333	2.31e-05	0.0146	ATTATAATTTTTTTTAATTTTTTTTTTGAG
pattern_3		15:90792805:G:T:R:wC	159	188	-	11.3902	2.31e-05	0.0507	AGGACTGGCTGTCCCCACGATCGCGAGGGG
pattern_1		18:53373610:G:A:R:wC	12	41	+	12.4286	2.31e-05	0.0316	TTCTCTGTTTTTTTTTTTTTTTTTTTTGAG
pattern_1		10:11843379:G:A:R:wC	126	155	+	12.4286	2.31e-05	0.0316	ACATCTTTTTTTTTTTTTTTTTTTTGAGAA
pattern_2		15:65566674:G:A:R:wC	155	184	-	9.57143	2.32e-05	0.0147	TTGTTGTTTGTTTGTTTTGTTTTGTGGAGA
pattern_1		5:96506796:T:C:R:wC	168	197	-	12.4167	2.33e-05	0.0318	TTTTTATTTTTATTTTATTTTATTTTTTTG
pattern_1		11:7983846:G:A:A:wC	27	56	+	12.4048	2.35e-05	0.0319	CTGTTCTTTTTTTTTTTTTTTTTTTTTTGA
pattern_1		4:14457296:C:T:R:wC	29	58	+	12.4048	2.35e-05	0.0319	ATTAACAGTTTTTTTGTTTTTTTTTTTTTG
pattern_2		12:122800273:C:T:A:wC	4	33	+	9.53571	2.35e-05	0.0148	GGTTTGATTCCTTTTCTTTTTTTTTTTTTG
pattern_2		12:122800273:C:T:R:wC	4	33	+	9.53571	2.35e-05	0.0148	GGTTTGATTCCTTTTCTTTTTTTTTTTTTG
pattern_2		10:115796337:A:G:R:wC	17	46	+	9.53571	2.35e-05	0.0148	TTTGATATTTATTTATTTATTTTTATTTTT
pattern_2		1:228371551:G:A:A:wC	66	95	-	9.53571	2.35e-05	0.0148	ATGACGTTTCTTTTTTTTTTTTTTTTTTGG
pattern_2		1:25040315:C:T:A:wC	140	169	+	9.53571	2.35e-05	0.0148	CCTTCCTTTTTTTTTTTTTTCAGTAAGCTC
pattern_2		7:76260729:C:T:A:wC	57	86	-	9.52381	2.36e-05	0.0149	CTGGCTAATTTTTTGTATTTTAATAGAGAT
pattern_1		9:131101845:C:T:R:wC	12	41	+	12.3929	2.37e-05	0.0319	GTCCCAGAATCTTTTTTTTTTTTTTTTTTT
pattern_1		1:3793240:T:C:R:wC	1	30	-	12.3929	2.37e-05	0.0319	GCTTTTAATTCTTAAATAATTAAACATGTG
pattern_1		7:99915673:C:T:A:wC	28	57	-	12.3929	2.37e-05	0.0319	GTTTTTTGTTCTTTTTTTTTTTTTTTTTTT
pattern_1		17:45963810:G:A:R:wC	106	135	+	12.3929	2.37e-05	0.0319	CCTTTTTATTTTATTTTATTTTAATTTAAT
pattern_2		1:178218823:G:C:R:wC	30	59	+	9.5119	2.38e-05	0.0149	ATTCTGGTTCTTGGAATTTTCAGCATTTTT
pattern_0		10:43095722:T:C:A:wC	13	42	-	12.2824	2.39e-05	0.129	AATTGACATTTATAAAATATTCTTCTGCAC
pattern_0		12:10562802:T:G:A:wC	68	97	+	12.2824	2.39e-05	0.129	TTGTTAAAATTTTAAAGAAATATTTTATAC
pattern_2		8:129003458:G:A:R:wC	2	31	+	9.5	2.39e-05	0.0149	ACGTAGCTCTTTTTTTTCTTTTCTTTCTTT
pattern_2		8:96311217:C:G:R:wC	60	89	+	9.5	2.39e-05	0.0149	TTGATCTATTTTTTTTTTTTTTTTGAGACA
pattern_2		7:150043205:G:A:R:wC	102	131	+	9.5	2.39e-05	0.0149	TTTTATTATTATTATTTTTTTTTTCAGGAG
pattern_2		11:77870638:A:T:R:wC	111	140	+	9.5	2.39e-05	0.0149	TCTTTTTTTTTTTCCTTTTTTTTTGAGATG
pattern_1		1:47061655:C:A:A:wC	24	53	+	12.381	2.39e-05	0.032	ACGCCTAATTTTTGTATTTTTTGTAGACAC
pattern_1		2:103147561:G:A:A:wC	47	76	+	12.381	2.39e-05	0.032	AAATACCTAAATTCTTTTTTTTTTTTTTTT
pattern_1		7:37377172:G:C:R:wC	52	81	-	12.381	2.39e-05	0.032	ATAGGTGTTTTTTTTTTTTTTTTTTTATAC
pattern_0		19:57807525:G:A:A:wC	47	76	-	12.2706	2.41e-05	0.129	AAAAAAAATTAAAAAAAATTATAATAATAA
pattern_1		1:155857540:G:A:R:wC	27	56	+	12.369	2.41e-05	0.0322	CCGCTAATTTTTTTTTTTTTTTTTTTTGAG
pattern_3		14:105644421:G:A:A:wC	105	134	+	11.3049	2.41e-05	0.0529	GGGCAGGCGTGACTCCCTCACAGCAGGGCA
pattern_2		8:129003458:G:A:R:wC	6	35	+	9.46429	2.42e-05	0.0151	AGCTCTTTTTTTTCTTTTCTTTCTTTTTTT
pattern_1		2:207984514:G:A:A:wC	4	33	+	12.3571	2.43e-05	0.0323	TCCATTTTTTTTAATTTTTATTGTTTTTGA
pattern_1		11:77870638:A:T:R:wC	102	131	+	12.3571	2.43e-05	0.0323	TCTGAATTTTCTTTTTTTTTTTCCTTTTTT
pattern_0		19:4255456:G:A:A:wC	57	86	+	12.2588	2.43e-05	0.129	TCTATAAAACATTAAAAAATTAGCCAGGTG
pattern_0		12:10562802:T:G:A:wC	65	94	-	12.2588	2.43e-05	0.129	TAAAATATTTCTTTAAAATTTTAACAATTT
pattern_2		11:17346379:C:T:A:wC	48	77	+	9.45238	2.43e-05	0.0152	CTATTTATTTATTTATTTATTTATTTATTT
pattern_2		9:131861118:A:C:R:wC	57	86	+	9.45238	2.43e-05	0.0152	TCAGCTTTTTTTTCTTTTTTCTTTTTTTTT
pattern_2		12:132577378:G:A:R:wC	11	40	+	9.44048	2.45e-05	0.0152	TTTTTCTTTTTTTTTTTTTTTGAGACGGAG
pattern_2		1:55459758:C:A:R:wC	26	55	-	9.44048	2.45e-05	0.0152	TCTTTTCTTTTTTCTTTTCTTTTCTTTTCC
pattern_1		5:57315282:C:A:R:wC	45	74	+	12.3452	2.45e-05	0.0325	ATTAATTATGAATAACTATTTTTTATTCCC
pattern_2		8:6738204:T:C:R:wC	11	40	+	9.42857	2.46e-05	0.0153	ATTTTTATTTTTTATTTATTTTATTTATTT
pattern_2		5:159575028:G:A:A:wC	32	61	+	9.42857	2.46e-05	0.0153	TTTTTGTTTTTGTTTCTGTTTTTTTGAGAC
pattern_1		13:52080679:G:A:R:wC	28	57	+	12.3333	2.47e-05	0.0325	TTCACTACATATTATCTCCTTTTTATATCT
pattern_1		9:131861118:A:C:R:wC	67	96	+	12.3333	2.47e-05	0.0325	TTTCTTTTTTCTTTTTTTTTTTTTTTTAGA
pattern_1		20:32080308:A:G:A:wC	99	128	+	12.3333	2.47e-05	0.0325	TGACTACATTTTTGTTTTCTTTTTTCCTTT
pattern_1		11:8043412:G:A:R:wC	146	175	-	12.3333	2.47e-05	0.0325	TAATTTTCTTTTTTTTTTTTTTTTTGAGCT
pattern_2		3:183505651:C:T:R:wC	71	100	-	9.41667	2.47e-05	0.0153	GCCCCGCTAATTTTTTTTTTTTGTATTTTT
pattern_1		1:28260898:G:A:A:wC	15	44	-	12.3214	2.49e-05	0.0326	ATTTAAACAACTTTTAAAATTTTTTATTAT
pattern_1		5:56507824:C:T:A:wC	32	61	-	12.3214	2.49e-05	0.0326	TCTCAAAAAAAAAATTTTTTTTTAATTAAA
pattern_1		13:102921869:T:C:R:wC	115	144	+	12.3214	2.49e-05	0.0326	TATTTTGTATTTTATTTTATTATATTTTAT
pattern_0		5:56507824:C:T:A:wC	28	57	+	12.2235	2.49e-05	0.132	CAATTTTAATTAAAAAAAAATTTTTTTTTT
pattern_2		17:18263957:G:C:A:wC	11	40	-	9.38095	2.51e-05	0.0155	TTTTCTTTTCTTTTTTTTTTTTTTGAGACA
pattern_1		8:6738204:T:C:R:wC	14	43	+	12.3095	2.51e-05	0.0326	TTTATTTTTTATTTATTTTATTTATTTTTT
pattern_1		17:73010320:G:C:A:wC	47	76	+	12.3095	2.51e-05	0.0326	CTGGGGCCTTTTTTTTTTTTTTTTTTTTTT
pattern_1		8:6733773:C:T:A:wC	154	183	-	12.3095	2.51e-05	0.0326	CTGGCTAATTTTTGTATTTTTTAGTACAGA
pattern_1		11:107420192:G:A:A:wC	157	186	-	12.3095	2.51e-05	0.0326	AAAACAACTTGAAATTTAATTTTTTACACG
pattern_2		14:23631372:G:A:R:wC	11	40	-	9.36905	2.52e-05	0.0156	TGTTGAATACTTTTTTTTTTTAATCCACTT
pattern_2		17:18263957:G:C:A:wC	13	42	-	9.36905	2.52e-05	0.0156	TCTTTTCTTTTCTTTTTTTTTTTTTTGAGA
pattern_2		8:26049480:C:G:A:wC	138	167	+	9.36905	2.52e-05	0.0156	TCCAGATACTTTTTTTTTTTTTTTTTTTTT
pattern_1		17:73010320:G:C:A:wC	49	78	+	12.2976	2.53e-05	0.0326	GGGGCCTTTTTTTTTTTTTTTTTTTTTTTT
pattern_1		3:71452241:C:G:R:wC	94	123	+	12.2976	2.53e-05	0.0326	AGTTTACTTTTTTGTTTTGTTTTTTCTTTC
pattern_1		1:21768191:G:C:R:wC	105	134	-	12.2976	2.53e-05	0.0326	TCATTACTTTTTTTTTTTTTTTTTTTGAGA
pattern_1		9:33397073:T:C:R:wC	126	155	-	12.2976	2.53e-05	0.0326	ATTAATCAAGCTTTTTTTTTTTTTTTTTTT
pattern_2		5:57315282:C:A:R:wC	148	177	+	9.35714	2.53e-05	0.0156	GAACCAAATCTTTGACTTTTTTTTAATGTG
pattern_2		2:31820256:A:G:A:wC	141	170	-	9.35714	2.53e-05	0.0156	TCATTTATCTTTTGTATTGATTTTTTCTTT
pattern_0		10:115796337:A:G:R:wC	30	59	-	12.2	2.54e-05	0.133	AAAAAATAAAAATAAAAATAAAAATAAATA
pattern_2		1:21768191:G:C:R:wC	103	132	-	9.34524	2.55e-05	0.0157	ATTACTTTTTTTTTTTTTTTTTTTGAGATA
pattern_2		15:40893976:A:C:R:wC	143	172	-	9.34524	2.55e-05	0.0157	TTAAGGAATTTTTTTTTTTTTTTGAGACGG
pattern_1		1:75263485:A:T:A:wC	49	78	+	12.2857	2.55e-05	0.0327	ATAAATAAATTTTGAATATTTATTTTCAGA
pattern_1		16:21743592:C:A:R:wC	147	176	-	12.2857	2.55e-05	0.0327	AATAAAAATAATAATAAACATCTAAACATA
pattern_3		3:98304788:A:C:R:wC	47	76	+	11.1951	2.56e-05	0.0559	GAGACGGACTCTTGCTCTGTCCCCCACGCT
pattern_2		17:46043524:A:G:R:wC	6	35	-	9.32143	2.57e-05	0.0158	TTTTTCTTTCTTTCTTTCTTTCCTTTTTTT
pattern_1		1:75263485:A:T:A:wC	5	34	+	12.2619	2.6e-05	0.033	TTATAATTTTAATTTATAGTTTGATGCTTG
pattern_1		14:74412505:C:T:R:wC	29	58	+	12.2619	2.6e-05	0.033	TTTTAAATTTTATTTTATTTTTATTTGTTG
pattern_1		19:29454928:G:C:A:wC	30	59	+	12.2619	2.6e-05	0.033	TTTAACTTTGATTTTTTTTTTTTTTTTTTT
pattern_1		6:158621028:A:G:A:wC	11	40	-	12.2619	2.6e-05	0.033	CCGGTCTTTTTTTTTTTTTTTTTTTTTTGA
pattern_2		7:131007371:G:A:A:wC	35	64	+	9.29762	2.6e-05	0.0159	CTGCCAAACACTTTTTTTTTTTTTTTTTTT
pattern_2		12:30302445:T:C:R:wC	101	130	-	9.28571	2.61e-05	0.016	CAGCCTACTGATTGGTTTTTTAGTGCTCTT
pattern_2		1:57229256:A:G:R:wC	132	161	+	9.28571	2.61e-05	0.016	TATTATATCTTTTTTCTGTTTCTTTTTCAG
pattern_1		11:7983846:G:A:A:wC	22	51	+	12.25	2.62e-05	0.0331	TAAGCCTGTTCTTTTTTTTTTTTTTTTTTT
pattern_1		4:71736336:G:A:R:wC	55	84	+	12.25	2.62e-05	0.0331	TCTCTTTTTTTTTTTTTTTTTTTGAGTCAG
pattern_0		3:101326815:C:T:R:wC	142	171	-	12.1529	2.63e-05	0.135	CCCCGTCTCTATTAAAAATACAAAAAATTA
pattern_0		3:101326815:C:T:A:wC	142	171	-	12.1529	2.63e-05	0.135	CCCCGTCTCTATTAAAAATACAAAAAATTA
pattern_2		13:50179454:T:C:A:wC	131	160	+	9.2619	2.63e-05	0.0161	TTGCATTTTTTTTTGTTTGTTTTTTCTTTT
pattern_1		6:35432100:C:T:R:wC	10	39	+	12.2381	2.64e-05	0.0332	TCTTTTTTTTTTTTTTTTTTTTTTGAGACA
pattern_1		9:131101845:C:T:R:wC	28	57	+	12.2381	2.64e-05	0.0332	TTTTTTTTTTTTTTTTTTTTTTTTTGAGAT
pattern_1		1:204939136:G:A:R:wC	162	191	-	12.2381	2.64e-05	0.0332	TTTTTTTTTTTTTTTTTTTTTTTTTGAGAT
pattern_2		15:101390481:G:A:R:wC	8	37	+	9.25	2.65e-05	0.0162	TCTCTCTCTCTTTTTTTTTTTTTTTAGGTG
pattern_2		12:121424406:G:A:R:wC	67	96	+	9.2381	2.66e-05	0.0162	TAACTTTTTGTTTGTTTGTTTGTTTTTTGA
pattern_2		4:147361346:C:T:R:wC	171	200	+	9.2381	2.66e-05	0.0162	AGGGAGGTCTTTTTTCTTTTCTTTTCTTTT
pattern_2		5:96506796:T:C:R:wC	165	194	-	9.2381	2.66e-05	0.0162	TTATTTTTATTTTATTTTATTTTTTTGGAG
pattern_1		17:73010320:G:C:A:wC	52	81	+	12.2262	2.66e-05	0.0332	GCCTTTTTTTTTTTTTTTTTTTTTTTTGAG
pattern_1		3:52722562:T:C:A:wC	94	123	-	12.2262	2.66e-05	0.0332	TCAACGTTTTTTTTTAATGTTGTGAATCAT
pattern_1		8:26049480:C:G:A:wC	145	174	+	12.2262	2.66e-05	0.0332	ACTTTTTTTTTTTTTTTTTTTTTTTGAGAC
pattern_2		1:205755144:T:C:R:wC	7	36	+	9.22619	2.67e-05	0.0163	GGACATAACTTTTTTTTTTTTTTTTTGAGA
pattern_1		8:6738204:T:C:R:wC	3	32	+	12.2143	2.68e-05	0.0332	TAAATTTTATTTTTATTTTTTATTTATTTT
pattern_1		12:10562802:T:G:A:wC	65	94	-	12.2143	2.68e-05	0.0332	TAAAATATTTCTTTAAAATTTTAACAATTT
pattern_1		12:53210503:G:A:A:wC	118	147	+	12.2143	2.68e-05	0.0332	CTAATTTTTTTTTTTTTTTTTTTTGTATTT
pattern_1		8:26049480:C:G:A:wC	136	165	+	12.2143	2.68e-05	0.0332	AATCCAGATACTTTTTTTTTTTTTTTTTTT
pattern_1		17:5321413:G:A:R:wC	156	185	-	12.2143	2.68e-05	0.0332	ATTTATAATTATTTTGTGTCTTTTTTTTTT
pattern_2		8:142369262:C:T:A:wC	2	31	+	9.21429	2.69e-05	0.0163	AAGGGCATTTCTGGCTTTTTCAGGAGAAAG
pattern_2		1:212473208:A:G:R:wC	44	73	+	9.21429	2.69e-05	0.0163	AAGACTTTTTTTTTTTTTTTTGAGACAGGG
pattern_2		6:139835399:C:G:R:wC	105	134	+	9.21429	2.69e-05	0.0163	TCTGTTTTTTTTTTGTTTTGTTTTTTTTAA
pattern_2		2:97005275:G:A:A:wC	153	182	-	9.20238	2.7e-05	0.0164	AGGACTTCTCTTTTTTTTTTTTTTTTTTTG
pattern_2		15:65566674:G:A:R:wC	154	183	-	9.20238	2.7e-05	0.0164	TGTTGTTTGTTTGTTTTGTTTTGTGGAGAT
pattern_2		5:96506796:T:C:R:wC	162	191	-	9.20238	2.7e-05	0.0164	TTTTTATTTTATTTTATTTTTTTGGAGACG
pattern_1		7:99915673:C:T:A:wC	23	52	-	12.2024	2.71e-05	0.0334	TTGTTCTTTTTTTTTTTTTTTTTTTTTGAG
pattern_1		8:30029914:G:A:R:wC	141	170	+	12.2024	2.71e-05	0.0334	GAGTGATATTTACAAATTTTTTTTTTTTTG
pattern_2		8:6738204:T:C:R:wC	15	44	+	9.17857	2.73e-05	0.0165	TTATTTTTTATTTATTTTATTTATTTTTTT
pattern_2		9:33397073:T:C:R:wC	122	151	-	9.17857	2.73e-05	0.0165	ATCAAGCTTTTTTTTTTTTTTTTTTTGAGA
pattern_3		14:96731829:G:A:A:wC	5	34	+	11.0732	2.73e-05	0.0592	GAGATGGTGTCTTCCTGCATTGCCTAGGCT
pattern_3		14:96731829:G:A:R:wC	5	34	+	11.0732	2.73e-05	0.0592	GAGATGGTGTCTTCCTGCATTGCCTAGGCT
pattern_2		10:115796337:A:G:R:wC	34	63	+	9.16667	2.74e-05	0.0165	TATTTTTATTTTTATTTTTATTTTTTTTTG
pattern_2		21:34766932:G:A:R:wC	48	77	+	9.16667	2.74e-05	0.0165	CAGGTGTTTTTTTTTTTTTTTTGAAACGGA
pattern_2		1:100650664:A:G:A:wC	152	181	+	9.16667	2.74e-05	0.0165	GTAATTCCTTTTTTTTTTTTTTTTTTTTTG
pattern_0		22:22572199:T:C:A:wC	1	30	-	12.0941	2.74e-05	0.138	TTAAAAATTTTAAAAATAAAAAATAAAATA
pattern_1		12:516880:A:G:R:wC	166	195	+	12.1786	2.75e-05	0.0339	AGATTTTTTTTTTTTTTTTTTTTTTTGAGA
pattern_2		2:31820256:A:G:A:wC	128	157	-	9.15476	2.75e-05	0.0166	GTATTGATTTTTTCTTTCAGTTTTATTTAG
pattern_2		4:187016106:C:G:R:wC	171	200	+	9.15476	2.75e-05	0.0166	TGGCGTGTACTTTCTTTCTTTCTTTTTTTT
pattern_2		7:152154660:C:T:R:wC	6	35	+	9.14286	2.77e-05	0.0166	AATTAAACCTCTTTTCTTTTTTTTTTTAAG
pattern_2		20:734768:C:G:A:wC	28	57	+	9.14286	2.77e-05	0.0166	CTGCATCCTGTTTGTTTTATCAATAAGGTC
pattern_1		6:35432100:C:T:R:wC	5	34	+	12.1667	2.77e-05	0.0339	GGTCTTCTTTTTTTTTTTTTTTTTTTTTTG
pattern_1		2:132091707:T:G:R:wC	42	71	+	12.1667	2.77e-05	0.0339	ATATTCATTTATGATTAATTTGTTATATTT
pattern_1		1:55459758:C:A:R:wC	35	64	-	12.1667	2.77e-05	0.0339	GCTTTCTTTTCTTTTCTTTTTTCTTTTCTT
pattern_1		20:62395318:T:C:R:wC	88	117	+	12.1667	2.77e-05	0.0339	TGCTTTCTTTTTTCTTTTTCTTTTTTTTTT
pattern_2		17:30610375:G:C:R:wC	48	77	+	9.13095	2.78e-05	0.0167	CCTGCCTTTTCTTCTTTTTTTTTTTTTTTT
pattern_2		10:88533607:C:A:R:wC	96	125	+	9.13095	2.78e-05	0.0167	ATTTCATTCTTTTTTTTTTTTTTTGAGACA
pattern_2		13:50179454:T:C:A:wC	127	156	+	9.13095	2.78e-05	0.0167	TGTTTTGCATTTTTTTTTGTTTGTTTTTTC
pattern_0		8:6738204:T:C:R:wC	15	44	-	12.0706	2.79e-05	0.138	AAAAAAATAAATAAAATAAATAAAAAATAA
pattern_0		8:6738204:T:C:R:wC	28	57	-	12.0706	2.79e-05	0.138	CTTCAAGTATAATAAAAAAATAAATAAAAT
pattern_2		12:12275828:C:T:R:wC	31	60	-	9.11905	2.79e-05	0.0167	TTATTTTTATTTTTATTTTTTTTGAGACAG
pattern_1		20:45204763:C:A:R:wC	22	51	-	12.1548	2.8e-05	0.034	TGTTTCTATTTTTCTAAATTTCCTTCCTCT
pattern_1		1:55459758:C:A:R:wC	26	55	-	12.1548	2.8e-05	0.034	TCTTTTCTTTTTTCTTTTCTTTTCTTTTCC
pattern_1		11:8043412:G:A:R:wC	145	174	-	12.1548	2.8e-05	0.034	AATTTTCTTTTTTTTTTTTTTTTTGAGCTG
pattern_3		7:1238873:C:A:R:wC	28	57	+	11.0244	2.8e-05	0.0605	GAGTTGGAGTCTCGCTCTGTCGCCCAGGCT
pattern_2		22:23910746:G:A:A:wC	30	59	-	9.10714	2.81e-05	0.0168	CCAGCTCCATTTTTTTTTTTTTTTTTTGAG
pattern_0		19:57807525:G:A:A:wC	51	80	-	12.0588	2.82e-05	0.138	TCAAAAAAAAAATTAAAAAAAATTATAATA
pattern_1		10:115796337:A:G:R:wC	23	52	+	12.1429	2.82e-05	0.034	ATTTATTTATTTATTTTTATTTTTATTTTT
pattern_2		8:6738204:T:C:R:wC	6	35	+	9.08333	2.83e-05	0.0169	ATTTTATTTTTATTTTTTATTTATTTTATT
pattern_2		8:96311217:C:G:R:wC	58	87	+	9.08333	2.83e-05	0.0169	TATTGATCTATTTTTTTTTTTTTTTTGAGA
pattern_1		9:131101845:C:T:R:wC	27	56	+	12.131	2.84e-05	0.034	TTTTTTTTTTTTTTTTTTTTTTTTTTGAGA
pattern_1		7:131007371:G:A:A:wC	37	66	+	12.131	2.84e-05	0.034	GCCAAACACTTTTTTTTTTTTTTTTTTTTT
pattern_1		1:26377185:G:A:R:wC	66	95	+	12.131	2.84e-05	0.034	CTGCCTCTTTTTTTTTTTTTTTTTTTTTTG
pattern_1		3:196859277:T:C:R:wC	49	78	-	12.131	2.84e-05	0.034	AGTGAAAAATATATTAAAGTTAATATTGTT
pattern_1		20:5942955:C:A:R:wC	151	180	+	12.131	2.84e-05	0.034	TTTTTTTTTTTTTTTTTTTTTTTTTTGAGA
pattern_1		2:97005275:G:A:A:wC	150	179	-	12.131	2.84e-05	0.034	ACTTCTCTTTTTTTTTTTTTTTTTTTGAGA
pattern_1		13:21341377:G:A:R:wC	164	193	-	12.131	2.84e-05	0.034	TTTTTTTTTTTTTTTTTTTTTTTTTTGAGA
pattern_2		7:76026458:G:T:R:wC	33	62	+	9.07143	2.85e-05	0.017	AGTACAGTTTTTTTGTTTGTTTGTTTTGAG
pattern_2		17:18263957:G:C:A:wC	20	49	-	9.07143	2.85e-05	0.017	CTTTCTTTCTTTTCTTTTCTTTTTTTTTTT
pattern_2		2:85280043:G:C:A:wC	73	102	+	9.07143	2.85e-05	0.017	AGTCTAAATGTCTTTTTTTTTCTCATTCAG
pattern_2		1:11883629:T:A:R:wC	6	35	-	9.05952	2.86e-05	0.017	GACTTGCACTTTTTTTTCTTTTTTTTTTTT
pattern_0		5:56507824:C:T:A:wC	23	52	-	12.0353	2.87e-05	0.138	AAAAATTTTTTTTTAATTAAAATTGGTAAC
pattern_0		11:121998254:C:T:R:wC	168	197	-	12.0353	2.87e-05	0.138	CCCCATCTCTACTAAAAAAAAAATTACAAA
pattern_2		5:124563598:A:C:R:wC	3	32	+	9.04762	2.88e-05	0.0171	GTCAATGTTTCTTTTATTTTTTCCGTTGAA
pattern_2		19:29454928:G:C:A:wC	41	70	+	9.04762	2.88e-05	0.0171	TTTTTTTTTTTTTTTTTTTTTGAGATGAGG
pattern_2		4:187022930:C:T:A:wC	19	48	+	9.03571	2.89e-05	0.0171	ATTATTATTATTATTATTATTATTTGAGAC
pattern_2		12:53210503:G:A:A:wC	125	154	+	9.03571	2.89e-05	0.0171	TTTTTTTTTTTTTTTTTGTATTTTTAGTAG
pattern_3		17:48962717:G:A:R:wC	154	183	+	10.9634	2.89e-05	0.0622	GAGACAAGAGCCCACCAGACTAGGCCAGCA
pattern_0		19:4413735:C:T:R:wC	28	57	+	12.0235	2.89e-05	0.138	TTATTTCTTCTTTAAAATAAAAGAAAATGG
pattern_2		2:162320388:G:A:R:wC	103	132	+	9.02381	2.9e-05	0.0172	TTAAGGGTTTTTTCTCTCTTTATCACTGGT
pattern_3		19:2740229:C:T:R:wC	39	68	+	10.9512	2.91e-05	0.0622	GGAAAGGGGTTTCCTCCCGCTGAGCGGCGG
pattern_3		11:18433889:A:C:A:wC	44	73	-	10.9512	2.91e-05	0.0622	GACACGCACGTTCCCCCGCTCGGCTCTTAT
pattern_1		8:6738204:T:C:R:wC	23	52	+	12.0952	2.92e-05	0.0348	TATTTATTTTATTTATTTTTTTATTATACT
pattern_0		9:109781455:G:A:R:wC	8	37	+	12.0118	2.92e-05	0.138	GATATTGCTTTTTAAAATATCTAAGTAAAA
pattern_0		14:74412505:C:T:R:wC	28	57	-	12.0118	2.92e-05	0.138	AACAAATAAAAATAAAATAAAATTTAAAAA
pattern_0		10:106664651:G:A:A:wC	34	63	-	12.0118	2.92e-05	0.138	CCTAGAGTCTTTTAAAAAAAAAATACTGAA
pattern_0		22:22572199:T:C:A:wC	118	147	+	12.0118	2.92e-05	0.138	AATTGCTCTTAATACATATTTTTAATTTAA
pattern_2		22:38309938:G:A:A:wC	38	67	+	9.0119	2.92e-05	0.0173	CCCAACTCTTTTTTTTTTTTTTTTGATACA
pattern_1		6:3134826:G:A:R:wC	105	134	+	12.0833	2.94e-05	0.035	TGGCTAATTTTTTTTTTTTTTTTTTTTGAG
pattern_2		1:3793240:T:C:R:wC	26	55	-	8.9881	2.95e-05	0.0174	ATGCATTTTATTTCATTGTTCATTAGCTTT
pattern_2		9:2586671:A:T:A:wC	98	127	-	8.9881	2.95e-05	0.0174	CTGCTTGTTATTGGTCTGTTCAGGGTGACT
pattern_2		7:29192357:C:T:R:wC	51	80	+	8.97619	2.96e-05	0.0174	CTGTTAAATTCTGGGCTCTTTTGCTCTGAG
pattern_2		5:75964507:C:T:A:wC	60	89	+	8.97619	2.96e-05	0.0174	TGGGATTTTTTTGTTTTCTTTTTCCTTCTT
pattern_1		3:98304788:A:C:R:wC	20	49	+	12.0714	2.96e-05	0.0351	TTTTTCTTTTCTTTTCTTTTTTTTTTTGAG
pattern_1		3:197326771:T:G:R:wC	51	80	+	12.0714	2.96e-05	0.0351	TCTACACTATTTTTTTTTGTTTTTTTTTGA
pattern_1		22:22572199:T:C:A:wC	96	125	+	12.0714	2.96e-05	0.0351	AGTACACAATTTTATCTTTTTAAATTGCTC
pattern_2		20:32080308:A:G:A:wC	100	129	+	8.96429	2.98e-05	0.0175	GACTACATTTTTGTTTTCTTTTTTCCTTTT
pattern_1		8:6738204:T:C:R:wC	6	35	+	12.0595	2.99e-05	0.0353	ATTTTATTTTTATTTTTTATTTATTTTATT
pattern_1		1:21768191:G:C:R:wC	103	132	-	12.0595	2.99e-05	0.0353	ATTACTTTTTTTTTTTTTTTTTTTGAGATA
pattern_2		22:37976422:T:C:A:wC	11	40	+	8.95238	2.99e-05	0.0175	GGTTTCTAATTTTCTTTTTTTTTTTTTTTT
pattern_2		11:27679916:C:T:R:wC	34	63	+	8.95238	2.99e-05	0.0175	CTGCGTCCTTATTGTTTTCTTCATTGGGCC
pattern_2		5:55805639:C:T:A:wC	100	129	+	8.95238	2.99e-05	0.0175	TTTCTTTTCTTTTCTTTTCTTTGTGCCTTG
pattern_3		3:195629980:C:T:A:wC	80	109	+	10.8902	3e-05	0.0637	GGAATGCAGTGGCGCCATCTTGGCTTACTG
pattern_3		14:20850212:C:T:R:wC	144	173	+	10.8902	3e-05	0.0637	ACCATACGGTGTCCCCGCCCCCACCACACC
pattern_2		17:17333448:A:G:A:wC	56	85	+	8.94048	3e-05	0.0176	AGTAATCTTTTTTGACTTTTTGCTTGGAAC
pattern_2		5:131008885:C:T:A:wC	120	149	+	8.94048	3e-05	0.0176	TAATTTTTTGTATTTTTTTTTTTTTGTAGA
pattern_1		11:12418784:C:A:A:wC	82	111	+	12.0476	3.01e-05	0.0353	ATCTTTCATTTATTTATTATTATTTTTAGA
pattern_1		17:45963810:G:A:R:wC	100	129	+	12.0476	3.01e-05	0.0353	GCTCAACCTTTTTATTTTATTTTATTTTAA
pattern_2		14:58693402:C:T:A:wC	3	32	+	8.91667	3.03e-05	0.0177	GTGTTTTTTGTTTTGTTTTGTTTTGTTTTT
pattern_2		14:58693402:C:T:R:wC	3	32	+	8.91667	3.03e-05	0.0177	GTGTTTTTTGTTTTGTTTTGTTTTGTTTTT
pattern_2		12:12275828:C:T:R:wC	33	62	-	8.91667	3.03e-05	0.0177	TTTTATTTTTATTTTTATTTTTTTTGAGAC
pattern_2		1:55459758:C:A:R:wC	38	67	-	8.91667	3.03e-05	0.0177	TGGGCTTTCTTTTCTTTTCTTTTTTCTTTT
pattern_1		4:187022930:C:T:A:wC	1	30	-	12.0357	3.04e-05	0.0353	AATAATAATAATAATAATAATAATAATAAT
pattern_1		4:187022930:C:T:A:wC	4	33	-	12.0357	3.04e-05	0.0353	AATAATAATAATAATAATAATAATAATAAT
pattern_1		4:187022930:C:T:A:wC	7	36	-	12.0357	3.04e-05	0.0353	AATAATAATAATAATAATAATAATAATAAT
pattern_1		4:187022930:C:T:A:wC	10	39	-	12.0357	3.04e-05	0.0353	AATAATAATAATAATAATAATAATAATAAT
pattern_1		4:187022930:C:T:A:wC	13	42	-	12.0357	3.04e-05	0.0353	AATAATAATAATAATAATAATAATAATAAT
pattern_1		10:11843379:G:A:R:wC	123	152	+	12.0357	3.04e-05	0.0353	GATACATCTTTTTTTTTTTTTTTTTTTTGA
pattern_1		8:27406850:A:G:A:wC	157	186	+	12.0357	3.04e-05	0.0353	AAATTTATTTATTATTATTATACTTTAAGT
pattern_0		1:28260898:G:A:A:wC	14	43	-	11.9529	3.05e-05	0.142	TTTAAACAACTTTTAAAATTTTTTATTATT
pattern_0		19:57807525:G:A:A:wC	51	80	+	11.9529	3.05e-05	0.142	TATTATAATTTTTTTTAATTTTTTTTTTGA
pattern_2		17:64305051:A:G:R:wC	48	77	+	8.90476	3.05e-05	0.0178	AATTTTGTTTTTTTTTTCCTCGGTTTTGTT
pattern_2		12:101690279:G:T:R:wC	161	190	-	8.90476	3.05e-05	0.0178	TATTTTTCTTTTTTTTTTTTTGAGATGAAG
pattern_3		7:76142536:G:A:A:wC	4	33	-	10.8537	3.06e-05	0.0647	GTGATGGGGTCTGACCACTTGGTCTCAGCC
pattern_1		7:131007371:G:A:A:wC	43	72	+	12.0238	3.06e-05	0.0355	CACTTTTTTTTTTTTTTTTTTTTTTTTGAG
pattern_2		17:80683420:G:A:A:wC	3	32	+	8.89286	3.06e-05	0.0178	TAATTTATTTAATTTATTTTTTTGAAATGG
pattern_2		15:101390481:G:A:R:wC	13	42	+	8.89286	3.06e-05	0.0178	CTCTCTTTTTTTTTTTTTTTAGGTGGAGTC
pattern_2		2:48631377:T:C:R:wC	148	177	+	8.89286	3.06e-05	0.0178	CGGGCTAATTTTTTTTTATTTTTTATTTTT
pattern_0		17:80683420:G:A:A:wC	7	36	-	11.9412	3.07e-05	0.142	GACTCCATTTCAAAAAAATAAATTAAATAA
pattern_2		17:47342782:C:T:R:wC	8	37	+	8.88095	3.08e-05	0.0178	TTTCTCTTTCTTTCTTTCTTTCCTTTCTTT
pattern_2		6:41059169:G:A:R:wC	169	198	+	8.88095	3.08e-05	0.0178	TGTTTGTTTTATGTTTTGTTTTCTTAAAGT
pattern_1		22:38309938:G:A:A:wC	38	67	+	12.0119	3.09e-05	0.0357	CCCAACTCTTTTTTTTTTTTTTTTGATACA
pattern_1		11:121998254:C:T:R:wC	157	186	+	12.0119	3.09e-05	0.0357	TTGGCTAATTTTTTGTAATTTTTTTTTTAG
pattern_0		22:22572199:T:C:A:wC	12	41	-	11.9294	3.1e-05	0.142	TAAAATAAAAGTTAAAAATTTTAAAAATAA
pattern_2		10:106664651:G:A:A:wC	25	54	+	8.85714	3.11e-05	0.018	CCATAAATTTTCAGTATTTTTTTTTTAAAA
pattern_2		11:17346379:C:T:A:wC	44	73	+	8.85714	3.11e-05	0.018	TTGTCTATTTATTTATTTATTTATTTATTT
pattern_1		19:57970368:A:G:R:wC	5	34	+	12	3.11e-05	0.0357	TCTTTGCTTTCTTTTTTTTTTTTTTTTGAG
pattern_1		8:1811037:C:T:A:wC	170	199	+	12	3.11e-05	0.0357	GCTAATTTTTTGTATTTTTTTTTTAGTAGA
pattern_2		1:235583690:C:T:R:wC	37	66	+	8.84524	3.12e-05	0.018	GCAGTTCTTTTTTTTTTTTTTGAGATGGAG
pattern_2		12:6763515:G:C:R:wC	67	96	+	8.84524	3.12e-05	0.018	GCTCACTCTATTTTTCTTTTTTTTTTTTTT
pattern_2		1:63177539:G:T:A:wC	22	51	+	8.83333	3.14e-05	0.0181	ATGTGCCCTTTAGATATTTTTTTTTGTTAC
pattern_2		2:103147561:G:A:A:wC	53	82	+	8.83333	3.14e-05	0.0181	CTAAATTCTTTTTTTTTTTTTTTTTTGAGA
pattern_1		6:35432100:C:T:R:wC	6	35	+	11.9881	3.14e-05	0.0357	GTCTTCTTTTTTTTTTTTTTTTTTTTTTGA
pattern_1		12:82872698:T:A:R:wC	8	37	+	11.9881	3.14e-05	0.0357	GCTTTGTTTTTATGTATTTTTTATATTACA
pattern_1		8:129003458:G:A:R:wC	23	52	+	11.9881	3.14e-05	0.0357	TCTTTCTTTTTTTTTTTTTTTTTTTTGAGA
pattern_1		9:131101845:C:T:R:wC	29	58	+	11.9881	3.14e-05	0.0357	TTTTTTTTTTTTTTTTTTTTTTTTGAGATG
pattern_1		10:43065274:C:T:A:wC	75	104	-	11.9881	3.14e-05	0.0357	CCAGATATTTTTTTTTATATTTTTAGTCAG
pattern_1		1:204939136:G:A:R:wC	161	190	-	11.9881	3.14e-05	0.0357	TTTTTTTTTTTTTTTTTTTTTTTTGAGATG
pattern_1		19:58506784:C:T:R:wC	165	194	-	11.9881	3.14e-05	0.0357	ATATGTAGTTTTCCTATAGTTTTCTTTTTT
pattern_2		19:47209115:T:G:R:wC	24	53	-	8.82143	3.15e-05	0.0182	AACTGAGAACTCTTTTTTTTTTTTTGAAAC
pattern_2		8:6738204:T:C:R:wC	23	52	+	8.80952	3.17e-05	0.0182	TATTTATTTTATTTATTTTTTTATTATACT
pattern_2		17:65109437:G:A:R:wC	36	65	+	8.80952	3.17e-05	0.0182	GAGAGATTAATTTTTTTTTTTTAGACAGAG
pattern_2		17:44313277:C:T:A:wC	69	98	-	8.79762	3.18e-05	0.0183	CCAGCTAATCTTTTTTTTTTTGAGACAGAG
pattern_1		3:194686788:C:T:R:wC	10	39	+	11.9643	3.19e-05	0.036	CCAGCTAATTTTTGTATTTTTTGTAGAGAC
pattern_1		5:56507824:C:T:A:wC	27	56	-	11.9643	3.19e-05	0.036	AAAAAAAAATTTTTTTTTAATTAAAATTGG
pattern_1		9:104148858:A:G:R:wC	40	69	-	11.9643	3.19e-05	0.036	TTTTAAAAATTATATTATTCTTCCTTTATC
pattern_1		22:22572199:T:C:A:wC	104	133	+	11.9643	3.19e-05	0.036	ATTTTATCTTTTTAAATTGCTCTTAATACA
pattern_2		4:186580657:A:G:A:wC	2	31	+	8.78571	3.2e-05	0.0183	AGTCCTTATTTTTACTTCTTTATTTTTTTT
pattern_2		18:52746868:A:C:R:wC	2	31	-	8.78571	3.2e-05	0.0183	CTCCCAGATATTGGTATTTTTCTCCTGGAA
pattern_2		15:35353163:C:T:R:wC	18	47	+	8.77381	3.21e-05	0.0184	GTGTGTCTTTCTGTTTTTTTTTTTTTTTTC
pattern_2		14:89872532:C:T:A:wC	152	181	-	8.77381	3.21e-05	0.0184	TTCAAGATTTTTTTTTTTTGTAGGGCTGCG
pattern_1		22:37976422:T:C:A:wC	6	35	+	11.9524	3.22e-05	0.036	GTCTAGGTTTCTAATTTTCTTTTTTTTTTT
pattern_1		13:50179454:T:C:A:wC	135	164	+	11.9524	3.22e-05	0.036	ATTTTTTTTTGTTTGTTTTTTCTTTTTTTT
pattern_1		17:5321413:G:A:R:wC	163	192	-	11.9524	3.22e-05	0.036	CTTAATTATTTATAATTATTTTGTGTCTTT
pattern_2		12:53270855:G:A:R:wC	60	89	+	8.7619	3.23e-05	0.0185	CCGACTAATTTTTTAATTTTTAATTTTTCA
pattern_1		9:131861118:A:C:R:wC	66	95	+	11.9405	3.24e-05	0.036	TTTTCTTTTTTCTTTTTTTTTTTTTTTTAG
pattern_1		11:40662499:G:C:A:wC	163	192	-	11.9405	3.24e-05	0.036	ATTTACTTTTTTTTTTTTTTTTTTTTGAGA
pattern_2		2:169820801:C:T:R:wC	6	35	+	8.75	3.25e-05	0.0185	GTGCCTGACCTTTCTATCTTCTTCATAGGT
pattern_2		1:205755144:T:C:R:wC	6	35	+	8.75	3.25e-05	0.0185	AGGACATAACTTTTTTTTTTTTTTTTTGAG
pattern_2		16:66052131:A:G:R:wC	11	40	+	8.75	3.25e-05	0.0185	TCCACACTTGTTTTTTTGTTTTTTTGTTTT
pattern_2		22:50952570:A:G:R:wC	72	101	-	8.75	3.25e-05	0.0185	TTGGAACCTTCTGTTTTGTTTTGTTTTGTT
pattern_2		2:97005275:G:A:A:wC	154	183	-	8.75	3.25e-05	0.0185	AAGGACTTCTCTTTTTTTTTTTTTTTTTTT
pattern_2		17:47342782:C:T:R:wC	4	33	+	8.7381	3.26e-05	0.0185	TCTTTTTCTCTTTCTTTCTTTCTTTCCTTT
pattern_3		21:47394402:C:A:R:wC	79	108	+	10.7317	3.26e-05	0.0687	GGGCTGCACTTTCCCCACCCGCGGCCCTGG
pattern_1		1:26377185:G:A:R:wC	68	97	+	11.9286	3.27e-05	0.036	GCCTCTTTTTTTTTTTTTTTTTTTTTTGAG
pattern_1		7:37377172:G:C:R:wC	47	76	-	11.9286	3.27e-05	0.036	TGTTTTTTTTTTTTTTTTTTTATACTTTAA
pattern_1		1:11883629:T:A:R:wC	4	33	-	11.9167	3.3e-05	0.036	CTTGCACTTTTTTTTCTTTTTTTTTTTTGA
pattern_1		3:183180219:A:G:R:wC	14	43	-	11.9167	3.3e-05	0.036	CTTAGAAATAATTGTAAATTTTACAACTTA
pattern_1		3:183180219:A:G:A:wC	14	43	-	11.9167	3.3e-05	0.036	CTTAGAAATAATTGTAAATTTTACAACTTA
pattern_1		1:200882930:A:T:A:wC	44	73	+	11.9167	3.3e-05	0.036	GAGACCTTTTATTATTTTTTTTTTACACGA
pattern_1		2:114496099:G:A:R:wC	44	73	+	11.9167	3.3e-05	0.036	CCATGAAAATGTACTATATATATATTCATC
pattern_1		9:104148858:A:G:R:wC	53	82	+	11.9167	3.3e-05	0.036	TAATATAATTTTTAAAATTATAAAATGAAG
pattern_1		12:10562802:T:G:A:wC	70	99	+	11.9167	3.3e-05	0.036	GTTAAAATTTTAAAGAAATATTTTATACCT
pattern_1		3:191111160:A:G:R:wC	92	121	+	11.9167	3.3e-05	0.036	AGAGAAAAATGTTAATTTTTTTCCCACTGT
pattern_1		7:128402711:C:T:R:wC	100	129	+	11.9167	3.3e-05	0.036	CTTATTTGTTTATTTATTTATGTTTTTTTT
pattern_1		11:8043412:G:A:R:wC	157	186	-	11.9167	3.3e-05	0.036	AAGCAGAAAAATAATTTTCTTTTTTTTTTT
pattern_3		7:27445059:G:A:A:wC	62	91	+	10.7073	3.3e-05	0.0694	AGACAGAGTTTTGCTCTTGTTGCCCAGGCT
pattern_0		13:72566436:G:A:R:wC	5	34	-	11.8353	3.32e-05	0.148	AGAAGTCTTCAATAAATAAATGTCTGTTGA
pattern_0		8:27406850:A:G:A:wC	152	181	-	11.8353	3.32e-05	0.148	AAGTATAATAATAATAAATAAATTTAAAAA
pattern_1		2:85659603:G:A:R:wC	1	30	+	11.9048	3.32e-05	0.036	ATTTATTTTTTTTGTTTTGTTTTGTTTTGT
pattern_1		5:44181510:A:G:A:wC	14	43	+	11.9048	3.32e-05	0.036	TGTTGTTAATTTGATATTTTTTTAACAGGT
pattern_1		2:99999611:G:A:A:wC	15	44	+	11.9048	3.32e-05	0.036	TGTGTGTATTTGTGTATAGTTTTTTTTTTT
pattern_1		5:142052130:T:C:R:wC	26	55	+	11.9048	3.32e-05	0.036	TTCTGTACAGTTTTTTTTTTTTTTTTTTTT
pattern_1		17:35415419:C:T:A:wC	120	149	+	11.9048	3.32e-05	0.036	TATGTATGTATTTATTTATTTATTTATTTA
pattern_1		6:42993336:G:A:R:wC	119	148	-	11.9048	3.32e-05	0.036	ATTTTTTTTTTTTTTTTTTTTTTTGAGACA
pattern_3		19:32908887:A:C:R:wC	23	52	+	10.6951	3.32e-05	0.0696	GAGCTCAGGTTTGACTATGTTGTGAGGCAC
pattern_2		22:37976422:T:C:A:wC	15	44	+	8.67857	3.34e-05	0.019	TCTAATTTTCTTTTTTTTTTTTTTTTGAGA
pattern_2		1:100650664:A:G:A:wC	148	177	+	8.67857	3.34e-05	0.019	ATGGGTAATTCCTTTTTTTTTTTTTTTTTT
pattern_0		14:23631372:G:A:R:wC	9	38	+	11.8235	3.35e-05	0.148	AGAAGTGGATTAAAAAAAAAAAGTATTCAA
pattern_1		7:29188870:G:A:R:wC	29	58	+	11.8929	3.35e-05	0.0362	GTTTCCCTTTTTTTTTTTTTTTTTTTTTGA
pattern_1		19:57807525:G:A:A:wC	54	83	+	11.8929	3.35e-05	0.0362	TATAATTTTTTTTAATTTTTTTTTTGAGAT
pattern_3		16:84219312:G:C:A:wC	99	128	-	10.6707	3.37e-05	0.0702	GAGACCGGGTTTCTCCACATTGGTCAGGGC
pattern_2		7:64460675:A:T:A:wC	19	48	+	8.65476	3.37e-05	0.0191	AGCACTTTCTTTTTTGTTTTTTTTTGAGAT
pattern_2		1:25040315:C:T:A:wC	135	164	+	8.65476	3.37e-05	0.0191	CACTGCCTTCCTTTTTTTTTTTTTTCAGTA
pattern_0		7:37971866:A:T:A:wC	112	141	+	11.8118	3.38e-05	0.148	ATTTTTAATTTCTAAATTTTTAAAATTTAT
pattern_1		12:9851929:C:A:R:wC	2	31	+	11.881	3.38e-05	0.0363	TGCATGCATTTTTATAGATTTGTTTGCCAT
pattern_1		12:516880:A:G:R:wC	160	189	+	11.881	3.38e-05	0.0363	GACTGAAGATTTTTTTTTTTTTTTTTTTTT
pattern_3		4:79859212:C:T:R:wC	60	89	+	10.6585	3.39e-05	0.0704	GGGCAGTGATGTCACCTTGTGACCATGAGT
pattern_2		8:129003458:G:A:R:wC	10	39	+	8.63095	3.4e-05	0.0193	CTTTTTTTTCTTTTCTTTCTTTTTTTTTTT
pattern_0		17:581967:C:T:A:wC	4	33	+	11.8	3.4e-05	0.148	TAAATATATATATATATATATTTTTTTGAG
pattern_0		12:66571035:G:T:R:wC	157	186	-	11.8	3.4e-05	0.148	TAAATAAAATTTTAAAGATAAAACAATTTT
pattern_1		7:99915673:C:T:A:wC	26	55	-	11.869	3.41e-05	0.0365	TTTTTGTTCTTTTTTTTTTTTTTTTTTTTT
pattern_1		17:13909320:G:C:R:wC	50	79	-	11.869	3.41e-05	0.0365	TCAGGTCTCTCTTTTTTTTTTTTTTTTTTT
pattern_3		15:35353163:C:T:R:wC	50	79	+	10.6463	3.41e-05	0.0706	CAGACGGAGTCTTGTTCTGTCACCCAGGTT
pattern_3		22:27509227:G:T:R:wC	92	121	+	10.6341	3.43e-05	0.0707	AAGCTGTTGTTTCTCTCTCTGCCCCAGCTC
pattern_1		17:73010320:G:C:A:wC	53	82	+	11.8571	3.43e-05	0.0367	CCTTTTTTTTTTTTTTTTTTTTTTTTGAGA
pattern_0		20:35746819:G:A:A:wC	4	33	+	11.7882	3.43e-05	0.148	TATCAACTATTATGAATATATATAATTTGG
pattern_0		1:68013593:G:A:A:wC	97	126	-	11.7882	3.43e-05	0.148	AGCTAACTATCCTAAATATATATGCATCCA
pattern_2		7:71731031:G:A:A:wC	19	48	-	8.60714	3.44e-05	0.0194	AATTTTGTTTTGTTTTTTATTTTTGGAGAG
pattern_3		10:11843379:G:A:R:wC	150	179	+	10.622	3.45e-05	0.0707	TGAGAAGAGTTTCGCTCTTGTCGACAGGCT
pattern_3		13:111291538:T:C:R:wC	156	185	+	10.622	3.45e-05	0.0707	CTACACAGGGGTCCCCATGATACCCACCGG
pattern_1		22:22572199:T:C:A:wC	4	33	+	11.8452	3.46e-05	0.0367	TTTATTTTTTATTTTTAAAATTTTTAACTT
pattern_1		22:37976422:T:C:A:wC	13	42	+	11.8452	3.46e-05	0.0367	TTTCTAATTTTCTTTTTTTTTTTTTTTTGA
pattern_1		18:53373610:G:A:R:wC	15	44	+	11.8452	3.46e-05	0.0367	TCTGTTTTTTTTTTTTTTTTTTTTGAGATG
pattern_1		2:132091707:T:G:R:wC	29	58	+	11.8452	3.46e-05	0.0367	GTTTTTTGTTATTATATTCATTTATGATTA
pattern_1		1:26377185:G:A:R:wC	71	100	+	11.8452	3.46e-05	0.0367	TCTTTTTTTTTTTTTTTTTTTTTTGAGACG
pattern_1		9:33397073:T:C:R:wC	123	152	-	11.8452	3.46e-05	0.0367	AATCAAGCTTTTTTTTTTTTTTTTTTTGAG
pattern_0		2:43423179:T:C:A:wC	77	106	-	11.7765	3.46e-05	0.148	AAAACCGTGTCTTAAAAAAACAAACAAAAA
pattern_2		7:152154660:C:T:R:wC	149	178	+	8.58333	3.47e-05	0.0196	ATGACTGTATTTTTTTTTTTTTTGAAACAG
pattern_3		22:50657112:C:T:A:wC	150	179	-	10.6098	3.47e-05	0.071	CCCGAGGTGTTTGCCCCCAACGCCCCGGAT
pattern_2		3:195629980:C:T:A:wC	44	73	+	8.57143	3.49e-05	0.0197	TAACACCACTTTTTTTTTTTCTTTTGTGAC
pattern_1		17:60637258:C:A:A:wC	127	156	+	11.8333	3.49e-05	0.0369	ATATAGAAATGATTTTTTTTTCTCTCCCTA
pattern_1		5:56507824:C:T:A:wC	28	57	+	11.8214	3.52e-05	0.037	CAATTTTAATTAAAAAAAAATTTTTTTTTT
pattern_1		4:71736336:G:A:R:wC	52	81	+	11.8214	3.52e-05	0.037	TGATCTCTTTTTTTTTTTTTTTTTTTGAGT
pattern_1		9:17735483:C:T:A:wC	117	146	+	11.8214	3.52e-05	0.037	ACTTATACATGAATTTTTTTTTTCAACCAA
pattern_1		1:57229256:A:G:R:wC	125	154	+	11.8214	3.52e-05	0.037	GTCTTAATATTATATCTTTTTTCTGTTTCT
pattern_2		11:8043412:G:A:R:wC	149	178	-	8.54762	3.52e-05	0.0198	AAATAATTTTCTTTTTTTTTTTTTTTTTGA
pattern_2		11:40662499:G:C:A:wC	168	197	-	8.54762	3.52e-05	0.0198	TTTAAATTTACTTTTTTTTTTTTTTTTTTT
pattern_0		17:6757094:G:A:R:wC	23	52	-	11.7529	3.52e-05	0.148	AAAATATTTTTTTAAATATTAAAAGCAGCT
pattern_0		11:14874975:A:T:R:wC	35	64	-	11.7529	3.52e-05	0.148	ACAAATATTTACTAAATGCTTTTTGTATGT
pattern_2		11:77870638:A:T:R:wC	102	131	+	8.53571	3.54e-05	0.0199	TCTGAATTTTCTTTTTTTTTTTCCTTTTTT
pattern_2		3:191111160:A:G:R:wC	125	154	+	8.53571	3.54e-05	0.0199	TTGCCTTCTGTTTGCCTTATCTTTTCAGAT
pattern_1		5:172382175:A:G:A:wC	56	85	+	11.8095	3.55e-05	0.0371	AGTTTTTTTTTTTTTTTTTTTTTTTTGAGA
pattern_1		10:43065274:C:T:A:wC	72	101	-	11.8095	3.55e-05	0.0371	GATATTTTTTTTTATATTTTTAGTCAGAGA
pattern_0		4:26152727:A:G:A:wC	24	53	+	11.7412	3.55e-05	0.148	AATGAAAGGCTCTAAAAATACTTTTTGATG
pattern_2		5:142403090:G:T:A:wC	89	118	+	8.52381	3.55e-05	0.0199	AAAGAGGATTTTTTTTTCTTTTGCTTCTAG
pattern_2		10:11843379:G:A:R:wC	123	152	+	8.52381	3.55e-05	0.0199	GATACATCTTTTTTTTTTTTTTTTTTTTGA
pattern_2		1:57229256:A:G:R:wC	136	165	+	8.52381	3.55e-05	0.0199	ATATCTTTTTTCTGTTTCTTTTTCAGCCTT
pattern_3		5:176924101:G:A:R:wC	93	122	-	10.561	3.56e-05	0.0725	ACCCAGGGGTCCCGCCCTGGCTCCCAGCAG
pattern_1		19:29454928:G:C:A:wC	38	67	+	11.7976	3.58e-05	0.0374	TGATTTTTTTTTTTTTTTTTTTTTGAGATG
pattern_2		17:18786776:C:T:R:wC	26	55	+	8.4881	3.6e-05	0.0202	AGCTGTTTTTCTTTCTTTTTTTTTTTTTTT
pattern_2		2:86448408:A:G:A:wC	13	42	-	8.4881	3.6e-05	0.0202	GGTTCAGTTGTCTGTTTTTTTACTCCACGC
pattern_2		20:32080308:A:G:A:wC	108	137	+	8.4881	3.6e-05	0.0202	TTTTGTTTTCTTTTTTCCTTTTTTTGAGAC
pattern_1		8:129003458:G:A:R:wC	20	49	+	11.7857	3.6e-05	0.0376	TTTTCTTTCTTTTTTTTTTTTTTTTTTTTG
pattern_1		6:42993336:G:A:R:wC	127	156	-	11.7857	3.6e-05	0.0376	CGGCCTCTATTTTTTTTTTTTTTTTTTTTT
pattern_0		8:27406850:A:G:A:wC	142	171	+	11.7176	3.61e-05	0.148	ATCTTTCCTTTTTTTAAATTTATTTATTAT
pattern_2		15:35353163:C:T:R:wC	26	55	+	8.47619	3.62e-05	0.0202	TTCTGTTTTTTTTTTTTTTTTCTCCAGACG
pattern_0		1:74726378:A:G:R:wC	7	36	+	11.7059	3.64e-05	0.148	GTTAATACTTAATAAAAATTAACCATTATT
pattern_0		5:56507824:C:T:A:wC	30	59	+	11.7059	3.64e-05	0.148	ATTTTAATTAAAAAAAAATTTTTTTTTTGA
pattern_0		14:74412505:C:T:R:wC	27	56	-	11.7059	3.64e-05	0.148	ACAAATAAAAATAAAATAAAATTTAAAAAT
pattern_3		8:18222388:C:T:R:wC	38	67	-	10.5122	3.65e-05	0.0741	GCCAAGCTATATCACCACCTGAGCTTGAGT
pattern_2		11:62387222:C:T:A:wC	38	67	+	8.45238	3.66e-05	0.0204	CGCCTAGCTAACTTTTTTTTTTTTTTTTTT
pattern_1		13:44482856:A:G:R:wC	32	61	+	11.7619	3.66e-05	0.038	TCTTAGACTTTTTTTTTCTTTTTCAAATTC
pattern_1		5:96506796:T:C:R:wC	162	191	-	11.7619	3.66e-05	0.038	TTTTTATTTTATTTTATTTTTTTGGAGACG
pattern_1		5:96506796:T:C:R:wC	165	194	-	11.7619	3.66e-05	0.038	TTATTTTTATTTTATTTTATTTTTTTGGAG
pattern_2		22:37976422:T:C:A:wC	10	39	+	8.44048	3.67e-05	0.0205	AGGTTTCTAATTTTCTTTTTTTTTTTTTTT
pattern_2		1:55459758:C:A:R:wC	34	63	-	8.44048	3.67e-05	0.0205	CTTTCTTTTCTTTTCTTTTTTCTTTTCTTT
pattern_3		16:29296666:C:T:R:wC	151	180	-	10.5	3.68e-05	0.0743	AACCTGTTGTTTTTCCTGAGCAGCCCGGCT
pattern_2		21:48033575:A:G:R:wC	32	61	+	8.42857	3.69e-05	0.0205	TTTTTTTACTTTTGTTTTGTTTTGTTTTTT
pattern_2		2:65289623:C:T:A:wC	136	165	-	8.42857	3.69e-05	0.0205	CTCTTTTTTTTTTTTTTTTTTTGAGATGGA
pattern_3		6:7142891:G:A:A:wC	143	172	-	10.4878	3.7e-05	0.0745	GTGCTGGGGTCCTCCCTGCCCGGCCTTGGG
pattern_0		8:6738204:T:C:R:wC	30	59	-	11.6824	3.71e-05	0.148	AACTTCAAGTATAATAAAAAAATAAATAAA
pattern_3		19:35158756:G:C:A:wC	9	38	-	10.4756	3.72e-05	0.0745	AGGGTGGGCTCCCCCCATCCCACCTTCCCG
pattern_3		11:118992502:T:G:R:wC	24	53	-	10.4756	3.72e-05	0.0745	CGGACCAGGGCAGACCAGCGTGGCCAAGCG
pattern_1		12:11962839:C:T:R:wC	8	37	+	11.7381	3.72e-05	0.0385	TTTTTTTTTTTTTTTTTTTTTTTTTTGGAG
pattern_1		11:654229:T:C:R:wC	31	60	+	11.7381	3.72e-05	0.0385	ACCCCCTTTTTTTTTTTTTTTTTTTTTGAG
pattern_2		11:654229:T:C:R:wC	36	65	+	8.40476	3.73e-05	0.0207	CTTTTTTTTTTTTTTTTTTTTTGAGATGGA
pattern_0		2:243054736:T:C:A:wC	2	31	-	11.6706	3.74e-05	0.148	ACTGGCAAATTAAAAAAAAAAAGTTTAACA
pattern_0		5:96506796:T:C:R:wC	169	198	+	11.6706	3.74e-05	0.148	AAAAAAATAAAATAAAATAAAAATAAAAAA
pattern_0		5:96506796:T:C:R:wC	170	199	+	11.6706	3.74e-05	0.148	AAAAAATAAAATAAAATAAAAATAAAAAAA
pattern_2		2:53387887:T:C:R:wC	50	79	-	8.39286	3.74e-05	0.0208	AAGCTTAATTATTCAATTTTTATGCTTTGT
pattern_3		22:17517298:T:C:A:wC	171	200	+	10.4634	3.75e-05	0.0747	TGGCCGAGATTCCCCCACCCCGCCCCCAGA
pattern_1		6:158621028:A:G:A:wC	7	36	-	11.7262	3.75e-05	0.0386	TCTTTTTTTTTTTTTTTTTTTTTTGAGGCA
pattern_1		9:131861118:A:C:R:wC	59	88	+	11.7262	3.75e-05	0.0386	AGCTTTTTTTTCTTTTTTCTTTTTTTTTTT
pattern_1		12:66571035:G:T:R:wC	152	181	+	11.7262	3.75e-05	0.0386	TCTTTAAAATTGTTTTATCTTTAAAATTTT
pattern_2		11:17346379:C:T:A:wC	52	81	+	8.38095	3.76e-05	0.0208	TTATTTATTTATTTATTTATTTATTTATTT
pattern_2		11:17346379:C:T:A:wC	56	85	+	8.38095	3.76e-05	0.0208	TTATTTATTTATTTATTTATTTATTTATTT
pattern_2		3:12587133:A:G:A:wC	128	157	+	8.38095	3.76e-05	0.0208	TATTTGTTTATTTCCATTGTTTATGGTAAC
pattern_2		12:9851929:C:A:R:wC	137	166	+	8.38095	3.76e-05	0.0208	CAGGAAATTTCTTTTTTCCTTAAGCTTAAT
pattern_0		7:150043205:G:A:R:wC	96	125	+	11.6588	3.77e-05	0.148	GCTAGTTTTTATTATTATTATTTTTTTTTT
pattern_0		10:43065274:C:T:A:wC	74	103	-	11.6588	3.77e-05	0.148	CAGATATTTTTTTTTATATTTTTAGTCAGA
pattern_2		1:177992625:T:C:R:wC	16	45	-	8.36905	3.78e-05	0.0209	TTTTTTTCATTTTACTTTTTTTATTGTGGT
pattern_2		12:12275828:C:T:R:wC	35	64	-	8.36905	3.78e-05	0.0209	CTTTTTATTTTTATTTTTATTTTTTTTGAG
pattern_1		8:129003458:G:A:R:wC	6	35	+	11.7143	3.78e-05	0.0387	AGCTCTTTTTTTTCTTTTCTTTCTTTTTTT
pattern_1		1:26377185:G:A:R:wC	67	96	+	11.7143	3.78e-05	0.0387	TGCCTCTTTTTTTTTTTTTTTTTTTTTTGA
pattern_1		8:23082971:G:T:A:wC	119	148	+	11.7143	3.78e-05	0.0387	CCTTTTTTTTTTTTTTTTTTTTTTGAGATG
pattern_1		6:13777936:G:A:A:wC	136	165	+	11.7143	3.78e-05	0.0387	CTAATTTTTTGTATTTAATTTTTGTATTTT
pattern_3		10:75596014:G:A:R:wC	117	146	+	10.439	3.79e-05	0.0754	GCGCTCAGCTGACTCCAGGTGCGGCCCCCT
pattern_2		5:142052130:T:C:R:wC	28	57	+	8.35714	3.8e-05	0.021	CTGTACAGTTTTTTTTTTTTTTTTTTTTTT
pattern_0		7:37377172:G:C:R:wC	43	72	+	11.6471	3.8e-05	0.148	AAACTTAAAGTATAAAAAAAAAAAAAAAAA
pattern_0		1:165734603:T:C:R:wC	19	48	-	11.6471	3.8e-05	0.148	AAGACTCTTGTCTCAAAAAAAATAAAAATA
pattern_0		1:200882930:A:T:A:wC	48	77	-	11.6471	3.8e-05	0.148	AAAGTCGTGTAAAAAAAAAATAATAAAAGG
pattern_1		19:29454928:G:C:A:wC	36	65	+	11.7024	3.81e-05	0.0388	TTTGATTTTTTTTTTTTTTTTTTTTTGAGA
pattern_1		12:12275828:C:T:R:wC	39	68	-	11.7024	3.81e-05	0.0388	CACCCTTTTTATTTTTATTTTTATTTTTTT
pattern_2		20:30540717:A:G:A:wC	15	44	-	8.34524	3.81e-05	0.021	GTGATTACTGCTTCCTTTGTTTTTTGAGAC
pattern_2		21:34766932:G:A:R:wC	45	74	+	8.34524	3.81e-05	0.021	GCACAGGTGTTTTTTTTTTTTTTTTGAAAC
pattern_0		11:14874975:A:T:R:wC	42	71	+	11.6353	3.83e-05	0.148	AAAAGCATTTAGTAAATATTTGTTGAATGT
pattern_3		4:8383779:G:A:A:wC	170	199	-	10.4146	3.84e-05	0.0761	GGCCTTAGGTTCCCCCCTCCCCCACCATGT
pattern_1		1:205755144:T:C:R:wC	3	32	+	11.6905	3.84e-05	0.039	AATAGGACATAACTTTTTTTTTTTTTTTTT
pattern_1		14:105582775:C:T:R:wC	34	63	+	11.6905	3.84e-05	0.039	TTTTCTTTTTTTTTTTTTTTTTTTGAGATG
pattern_1		8:96311217:C:G:R:wC	61	90	+	11.6905	3.84e-05	0.039	TGATCTATTTTTTTTTTTTTTTTGAGACAG
pattern_2		2:37995727:C:T:R:wC	11	40	+	8.32143	3.85e-05	0.0212	TTTATGTTTTTGTCTTTCTTTATTTGAAAT
pattern_3		22:41928371:T:G:R:wC	64	93	-	10.4024	3.86e-05	0.0761	GCTCCGGGCTTTGCCCAGGGCTGCTCCGCT
pattern_3		1:243655452:A:G:R:wC	97	126	-	10.4024	3.86e-05	0.0761	CTACCAGGGGCTCCCTCTGCCAGCCATGTT
pattern_2		8:30029914:G:A:R:wC	147	176	+	8.30952	3.87e-05	0.0213	TATTTACAAATTTTTTTTTTTTTGAGATGG
pattern_1		10:115796337:A:G:R:wC	35	64	+	11.6786	3.88e-05	0.0392	ATTTTTATTTTTATTTTTATTTTTTTTTGA
pattern_1		11:40662499:G:C:A:wC	162	191	-	11.6786	3.88e-05	0.0392	TTTACTTTTTTTTTTTTTTTTTTTTGAGAT
pattern_2		3:41125313:G:T:A:wC	32	61	+	8.29762	3.89e-05	0.0214	TTGCCAGTTTTTGTTCTTTTTGTGGATGAA
pattern_2		13:111293915:T:G:R:wC	74	103	+	8.29762	3.89e-05	0.0214	CCGCTGATTTTTGGTCTTTTGTCCTTTGAT
pattern_0		2:103147561:G:A:A:wC	27	56	+	11.6118	3.9e-05	0.149	GGCTTTCAGATTTAAATATAAAATACCTAA
pattern_0		11:12418784:C:A:A:wC	92	121	-	11.6118	3.9e-05	0.149	AGACGCCATCTCTAAAAATAATAATAAATA
pattern_2		11:654229:T:C:R:wC	27	56	+	8.28571	3.91e-05	0.0214	TTGGACCCCCTTTTTTTTTTTTTTTTTTTT
pattern_1		1:76223816:T:C:A:wC	13	42	+	11.6667	3.91e-05	0.0392	TAATTTTTTTACTTTTTTTTTAATTATTAT
pattern_1		11:17346379:C:T:A:wC	61	90	+	11.6667	3.91e-05	0.0392	TATTTATTTATTTATTTATTTATTTTTGAG
pattern_1		8:104137318:C:T:R:wC	110	139	+	11.6667	3.91e-05	0.0392	TAGCTATTTTCTTAGTTTTATTTTTGCCTT
pattern_1		13:21341377:G:A:R:wC	162	191	-	11.6667	3.91e-05	0.0392	TTTTTTTTTTTTTTTTTTTTTTTTGAGACA
pattern_3		22:37419220:T:G:A:wC	26	55	+	10.378	3.91e-05	0.0763	GGGCCAGAGAGAGCCCAGGCTGGACAGGCA
pattern_3		19:41246378:G:C:A:wC	97	126	-	10.378	3.91e-05	0.0763	ACCCAGCGCTTTTCCCTGCAGGGGCCGGGG
pattern_3		22:50706691:A:G:A:wC	152	181	-	10.378	3.91e-05	0.0763	GGGCAGAGGGAGGCCCGTCTGCTGCAGGTG
pattern_1		21:34766932:G:A:R:wC	47	76	+	11.6548	3.94e-05	0.0394	ACAGGTGTTTTTTTTTTTTTTTTGAAACGG
pattern_1		6:42993336:G:A:R:wC	121	150	-	11.6548	3.94e-05	0.0394	CTATTTTTTTTTTTTTTTTTTTTTTTGAGA
pattern_2		12:57079586:A:G:R:wC	1	30	+	8.2619	3.94e-05	0.0216	AAGTAGCATTTTTATTTTTTAACTAGAGAG
pattern_2		17:18263957:G:C:A:wC	16	45	-	8.2619	3.94e-05	0.0216	CTTTCTTTTCTTTTCTTTTTTTTTTTTTTG
pattern_2		17:18263957:G:C:A:wC	22	51	-	8.25	3.96e-05	0.0217	ATCTTTCTTTCTTTTCTTTTCTTTTTTTTT
pattern_0		1:28260898:G:A:A:wC	13	42	-	11.5882	3.97e-05	0.15	TTAAACAACTTTTAAAATTTTTTATTATTT
pattern_1		7:29188870:G:A:R:wC	30	59	+	11.6429	3.97e-05	0.0396	TTTCCCTTTTTTTTTTTTTTTTTTTTTGAG
pattern_1		12:133220670:G:A:A:wC	171	200	+	11.6429	3.97e-05	0.0396	TTTTATGTTATTTATTTATTTTTTACAGAC
pattern_2		1:177992625:T:C:R:wC	22	51	-	8.2381	3.98e-05	0.0217	TTGCTCTTTTTTTCATTTTACTTTTTTTAT
pattern_2		15:94841430:G:A:A:wC	65	94	+	8.2381	3.98e-05	0.0217	TTGTTTGTTTTTTGTTGTTTTTTTCTGTTT
pattern_2		11:77870638:A:T:R:wC	107	136	+	8.2381	3.98e-05	0.0217	ATTTTCTTTTTTTTTTTCCTTTTTTTTTGA
pattern_2		10:115796337:A:G:R:wC	42	71	+	8.22619	4e-05	0.0218	TTTTTATTTTTATTTTTTTTTGAGATGGAG
pattern_0		21:27013992:C:T:R:wC	47	76	+	11.5765	4e-05	0.15	ACAGTTTGGATTTAAATAAAAATTCCAACG
pattern_0		9:104148858:A:G:R:wC	50	79	-	11.5765	4e-05	0.15	CATTTTATAATTTTAAAAATTATATTATTC
pattern_1		1:21768191:G:C:R:wC	107	136	-	11.631	4e-05	0.0398	ATTCATTACTTTTTTTTTTTTTTTTTTTGA
pattern_2		6:141179802:G:A:R:wC	135	164	+	8.21429	4.02e-05	0.0219	TCTTTCGTTCTTTCTTTCTTTTCTTTGTTT
pattern_1		7:112106232:G:C:A:wC	14	43	+	11.619	4.03e-05	0.0399	AGAGTATATTAAGATATTTATTTCTCTGGG
pattern_1		19:57807525:G:A:A:wC	53	82	+	11.619	4.03e-05	0.0399	TTATAATTTTTTTTAATTTTTTTTTTGAGA
pattern_1		16:89292039:G:A:A:wC	112	141	+	11.619	4.03e-05	0.0399	AAGAGAGATTTTTTTATTTATCACACTCAT
pattern_1		17:35415419:C:T:A:wC	118	147	+	11.619	4.03e-05	0.0399	TTTATGTATGTATTTATTTATTTATTTATT
pattern_1		15:40893976:A:C:R:wC	143	172	-	11.619	4.03e-05	0.0399	TTAAGGAATTTTTTTTTTTTTTTGAGACGG
pattern_2		1:76223816:T:C:A:wC	13	42	+	8.20238	4.04e-05	0.022	TAATTTTTTTACTTTTTTTTTAATTATTAT
pattern_2		10:126544939:C:A:A:wC	162	191	+	8.20238	4.04e-05	0.022	GGCTAATTATTTTGGATCTTTTTTTAGTAG
pattern_2		10:115796337:A:G:R:wC	28	57	+	8.19048	4.06e-05	0.022	TTTATTTATTTTTATTTTTATTTTTATTTT
pattern_2		12:12275828:C:T:R:wC	42	71	-	8.19048	4.06e-05	0.022	TTGCACCCTTTTTATTTTTATTTTTATTTT
pattern_1		4:14457296:C:T:R:wC	22	51	+	11.6071	4.07e-05	0.0399	GCTATTTATTAACAGTTTTTTTGTTTTTTT
pattern_1		14:74412505:C:T:R:wC	32	61	+	11.6071	4.07e-05	0.0399	TAAATTTTATTTTATTTTTATTTGTTGAGA
pattern_1		5:142052130:T:C:R:wC	35	64	+	11.6071	4.07e-05	0.0399	GTTTTTTTTTTTTTTTTTTTTTTGAAACCA
pattern_1		10:115796337:A:G:R:wC	37	66	+	11.6071	4.07e-05	0.0399	TTTTATTTTTATTTTTATTTTTTTTTGAGA
pattern_1		17:30610375:G:C:R:wC	53	82	+	11.6071	4.07e-05	0.0399	CTTTTCTTCTTTTTTTTTTTTTTTTTTTTT
pattern_0		4:38933859:G:A:A:wC	32	61	+	11.5529	4.07e-05	0.15	ACAGCATTTTTTTAAAAAAGCATCTGCTCA
pattern_0		8:6733773:C:T:A:wC	149	178	+	11.5529	4.07e-05	0.15	CCCCGTCTGTACTAAAAAATACAAAAATTA
pattern_0		13:102921869:T:C:R:wC	126	155	-	11.5529	4.07e-05	0.15	CCTAAAATACAATAAAATATAATAAAATAA
pattern_2		2:97005275:G:A:A:wC	155	184	-	8.17857	4.07e-05	0.0221	CAAGGACTTCTCTTTTTTTTTTTTTTTTTT
pattern_2		17:581967:C:T:A:wC	8	37	+	8.16667	4.09e-05	0.0222	TATATATATATATATATTTTTTTGAGACAG
pattern_0		12:9851929:C:A:R:wC	73	102	+	11.5412	4.1e-05	0.15	CAGCATATTTTTTAACTTTTAATTATTCTT
pattern_3		5:176924101:G:A:A:wC	93	122	-	10.2805	4.11e-05	0.0799	ACCCAGGGGTCCCGCCCTGGCTTCCAGCAG
pattern_2		22:51194265:A:C:R:wC	130	159	+	8.15476	4.11e-05	0.0223	TCGTTTCTTTTTATTCTTTTTTCTCTAAAC
pattern_2		4:154433865:A:C:A:wC	160	189	+	8.15476	4.11e-05	0.0223	TCAGCTAATTTTTTGTGTTTTAGTAGAGAT
pattern_1		10:88533607:C:A:R:wC	15	44	-	11.5833	4.13e-05	0.0404	TAGTCTATTTAAGATATCTTTTTCTTTCAA
pattern_1		17:73933290:T:C:R:wC	52	81	+	11.5833	4.13e-05	0.0404	ACTGATCAAAAACATTTTTTTTTTTTTTGA
pattern_2		17:28908718:T:C:R:wC	54	83	+	8.14286	4.13e-05	0.0223	CTTAACTTTTTTTTTTTTTTTGGGGGGGGA
pattern_0		2:48631377:T:C:R:wC	161	190	-	11.5294	4.14e-05	0.15	CCCCGTCTCTACTAAAAATAAAAAATAAAA
pattern_3		19:2722050:C:A:A:wC	16	45	-	10.2683	4.14e-05	0.0799	GCCATGGGCTGCCTCCGCCTCCACAAAACC
pattern_3		11:10563823:C:T:R:wC	87	116	-	10.2683	4.14e-05	0.0799	CTAATGAAGTCTTACCGTACTACCGAGGCA
pattern_1		5:56507824:C:T:A:wC	30	59	+	11.5714	4.16e-05	0.0406	ATTTTAATTAAAAAAAAATTTTTTTTTTGA
pattern_2		7:131007371:G:A:A:wC	37	66	+	8.11905	4.17e-05	0.0225	GCCAAACACTTTTTTTTTTTTTTTTTTTTT
pattern_2		3:12587133:A:G:A:wC	124	153	+	8.11905	4.17e-05	0.0225	TTTCTATTTGTTTATTTCCATTGTTTATGG
pattern_2		1:57229256:A:G:R:wC	125	154	+	8.11905	4.17e-05	0.0225	GTCTTAATATTATATCTTTTTTCTGTTTCT
pattern_2		16:21743592:C:A:R:wC	141	170	+	8.11905	4.17e-05	0.0225	TTTTCTTATGTTTAGATGTTTATTATTATT
pattern_0		7:37971866:A:T:A:wC	120	149	+	11.5176	4.17e-05	0.151	TTTCTAAATTTTTAAAATTTATTTACTCAT
pattern_3		19:50589531:G:A:R:wC	51	80	+	10.2439	4.19e-05	0.0806	GACGTGAGGAGCCCCTCTGCCTGGCTGCCC
pattern_2		4:186580657:A:G:A:wC	9	38	+	8.10714	4.19e-05	0.0225	ATTTTTACTTCTTTATTTTTTTTGAGACGG
pattern_2		8:1811037:C:T:A:wC	169	198	+	8.10714	4.19e-05	0.0225	GGCTAATTTTTTGTATTTTTTTTTTAGTAG
pattern_0		13:99109976:G:A:A:wC	11	40	-	11.5059	4.21e-05	0.151	TCCTGTCTCTATTAAAAATACAAAAACTAG
pattern_2		1:165734603:T:C:R:wC	12	41	+	8.09524	4.21e-05	0.0226	TTTATTTTATTTTTATTTTTTTTGAGACAA
pattern_2		7:128402711:C:T:R:wC	109	138	+	8.09524	4.21e-05	0.0226	TTATTTATTTATGTTTTTTTTGAGACAGTC
pattern_3		22:49663056:C:T:R:wC	67	96	+	10.2317	4.22e-05	0.0809	CAGCAGGGAGTCCTCCATCGTCCCTCTGCC
pattern_2		2:113370315:C:A:A:wC	55	84	+	8.08333	4.23e-05	0.0227	ATTGTTTTTGTTTTGTTTTGTTTTTGTTTT
pattern_2		1:228371551:G:A:A:wC	67	96	-	8.08333	4.23e-05	0.0227	TATGACGTTTCTTTTTTTTTTTTTTTTTTG
pattern_1		4:71736336:G:A:R:wC	54	83	+	11.5476	4.23e-05	0.0412	ATCTCTTTTTTTTTTTTTTTTTTTGAGTCA
pattern_1		8:1811037:C:T:A:wC	167	196	+	11.5476	4.23e-05	0.0412	CCGGCTAATTTTTTGTATTTTTTTTTTAGT
pattern_3		19:10682247:A:G:A:wC	164	193	-	10.2195	4.24e-05	0.0811	AGACAAGAGTCTTGCTCTGTCGCCCAGGCT
pattern_0		11:18335684:G:A:R:wC	2	31	-	11.4941	4.24e-05	0.151	CTGCCTAATTTTTATATATTTTTTAGAGAT
pattern_0		8:30029914:G:A:R:wC	104	133	-	11.4941	4.24e-05	0.151	ACTATATCTCATTAAAAAGTTTAAAAATAA
pattern_2		1:55459758:C:A:R:wC	30	59	-	8.07143	4.25e-05	0.0227	CTTTTCTTTTCTTTTTTCTTTTCTTTTCTT
pattern_2		15:75030323:C:T:R:wC	114	143	-	8.07143	4.25e-05	0.0227	TTGGTTTTTTTTTTTTTTTTTTGAGACGGA
pattern_2		12:101690279:G:T:R:wC	171	200	-	8.07143	4.25e-05	0.0227	TAATTTTTTGTATTTTTCTTTTTTTTTTTT
pattern_1		8:130719567:A:T:R:wC	16	45	-	11.5357	4.26e-05	0.0414	CTTATCCAATCAAATATTTTTTAGATGCCT
pattern_2		12:132577378:G:A:R:wC	6	35	+	8.05952	4.27e-05	0.0228	TTTTCTTTTTCTTTTTTTTTTTTTTTGAGA
pattern_2		11:77870638:A:T:R:wC	104	133	+	8.05952	4.27e-05	0.0228	TGAATTTTCTTTTTTTTTTTCCTTTTTTTT
pattern_2		13:50179454:T:C:A:wC	128	157	+	8.05952	4.27e-05	0.0228	GTTTTGCATTTTTTTTTGTTTGTTTTTTCT
pattern_0		6:135845145:C:T:A:wC	9	38	+	11.4824	4.28e-05	0.151	TATTATTATTATTATTATTATTTTGAGACA
pattern_2		3:188053661:G:A:A:wC	1	30	+	8.04762	4.29e-05	0.0228	TGTCATATTTTATTGCTTTTTCATATTTCT
pattern_2		7:64460675:A:T:A:wC	17	46	+	8.04762	4.29e-05	0.0228	AAAGCACTTTCTTTTTTGTTTTTTTTTGAG
pattern_2		4:39922348:T:C:R:wC	154	183	+	8.04762	4.29e-05	0.0228	TGCTCAATTATTTCATTGTTTAATCAATGC
pattern_2		13:103447529:G:A:R:wC	163	192	-	8.04762	4.29e-05	0.0228	TTTTTTTTTTTTTTTTTTTTTGAGACGATG
pattern_3		11:125428971:A:G:A:wC	80	109	-	10.1951	4.29e-05	0.0818	TAGATGGAGCCTCGCTCTGTTGCCCAGGCT
pattern_1		11:7983846:G:A:A:wC	19	48	+	11.5238	4.3e-05	0.0414	AGATAAGCCTGTTCTTTTTTTTTTTTTTTT
pattern_1		11:7983846:G:A:A:wC	30	59	+	11.5238	4.3e-05	0.0414	TTCTTTTTTTTTTTTTTTTTTTTTTGAGAT
pattern_1		14:105582775:C:T:R:wC	33	62	+	11.5238	4.3e-05	0.0414	TTTTTCTTTTTTTTTTTTTTTTTTTGAGAT
pattern_1		17:30610375:G:C:R:wC	59	88	+	11.5238	4.3e-05	0.0414	TTCTTTTTTTTTTTTTTTTTTTTTTGAGAT
pattern_1		1:21768191:G:C:R:wC	114	143	-	11.5238	4.3e-05	0.0414	GGTCAAAATTCATTACTTTTTTTTTTTTTT
pattern_1		1:100650664:A:G:A:wC	157	186	+	11.5238	4.3e-05	0.0414	TCCTTTTTTTTTTTTTTTTTTTTTGAGACA
pattern_2		10:53263508:T:C:R:wC	168	197	+	8.03571	4.31e-05	0.0229	AAGAGCTTTATTTTTCTTTACAGTGTTGAT
pattern_1		10:62500217:C:T:A:wC	44	73	-	11.5119	4.33e-05	0.0416	TTTAATTCTTTTTTTTTTTTTCTTTGTAGA
pattern_1		12:516880:A:G:R:wC	168	197	+	11.5119	4.33e-05	0.0416	ATTTTTTTTTTTTTTTTTTTTTTTGAGACG
pattern_2		1:228371551:G:A:A:wC	61	90	-	8.0119	4.35e-05	0.0231	GTTTCTTTTTTTTTTTTTTTTTTGGAGACA
pattern_0		22:22572199:T:C:A:wC	148	177	-	11.4588	4.35e-05	0.152	ACCTGCTATATTTAAAATAAAAGTTGAAAT
pattern_1		1:200882930:A:T:A:wC	41	70	+	11.5	4.37e-05	0.0418	GCTGAGACCTTTTATTATTTTTTTTTTACA
pattern_2		7:16721382:A:G:A:wC	4	33	-	8	4.37e-05	0.0232	CCAGCTAATTTTTGTATTTTTTAGTAGAGA
pattern_0		2:75120525:C:A:R:wC	16	45	+	11.4471	4.39e-05	0.152	TGTTAACTATTATTAATAAATTTTAACATT
pattern_0		10:17248524:T:A:A:wC	12	41	-	11.4471	4.39e-05	0.152	GGCACTCTTTATTTAACATACATTTATTTG
pattern_3		9:101642809:G:A:A:wC	146	175	-	10.1463	4.4e-05	0.0836	AAGATGACCTGATCCCATGTCCTCCATGCA
pattern_1		22:37976422:T:C:A:wC	9	38	+	11.4881	4.4e-05	0.042	TAGGTTTCTAATTTTCTTTTTTTTTTTTTT
pattern_1		22:22572199:T:C:A:wC	12	41	-	11.4881	4.4e-05	0.042	TAAAATAAAAGTTAAAAATTTTAAAAATAA
pattern_1		2:103147561:G:A:A:wC	53	82	+	11.4881	4.4e-05	0.042	CTAAATTCTTTTTTTTTTTTTTTTTTGAGA
pattern_2		12:57079586:A:G:R:wC	60	89	+	7.97619	4.41e-05	0.0233	TACACTTACTTTTTTTTTTTTTTTTTTTTT
pattern_2		14:32777495:A:G:R:wC	126	155	+	7.97619	4.41e-05	0.0233	GATCTGTCTCTATGTTTGCTTTGTCTAGCT
pattern_0		17:581967:C:T:A:wC	4	33	-	11.4353	4.42e-05	0.153	CTCAAAAAAATATATATATATATATATTTA
pattern_1		22:37976422:T:C:A:wC	17	46	+	11.4762	4.44e-05	0.042	TAATTTTCTTTTTTTTTTTTTTTTGAGACA
pattern_1		5:142052130:T:C:R:wC	30	59	+	11.4762	4.44e-05	0.042	GTACAGTTTTTTTTTTTTTTTTTTTTTTGA
pattern_1		11:62387222:C:T:A:wC	50	79	+	11.4762	4.44e-05	0.042	TTTTTTTTTTTTTTTTTTTTTTTTTCAGAG
pattern_1		7:128402711:C:T:R:wC	54	83	+	11.4762	4.44e-05	0.042	ATTTTTATTTTTAAAATTTATTATAGAGCA
pattern_1		8:26049480:C:G:A:wC	135	164	+	11.4762	4.44e-05	0.042	TAATCCAGATACTTTTTTTTTTTTTTTTTT
pattern_1		8:1811037:C:T:A:wC	3	32	+	11.4643	4.47e-05	0.042	TCTTTTTTTTTTTTTTTTTTTTTGAGACAG
pattern_1		8:6738204:T:C:R:wC	16	45	+	11.4643	4.47e-05	0.042	TATTTTTTATTTATTTTATTTATTTTTTTA
pattern_1		14:35408548:A:G:A:wC	48	77	+	11.4643	4.47e-05	0.042	CTTTAAAAATAATTTCTTGTTTGTCCCTCT
pattern_1		22:23910746:G:A:A:wC	30	59	-	11.4643	4.47e-05	0.042	CCAGCTCCATTTTTTTTTTTTTTTTTTGAG
pattern_1		15:75030323:C:T:R:wC	122	151	-	11.4643	4.47e-05	0.042	GGATCTCATTGGTTTTTTTTTTTTTTTTTT
pattern_2		7:76026458:G:T:R:wC	34	63	+	7.94048	4.47e-05	0.0236	GTACAGTTTTTTTGTTTGTTTGTTTTGAGA
pattern_2		8:27587944:G:C:A:wC	152	181	+	7.94048	4.47e-05	0.0236	CTGCCTTTGATTTTTTTTTTTTTTTTTAAT
pattern_2		18:53373610:G:A:R:wC	17	46	+	7.92857	4.49e-05	0.0237	TGTTTTTTTTTTTTTTTTTTTTGAGATGGA
pattern_2		8:6738204:T:C:R:wC	22	51	+	7.92857	4.49e-05	0.0237	TTATTTATTTTATTTATTTTTTTATTATAC
pattern_2		19:57975213:G:A:A:wC	34	63	+	7.92857	4.49e-05	0.0237	TTTTGGGTTTTTTTCTTTGTTAATGTATTC
pattern_0		19:55130441:C:T:A:wC	135	164	+	11.4118	4.5e-05	0.153	AAACATTTTTAAAAAACAATTCTTATTAAA
pattern_1		15:35353163:C:T:R:wC	23	52	+	11.4524	4.51e-05	0.0421	TCTTTCTGTTTTTTTTTTTTTTTTCTCCAG
pattern_1		1:26377185:G:A:R:wC	62	91	+	11.4524	4.51e-05	0.0421	TAATCTGCCTCTTTTTTTTTTTTTTTTTTT
pattern_1		8:1811037:C:T:A:wC	168	197	+	11.4524	4.51e-05	0.0421	CGGCTAATTTTTTGTATTTTTTTTTTAGTA
pattern_1		17:5321413:G:A:R:wC	167	196	-	11.4524	4.51e-05	0.0421	ATAACTTAATTATTTATAATTATTTTGTGT
pattern_2		12:82872698:T:A:R:wC	4	33	+	7.91667	4.51e-05	0.0238	AACAGCTTTGTTTTTATGTATTTTTTATAT
pattern_0		10:115796337:A:G:R:wC	18	47	-	11.4	4.54e-05	0.153	TAAAAATAAAAATAAATAAATAAATATCAA
pattern_0		6:159463452:C:T:R:wC	38	67	-	11.4	4.54e-05	0.153	TCTCAAGTTTTCAAAATTATTTTTCTCACA
pattern_0		12:10562802:T:G:A:wC	56	85	-	11.4	4.54e-05	0.153	TCTTTAAAATTTTAACAATTTTTCTGTTTT
pattern_2		1:44122473:T:G:R:wC	18	47	+	7.90476	4.54e-05	0.0238	GACTACTCCATCTTTTTTTTTTTTTGAGGT
pattern_2		1:55459758:C:A:R:wC	23	52	-	7.90476	4.54e-05	0.0238	TTTCTTTTTTCTTTTCTTTTCTTTTCCTTT
pattern_2		22:51194265:A:C:R:wC	131	160	+	7.90476	4.54e-05	0.0238	CGTTTCTTTTTATTCTTTTTTCTCTAAACT
pattern_1		19:29454928:G:C:A:wC	9	38	-	11.4405	4.54e-05	0.0423	AAAGTTAAATCAAAGTTTTTTTTTTTAAAT
pattern_1		12:133220670:G:A:A:wC	160	189	-	11.4405	4.54e-05	0.0423	ATAAATAAATAACATAAAAATTACATCCAG
pattern_2		3:98304788:A:C:R:wC	26	55	+	7.89286	4.56e-05	0.0239	TTTTCTTTTCTTTTTTTTTTTGAGACGGAC
pattern_2		11:118859274:C:T:A:wC	34	63	-	7.89286	4.56e-05	0.0239	ACGCCCAGCTTATTTATTTTTTGTAGAGAG
pattern_2		10:88533607:C:A:R:wC	93	122	+	7.89286	4.56e-05	0.0239	TGTATTTCATTCTTTTTTTTTTTTTTTGAG
pattern_3		21:46369947:G:A:R:wC	66	95	+	10.0732	4.57e-05	0.0865	GAGACGCAGGCTCTCCCTCCTGCCTTGCAC
pattern_0		11:30339400:C:T:R:wC	37	66	-	11.3882	4.57e-05	0.154	GCCTGCCTTTTGTAAATAAATGAAATGCTA
pattern_1		5:57315282:C:A:R:wC	49	78	-	11.4286	4.58e-05	0.0423	AAATGGGAATAAAAAATAGTTATTCATAAT
pattern_1		7:116515781:A:T:A:wC	80	109	+	11.4286	4.58e-05	0.0423	TGGCTAATTTTTTTTTTTTTTAATTTTTTG
pattern_1		7:128402711:C:T:R:wC	98	127	+	11.4286	4.58e-05	0.0423	AACTTATTTGTTTATTTATTTATGTTTTTT
pattern_1		21:43388784:G:A:A:wC	150	179	+	11.4286	4.58e-05	0.0423	TCAGGTGTTTTTTTTTTTTTTTTGTAGGAT
pattern_3		5:159621923:G:C:A:wC	143	172	+	10.061	4.6e-05	0.0867	CAGACAGAGTATTTCCTGGGAAGGCAGAAT
pattern_2		11:654229:T:C:R:wC	28	57	+	7.86905	4.6e-05	0.0241	TGGACCCCCTTTTTTTTTTTTTTTTTTTTT
pattern_2		10:72169888:C:G:A:wC	29	58	+	7.86905	4.6e-05	0.0241	CTGCTTTTTTTTTTCTTTCTTTCTTTGAGA
pattern_0		5:56507824:C:T:A:wC	27	56	+	11.3765	4.61e-05	0.154	CCAATTTTAATTAAAAAAAAATTTTTTTTT
pattern_1		12:11962839:C:T:R:wC	9	38	+	11.4167	4.62e-05	0.0423	TTTTTTTTTTTTTTTTTTTTTTTTTGGAGA
pattern_1		6:135511108:A:T:R:wC	53	82	-	11.4167	4.62e-05	0.0423	ATAGGAAAATATTAGCATTTTGGGAATATT
pattern_1		17:45963810:G:A:R:wC	111	140	+	11.4167	4.62e-05	0.0423	TTATTTTATTTTATTTTAATTTAATTTTTA
pattern_1		7:112106232:G:C:A:wC	146	175	+	11.4167	4.62e-05	0.0423	CGTGTTACATTTTATTTTCTTCCTTCCTTT
pattern_1		20:5942955:C:A:R:wC	152	181	+	11.4167	4.62e-05	0.0423	TTTTTTTTTTTTTTTTTTTTTTTTTGAGAC
pattern_1		13:21341377:G:A:R:wC	163	192	-	11.4167	4.62e-05	0.0423	TTTTTTTTTTTTTTTTTTTTTTTTTGAGAC
pattern_2		12:57079586:A:G:R:wC	59	88	+	7.85714	4.62e-05	0.0241	CTACACTTACTTTTTTTTTTTTTTTTTTTT
pattern_2		8:6697811:A:C:R:wC	67	96	+	7.85714	4.62e-05	0.0241	TATTTGTTTACCTATTTTTGTAGTGTTGAT
pattern_2		8:129003458:G:A:R:wC	14	43	+	7.84524	4.64e-05	0.0242	TTTTTCTTTTCTTTCTTTTTTTTTTTTTTT
pattern_1		22:24339438:G:T:A:wC	50	79	+	11.4048	4.65e-05	0.0426	GTTTCCATTTCATTTTTTCATTTTTGTTTT
pattern_2		2:219279673:T:G:R:wC	93	122	+	7.83333	4.66e-05	0.0243	TTTTTTTTTGTGTGTGTTTTTAGTAGAGAC
pattern_2		9:42209073:G:C:A:wC	161	190	+	7.83333	4.66e-05	0.0243	CCGGCTAATTTTTTTTTGTATTTTTAGTAG
pattern_0		12:66571035:G:T:R:wC	161	190	+	11.3529	4.69e-05	0.155	TTGTTTTATCTTTAAAATTTTATTTACAGC
pattern_2		12:9395763:T:C:R:wC	150	179	+	7.80952	4.71e-05	0.0245	TGATTTTTTGTTTGTTTGTTTGTTTCGACA
pattern_2		10:81894877:A:G:R:wC	159	188	+	7.80952	4.71e-05	0.0245	CGGCTAAATTTTTTTTGTATTTTTAGTAGA
pattern_1		7:133771146:C:T:A:wC	82	111	-	11.381	4.73e-05	0.0431	TACAATACTTCAAATAATTTTGTGCATGAA
pattern_1		7:151126556:G:A:R:wC	107	136	-	11.381	4.73e-05	0.0431	TTTGCATATTTAGATATATTTTTGTCATGA
pattern_1		11:30390132:A:G:A:wC	168	197	-	11.381	4.73e-05	0.0431	AATGATCCTTTATTGAAATATTTTTCTTTG
pattern_0		2:99999611:G:A:A:wC	30	59	-	11.3412	4.73e-05	0.155	TACAATTTGTATTTAAAAAAAAAAAACTAT
pattern_0		10:43065274:C:T:A:wC	68	97	+	11.3412	4.73e-05	0.155	CCCATCTCTGACTAAAAATATAAAAAAAAA
pattern_2		5:87764347:T:A:A:wC	57	86	-	7.79762	4.73e-05	0.0246	CCTCGGTTTTTTTTTTTTCATTAGTTAAAT
pattern_2		3:71452241:C:G:R:wC	90	119	+	7.78571	4.75e-05	0.0247	AGGAAGTTTACTTTTTTGTTTTGTTTTTTC
pattern_1		7:37971866:A:T:A:wC	110	139	+	11.369	4.76e-05	0.0434	GCATTTTTAATTTCTAAATTTTTAAAATTT
pattern_0		17:80683420:G:A:A:wC	8	37	-	11.3294	4.77e-05	0.155	AGACTCCATTTCAAAAAAATAAATTAAATA
pattern_0		19:57807525:G:A:A:wC	52	81	+	11.3294	4.77e-05	0.155	ATTATAATTTTTTTTAATTTTTTTTTTGAG
pattern_3		19:2097986:T:C:A:wC	90	119	-	9.9878	4.77e-05	0.0897	GCCCCGAGCTGCCACCGGCGCGCCCCTCAG
pattern_2		7:116515781:A:T:A:wC	77	106	+	7.77381	4.77e-05	0.0247	GCCTGGCTAATTTTTTTTTTTTTTAATTTT
pattern_2		6:42993336:G:A:R:wC	129	158	-	7.77381	4.77e-05	0.0247	CCCGGCCTCTATTTTTTTTTTTTTTTTTTT
pattern_1		17:18290295:A:G:R:wC	3	32	+	11.3571	4.8e-05	0.0435	TTTTTGGTTAATTTTTTTTTTTTTTTTTTG
pattern_1		17:18290295:A:G:A:wC	3	32	+	11.3571	4.8e-05	0.0435	TTTTTGGTTAATTTTTTTTTTTTTTTTTTG
pattern_1		19:29454928:G:C:A:wC	25	54	+	11.3571	4.8e-05	0.0435	TTTGATTTAACTTTGATTTTTTTTTTTTTT
pattern_3		16:85446985:T:A:A:wC	104	133	+	9.96341	4.83e-05	0.0905	GGAGATTGATGTCACCATCTTCCCCAGCTG
pattern_1		5:142052130:T:C:R:wC	34	63	+	11.3452	4.84e-05	0.0436	AGTTTTTTTTTTTTTTTTTTTTTTGAAACC
pattern_1		17:73010320:G:C:A:wC	50	79	+	11.3452	4.84e-05	0.0436	GGGCCTTTTTTTTTTTTTTTTTTTTTTTTG
pattern_1		1:228371551:G:A:A:wC	68	97	-	11.3452	4.84e-05	0.0436	ATATGACGTTTCTTTTTTTTTTTTTTTTTT
pattern_1		6:13777936:G:A:A:wC	146	175	+	11.3452	4.84e-05	0.0436	GTATTTAATTTTTGTATTTTTTAGAGGTGG
pattern_0		8:6738204:T:C:R:wC	16	45	-	11.3059	4.85e-05	0.155	TAAAAAAATAAATAAAATAAATAAAAAATA
pattern_0		14:52553184:G:T:R:wC	122	151	+	11.3059	4.85e-05	0.155	GGTTTTCCATATTAAACAAATTGATTCTGG
pattern_3		19:46402383:A:G:A:wC	171	200	-	9.95122	4.86e-05	0.0908	AGACTGAGTTTTGCTCTTATTGCCCAGGCT
pattern_2		11:12418784:C:A:A:wC	85	114	+	7.72619	4.86e-05	0.0252	TTTCATTTATTTATTATTATTTTTAGAGAT
pattern_1		11:654229:T:C:R:wC	29	58	+	11.3333	4.88e-05	0.0439	GGACCCCCTTTTTTTTTTTTTTTTTTTTTG
pattern_2		4:14457296:C:T:R:wC	27	56	+	7.71429	4.88e-05	0.0252	TTATTAACAGTTTTTTTGTTTTTTTTTTTT
pattern_2		11:17346379:C:T:A:wC	61	90	+	7.71429	4.88e-05	0.0252	TATTTATTTATTTATTTATTTATTTTTGAG
pattern_2		7:97601835:G:T:R:wC	100	129	+	7.71429	4.88e-05	0.0252	GCACTGTTTGTTTGTTTGTTTGTTTTTTGA
pattern_3		2:37519768:C:T:A:wC	139	168	+	9.93902	4.89e-05	0.0908	AGAGACGAGTCTCGCTCTGTTGTCCAGGCG
pattern_0		5:163913720:G:A:R:wC	6	35	-	11.2941	4.89e-05	0.155	ACTTTAGAGTTTAAAAAATTAAACTGTAAA
pattern_0		8:6738204:T:C:R:wC	26	55	-	11.2941	4.89e-05	0.155	TCAAGTATAATAAAAAAATAAATAAAATAA
pattern_0		12:12275828:C:T:R:wC	36	65	-	11.2941	4.89e-05	0.155	CCTTTTTATTTTTATTTTTATTTTTTTTGA
pattern_2		21:27013992:C:T:R:wC	12	41	+	7.70238	4.91e-05	0.0253	GGTGTTTTTTTTTTTATGTTTAAAACAATT
pattern_2		17:28908718:T:C:R:wC	50	79	+	7.70238	4.91e-05	0.0253	AGGTCTTAACTTTTTTTTTTTTTTTGGGGG
pattern_1		17:45963810:G:A:R:wC	119	148	+	11.3214	4.91e-05	0.0441	TTTTATTTTAATTTAATTTTTATTTTTATT
pattern_1		11:30339400:C:T:R:wC	148	177	+	11.3214	4.91e-05	0.0441	CAACAGAAATCACATAATTTTTTGTGTCAC
pattern_3		11:65307402:C:T:R:wC	27	56	-	9.92683	4.92e-05	0.0908	CCGCAGAGCGTGCCCCGGAGCGGCGCGACG
pattern_3		11:65307402:C:T:A:wC	27	56	-	9.92683	4.92e-05	0.0908	CCGCAGAGCGTGCCCCGGAGCGGCGCGACG
pattern_3		2:218674697:C:T:A:wC	59	88	-	9.92683	4.92e-05	0.0908	GACATGGAGTCACTCACTGGGCCACAGGCC
pattern_2		7:99915673:C:T:A:wC	18	47	-	7.69048	4.93e-05	0.0254	CTTTTTTTTTTTTTTTTTTTTTGAGACGGA
pattern_2		6:13777936:G:A:A:wC	142	171	+	7.67857	4.95e-05	0.0255	TTTTGTATTTAATTTTTGTATTTTTTAGAG
pattern_1		20:49102815:G:A:R:wC	25	54	+	11.3095	4.95e-05	0.0442	CCAGCTAATTTTTCTATTTTTAGTAGAGAC
pattern_1		17:73933290:T:C:R:wC	57	86	+	11.3095	4.95e-05	0.0442	TCAAAAACATTTTTTTTTTTTTTGAGACGG
pattern_1		20:5942955:C:A:R:wC	135	164	+	11.3095	4.95e-05	0.0442	CTTCATTTCTTTTTTTTTTTTTTTTTTTTT
pattern_1		1:21768191:G:C:R:wC	111	140	-	11.3095	4.95e-05	0.0442	CAAAATTCATTACTTTTTTTTTTTTTTTTT
pattern_0		13:53862742:C:T:A:wC	45	74	-	11.2706	4.97e-05	0.157	AGAAAATAATTTTAGAAATTAAAAATAGAA
pattern_2		14:105582775:C:T:R:wC	27	56	+	7.65476	5e-05	0.0257	TCCAGCTTTTTCTTTTTTTTTTTTTTTTTT
pattern_2		1:74726378:A:G:R:wC	90	119	-	7.65476	5e-05	0.0257	ATCCATTTCTTTTAATTTTTCTATGCAAAA
pattern_2		8:27587944:G:C:A:wC	156	185	+	7.65476	5e-05	0.0257	CTTTGATTTTTTTTTTTTTTTTTAATCGGG
pattern_0		12:12275828:C:T:R:wC	34	63	+	11.2588	5.01e-05	0.157	TCTCAAAAAAAATAAAAATAAAAATAAAAA
pattern_1		1:204939136:G:A:R:wC	163	192	-	11.2857	5.03e-05	0.0446	CTTTTTTTTTTTTTTTTTTTTTTTTTGAGA
pattern_3		4:71736336:G:A:R:wC	106	135	+	9.87805	5.04e-05	0.0927	GGAGTGCAGTGGCGCCATCTTGGCTCACTG
pattern_0		22:22572199:T:C:A:wC	6	35	+	11.2471	5.05e-05	0.157	TATTTTTTATTTTTAAAATTTTTAACTTTT
pattern_0		16:69424480:A:T:A:wC	77	106	+	11.2471	5.05e-05	0.157	CTAGAAAGGTTTTAAAAGTTAATTATCGGC
pattern_2		8:29540350:C:T:A:wC	50	79	+	7.61905	5.07e-05	0.0259	CCACTTTTTAATGGGATTTTTTTTAACTGT
pattern_2		7:150043205:G:A:R:wC	94	123	+	7.61905	5.07e-05	0.0259	CAGCTAGTTTTTATTATTATTATTTTTTTT
pattern_2		5:131008885:C:T:A:wC	121	150	+	7.61905	5.07e-05	0.0259	AATTTTTTGTATTTTTTTTTTTTTGTAGAG
pattern_2		18:3608767:T:G:R:wC	164	193	+	7.61905	5.07e-05	0.0259	AGTCTGAAACTTTTCATTTTTTTGAGACAG
pattern_1		7:131007371:G:A:A:wC	46	75	+	11.2738	5.07e-05	0.0446	TTTTTTTTTTTTTTTTTTTTTTTTGAGACG
pattern_1		12:106022077:G:C:R:wC	20	49	-	11.2738	5.07e-05	0.0446	TCTCATTAATGTTTTTTAGTTTTCAGTGTA
pattern_1		7:99915673:C:T:A:wC	22	51	-	11.2738	5.07e-05	0.0446	TGTTCTTTTTTTTTTTTTTTTTTTTTGAGA
pattern_1		17:73010320:G:C:A:wC	55	84	+	11.2738	5.07e-05	0.0446	TTTTTTTTTTTTTTTTTTTTTTTTGAGACG
pattern_1		5:172382175:A:G:A:wC	58	87	+	11.2738	5.07e-05	0.0446	TTTTTTTTTTTTTTTTTTTTTTTTGAGACG
pattern_1		12:57079586:A:G:R:wC	69	98	+	11.2738	5.07e-05	0.0446	TTTTTTTTTTTTTTTTTTTTTTTTGAGACG
pattern_1		2:53387887:T:C:R:wC	50	79	-	11.2738	5.07e-05	0.0446	AAGCTTAATTATTCAATTTTTATGCTTTGT
pattern_1		17:60637258:C:A:A:wC	118	147	-	11.2738	5.07e-05	0.0446	AAAAAAAAATCATTTCTATATGTTGTTTTA
pattern_1		20:5942955:C:A:R:wC	153	182	+	11.2738	5.07e-05	0.0446	TTTTTTTTTTTTTTTTTTTTTTTTGAGACG
pattern_1		17:5321413:G:A:R:wC	171	200	-	11.2738	5.07e-05	0.0446	AATCATAACTTAATTATTTATAATTATTTT
pattern_2		8:29540350:C:T:A:wC	168	197	+	7.60714	5.09e-05	0.026	CACTCTGTTGATTGTTTCATTTGCTGTGCA
pattern_1		12:12275828:C:T:R:wC	34	63	-	11.2619	5.11e-05	0.0447	TTTTTATTTTTATTTTTATTTTTTTTGAGA
pattern_1		17:13909320:G:C:R:wC	43	72	-	11.2619	5.11e-05	0.0447	TCTCTTTTTTTTTTTTTTTTTTTTGAGATG
pattern_1		22:32889815:A:T:R:wC	167	196	-	11.2619	5.11e-05	0.0447	ATTTATAAAATAAATATGGATTTTTCCATT
pattern_2		10:135226236:G:A:R:wC	156	185	+	7.59524	5.11e-05	0.0261	TCTGTTGTCTTTGTTTTTTATGTCATTGAT
pattern_2		1:180951043:C:G:R:wC	149	178	-	7.59524	5.11e-05	0.0261	TTCCATTAATCTTTTCTCTTTAGGGGAGAA
pattern_3		11:134632224:A:C:A:wC	54	83	+	9.84146	5.13e-05	0.0942	AGGCTGGGGGCGGATCCGCTGGACCAGGCG
pattern_0		10:43065274:C:T:A:wC	78	107	+	11.2235	5.14e-05	0.157	ACTAAAAATATAAAAAAAAATATCTGGCCT
pattern_2		12:53210503:G:A:A:wC	112	141	+	7.58333	5.14e-05	0.0262	GCCCAGCTAATTTTTTTTTTTTTTTTTTTT
pattern_1		1:155857540:G:A:R:wC	29	58	+	11.25	5.15e-05	0.0448	GCTAATTTTTTTTTTTTTTTTTTTTGAGAT
pattern_1		1:155857540:G:A:R:wC	30	59	+	11.25	5.15e-05	0.0448	CTAATTTTTTTTTTTTTTTTTTTTGAGATG
pattern_1		15:94841430:G:A:A:wC	46	75	+	11.25	5.15e-05	0.0448	TCATGTTTTTTTTTTTTGTTTGTTTGTTTT
pattern_1		20:62395318:T:C:R:wC	83	112	+	11.25	5.15e-05	0.0448	TCTGGTGCTTTCTTTTTTCTTTTTCTTTTT
pattern_0		13:53862742:C:T:A:wC	38	67	-	11.2118	5.18e-05	0.157	AATTTTAGAAATTAAAAATAGAAAATTCTA
pattern_0		9:97398938:A:G:R:wC	98	127	+	11.2118	5.18e-05	0.157	TGACACATTTTTTAAACAATATCAGACATG
pattern_0		9:97398938:A:G:R:wC	94	123	-	11.2118	5.18e-05	0.157	TCTGATATTGTTTAAAAAATGTGTCAGTAC
pattern_2		7:141387520:C:T:R:wC	2	31	+	7.55952	5.18e-05	0.0264	ACTCGGCTAATTTTTTTTTTTTTTTTTTTT
pattern_1		7:141387520:C:T:R:wC	5	34	+	11.2381	5.19e-05	0.0451	CGGCTAATTTTTTTTTTTTTTTTTTTTGAG
pattern_3		19:18812472:A:G:A:wC	92	121	+	9.81707	5.19e-05	0.0947	GGAGTGCAGTGGCGCCATCTCAGCTCACTG
pattern_3		9:139298243:G:T:A:wC	143	172	+	9.81707	5.19e-05	0.0947	CAGGTGGGATCAGACACTGCGAGGCAGGTT
pattern_0		9:2586671:A:T:A:wC	134	163	+	11.2	5.22e-05	0.157	TGAAATGGTAATTTAAAAATTACCAACAAA
pattern_0		12:66571035:G:T:R:wC	144	173	+	11.2	5.22e-05	0.157	TGCAATTATCTTTAAAATTGTTTTATCTTT
pattern_0		2:48631377:T:C:R:wC	151	180	+	11.2	5.22e-05	0.157	GCTAATTTTTTTTTATTTTTTATTTTTAGT
pattern_1		1:28260898:G:A:A:wC	8	37	+	11.2262	5.23e-05	0.0454	AGTTAAAATAATAAAAAATTTTAAAAGTTG
pattern_1		8:96311217:C:G:R:wC	55	84	+	11.2262	5.23e-05	0.0454	ACATATTGATCTATTTTTTTTTTTTTTTTG
pattern_2		2:85659603:G:A:R:wC	5	34	+	7.52381	5.25e-05	0.0267	ATTTTTTTTGTTTTGTTTTGTTTTGTTTTT
pattern_2		11:654229:T:C:R:wC	29	58	+	7.52381	5.25e-05	0.0267	GGACCCCCTTTTTTTTTTTTTTTTTTTTTG
pattern_0		20:62395318:T:C:R:wC	100	129	-	11.1882	5.26e-05	0.158	CGTCTCTTATTTAAAAAAAAAAGAAAAAGA
pattern_1		4:14457296:C:T:R:wC	30	59	+	11.2143	5.27e-05	0.0455	TTAACAGTTTTTTTGTTTTTTTTTTTTTGA
pattern_1		6:158621028:A:G:A:wC	10	39	-	11.2143	5.27e-05	0.0455	CGGTCTTTTTTTTTTTTTTTTTTTTTTGAG
pattern_1		19:55130441:C:T:A:wC	60	89	-	11.2143	5.27e-05	0.0455	TCTATTATTTAATATAACTTTAGATTGTAA
pattern_1		20:48781981:G:C:R:wC	62	91	-	11.2143	5.27e-05	0.0455	CCAGCCAATTTTTGTATTTTTAGTAAAGAC
pattern_2		17:47342782:C:T:R:wC	21	50	+	7.5119	5.28e-05	0.0268	CTTTCTTTCCTTTCTTTCTTTTTTTTCACG
pattern_2		6:158621028:A:G:A:wC	5	34	-	7.5119	5.28e-05	0.0268	TTTTTTTTTTTTTTTTTTTTTTGAGGCAGA
pattern_2		19:4129205:T:C:R:wC	89	118	+	7.5119	5.28e-05	0.0268	TGTTTTGTTTTTGGTTTTGGTTTTGTTTTA
pattern_2		3:71452241:C:G:R:wC	95	124	+	7.5119	5.28e-05	0.0268	GTTTACTTTTTTGTTTTGTTTTTTCTTTCT
pattern_2		4:186125409:G:A:R:wC	171	200	-	7.5119	5.28e-05	0.0268	CCGCCGTTCTTTTTTATTCTTGGTTTGGTA
pattern_2		19:29454928:G:C:A:wC	26	55	+	7.5	5.3e-05	0.0268	TTGATTTAACTTTGATTTTTTTTTTTTTTT
pattern_2		9:131861118:A:C:R:wC	74	103	+	7.5	5.3e-05	0.0268	TTTCTTTTTTTTTTTTTTTTAGATGGAGTC
pattern_2		11:77870638:A:T:R:wC	99	128	+	7.5	5.3e-05	0.0268	TAGTCTGAATTTTCTTTTTTTTTTTCCTTT
pattern_0		6:139835399:C:G:R:wC	116	145	-	11.1765	5.31e-05	0.158	GCTTAGACTCTTTAAAAAAAACAAAACAAA
pattern_1		3:191111160:A:G:R:wC	15	44	+	11.2024	5.31e-05	0.0457	TATTTTTCATTGTATAAATATGAAATTCTT
pattern_1		9:19184484:A:C:A:wC	168	197	+	11.2024	5.31e-05	0.0457	ATTGCCGATTTTCATTTATTTTAAGAACTT
pattern_3		19:35450229:C:T:A:wC	25	54	-	9.76829	5.32e-05	0.0968	GGGCCAGGCTTCCCCTGTAAAGACCTGCAG
pattern_2		18:67532292:A:G:A:wC	34	63	+	7.4881	5.33e-05	0.0269	CTTAGTGTTGTTGGTTTTTTTGAGTCAGAG
pattern_2		3:195629980:C:T:A:wC	46	75	+	7.4881	5.33e-05	0.0269	ACACCACTTTTTTTTTTTCTTTTGTGACAG
pattern_2		20:44771542:T:C:A:wC	113	142	-	7.4881	5.33e-05	0.0269	CAGAATTTTTTTTTGCTTTATTCTTAAAAG
pattern_0		17:45963810:G:A:R:wC	112	141	-	11.1647	5.35e-05	0.158	ATAAAAATTAAATTAAAATAAAATAAAATA
pattern_0		17:80683420:G:A:A:wC	169	198	-	11.1647	5.35e-05	0.158	TCATGCTTGTACTAAAAATACAAAAATTAG
pattern_2		7:128402711:C:T:R:wC	41	70	+	7.47619	5.35e-05	0.027	TGTGCTGATAATTATTTTTATTTTTAAAAT
pattern_3		22:31986538:T:C:R:wC	70	99	+	9.7561	5.35e-05	0.0968	GAGACAGAGTTTCACTCCTGTTGCCCAGGC
pattern_3		14:23631372:G:A:R:wC	133	162	+	9.7561	5.35e-05	0.0968	CATGTACGTGTGCACCCTGCCGGGCAGAGG
pattern_1		22:22572199:T:C:A:wC	14	43	+	11.1905	5.35e-05	0.046	ATTTTTAAAATTTTTAACTTTTATTTTAAA
pattern_2		17:8100645:G:A:R:wC	20	49	+	7.46429	5.37e-05	0.0271	CTGGGAGTTTTTTGTTTTTTGGTTTTTTTT
pattern_0		5:21556910:C:T:A:wC	14	43	-	11.1529	5.39e-05	0.158	AGTTTTAAATTTAAAAATAATTGCTTCTTA
pattern_0		2:172430881:T:C:A:wC	137	166	-	11.1529	5.39e-05	0.158	ATGAATAATTTTTAATTGAAAATAATCACA
pattern_1		2:160706544:A:G:A:wC	27	56	-	11.1786	5.4e-05	0.0463	ACCAGAAAATGTAAGTTTTTTTAAAAACCA
pattern_3		2:106020462:G:C:A:wC	12	41	+	9.73171	5.42e-05	0.0976	ATGCTGAAATTTCATTCTCTGGGAGAGGCC
pattern_2		13:91991011:G:T:A:wC	12	41	+	7.44048	5.42e-05	0.0273	TTCTATATTATTTGCTTCTATTATCTTGCT
pattern_1		1:26377185:G:A:R:wC	64	93	+	11.1667	5.44e-05	0.0464	ATCTGCCTCTTTTTTTTTTTTTTTTTTTTT
pattern_1		1:221051713:C:G:R:wC	60	89	-	11.1667	5.44e-05	0.0464	ACATATCTATTTTAAGAATTTCTTCTCTTT
pattern_1		17:35415419:C:T:A:wC	114	143	+	11.1667	5.44e-05	0.0464	TTTGTTTATGTATGTATTTATTTATTTATT
pattern_2		7:141387520:C:T:R:wC	1	30	+	7.42857	5.45e-05	0.0274	CACTCGGCTAATTTTTTTTTTTTTTTTTTT
pattern_2		3:98304788:A:C:R:wC	8	37	+	7.42857	5.45e-05	0.0274	ATGCTTATCCTCTTTTTCTTTTCTTTTCTT
pattern_1		7:116515781:A:T:A:wC	84	113	+	11.1548	5.48e-05	0.0467	TAATTTTTTTTTTTTTTAATTTTTTGTAGA
pattern_1		2:170295503:C:T:R:wC	104	133	+	11.1548	5.48e-05	0.0467	TCTCTTTTTTTTCCTTTTTTTTATTTTCCT
pattern_3		3:8835084:A:G:A:wC	123	152	+	9.70732	5.48e-05	0.0985	GTGACTGGGATCCCCCACGCCAGGCTAACA
pattern_0		19:57807525:G:A:A:wC	37	66	-	11.1176	5.53e-05	0.16	AAAAAAAATTATAATAATAATAGAAAGAAC
pattern_1		1:76223816:T:C:A:wC	9	38	+	11.131	5.57e-05	0.0472	TATCTAATTTTTTTACTTTTTTTTTAATTA
pattern_1		10:88533607:C:A:R:wC	94	123	+	11.131	5.57e-05	0.0472	GTATTTCATTCTTTTTTTTTTTTTTTGAGA
pattern_1		1:74726378:A:G:R:wC	92	121	-	11.131	5.57e-05	0.0472	CAATCCATTTCTTTTAATTTTTCTATGCAA
pattern_1		17:77796889:G:C:R:wC	128	157	+	11.131	5.57e-05	0.0472	AATGTGATTTTTTTTTAACTTTTATTTTAA
pattern_2		1:228371551:G:A:A:wC	70	99	-	7.36905	5.57e-05	0.028	GGATATGACGTTTCTTTTTTTTTTTTTTTT
pattern_0		1:76223816:T:C:A:wC	20	49	+	11.1059	5.57e-05	0.16	TTTACTTTTTTTTTAATTATTATTTTTTTC
pattern_2		14:105582775:C:T:R:wC	36	65	+	7.35714	5.6e-05	0.0281	TTCTTTTTTTTTTTTTTTTTTTGAGATGGA
pattern_2		1:231875746:G:C:A:wC	122	151	-	7.35714	5.6e-05	0.0281	AAGCTACCTCTCTGGTTTCTTCGTATAAGG
pattern_2		1:231875746:G:C:R:wC	122	151	-	7.35714	5.6e-05	0.0281	AAGCTACCTCTCTGGTTTCTTCGTATAAGG
pattern_1		12:132577378:G:A:R:wC	6	35	+	11.119	5.61e-05	0.0474	TTTTCTTTTTCTTTTTTTTTTTTTTTGAGA
pattern_1		2:103147561:G:A:A:wC	45	74	+	11.119	5.61e-05	0.0474	TAAAATACCTAAATTCTTTTTTTTTTTTTT
pattern_0		17:27410544:G:A:A:wC	57	86	+	11.0941	5.62e-05	0.16	GAATTATGTTCTTAAATAAACAGCCACACA
pattern_0		1:75263485:A:T:A:wC	59	88	-	11.0941	5.62e-05	0.16	CAGTTACATTTCTGAAAATAAATATTCAAA
pattern_0		2:8819813:C:T:R:wC	114	143	+	11.0941	5.62e-05	0.16	TTAAATGATCTTTAAATGAATGTAAAACTG
pattern_0		4:3262699:T:C:R:wC	165	194	-	11.0941	5.62e-05	0.16	AAAAGTGATTTTAAAATACTGATTAAGGAA
pattern_2		14:74412505:C:T:R:wC	33	62	+	7.34524	5.62e-05	0.0281	AAATTTTATTTTATTTTTATTTGTTGAGAC
pattern_2		2:113370315:C:A:A:wC	47	76	+	7.34524	5.62e-05	0.0281	AGGTTAATATTGTTTTTGTTTTGTTTTGTT
pattern_2		9:131101845:C:T:R:wC	31	60	+	7.33333	5.65e-05	0.0281	TTTTTTTTTTTTTTTTTTTTTTGAGATGGA
pattern_2		11:7983846:G:A:A:wC	33	62	+	7.33333	5.65e-05	0.0281	TTTTTTTTTTTTTTTTTTTTTTGAGATGGA
pattern_2		17:30610375:G:C:R:wC	62	91	+	7.33333	5.65e-05	0.0281	TTTTTTTTTTTTTTTTTTTTTTGAGATGGA
pattern_2		8:23082971:G:T:A:wC	121	150	+	7.33333	5.65e-05	0.0281	TTTTTTTTTTTTTTTTTTTTTTGAGATGGA
pattern_2		1:204939136:G:A:R:wC	159	188	-	7.33333	5.65e-05	0.0281	TTTTTTTTTTTTTTTTTTTTTTGAGATGGA
pattern_3		1:165734603:T:C:R:wC	36	65	+	9.64634	5.65e-05	0.101	AGACAAGAGTCTTGCACTGTTGGCCAAGCT
pattern_3		17:77078069:G:A:R:wC	79	108	-	9.64634	5.65e-05	0.101	CAGCCCGGCGCTCCCCAGCCTGCCCCAGCA
pattern_3		17:21263163:G:C:R:wC	81	110	-	9.64634	5.65e-05	0.101	TCCCCAAGGTCTCCCCTTCCTGGAGGGCCT
pattern_1		9:104148858:A:G:R:wC	46	75	-	11.1071	5.65e-05	0.0476	TTATAATTTTAAAAATTATATTATTCTTCC
pattern_1		6:3134826:G:A:R:wC	102	131	+	11.1071	5.65e-05	0.0476	ACCTGGCTAATTTTTTTTTTTTTTTTTTTT
pattern_0		19:55130441:C:T:A:wC	64	93	-	11.0824	5.67e-05	0.16	AATATCTATTATTTAATATAACTTTAGATT
pattern_0		8:27406850:A:G:A:wC	156	185	-	11.0824	5.67e-05	0.16	CTTAAAGTATAATAATAATAAATAAATTTA
pattern_2		17:46043524:A:G:R:wC	2	31	-	7.32143	5.68e-05	0.0282	TCTTTCTTTCTTTCTTTCCTTTTTTTTTTT
pattern_2		12:57079586:A:G:R:wC	57	86	+	7.32143	5.68e-05	0.0282	TGCTACACTTACTTTTTTTTTTTTTTTTTT
pattern_2		8:30029914:G:A:R:wC	149	178	+	7.32143	5.68e-05	0.0282	TTTACAAATTTTTTTTTTTTTGAGATGGAG
pattern_2		12:125541085:T:C:R:wC	163	192	+	7.32143	5.68e-05	0.0282	CCCTTTTTTTTTTTTTTTTTTTGAGACGGA
pattern_3		6:6569313:G:C:A:wC	131	160	-	9.63415	5.69e-05	0.101	TGCCTGGAGTCTCTCTTTCCAAGCCCTTCT
pattern_1		8:96311217:C:G:R:wC	60	89	+	11.0952	5.7e-05	0.0479	TTGATCTATTTTTTTTTTTTTTTTGAGACA
pattern_1		12:516880:A:G:R:wC	158	187	+	11.0952	5.7e-05	0.0479	AGGACTGAAGATTTTTTTTTTTTTTTTTTT
pattern_2		6:3134826:G:A:R:wC	102	131	+	7.30952	5.7e-05	0.0283	ACCTGGCTAATTTTTTTTTTTTTTTTTTTT
pattern_2		2:170295503:C:T:R:wC	99	128	+	7.29762	5.73e-05	0.0284	GCTTATCTCTTTTTTTTCCTTTTTTTTATT
pattern_1		5:56507824:C:T:A:wC	26	55	-	11.0833	5.74e-05	0.0481	AAAAAAAATTTTTTTTTAATTAAAATTGGT
pattern_1		9:33397073:T:C:R:wC	121	150	-	11.0833	5.74e-05	0.0481	TCAAGCTTTTTTTTTTTTTTTTTTTGAGAC
pattern_2		1:76223816:T:C:A:wC	20	49	+	7.28571	5.75e-05	0.0285	TTTACTTTTTTTTTAATTATTATTTTTTTC
pattern_2		11:77870638:A:T:R:wC	112	141	+	7.28571	5.75e-05	0.0285	CTTTTTTTTTTTCCTTTTTTTTTGAGATGG
pattern_2		6:41059169:G:A:R:wC	161	190	+	7.27381	5.78e-05	0.0286	CTGTTTTTTGTTTGTTTTATGTTTTGTTTT
pattern_3		7:76260729:C:T:A:wC	168	197	-	9.59756	5.79e-05	0.102	GGAGTGCAGTGGCGCCATATCGGCTAACTG
pattern_2		9:35725985:C:T:A:wC	22	51	+	7.2619	5.81e-05	0.0286	GTCCTGACAATTTTTTTTTTTGAGACAGAG
pattern_2		1:200882930:A:T:A:wC	44	73	+	7.2619	5.81e-05	0.0286	GAGACCTTTTATTATTTTTTTTTTACACGA
pattern_2		2:31820256:A:G:A:wC	60	89	-	7.2619	5.81e-05	0.0286	GGTTTTGTTTGTTCTATTTTCTGTAGCTTT
pattern_2		7:150043205:G:A:R:wC	91	120	+	7.2619	5.81e-05	0.0286	ACCCAGCTAGTTTTTATTATTATTATTTTT
pattern_2		12:101690279:G:T:R:wC	168	197	-	7.2619	5.81e-05	0.0286	TTTTTTGTATTTTTCTTTTTTTTTTTTTGA
pattern_1		7:112106232:G:C:A:wC	12	41	+	11.0595	5.83e-05	0.0486	TAAGAGTATATTAAGATATTTATTTCTCTG
pattern_1		9:131861118:A:C:R:wC	71	100	+	11.0595	5.83e-05	0.0486	TTTTTTCTTTTTTTTTTTTTTTTAGATGGA
pattern_1		20:44771542:T:C:A:wC	125	154	-	11.0595	5.83e-05	0.0486	CAAGTCTCTTATCAGAATTTTTTTTTGCTT
pattern_1		11:40662499:G:C:A:wC	161	190	-	11.0595	5.83e-05	0.0486	TTACTTTTTTTTTTTTTTTTTTTTGAGATG
pattern_0		19:57807525:G:A:A:wC	61	90	-	11.0353	5.85e-05	0.162	AGACTCCATCTCAAAAAAAAAATTAAAAAA
pattern_0		1:75219066:C:G:R:wC	125	154	-	11.0353	5.85e-05	0.162	AGTTCTAAGTATTAAAGAATCTTAAGCAGG
pattern_2		15:94841430:G:A:A:wC	68	97	+	7.2381	5.86e-05	0.0288	TTTGTTTTTTGTTGTTTTTTTCTGTTTTAT
pattern_2		11:40662499:G:C:A:wC	166	195	-	7.2381	5.86e-05	0.0288	TAAATTTACTTTTTTTTTTTTTTTTTTTTG
pattern_3		17:78942679:T:C:A:wC	10	39	+	9.57317	5.86e-05	0.103	AACAAGTGGATCCCCCATGACACAGCAGCT
pattern_1		11:12418784:C:A:A:wC	76	105	+	11.0476	5.87e-05	0.0487	AATCATATCTTTCATTTATTTATTATTATT
pattern_1		8:26049480:C:G:A:wC	144	173	+	11.0476	5.87e-05	0.0487	TACTTTTTTTTTTTTTTTTTTTTTTTGAGA
pattern_1		6:42993336:G:A:R:wC	120	149	-	11.0476	5.87e-05	0.0487	TATTTTTTTTTTTTTTTTTTTTTTTGAGAC
pattern_1		8:1811037:C:T:A:wC	166	195	+	11.0476	5.87e-05	0.0487	CCCGGCTAATTTTTTGTATTTTTTTTTTAG
pattern_1		2:65289623:C:T:A:wC	141	170	-	11.0476	5.87e-05	0.0487	CCCGCCTCTTTTTTTTTTTTTTTTTTTGAG
pattern_2		15:101390481:G:A:R:wC	6	35	+	7.22619	5.88e-05	0.0289	CATCTCTCTCTCTTTTTTTTTTTTTTTAGG
pattern_2		1:57229256:A:G:R:wC	127	156	+	7.22619	5.88e-05	0.0289	CTTAATATTATATCTTTTTTCTGTTTCTTT
pattern_3		1:236355457:C:T:A:wC	15	44	+	9.56098	5.89e-05	0.104	GCCATGGGCTCTGCCCAGTTTGAACTTCCC
pattern_0		2:75120525:C:A:R:wC	17	46	+	11.0235	5.9e-05	0.162	GTTAACTATTATTAATAAATTTTAACATTT
pattern_0		15:65566674:G:A:R:wC	11	40	-	11.0235	5.9e-05	0.162	ACACATCCACTTTCAAAAAAAAAAAAAAAA
pattern_0		22:22572199:T:C:A:wC	24	53	-	11.0235	5.9e-05	0.162	ACCACCTGAATTTAAAATAAAAGTTAAAAA
pattern_2		7:37377172:G:C:R:wC	47	76	-	7.21429	5.91e-05	0.029	TGTTTTTTTTTTTTTTTTTTTATACTTTAA
pattern_1		1:200882930:A:T:A:wC	47	76	+	11.0357	5.92e-05	0.0488	ACCTTTTATTATTTTTTTTTTACACGACTT
pattern_1		11:93019901:T:A:A:wC	139	168	+	11.0357	5.92e-05	0.0488	TGGCTAATTTTTTATATTTTTAGTAGAGAC
pattern_1		11:8043412:G:A:R:wC	144	173	-	11.0357	5.92e-05	0.0488	ATTTTCTTTTTTTTTTTTTTTTTGAGCTGG
pattern_1		22:32889815:A:T:R:wC	165	194	-	11.0357	5.92e-05	0.0488	TTATAAAATAAATATGGATTTTTCCATTGT
pattern_2		5:177474003:C:T:A:wC	3	32	-	7.20238	5.94e-05	0.0291	CTCTTCCACTTTGGTCTTTTCTGTTGCTTC
pattern_2		8:30029914:G:A:R:wC	145	174	+	7.20238	5.94e-05	0.0291	GATATTTACAAATTTTTTTTTTTTTGAGAT
pattern_0		6:135845145:C:T:A:wC	4	33	-	11.0118	5.95e-05	0.162	CAAAATAATAATAATAATAATAATAAAATA
pattern_0		5:142052130:T:C:R:wC	40	69	-	11.0118	5.95e-05	0.162	AGACTTGGTTTCAAAAAAAAAAAAAAAAAA
pattern_0		9:104148858:A:G:R:wC	110	139	+	11.0118	5.95e-05	0.162	ACCTAGATTGATTAAATAAAAACAAGATAG
pattern_2		7:71731031:G:A:A:wC	22	51	-	7.19048	5.96e-05	0.0292	GCTAATTTTGTTTTGTTTTTTATTTTTGGA
pattern_3		2:103147561:G:A:A:wC	79	108	+	9.53659	5.97e-05	0.104	GAGACGGAGTCTTGCTCTGTCACCAAATCT
pattern_3		6:36970571:C:A:A:wC	85	114	-	9.53659	5.97e-05	0.104	TGCCAGTGCTTTGATCATCCAAGCCTGAAC
pattern_3		20:62372706:G:A:R:wC	112	141	-	9.53659	5.97e-05	0.104	CAGCCGGGCTTTTCCTGGGGTGGCTCTGGA
pattern_2		3:100428356:A:G:A:wC	49	78	+	7.17857	5.99e-05	0.0293	AAGGACATTTTTTTTTTTCTTGCTCCCGCC
pattern_3		11:73363426:C:T:A:wC	76	105	+	9.52439	6e-05	0.104	CAGCCTGGGTGTGTCCTTCTCAGGTACCAT
pattern_3		7:22743025:C:A:R:wC	123	152	-	9.52439	6e-05	0.104	GTGGTGGAATGTCATCAGTTAAGGCAGGAA
pattern_3		2:192126190:G:A:R:wC	142	171	-	9.52439	6e-05	0.104	ATGGAGCAGAGTCCCCATCTGATCCACAAC
pattern_1		2:132091707:T:G:R:wC	23	52	+	11.0119	6.01e-05	0.0493	TTTGTTGTTTTTTGTTATTATATTCATTTA
pattern_1		19:57807525:G:A:A:wC	49	78	+	11.0119	6.01e-05	0.0493	ATTATTATAATTTTTTTTAATTTTTTTTTT
pattern_1		10:97351844:C:G:R:wC	170	199	+	11.0119	6.01e-05	0.0493	TTTTTAACTTCTTTTTTTTTTTTGAGACAG
pattern_2		2:113370315:C:A:A:wC	56	85	+	7.16667	6.02e-05	0.0294	TTGTTTTTGTTTTGTTTTGTTTTTGTTTTT
pattern_3		7:150498520:T:C:A:wC	62	91	+	9.5122	6.04e-05	0.104	GGCCAGGGGTGCGGCCCTGTGACCAGGACA
pattern_3		16:85446985:T:A:A:wC	160	189	-	9.5122	6.04e-05	0.104	TGGAAGATGGTGCTCCACGGTCACCCGGGA
pattern_2		6:81057671:A:G:R:wC	11	40	-	7.15476	6.04e-05	0.0295	CCACTATTTTCTTATTTTCATAATATGGAC
pattern_2		2:31820256:A:G:A:wC	132	161	-	7.15476	6.04e-05	0.0295	TTTTGTATTGATTTTTTCTTTCAGTTTTAT
pattern_2		5:96506796:T:C:R:wC	171	200	-	7.15476	6.04e-05	0.0295	ATTTTTTTATTTTTATTTTATTTTATTTTT
pattern_0		10:106664651:G:A:A:wC	33	62	-	10.9882	6.05e-05	0.162	CTAGAGTCTTTTAAAAAAAAAATACTGAAA
pattern_0		7:128402711:C:T:R:wC	48	77	-	10.9882	6.05e-05	0.162	ATAATAAATTTTAAAAATAAAAATAATTAT
pattern_0		7:37971866:A:T:A:wC	121	150	+	10.9882	6.05e-05	0.162	TTCTAAATTTTTAAAATTTATTTACTCATT
pattern_1		11:654229:T:C:R:wC	34	63	+	11	6.06e-05	0.0495	CCCTTTTTTTTTTTTTTTTTTTTTGAGATG
pattern_1		7:128402711:C:T:R:wC	90	119	+	11	6.06e-05	0.0495	ACGTACACAACTTATTTGTTTATTTATTTA
pattern_1		17:77796889:G:C:R:wC	127	156	+	11	6.06e-05	0.0495	CAATGTGATTTTTTTTTAACTTTTATTTTA
pattern_2		8:27587944:G:C:A:wC	151	180	+	7.14286	6.07e-05	0.0296	TCTGCCTTTGATTTTTTTTTTTTTTTTTAA
pattern_3		4:187022930:C:T:A:wC	123	152	+	9.5	6.07e-05	0.104	TCCAAGCGATTCCCCTGCCTCAGCCTCCCA
pattern_2		10:62500217:C:T:A:wC	50	79	-	7.13095	6.1e-05	0.0297	CTAATTTTTAATTCTTTTTTTTTTTTTCTT
pattern_2		5:173205318:G:A:A:wC	133	162	-	7.13095	6.1e-05	0.0297	GAGCAATCTCTTTTGATTTTCACGATAACC
pattern_1		18:53373610:G:A:R:wC	9	38	+	10.9881	6.1e-05	0.0496	ATGTTCTCTGTTTTTTTTTTTTTTTTTTTT
pattern_1		10:11843379:G:A:R:wC	117	146	+	10.9881	6.1e-05	0.0496	GGAGATGATACATCTTTTTTTTTTTTTTTT
pattern_1		2:48631377:T:C:R:wC	149	178	+	10.9881	6.1e-05	0.0496	GGGCTAATTTTTTTTTATTTTTTATTTTTA
pattern_1		16:21743592:C:A:R:wC	157	186	+	10.9881	6.1e-05	0.0496	TGTTTATTATTATTTTTATTTTTCCATAAG
pattern_2		9:131861118:A:C:R:wC	56	85	+	7.11905	6.13e-05	0.0297	TTCAGCTTTTTTTTCTTTTTTCTTTTTTTT
pattern_2		3:183180219:A:G:A:wC	145	174	+	7.11905	6.13e-05	0.0297	GCTAAGAACATTTGTCTGTGTTCTACAGAT
pattern_2		3:183180219:A:G:R:wC	145	174	+	7.11905	6.13e-05	0.0297	GCTAAGAACATTTGTCTGTGTTCTACAGAT
pattern_0		2:207984514:G:A:A:wC	2	31	+	10.9647	6.15e-05	0.164	TGTCCATTTTTTTTAATTTTTATTGTTTTT
pattern_0		7:37971866:A:T:A:wC	127	156	-	10.9647	6.15e-05	0.164	TAAATAAATGAGTAAATAAATTTTAAAAAT
pattern_3		7:116515781:A:T:A:wC	16	45	+	9.47561	6.15e-05	0.105	TTCAAGTGCTCCTCCCATCTCAGCCTCCCA
pattern_3		12:124852564:A:G:R:wC	66	95	-	9.47561	6.15e-05	0.105	GGCCCTGAGAGTCCCCGCCCCACCCAGGCC
pattern_1		1:76223816:T:C:A:wC	16	45	+	10.9762	6.15e-05	0.05	TTTTTTTACTTTTTTTTTAATTATTATTTT
pattern_2		11:17346379:C:T:A:wC	67	96	+	7.10714	6.15e-05	0.0298	TTTATTTATTTATTTATTTTTGAGACAGAG
pattern_2		7:99915673:C:T:A:wC	40	69	-	7.10714	6.15e-05	0.0298	ATGGTTCCTTTTGTTTTTTGTTCTTTTTTT
pattern_3		7:102108900:G:A:R:wC	7	36	-	9.46341	6.18e-05	0.105	GCCACCATGTACCCTCCTCCCAGGCCGGCT
pattern_1		10:115796337:A:G:R:wC	38	67	+	10.9643	6.2e-05	0.0502	TTTATTTTTATTTTTATTTTTTTTTGAGAT
pattern_1		11:77870638:A:T:R:wC	106	135	+	10.9643	6.2e-05	0.0502	AATTTTCTTTTTTTTTTTCCTTTTTTTTTG
pattern_2		6:139835399:C:G:R:wC	97	126	+	7.08333	6.21e-05	0.0301	AGCCAAACTCTGTTTTTTTTTTGTTTTGTT
pattern_2		2:132091707:T:G:R:wC	131	160	+	7.08333	6.21e-05	0.0301	AAGCTAATGGTTTTTTTGTTTTGTTTCATT
pattern_2		4:14457296:C:T:R:wC	32	61	+	7.07143	6.24e-05	0.0301	AACAGTTTTTTTGTTTTTTTTTTTTTGAGA
pattern_2		19:56898981:A:G:A:wC	76	105	+	7.07143	6.24e-05	0.0301	TTTCTCTTTCTCTTTCTTTTTTGCGGGGGA
pattern_0		3:196859277:T:C:R:wC	36	65	+	10.9412	6.25e-05	0.166	ATTACCATGTATTAACAATATTAACTTTAA
pattern_1		8:1811037:C:T:A:wC	2	31	+	10.9524	6.25e-05	0.0505	TTCTTTTTTTTTTTTTTTTTTTTTGAGACA
pattern_1		7:99915673:C:T:A:wC	19	48	-	10.9524	6.25e-05	0.0505	TCTTTTTTTTTTTTTTTTTTTTTGAGACGG
pattern_1		18:53373610:G:A:R:wC	1	30	+	10.9405	6.29e-05	0.0505	TAATATCCATGTTCTCTGTTTTTTTTTTTT
pattern_1		1:165734603:T:C:R:wC	11	40	+	10.9405	6.29e-05	0.0505	TTTTATTTTATTTTTATTTTTTTTGAGACA
pattern_1		19:29454928:G:C:A:wC	37	66	+	10.9405	6.29e-05	0.0505	TTGATTTTTTTTTTTTTTTTTTTTTGAGAT
pattern_1		6:13777936:G:A:A:wC	137	166	+	10.9405	6.29e-05	0.0505	TAATTTTTTGTATTTAATTTTTGTATTTTT
pattern_1		8:30029914:G:A:R:wC	148	177	+	10.9405	6.29e-05	0.0505	ATTTACAAATTTTTTTTTTTTTGAGATGGA
pattern_0		12:133220670:G:A:A:wC	171	200	-	10.9294	6.3e-05	0.166	GTCTGTAAAAAATAAATAAATAACATAAAA
pattern_2		8:6513260:C:T:R:wC	10	39	+	7.03571	6.32e-05	0.0305	GGACAAGACTCTTTTTTTTTTTTGAGACAG
pattern_1		7:141387520:C:T:R:wC	8	37	+	10.9286	6.34e-05	0.0506	CTAATTTTTTTTTTTTTTTTTTTTGAGACA
pattern_1		8:6738204:T:C:R:wC	10	39	+	10.9286	6.34e-05	0.0506	TATTTTTATTTTTTATTTATTTTATTTATT
pattern_1		10:115796337:A:G:R:wC	19	48	+	10.9286	6.34e-05	0.0506	TGATATTTATTTATTTATTTTTATTTTTAT
pattern_1		16:2706036:T:C:A:wC	14	43	-	10.9286	6.34e-05	0.0506	AGCTAATCTTTTTTTTTTTTTTTTTTGAGA
pattern_1		12:57079586:A:G:R:wC	58	87	+	10.9286	6.34e-05	0.0506	GCTACACTTACTTTTTTTTTTTTTTTTTTT
pattern_0		8:27406850:A:G:A:wC	55	84	+	10.9176	6.35e-05	0.167	TTTTCTGTTTTTTTAATATATAGAATGGCC
pattern_2		7:29188870:G:A:R:wC	24	53	+	7.02381	6.35e-05	0.0306	AGTCTGTTTCCCTTTTTTTTTTTTTTTTTT
pattern_2		17:18263957:G:C:A:wC	14	43	-	7.02381	6.35e-05	0.0306	TTCTTTTCTTTTCTTTTTTTTTTTTTTGAG
pattern_3		22:49088916:C:T:R:wC	77	106	+	9.40244	6.37e-05	0.108	ACGCTGCCCTTCGACCCTGTCCGCCCACTC
pattern_2		15:65566674:G:A:R:wC	1	30	+	7.0119	6.38e-05	0.0307	CCCAGCATACTTTTTTTTTTTTTTTTGAAA
pattern_2		1:55459758:C:A:R:wC	21	50	-	7.0119	6.38e-05	0.0307	TCTTTTTTCTTTTCTTTTCTTTTCCTTTCT
pattern_2		22:51194265:A:C:R:wC	128	157	+	7.0119	6.38e-05	0.0307	GTTCGTTTCTTTTTATTCTTTTTTCTCTAA
pattern_1		15:40893976:A:C:R:wC	166	195	+	10.9167	6.39e-05	0.0508	TCCTTAAAAATGCATCTTTTTTTTTTTTTT
pattern_0		8:6733773:C:T:A:wC	16	45	-	10.9059	6.4e-05	0.168	CCCATGTTTTTTTAAAGGAATAGAAAATAT
pattern_2		3:9827691:C:T:A:wC	22	51	+	7	6.41e-05	0.0307	CTTGTTTTGTTTTGTTTTTTTTTTTTGAGA
pattern_2		7:817334:C:T:R:wC	33	62	+	7	6.41e-05	0.0307	ATCTATATTTTGTGTATTTATGCCAGAAAT
pattern_2		7:112106232:G:C:A:wC	158	187	+	7	6.41e-05	0.0307	TATTTTCTTCCTTCCTTTTTTTGTGTTTTT
pattern_3		6:6569313:G:C:A:wC	140	169	+	9.39024	6.41e-05	0.108	TGGAAAGAGAGACTCCAGGCAGGACAGGAC
pattern_2		2:37995727:C:T:R:wC	13	42	+	6.9881	6.44e-05	0.0309	TATGTTTTTGTCTTTCTTTATTTGAAATAC
pattern_1		17:65109437:G:A:R:wC	34	63	+	10.9048	6.44e-05	0.0508	AGGAGAGATTAATTTTTTTTTTTTAGACAG
pattern_1		4:71736336:G:A:R:wC	51	80	+	10.9048	6.44e-05	0.0508	CTGATCTCTTTTTTTTTTTTTTTTTTTGAG
pattern_1		9:131861118:A:C:R:wC	70	99	+	10.9048	6.44e-05	0.0508	CTTTTTTCTTTTTTTTTTTTTTTTAGATGG
pattern_1		13:91991011:G:T:A:wC	159	188	+	10.9048	6.44e-05	0.0508	TACCTGGATATTTATATCTTTCTTAAGTTT
pattern_3		20:3744468:C:A:R:wC	135	164	-	9.37805	6.45e-05	0.109	TGGGTGGACTTTGCCCACATTGAGAAGTGG
pattern_2		16:2706036:T:C:A:wC	10	39	-	6.97619	6.46e-05	0.031	AATCTTTTTTTTTTTTTTTTTTGAGATGGA
pattern_1		7:141387520:C:T:R:wC	9	38	+	10.8929	6.49e-05	0.0508	TAATTTTTTTTTTTTTTTTTTTTGAGACAG
pattern_1		2:207984514:G:A:A:wC	10	39	+	10.8929	6.49e-05	0.0508	TTTTTTAATTTTTATTGTTTTTGAGACGGT
pattern_1		17:18786776:C:T:R:wC	29	58	+	10.8929	6.49e-05	0.0508	TGTTTTTCTTTCTTTTTTTTTTTTTTTGGT
pattern_1		12:12275828:C:T:R:wC	33	62	-	10.8929	6.49e-05	0.0508	TTTTATTTTTATTTTTATTTTTTTTGAGAC
pattern_1		5:56507824:C:T:A:wC	34	63	-	10.8929	6.49e-05	0.0508	TGTCTCAAAAAAAAAATTTTTTTTTAATTA
pattern_1		17:66185304:G:T:R:wC	39	68	-	10.8929	6.49e-05	0.0508	GCATATCAATATTATAACCATCAATTTTCC
pattern_1		6:42993336:G:A:R:wC	118	147	-	10.8929	6.49e-05	0.0508	TTTTTTTTTTTTTTTTTTTTTTTGAGACAG
pattern_1		8:26049480:C:G:A:wC	147	176	+	10.8929	6.49e-05	0.0508	TTTTTTTTTTTTTTTTTTTTTTTGAGACAG
pattern_1		5:162866548:T:C:R:wC	154	183	+	10.8929	6.49e-05	0.0508	TCATAAACTTGACCTTTTTTTTTTCAGCAC
pattern_1		13:21341377:G:A:R:wC	161	190	-	10.8929	6.49e-05	0.0508	TTTTTTTTTTTTTTTTTTTTTTTGAGACAG
pattern_2		17:45963810:G:A:R:wC	125	154	+	6.95238	6.52e-05	0.0312	TTTAATTTAATTTTTATTTTTATTTTCAGA
pattern_1		1:165734603:T:C:R:wC	4	33	+	10.881	6.54e-05	0.0511	GTTGCAGTTTTATTTTATTTTTATTTTTTT
pattern_1		17:5321413:G:A:R:wC	154	183	-	10.881	6.54e-05	0.0511	TTATAATTATTTTGTGTCTTTTTTTTTTTT
pattern_2		17:13909320:G:C:R:wC	41	70	-	6.94048	6.55e-05	0.0313	TCTTTTTTTTTTTTTTTTTTTTGAGATGGA
pattern_2		22:51194265:A:C:R:wC	132	161	+	6.92857	6.58e-05	0.0315	GTTTCTTTTTATTCTTTTTTCTCTAAACTT
pattern_1		10:43095722:T:C:A:wC	10	39	-	10.869	6.59e-05	0.0513	TGACATTTATAAAATATTCTTCTGCACACT
pattern_1		22:22572199:T:C:A:wC	142	171	+	10.869	6.59e-05	0.0513	ATTTAAATTTCAACTTTTATTTTAAATATA
pattern_2		13:102921869:T:C:R:wC	129	158	+	6.91667	6.61e-05	0.0316	TTTTATTATATTTTATTGTATTTTAGGGAT
pattern_1		2:214027818:C:T:R:wC	50	79	-	10.8571	6.64e-05	0.0516	TGAGCCAATTGATAGATAGATAGATATACC
pattern_1		1:100650664:A:G:A:wC	151	180	+	10.8571	6.64e-05	0.0516	GGTAATTCCTTTTTTTTTTTTTTTTTTTTT
pattern_2		7:155653714:C:T:R:wC	28	57	+	6.90476	6.64e-05	0.0317	TTGCAATCATTTTTCCTCTTTCTTGCAAAA
pattern_2		1:26834960:G:A:A:wC	167	196	-	6.90476	6.64e-05	0.0317	CTCATAGACTCTTTTTTTTTCTTTTTTGAG
pattern_3		16:88549264:C:G:A:wC	70	99	-	9.31707	6.64e-05	0.112	AGCACGCGGAACGATCAGCTCAGCCCGGCT
pattern_0		1:165734603:T:C:R:wC	9	38	-	10.8471	6.66e-05	0.172	TCTCAAAAAAAATAAAAATAAAATAAAACT
pattern_0		8:6738204:T:C:R:wC	11	40	-	10.8471	6.66e-05	0.172	AAATAAATAAAATAAATAAAAAATAAAAAT
pattern_0		19:29454928:G:C:A:wC	12	41	-	10.8471	6.66e-05	0.172	ATCAAAGTTAAATCAAAGTTTTTTTTTTTA
pattern_2		2:132091707:T:G:R:wC	136	165	+	6.89286	6.67e-05	0.0318	AATGGTTTTTTTGTTTTGTTTCATTTTTGT
pattern_3		19:29454928:G:C:A:wC	62	91	+	9.30488	6.68e-05	0.112	GAGATGAGGTCTTGCTCCATCTCCTAGGCT
pattern_3		1:89450981:G:A:R:wC	83	112	-	9.30488	6.68e-05	0.112	GAGCTGAGATTACACAGTGTAGGCAGGCAG
pattern_1		17:18290295:A:G:R:wC	7	36	+	10.8452	6.69e-05	0.0517	TGGTTAATTTTTTTTTTTTTTTTTTGAGAC
pattern_1		17:18290295:A:G:A:wC	7	36	+	10.8452	6.69e-05	0.0517	TGGTTAATTTTTTTTTTTTTTTTTTGAGAC
pattern_1		5:44181510:A:G:A:wC	16	45	+	10.8452	6.69e-05	0.0517	TTGTTAATTTGATATTTTTTTAACAGGTTA
pattern_1		17:73010320:G:C:A:wC	51	80	+	10.8452	6.69e-05	0.0517	GGCCTTTTTTTTTTTTTTTTTTTTTTTTGA
pattern_1		17:13909320:G:C:R:wC	46	75	-	10.8452	6.69e-05	0.0517	GTCTCTCTTTTTTTTTTTTTTTTTTTTGAG
pattern_2		6:35432100:C:T:R:wC	1	30	+	6.88095	6.7e-05	0.0319	ACAGGGTCTTCTTTTTTTTTTTTTTTTTTT
pattern_2		9:79281625:G:C:R:wC	133	162	+	6.88095	6.7e-05	0.0319	TGTCTTTTCTTTTATCTCTTTGTCTTGTGT
pattern_2		3:196859277:T:C:R:wC	125	154	-	6.88095	6.7e-05	0.0319	TTCTGTGACCTTTACATTTTTTTGTGAAAA
pattern_0		19:55130441:C:T:A:wC	130	159	-	10.8353	6.72e-05	0.173	TAAGAATTGTTTTTTAAAAATGTTTTCCTG
pattern_3		19:36642884:T:C:R:wC	66	95	+	9.29268	6.72e-05	0.112	TGGCCTGGGGGTGACCGGGCTGCCTAGAGG
pattern_3		19:36642884:T:C:A:wC	66	95	+	9.29268	6.72e-05	0.112	TGGCCTGGGGGTGACCGGGCTGCCTAGAGG
pattern_2		7:152033193:G:T:R:wC	52	81	-	6.86905	6.73e-05	0.032	ATCGCTCCCTACTGTTTCTTTAGCAGATCC
pattern_1		4:71736336:G:A:R:wC	50	79	+	10.8333	6.74e-05	0.0519	ACTGATCTCTTTTTTTTTTTTTTTTTTTGA
pattern_1		7:128402711:C:T:R:wC	104	133	+	10.8333	6.74e-05	0.0519	TTTGTTTATTTATTTATGTTTTTTTTGAGA
pattern_2		3:14938030:T:C:A:wC	38	67	+	6.85714	6.76e-05	0.0321	CCAGATGTAACTTTTTTTTTTTTTTTTGAG
pattern_2		14:100228342:C:T:R:wC	21	50	-	6.85714	6.76e-05	0.0321	CCCCCAGTTCTCGATTTTTTTTTTTTTTTT
pattern_0		3:184172194:A:G:R:wC	2	31	-	10.8235	6.77e-05	0.174	TACTTCCATCTCTACAAATAATTTTAAAAA
pattern_1		14:74412505:C:T:R:wC	21	50	+	10.8214	6.79e-05	0.0522	CGGCCCATTTTTAAATTTTATTTTATTTTT
pattern_1		8:26049480:C:G:A:wC	146	175	+	10.8214	6.79e-05	0.0522	CTTTTTTTTTTTTTTTTTTTTTTTGAGACA
pattern_2		1:155857540:G:A:R:wC	25	54	+	6.83333	6.82e-05	0.0323	CCCCGCTAATTTTTTTTTTTTTTTTTTTTG
pattern_2		1:55459758:C:A:R:wC	1	30	-	6.83333	6.82e-05	0.0323	TTTCCTTTCTTTTCTTTTCTTTTTGAGAAG
pattern_3		1:43804305:G:C:A:wC	14	43	+	9.2561	6.84e-05	0.113	GCCCCGTGCTTGCCCCCTGAGTTCCCAGAG
pattern_3		3:48632756:A:C:R:wC	42	71	+	9.2561	6.84e-05	0.113	TGCCTGCGCGTCCGCCCGCTCCCGCCGCCG
pattern_1		3:9827691:C:T:A:wC	20	49	+	10.8095	6.84e-05	0.0525	TCCTTGTTTTGTTTTGTTTTTTTTTTTTGA
pattern_2		18:32851132:C:G:A:wC	48	77	-	6.82143	6.85e-05	0.0324	GAGGGTTTTTTTGCTTTTTGCAATAAATCT
pattern_2		7:150043205:G:A:R:wC	101	130	+	6.82143	6.85e-05	0.0324	TTTTTATTATTATTATTTTTTTTTTCAGGA
pattern_2		7:29188870:G:A:R:wC	25	54	+	6.80952	6.88e-05	0.0325	GTCTGTTTCCCTTTTTTTTTTTTTTTTTTT
pattern_2		8:27406850:A:G:A:wC	44	73	+	6.80952	6.88e-05	0.0325	GCTGGTTTCCATTTTCTGTTTTTTTAATAT
pattern_2		5:55805639:C:T:A:wC	95	124	+	6.80952	6.88e-05	0.0325	TCACTTTTCTTTTCTTTTCTTTTCTTTGTG
pattern_1		2:103147561:G:A:A:wC	55	84	+	10.7976	6.89e-05	0.0528	AAATTCTTTTTTTTTTTTTTTTTTGAGACG
pattern_1		13:102921869:T:C:R:wC	117	146	+	10.7976	6.89e-05	0.0528	TTTTGTATTTTATTTTATTATATTTTATTG
pattern_2		7:38067577:C:T:R:wC	52	81	-	6.79762	6.91e-05	0.0326	AGGGTGTGTTTTTGTTTTTGTTTTGGCTTT
pattern_2		8:26049480:C:G:A:wC	136	165	+	6.79762	6.91e-05	0.0326	AATCCAGATACTTTTTTTTTTTTTTTTTTT
pattern_3		1:156806037:A:G:A:wC	6	35	-	9.23171	6.92e-05	0.114	ATCCTGAGGGCCCACTCTGGCTCCCAGCCT
pattern_0		2:207984514:G:A:A:wC	6	35	-	10.7882	6.93e-05	0.177	TCTCAAAAACAATAAAAATTAAAAAAAATG
pattern_0		10:115796337:A:G:R:wC	36	65	-	10.7882	6.93e-05	0.177	CTCAAAAAAAAATAAAAATAAAAATAAAAA
pattern_2		2:24413298:A:G:A:wC	102	131	-	6.78571	6.94e-05	0.0326	TTTCTCTTTTCTTTTCTGTTTCTTGTCTGC
pattern_2		7:152154660:C:T:R:wC	153	182	+	6.78571	6.94e-05	0.0326	CTGTATTTTTTTTTTTTTTGAAACAGAGTC
pattern_2		15:40893976:A:C:R:wC	151	180	-	6.78571	6.94e-05	0.0326	ATGCATTTTTAAGGAATTTTTTTTTTTTTT
pattern_1		16:66052131:A:G:R:wC	10	39	+	10.7857	6.95e-05	0.053	CTCCACACTTGTTTTTTTGTTTTTTTGTTT
pattern_1		9:131861118:A:C:R:wC	55	84	+	10.7857	6.95e-05	0.053	CTTCAGCTTTTTTTTCTTTTTTCTTTTTTT
pattern_1		12:10562802:T:G:A:wC	66	95	-	10.7857	6.95e-05	0.053	ATAAAATATTTCTTTAAAATTTTAACAATT
pattern_3		12:49741717:G:A:A:wC	32	61	+	9.21951	6.96e-05	0.114	TGCACCGAGTTTCCCCGCGAGGGCGGGCGG
pattern_2		10:97351844:C:G:R:wC	169	198	+	6.77381	6.97e-05	0.0327	TTTTTTAACTTCTTTTTTTTTTTTGAGACA
pattern_2		2:65289623:C:T:A:wC	143	172	-	6.77381	6.97e-05	0.0327	GCCCCGCCTCTTTTTTTTTTTTTTTTTTTG
pattern_1		4:14457296:C:T:R:wC	19	48	+	10.7738	7e-05	0.053	GTAGCTATTTATTAACAGTTTTTTTGTTTT
pattern_1		14:105582775:C:T:R:wC	32	61	+	10.7738	7e-05	0.053	CTTTTTCTTTTTTTTTTTTTTTTTTTGAGA
pattern_1		16:2706036:T:C:A:wC	20	49	-	10.7738	7e-05	0.053	ACACCTAGCTAATCTTTTTTTTTTTTTTTT
pattern_1		8:96311217:C:G:R:wC	57	86	+	10.7738	7e-05	0.053	ATATTGATCTATTTTTTTTTTTTTTTTGAG
pattern_1		1:92841991:C:T:R:wC	55	84	-	10.7738	7e-05	0.053	AATAAGATTTCCTTTAATCTTATTTATTCC
pattern_1		1:100650664:A:G:A:wC	155	184	+	10.7738	7e-05	0.053	ATTCCTTTTTTTTTTTTTTTTTTTTTGAGA
pattern_2		8:124542931:T:C:R:wC	22	51	+	6.75	7.03e-05	0.0329	CTCATTAACTTTTTCTTTTTTGAGACAGAG
pattern_2		1:177992625:T:C:R:wC	13	42	-	6.75	7.03e-05	0.0329	TTTTCATTTTACTTTTTTTATTGTGGTAAA
pattern_2		17:46043524:A:G:R:wC	18	47	-	6.75	7.03e-05	0.0329	CACTGTGTTGCTTTTTTCTTTCTTTCTTTC
pattern_0		13:45971741:G:A:R:wC	19	48	+	10.7647	7.05e-05	0.177	TACTAAAAATACAAAAAAAAAATTAGCCGG
pattern_0		19:44294500:C:A:A:wC	127	156	+	10.7647	7.05e-05	0.177	TACTAAAAATACAAAAAAAAAATTAGCCGG
pattern_0		20:30835489:T:C:A:wC	152	181	-	10.7647	7.05e-05	0.177	CCCCGTCTCTATTAAAAATACAAAAAAATT
pattern_3		16:85450100:G:C:A:wC	54	83	+	9.19512	7.05e-05	0.116	CAGGTGGGAGTCCACCGGGCGGTGCTTTCT
pattern_1		12:132577378:G:A:R:wC	9	38	+	10.7619	7.05e-05	0.053	TCTTTTTCTTTTTTTTTTTTTTTGAGACGG
pattern_1		3:183180219:A:G:R:wC	18	47	+	10.7619	7.05e-05	0.053	TTGTAAAATTTACAATTATTTCTAAGTTCT
pattern_1		3:183180219:A:G:A:wC	18	47	+	10.7619	7.05e-05	0.053	TTGTAAAATTTACAATTATTTCTAAGTTCT
pattern_1		12:6763515:G:C:R:wC	70	99	+	10.7619	7.05e-05	0.053	CACTCTATTTTTCTTTTTTTTTTTTTTTGA
pattern_1		2:48631377:T:C:R:wC	153	182	+	10.7619	7.05e-05	0.053	TAATTTTTTTTTATTTTTTATTTTTAGTAG
pattern_1		6:42993336:G:A:R:wC	128	157	-	10.7619	7.05e-05	0.053	CCGGCCTCTATTTTTTTTTTTTTTTTTTTT
pattern_1		15:65566674:G:A:R:wC	171	200	-	10.7619	7.05e-05	0.053	CCTGGATAATTTTTTTTTGTTGTTTGTTTG
pattern_3		7:150020381:G:A:R:wC	73	102	-	9.18293	7.09e-05	0.116	CGCCAGGGGTTACTTCCGGAAGCGCAGCCT
pattern_2		19:29454928:G:C:A:wC	30	59	+	6.72619	7.1e-05	0.0332	TTTAACTTTGATTTTTTTTTTTTTTTTTTT
pattern_2		11:40662499:G:C:A:wC	159	188	-	6.72619	7.1e-05	0.0332	ACTTTTTTTTTTTTTTTTTTTTGAGATGGA
pattern_0		12:53270855:G:A:R:wC	64	93	-	10.7529	7.1e-05	0.177	TCTGTGAAAAATTAAAAATTAAAAAATTAG
pattern_0		7:116515781:A:T:A:wC	80	109	-	10.7529	7.1e-05	0.177	CAAAAAATTAAAAAAAAAAAAAATTAGCCA
pattern_1		6:135845145:C:T:A:wC	7	36	-	10.75	7.11e-05	0.0531	TCTCAAAATAATAATAATAATAATAATAAA
pattern_1		8:130252108:G:A:A:wC	58	87	-	10.75	7.11e-05	0.0531	CTTTAACTTTGTTATTTAGTTACTCAGTTA
pattern_1		13:102921869:T:C:R:wC	120	149	+	10.75	7.11e-05	0.0531	TGTATTTTATTTTATTATATTTTATTGTAT
pattern_1		17:35415419:C:T:A:wC	128	157	+	10.75	7.11e-05	0.0531	TATTTATTTATTTATTTATTTATTTAGAGA
pattern_2		7:141387520:C:T:R:wC	3	32	+	6.71429	7.13e-05	0.0333	CTCGGCTAATTTTTTTTTTTTTTTTTTTTG
pattern_3		1:47061655:C:A:A:wC	96	125	+	9.17073	7.13e-05	0.116	CTCAAGTGATTTGCCTGTCTCAGCCTCCCA
pattern_3		14:78374292:C:T:R:wC	105	134	+	9.17073	7.13e-05	0.116	AACGTGGGCTTGGTCAAGGCTGCCCAGGAA
pattern_2		1:155857540:G:A:R:wC	23	52	+	6.70238	7.16e-05	0.0334	CACCCCGCTAATTTTTTTTTTTTTTTTTTT
pattern_2		1:155857540:G:A:R:wC	32	61	+	6.70238	7.16e-05	0.0334	AATTTTTTTTTTTTTTTTTTTTGAGATGGA
pattern_2		17:64305051:A:G:R:wC	45	74	+	6.70238	7.16e-05	0.0334	TCTAATTTTGTTTTTTTTTTCCTCGGTTTT
pattern_2		8:23518058:C:T:A:wC	147	176	+	6.70238	7.16e-05	0.0334	CTCCAAGACATTTGTTTCTTCAGTCCTCTT
pattern_1		16:2706036:T:C:A:wC	13	42	-	10.7381	7.16e-05	0.0535	GCTAATCTTTTTTTTTTTTTTTTTTGAGAT
pattern_2		13:85136540:G:A:A:wC	170	199	+	6.69048	7.19e-05	0.0335	CACCCAGCTCTAGTTATTTTTTTTTAATCT
pattern_1		17:73010320:G:C:A:wC	46	75	+	10.7262	7.21e-05	0.0538	TCTGGGGCCTTTTTTTTTTTTTTTTTTTTT
pattern_3		12:131850586:C:G:A:wC	97	126	+	9.14634	7.22e-05	0.117	TGGGAGGTGTCCCTCTCGGCTGAGCAGGTG
pattern_2		8:129003458:G:A:R:wC	4	33	+	6.67857	7.22e-05	0.0335	GTAGCTCTTTTTTTTCTTTTCTTTCTTTTT
pattern_2		9:23829702:A:G:R:wC	35	64	+	6.67857	7.22e-05	0.0335	CTGATTACTCTTTTATTTATTCTTCCTAAA
pattern_2		2:103147561:G:A:A:wC	57	86	+	6.67857	7.22e-05	0.0335	ATTCTTTTTTTTTTTTTTTTTTGAGACGGA
pattern_2		10:11843379:G:A:R:wC	120	149	+	6.67857	7.22e-05	0.0335	GATGATACATCTTTTTTTTTTTTTTTTTTT
pattern_0		13:72566436:G:A:R:wC	9	38	-	10.7176	7.27e-05	0.18	GCTAAGAAGTCTTCAATAAATAAATGTCTG
pattern_0		2:75120525:C:A:R:wC	13	42	-	10.7176	7.27e-05	0.18	GTTAAAATTTATTAATAATAGTTAACATCA
pattern_2		12:132577378:G:A:R:wC	10	39	+	6.65476	7.29e-05	0.0338	CTTTTTCTTTTTTTTTTTTTTTGAGACGGA
pattern_2		13:50179454:T:C:A:wC	143	172	+	6.65476	7.29e-05	0.0338	TTGTTTGTTTTTTCTTTTTTTTGAGACAGG
pattern_3		11:10563823:C:T:R:wC	137	166	+	9.12195	7.3e-05	0.118	GTGCACCATTATTTCCCTGACAGCCAGCAT
pattern_2		2:132091707:T:G:R:wC	14	43	+	6.64286	7.32e-05	0.0339	TATTCAATTTTTGTTGTTTTTTGTTATTAT
pattern_2		1:21768191:G:C:R:wC	108	137	-	6.64286	7.32e-05	0.0339	AATTCATTACTTTTTTTTTTTTTTTTTTTG
pattern_1		19:57970368:A:G:R:wC	4	33	+	10.7024	7.32e-05	0.0543	TTCTTTGCTTTCTTTTTTTTTTTTTTTTGA
pattern_1		2:132091707:T:G:R:wC	5	34	+	10.7024	7.32e-05	0.0543	TTTCCCATTTATTCAATTTTTGTTGTTTTT
pattern_1		6:35432100:C:T:R:wC	9	38	+	10.7024	7.32e-05	0.0543	TTCTTTTTTTTTTTTTTTTTTTTTTGAGAC
pattern_2		9:37715574:G:C:R:wC	155	184	+	6.63095	7.35e-05	0.0339	GCTCATATCCTTTGAATTGTCTCTTTAAAA
pattern_1		3:98304788:A:C:R:wC	18	47	+	10.6905	7.38e-05	0.0543	TCTTTTTCTTTTCTTTTCTTTTTTTTTTTG
pattern_1		17:581967:C:T:A:wC	8	37	-	10.6905	7.38e-05	0.0543	CTGTCTCAAAAAAATATATATATATATATA
pattern_1		9:131861118:A:C:R:wC	69	98	+	10.6905	7.38e-05	0.0543	TCTTTTTTCTTTTTTTTTTTTTTTTAGATG
pattern_1		17:13909320:G:C:R:wC	45	74	-	10.6905	7.38e-05	0.0543	TCTCTCTTTTTTTTTTTTTTTTTTTTGAGA
pattern_1		20:62395318:T:C:R:wC	95	124	+	10.6905	7.38e-05	0.0543	TTTTTTCTTTTTCTTTTTTTTTTAAATAAG
pattern_1		17:45963810:G:A:R:wC	102	131	+	10.6905	7.38e-05	0.0543	TCAACCTTTTTATTTTATTTTATTTTAATT
pattern_1		1:75263485:A:T:A:wC	159	188	+	10.6905	7.38e-05	0.0543	TTAACCATTTTGTTTCTACTTTCTAATCTT
pattern_2		10:72169888:C:G:A:wC	22	51	+	6.61905	7.38e-05	0.0339	AAGGGAGCTGCTTTTTTTTTTCTTTCTTTC
pattern_2		7:131007371:G:A:A:wC	48	77	+	6.61905	7.38e-05	0.0339	TTTTTTTTTTTTTTTTTTTTTTGAGACGGA
pattern_2		17:73010320:G:C:A:wC	57	86	+	6.61905	7.38e-05	0.0339	TTTTTTTTTTTTTTTTTTTTTTGAGACGGA
pattern_2		5:172382175:A:G:A:wC	60	89	+	6.61905	7.38e-05	0.0339	TTTTTTTTTTTTTTTTTTTTTTGAGACGGA
pattern_2		12:57079586:A:G:R:wC	71	100	+	6.61905	7.38e-05	0.0339	TTTTTTTTTTTTTTTTTTTTTTGAGACGGA
pattern_2		1:26377185:G:A:R:wC	73	102	+	6.61905	7.38e-05	0.0339	TTTTTTTTTTTTTTTTTTTTTTGAGACGGA
pattern_2		20:5942955:C:A:R:wC	155	184	+	6.61905	7.38e-05	0.0339	TTTTTTTTTTTTTTTTTTTTTTGAGACGGA
pattern_2		12:516880:A:G:R:wC	170	199	+	6.61905	7.38e-05	0.0339	TTTTTTTTTTTTTTTTTTTTTTGAGACGGA
pattern_3		2:61378186:C:A:A:wC	24	53	+	9.09756	7.39e-05	0.119	AGAATTGGCTGGTCCCAGGAGGGGCAGCCT
pattern_0		1:75263485:A:T:A:wC	3	32	-	10.6941	7.39e-05	0.18	AGCATCAAACTATAAATTAAAATTATAAAA
pattern_0		5:33413242:C:G:R:wC	42	71	-	10.6941	7.39e-05	0.18	CTTATTTTTTCATATAAAAATATAGGAGTA
pattern_0		12:53210503:G:A:A:wC	114	143	-	10.6941	7.39e-05	0.18	ACAAAAAAAAAAAAAAAAAAAATTAGCTGG
pattern_0		2:99999611:G:A:A:wC	158	187	-	10.6941	7.39e-05	0.18	AAATGTAATAATGAAAAAGTTTGAAATATT
pattern_3		22:20708994:C:T:A:wC	56	85	-	9.08537	7.43e-05	0.119	GCCCTGGGCGGCGACCTCGTTAGCGACGCC
pattern_3		3:38047954:G:C:R:wC	152	181	+	9.08537	7.43e-05	0.119	GCCCTCAAGGGCTCCCAGGACAGCTCAGAG
pattern_1		1:76223816:T:C:A:wC	20	49	+	10.6786	7.43e-05	0.0543	TTTACTTTTTTTTTAATTATTATTTTTTTC
pattern_1		2:99999611:G:A:A:wC	23	52	+	10.6786	7.43e-05	0.0543	TTTGTGTATAGTTTTTTTTTTTTAAATACA
pattern_1		7:29188870:G:A:R:wC	33	62	+	10.6786	7.43e-05	0.0543	CCCTTTTTTTTTTTTTTTTTTTTTGAGACA
pattern_1		1:228371551:G:A:A:wC	63	92	-	10.6786	7.43e-05	0.0543	ACGTTTCTTTTTTTTTTTTTTTTTTGGAGA
pattern_1		13:102921869:T:C:R:wC	110	139	+	10.6786	7.43e-05	0.0543	TATTTTATTTTGTATTTTATTTTATTATAT
pattern_1		1:57229256:A:G:R:wC	164	193	+	10.6786	7.43e-05	0.0543	TTGCTAGAAGTTTATCTATTTTTTCAGCCT
pattern_1		8:27406850:A:G:A:wC	150	179	-	10.6786	7.43e-05	0.0543	GTATAATAATAATAAATAAATTTAAAAAAA
pattern_2		12:121424406:G:A:R:wC	70	99	+	6.59524	7.45e-05	0.0341	CTTTTTGTTTGTTTGTTTGTTTTTTGAGAC
pattern_2		2:170295503:C:T:R:wC	108	137	+	6.59524	7.45e-05	0.0341	TTTTTTTTCCTTTTTTTTATTTTCCTTTTT
pattern_2		2:228715375:C:T:R:wC	114	143	+	6.59524	7.45e-05	0.0341	AGCAGAACCTTTTTGTTCATTTTCAGAAAA
pattern_2		7:133771146:C:T:A:wC	158	187	+	6.59524	7.45e-05	0.0341	CATAATTTCTTTTCCTTTCTTTTTTAAGTT
pattern_2		17:18290295:A:G:A:wC	4	33	+	6.58333	7.48e-05	0.0342	TTTTGGTTAATTTTTTTTTTTTTTTTTTGA
pattern_2		17:18290295:A:G:R:wC	4	33	+	6.58333	7.48e-05	0.0342	TTTTGGTTAATTTTTTTTTTTTTTTTTTGA
pattern_2		1:155857540:G:A:R:wC	24	53	+	6.58333	7.48e-05	0.0342	ACCCCGCTAATTTTTTTTTTTTTTTTTTTT
pattern_2		17:45963810:G:A:R:wC	107	136	+	6.58333	7.48e-05	0.0342	CTTTTTATTTTATTTTATTTTAATTTAATT
pattern_1		11:77870638:A:T:R:wC	101	130	+	10.6667	7.49e-05	0.0546	GTCTGAATTTTCTTTTTTTTTTTCCTTTTT
pattern_1		13:91991011:G:T:A:wC	161	190	+	10.6667	7.49e-05	0.0546	CCTGGATATTTATATCTTTCTTAAGTTTTG
pattern_1		2:31820256:A:G:A:wC	139	168	-	10.6667	7.49e-05	0.0546	ATTTATCTTTTGTATTGATTTTTTCTTTCA
pattern_0		7:149575004:C:A:A:wC	34	63	-	10.6706	7.51e-05	0.182	GTTTATGTTTTGTAAATATAATTTCTAGGC
pattern_0		17:77796889:G:C:R:wC	130	159	+	10.6706	7.51e-05	0.182	TGTGATTTTTTTTTAACTTTTATTTTAAGT
pattern_2		17:66215837:A:T:A:wC	94	123	+	6.57143	7.51e-05	0.0343	TCTGGCTAATTTTTTTTTTTTTTTTGTAGA
pattern_2		7:152154660:C:T:R:wC	142	171	+	6.57143	7.51e-05	0.0343	CGCCACCATGACTGTATTTTTTTTTTTTTT
pattern_2		8:27587944:G:C:A:wC	148	177	+	6.57143	7.51e-05	0.0343	GCTTCTGCCTTTGATTTTTTTTTTTTTTTT
pattern_3		1:209830607:G:A:A:wC	43	72	+	9.06098	7.52e-05	0.12	CAGCAGGGTTTCCTCCTTCATACCAACAGG
pattern_3		19:3120511:C:T:A:wC	129	158	-	9.06098	7.52e-05	0.12	CACCCACGGTGCCCCTGCTGCAGCCAGGCC
pattern_1		22:23910746:G:A:A:wC	28	57	-	10.6548	7.55e-05	0.0546	AGCTCCATTTTTTTTTTTTTTTTTTGAGAC
pattern_1		17:13909320:G:C:R:wC	47	76	-	10.6548	7.55e-05	0.0546	GGTCTCTCTTTTTTTTTTTTTTTTTTTTGA
pattern_1		13:50179454:T:C:A:wC	127	156	+	10.6548	7.55e-05	0.0546	TGTTTTGCATTTTTTTTTGTTTGTTTTTTC
pattern_1		8:30029914:G:A:R:wC	142	171	+	10.6548	7.55e-05	0.0546	AGTGATATTTACAAATTTTTTTTTTTTTGA
pattern_1		2:97005275:G:A:A:wC	148	177	-	10.6548	7.55e-05	0.0546	TTCTCTTTTTTTTTTTTTTTTTTTGAGACA
pattern_2		1:235583690:C:T:R:wC	33	62	+	6.55952	7.55e-05	0.0344	TCATGCAGTTCTTTTTTTTTTTTTTGAGAT
pattern_2		5:142052130:T:C:R:wC	36	65	+	6.55952	7.55e-05	0.0344	TTTTTTTTTTTTTTTTTTTTTTGAAACCAA
pattern_0		8:6738204:T:C:R:wC	4	33	-	10.6588	7.57e-05	0.182	TAAAATAAATAAAAAATAAAAATAAAATTT
pattern_0		8:27406850:A:G:A:wC	146	175	-	10.6588	7.57e-05	0.182	AATAATAATAAATAAATTTAAAAAAAGGAA
pattern_2		17:47342782:C:T:R:wC	23	52	+	6.54762	7.58e-05	0.0345	TTCTTTCCTTTCTTTCTTTTTTTTCACGGA
pattern_2		6:41578661:G:A:A:wC	101	130	-	6.54762	7.58e-05	0.0345	CTGTATATCTTTGTTTTTTTTGCCTCCCAC
pattern_1		14:100228342:C:T:R:wC	14	43	-	10.6429	7.6e-05	0.0549	TTCTCGATTTTTTTTTTTTTTTTTGAGACA
pattern_1		2:103147561:G:A:A:wC	54	83	+	10.6429	7.6e-05	0.0549	TAAATTCTTTTTTTTTTTTTTTTTTGAGAC
pattern_1		13:50179454:T:C:A:wC	131	160	+	10.6429	7.6e-05	0.0549	TTGCATTTTTTTTTGTTTGTTTTTTCTTTT
pattern_3		2:112763148:G:A:R:wC	3	32	+	9.03659	7.61e-05	0.121	ATGACCAGATTTCACTGGCAGAGCAAGGCA
pattern_2		22:24339438:G:T:A:wC	47	76	+	6.53571	7.61e-05	0.0346	CTGGTTTCCATTTCATTTTTTCATTTTTGT
pattern_2		15:40893976:A:C:R:wC	145	174	-	6.53571	7.61e-05	0.0346	TTTTAAGGAATTTTTTTTTTTTTTTGAGAC
pattern_0		19:57807525:G:A:A:wC	54	83	+	10.6471	7.63e-05	0.182	TATAATTTTTTTTAATTTTTTTTTTGAGAT
pattern_2		7:152154660:C:T:R:wC	151	180	+	6.52381	7.65e-05	0.0347	GACTGTATTTTTTTTTTTTTTGAAACAGAG
pattern_2		2:97005275:G:A:A:wC	146	175	-	6.52381	7.65e-05	0.0347	CTCTTTTTTTTTTTTTTTTTTTGAGACAGA
pattern_3		17:1970201:C:A:A:wC	90	119	-	9.02439	7.65e-05	0.121	CCGCAGACCTGACCCCAGCTTGGAGAAGCC
pattern_3		3:33101719:T:C:A:wC	132	161	-	9.02439	7.65e-05	0.121	GACCAGTGAAGTCTCTGTCCTGGGCATGCG
pattern_1		22:38309938:G:A:A:wC	39	68	+	10.631	7.66e-05	0.055	CCAACTCTTTTTTTTTTTTTTTTGATACAG
pattern_1		10:70633047:C:A:A:wC	64	93	+	10.631	7.66e-05	0.055	GCATTTTTTTTTTTTTTTTTTTTTGAGACG
pattern_1		16:21743592:C:A:R:wC	141	170	+	10.631	7.66e-05	0.055	TTTTCTTATGTTTAGATGTTTATTATTATT
pattern_1		9:33397073:T:C:R:wC	133	162	-	10.631	7.66e-05	0.055	ATTAATTATTAATCAAGCTTTTTTTTTTTT
pattern_2		1:172779584:A:G:R:wC	107	136	+	6.5119	7.68e-05	0.0348	TGGCCTGAAGTTTTCTTTTTTTGTTATGTC
pattern_2		15:81028554:T:G:A:wC	148	177	+	6.5119	7.68e-05	0.0348	AAACGTGTTTTTGTTTTTTTTGACAGTTCC
pattern_0		1:76223816:T:C:A:wC	16	45	-	10.6353	7.69e-05	0.182	AAAATAATAATTAAAAAAAAAGTAAAAAAA
pattern_0		2:10890905:A:G:A:wC	54	83	+	10.6353	7.69e-05	0.182	ACAAATAACTACTCAAAATATTATAGGGGA
pattern_3		22:50342728:G:T:R:wC	32	61	-	9.0122	7.7e-05	0.121	TAGGTGCGGAGTCTCTCTGGGGCGCCAGTG
pattern_3		21:37829508:C:T:R:wC	132	161	-	9.0122	7.7e-05	0.121	GCCAAGATGGAATCCCATGGGAAACAGGAA
pattern_2		8:1811037:C:T:A:wC	4	33	+	6.5	7.71e-05	0.0349	CTTTTTTTTTTTTTTTTTTTTTGAGACAGA
pattern_2		7:29188870:G:A:R:wC	35	64	+	6.5	7.71e-05	0.0349	CTTTTTTTTTTTTTTTTTTTTTGAGACAGA
pattern_2		1:100650664:A:G:A:wC	159	188	+	6.5	7.71e-05	0.0349	CTTTTTTTTTTTTTTTTTTTTTGAGACAGA
pattern_1		7:29188870:G:A:R:wC	34	63	+	10.619	7.72e-05	0.0553	CCTTTTTTTTTTTTTTTTTTTTTGAGACAG
pattern_1		3:11264732:A:G:R:wC	68	97	-	10.619	7.72e-05	0.0553	CCAGCTAATTTTTGTATTTTTAGTAGAGGT
pattern_1		1:100650664:A:G:A:wC	158	187	+	10.619	7.72e-05	0.0553	CCTTTTTTTTTTTTTTTTTTTTTGAGACAG
pattern_3		16:5925990:C:G:R:wC	3	32	+	9	7.74e-05	0.122	GGAGTGCAGTGGCGCCATCTGGGCTCACTG
pattern_2		22:38309938:G:A:A:wC	43	72	+	6.4881	7.75e-05	0.035	CTCTTTTTTTTTTTTTTTTGATACAGAGTT
pattern_1		17:18786776:C:T:R:wC	23	52	+	10.6071	7.77e-05	0.0555	TTTAGCTGTTTTTCTTTCTTTTTTTTTTTT
pattern_1		12:6763515:G:C:R:wC	67	96	+	10.6071	7.77e-05	0.0555	GCTCACTCTATTTTTCTTTTTTTTTTTTTT
pattern_2		13:53862742:C:T:A:wC	79	108	+	6.47619	7.78e-05	0.035	CCCGTATTTTTCTAGTTTCTTTTTTTGGAA
pattern_2		2:219279673:T:G:R:wC	80	109	+	6.47619	7.78e-05	0.035	ATTTTTGTTTTGTTTTTTTTTTGTGTGTGT
pattern_2		1:204262260:T:C:A:wC	100	129	+	6.47619	7.78e-05	0.035	CCAGACTTTTTTTTTTTCTTTGAGATGGAG
pattern_2		11:8043412:G:A:R:wC	141	170	-	6.47619	7.78e-05	0.035	TTCTTTTTTTTTTTTTTTTTGAGCTGGAGT
pattern_3		16:11433103:G:C:A:wC	43	72	-	8.9878	7.79e-05	0.122	CTCACAGAGTATCACCAGGTCATGTGAAAG
pattern_3		10:70633047:C:A:A:wC	118	147	+	8.9878	7.79e-05	0.122	GGAATGCAGTGGTGCCATCTTGGCTCACTG
pattern_2		19:57807525:G:A:A:wC	58	87	+	6.46429	7.81e-05	0.0351	ATTTTTTTTAATTTTTTTTTTGAGATGGAG
pattern_2		2:65289623:C:T:A:wC	144	173	-	6.46429	7.81e-05	0.0351	CGCCCCGCCTCTTTTTTTTTTTTTTTTTTT
pattern_1		14:23631372:G:A:R:wC	13	42	-	10.5952	7.83e-05	0.0557	TTTGTTGAATACTTTTTTTTTTTAATCCAC
pattern_1		17:66185304:G:T:R:wC	68	97	+	10.5952	7.83e-05	0.0557	CCATGTAAATAAACTTTTTTTGATTGTTAT
pattern_1		9:104148858:A:G:R:wC	39	68	-	10.5952	7.83e-05	0.0557	TTTAAAAATTATATTATTCTTCCTTTATCA
pattern_1		1:21768191:G:C:R:wC	104	133	-	10.5952	7.83e-05	0.0557	CATTACTTTTTTTTTTTTTTTTTTTGAGAT
pattern_2		20:32080308:A:G:A:wC	103	132	+	6.45238	7.85e-05	0.0352	TACATTTTTGTTTTCTTTTTTCCTTTTTTT
pattern_2		8:126354850:C:A:R:wC	153	182	+	6.45238	7.85e-05	0.0352	TTACTTTCATTTTATTTCTTCCTTCCAGTC
pattern_0		8:27406850:A:G:A:wC	2	31	-	10.6	7.88e-05	0.185	TCTGGTGGTTCTTCAAAATATTAAACATAG
pattern_0		9:109781455:G:A:R:wC	17	46	-	10.6	7.88e-05	0.185	GCTGCATATTTTTACTTAGATATTTTAAAA
pattern_3		14:105334196:C:A:A:wC	37	66	+	8.96341	7.88e-05	0.122	ATGCTGTCCTTGCACCATGCCCACCAAAGG
pattern_3		4:154433865:A:C:A:wC	49	78	+	8.96341	7.88e-05	0.122	GGAATGCAGTGGCTCAATCTCAGCTCACTG
pattern_2		7:817334:C:T:R:wC	24	53	+	6.44048	7.88e-05	0.0353	AATGTGATTATCTATATTTTGTGTATTTAT
pattern_2		17:45963810:G:A:R:wC	108	137	+	6.44048	7.88e-05	0.0353	TTTTTATTTTATTTTATTTTAATTTAATTT
pattern_1		7:29188870:G:A:R:wC	27	56	+	10.5833	7.89e-05	0.0559	CTGTTTCCCTTTTTTTTTTTTTTTTTTTTT
pattern_1		10:88533607:C:A:R:wC	17	46	-	10.5833	7.89e-05	0.0559	CTTAGTCTATTTAAGATATCTTTTTCTTTC
pattern_1		17:60637258:C:A:A:wC	122	151	+	10.5833	7.89e-05	0.0559	ACAACATATAGAAATGATTTTTTTTTCTCT
pattern_2		1:44122473:T:G:R:wC	20	49	+	6.42857	7.92e-05	0.0354	CTACTCCATCTTTTTTTTTTTTTGAGGTGG
pattern_2		1:172779584:A:G:R:wC	110	139	+	6.42857	7.92e-05	0.0354	CCTGAAGTTTTCTTTTTTTGTTATGTCTCT
pattern_1		17:60637258:C:A:A:wC	10	39	-	10.5714	7.95e-05	0.0561	CTCATAACATATCATCTATTTGTAAATGAT
pattern_1		7:131007371:G:A:A:wC	45	74	+	10.5714	7.95e-05	0.0561	CTTTTTTTTTTTTTTTTTTTTTTTTGAGAC
pattern_1		17:73010320:G:C:A:wC	54	83	+	10.5714	7.95e-05	0.0561	CTTTTTTTTTTTTTTTTTTTTTTTTGAGAC
pattern_1		12:57079586:A:G:R:wC	68	97	+	10.5714	7.95e-05	0.0561	CTTTTTTTTTTTTTTTTTTTTTTTTGAGAC
pattern_2		1:63177539:G:T:A:wC	28	57	+	6.41667	7.95e-05	0.0355	CCTTTAGATATTTTTTTTTGTTACAGCTGG
pattern_2		17:13909320:G:C:R:wC	50	79	-	6.41667	7.95e-05	0.0355	TCAGGTCTCTCTTTTTTTTTTTTTTTTTTT
pattern_2		22:27509227:G:T:R:wC	71	100	-	6.41667	7.95e-05	0.0355	CAACAGCTTCTTTGTCTGGTTCTCTCAGAA
pattern_2		17:77796889:G:C:R:wC	130	159	+	6.41667	7.95e-05	0.0355	TGTGATTTTTTTTTAACTTTTATTTTAAGT
pattern_3		17:44313277:C:T:A:wC	48	77	-	8.93902	7.97e-05	0.123	GAGACAGAGTTTCATTCTTGTTGCCCAGGC
pattern_3		10:70633047:C:A:A:wC	88	117	+	8.93902	7.97e-05	0.123	GAGACGGAGTCTAGCTCTGTCACCCAGGCT
pattern_3		8:142233396:C:A:R:wC	115	144	+	8.93902	7.97e-05	0.123	TGGGTGAGAGTTTACACGGCAGACCCGGGT
pattern_2		22:46664638:G:A:R:wC	22	51	+	6.40476	7.99e-05	0.0356	TGTTTTTTTGTTTTGTTTTGTTTTGTTTTG
pattern_2		10:70633047:C:A:A:wC	66	95	+	6.40476	7.99e-05	0.0356	ATTTTTTTTTTTTTTTTTTTTTGAGACGGA
pattern_0		13:102614474:T:C:A:wC	34	63	-	10.5765	8e-05	0.188	TAAAACCATTATTTTAAAATTCATATGGAG
pattern_1		1:3793240:T:C:R:wC	19	48	-	10.5595	8.01e-05	0.0561	TTATTTCATTGTTCATTAGCTTTTAATTCT
pattern_1		7:99915673:C:T:A:wC	20	49	-	10.5595	8.01e-05	0.0561	TTCTTTTTTTTTTTTTTTTTTTTTGAGACG
pattern_1		1:26377185:G:A:R:wC	69	98	+	10.5595	8.01e-05	0.0561	CCTCTTTTTTTTTTTTTTTTTTTTTTGAGA
pattern_1		17:77796889:G:C:R:wC	129	158	+	10.5595	8.01e-05	0.0561	ATGTGATTTTTTTTTAACTTTTATTTTAAG
pattern_1		5:21458188:C:A:R:wC	138	167	+	10.5595	8.01e-05	0.0561	AGGTTAATATTTGATAAATTTTCTACACAT
pattern_1		9:127027412:C:T:A:wC	165	194	-	10.5595	8.01e-05	0.0561	TAACATTTTTCTCAGATATATTTAACCACT
pattern_2		19:18812472:A:G:A:wC	37	66	+	6.39286	8.02e-05	0.0357	ATAGGATTTTTGTTTTTTGTTTTTTGAGAC
pattern_2		13:53862742:C:T:A:wC	80	109	+	6.39286	8.02e-05	0.0357	CCGTATTTTTCTAGTTTCTTTTTTTGGAAC
pattern_2		9:138446714:C:G:R:wC	99	128	+	6.39286	8.02e-05	0.0357	ACTTGAGTTGTTTACATCTTTTGGTTCTTC
pattern_0		11:17346379:C:T:A:wC	49	78	+	10.5647	8.06e-05	0.188	TATTTATTTATTTATTTATTTATTTATTTA
pattern_0		11:17346379:C:T:A:wC	53	82	+	10.5647	8.06e-05	0.188	TATTTATTTATTTATTTATTTATTTATTTA
pattern_1		1:205755144:T:C:R:wC	4	33	+	10.5476	8.07e-05	0.0563	ATAGGACATAACTTTTTTTTTTTTTTTTTG
pattern_1		3:197326771:T:G:R:wC	42	71	+	10.5476	8.07e-05	0.0563	AAAGGCAATTCTACACTATTTTTTTTTGTT
pattern_1		22:22572199:T:C:A:wC	125	154	+	10.5476	8.07e-05	0.0563	CTTAATACATATTTTTAATTTAAATTTCAA
pattern_1		15:75030323:C:T:R:wC	117	146	-	10.5476	8.07e-05	0.0563	TCATTGGTTTTTTTTTTTTTTTTTTGAGAC
pattern_2		11:12418784:C:A:A:wC	82	111	+	6.36905	8.09e-05	0.036	ATCTTTCATTTATTTATTATTATTTTTAGA
pattern_3		7:29253908:T:G:R:wC	133	162	-	8.90244	8.11e-05	0.125	AGGGAGAGGGTACTCCAGCTCCTGCATAGG
pattern_2		7:128402711:C:T:R:wC	104	133	+	6.35714	8.13e-05	0.0361	TTTGTTTATTTATTTATGTTTTTTTTGAGA
pattern_0		7:37971866:A:T:A:wC	110	139	+	10.5529	8.13e-05	0.188	GCATTTTTAATTTCTAAATTTTTAAAATTT
pattern_0		7:128402711:C:T:R:wC	102	131	-	10.5529	8.13e-05	0.188	TCAAAAAAAACATAAATAAATAAACAAATA
pattern_1		8:124542931:T:C:R:wC	3	32	+	10.5357	8.13e-05	0.0565	CTTCATCATTAATATTTTGCTCATTAACTT
pattern_1		16:2706036:T:C:A:wC	12	41	-	10.5357	8.13e-05	0.0565	CTAATCTTTTTTTTTTTTTTTTTTGAGATG
pattern_1		20:32080308:A:G:A:wC	102	131	+	10.5357	8.13e-05	0.0565	CTACATTTTTGTTTTCTTTTTTCCTTTTTT
pattern_1		6:3134826:G:A:R:wC	108	137	+	10.5357	8.13e-05	0.0565	CTAATTTTTTTTTTTTTTTTTTTTGAGACG
pattern_1		7:141387520:C:T:R:wC	2	31	+	10.5238	8.19e-05	0.0567	ACTCGGCTAATTTTTTTTTTTTTTTTTTTT
pattern_1		3:64601375:C:T:A:wC	84	113	-	10.5238	8.19e-05	0.0567	ACAAGCCATTTCCAGTTTTATTTTTATATG
pattern_1		12:101690279:G:T:R:wC	164	193	-	10.5238	8.19e-05	0.0567	TTGTATTTTTCTTTTTTTTTTTTTGAGATG
pattern_2		7:23725908:G:A:A:wC	68	97	+	6.33333	8.2e-05	0.0364	TCCAACTCAACTTTTTTTTTTTTTTGAGAC
pattern_3		6:71298959:G:C:R:wC	57	86	+	8.87805	8.21e-05	0.126	GGAGTGGAGTGGCACTATCCCAACTCACTG
pattern_2		6:71298959:G:C:R:wC	6	35	+	6.32143	8.23e-05	0.0364	AGAAATGATTCTTGTTTTTTTGAGACAGAG
pattern_2		7:152154660:C:T:R:wC	146	175	+	6.32143	8.23e-05	0.0364	ACCATGACTGTATTTTTTTTTTTTTTGAAA
pattern_2		8:27587944:G:C:A:wC	153	182	+	6.32143	8.23e-05	0.0364	TGCCTTTGATTTTTTTTTTTTTTTTTAATC
pattern_2		7:100177174:T:C:R:wC	138	167	-	6.32143	8.23e-05	0.0364	TGCCTTTTTTTTTTTTTTTTTTGAGACAGA
pattern_1		7:116515781:A:T:A:wC	88	117	+	10.5119	8.25e-05	0.0569	TTTTTTTTTTTTTAATTTTTTGTAGATACA
pattern_1		7:29253908:T:G:R:wC	101	130	+	10.5119	8.25e-05	0.0569	CCCTCACATTTTGTTAATGTTTTACCTCTT
pattern_1		8:23082971:G:T:A:wC	118	147	+	10.5119	8.25e-05	0.0569	GCCTTTTTTTTTTTTTTTTTTTTTTGAGAT
pattern_3		12:31253995:C:T:R:wC	155	184	-	8.86585	8.26e-05	0.126	CTGGCTGGGACTGACCATCTGAGGCAGCTC
pattern_0		6:135845145:C:T:A:wC	1	30	-	10.5294	8.26e-05	0.188	AATAATAATAATAATAATAATAAAATAAAA
pattern_0		7:149575004:C:A:A:wC	36	65	-	10.5294	8.26e-05	0.188	GAGTTTATGTTTTGTAAATATAATTTCTAG
pattern_2		3:98304788:A:C:R:wC	15	44	+	6.30952	8.27e-05	0.0365	TCCTCTTTTTCTTTTCTTTTCTTTTTTTTT
pattern_3		19:16240727:T:C:R:wC	4	33	+	8.85366	8.3e-05	0.127	TGCCCGGTGAATCCCCAGGCTAGCAGGGAG
pattern_2		19:4413735:C:T:R:wC	16	45	+	6.29762	8.3e-05	0.0365	TTGCCTTCTTTATTATTTCTTCTTTAAAAT
pattern_2		7:64460675:A:T:A:wC	20	49	+	6.29762	8.3e-05	0.0365	GCACTTTCTTTTTTGTTTTTTTTTGAGATG
pattern_2		22:46664638:G:A:R:wC	29	58	+	6.29762	8.3e-05	0.0365	TTGTTTTGTTTTGTTTTGTTTTGTTTTGTT
pattern_2		8:21951598:C:T:R:wC	47	76	+	6.29762	8.3e-05	0.0365	CTGTATCATTTTGCTTTTCTTTGGGGGACT
pattern_2		17:73933290:T:C:R:wC	57	86	+	6.29762	8.3e-05	0.0365	TCAAAAACATTTTTTTTTTTTTTGAGACGG
pattern_2		17:66215837:A:T:A:wC	93	122	+	6.29762	8.3e-05	0.0365	ATCTGGCTAATTTTTTTTTTTTTTTTGTAG
pattern_2		6:3134826:G:A:R:wC	103	132	+	6.29762	8.3e-05	0.0365	CCTGGCTAATTTTTTTTTTTTTTTTTTTTG
pattern_2		4:119517066:G:A:R:wC	121	150	-	6.29762	8.3e-05	0.0365	TGGTGGCTCGTTGGTCTTTGTCTCTTAGAA
pattern_2		1:68013593:G:A:A:wC	170	199	+	6.29762	8.3e-05	0.0365	TTTGTATCTTTTGATCTTTGTTGGTTTAAA
pattern_1		15:35353163:C:T:R:wC	17	46	+	10.5	8.31e-05	0.0572	AGTGTGTCTTTCTGTTTTTTTTTTTTTTTT
pattern_1		4:71736336:G:A:R:wC	48	77	+	10.5	8.31e-05	0.0572	GCACTGATCTCTTTTTTTTTTTTTTTTTTT
pattern_0		5:56507824:C:T:A:wC	24	53	-	10.5176	8.32e-05	0.188	AAAAAATTTTTTTTTAATTAAAATTGGTAA
pattern_0		2:132091707:T:G:R:wC	57	86	-	10.5176	8.32e-05	0.188	AAATGTGGACATTTAAAATATAACAAATTA
pattern_0		7:116515781:A:T:A:wC	81	110	-	10.5176	8.32e-05	0.188	ACAAAAAATTAAAAAAAAAAAAAATTAGCC
pattern_0		17:45963810:G:A:R:wC	127	156	+	10.5176	8.32e-05	0.188	TAATTTAATTTTTATTTTTATTTTCAGACG
pattern_2		19:57975213:G:A:A:wC	27	56	+	6.28571	8.34e-05	0.0366	TAGTTTCTTTTGGGTTTTTTTCTTTGTTAA
pattern_2		21:43388784:G:A:A:wC	152	181	+	6.28571	8.34e-05	0.0366	AGGTGTTTTTTTTTTTTTTTTGTAGGATTG
pattern_1		13:50179454:T:C:A:wC	132	161	+	10.4881	8.37e-05	0.0576	TGCATTTTTTTTTGTTTGTTTTTTCTTTTT
pattern_2		1:44122473:T:G:R:wC	22	51	+	6.27381	8.38e-05	0.0367	ACTCCATCTTTTTTTTTTTTTGAGGTGGAG
pattern_0		5:56507824:C:T:A:wC	25	54	+	10.5059	8.39e-05	0.188	TACCAATTTTAATTAAAAAAAAATTTTTTT
pattern_0		19:55130441:C:T:A:wC	66	95	+	10.5059	8.39e-05	0.188	TCTAAAGTTATATTAAATAATAGATATTAA
pattern_0		17:35415419:C:T:A:wC	132	161	-	10.5059	8.39e-05	0.188	TCCATCTCTAAATAAATAAATAAATAAATA
pattern_2		1:156446242:C:A:R:wC	7	36	-	6.2619	8.41e-05	0.0368	ACTGTTGCTGTTTCTTTGCTTAGTTGCCAG
pattern_2		7:137989231:T:G:A:wC	41	70	-	6.2619	8.41e-05	0.0368	ACTTAAGATTTTGTATTCTTTCATAGGTAT
pattern_2		20:5942955:C:A:R:wC	130	159	+	6.2619	8.41e-05	0.0368	TTAGCCTTCATTTCTTTTTTTTTTTTTTTT
pattern_1		8:30029914:G:A:R:wC	114	143	+	10.4762	8.44e-05	0.0578	ACTTTTTAATGAGATATAGTTTATATGGAG
pattern_1		8:23082971:G:T:A:wC	116	145	+	10.4762	8.44e-05	0.0578	CTGCCTTTTTTTTTTTTTTTTTTTTTTGAG
pattern_1		17:45963810:G:A:R:wC	125	154	-	10.4762	8.44e-05	0.0578	TCTGAAAATAAAAATAAAAATTAAATTAAA
pattern_2		15:35353163:C:T:R:wC	29	58	+	6.25	8.45e-05	0.0369	TGTTTTTTTTTTTTTTTTCTCCAGACGGAG
pattern_2		3:197326771:T:G:R:wC	50	79	+	6.25	8.45e-05	0.0369	TTCTACACTATTTTTTTTTGTTTTTTTTTG
pattern_2		1:55459758:C:A:R:wC	35	64	-	6.25	8.45e-05	0.0369	GCTTTCTTTTCTTTTCTTTTTTCTTTTCTT
pattern_3		8:11486714:A:C:A:wC	68	97	+	8.81707	8.45e-05	0.128	TCCCTGAGTTTGCCCAGTGGGCCCCAAGAG
pattern_3		17:62676149:A:G:A:wC	103	132	-	8.81707	8.45e-05	0.128	AAGCAATGGTTTGACATTGACCCACAGGCT
pattern_0		10:115796337:A:G:R:wC	32	61	-	10.4941	8.46e-05	0.188	AAAAAAAATAAAAATAAAAATAAAAATAAA
pattern_2		7:99915673:C:T:A:wC	30	59	-	6.2381	8.49e-05	0.037	TTGTTTTTTGTTCTTTTTTTTTTTTTTTTT
pattern_2		7:116515781:A:T:A:wC	81	110	+	6.2381	8.49e-05	0.037	GGCTAATTTTTTTTTTTTTTAATTTTTTGT
pattern_1		1:28260898:G:A:A:wC	11	40	-	10.4643	8.5e-05	0.0582	AAACAACTTTTAAAATTTTTTATTATTTTA
pattern_0		7:128402711:C:T:R:wC	59	88	-	10.4824	8.52e-05	0.188	TGCAATGCTCTATAATAAATTTTAAAAATA
pattern_0		12:9851929:C:A:R:wC	76	105	-	10.4824	8.52e-05	0.188	ATTAAGAATAATTAAAAGTTAAAAAATATG
pattern_2		8:129003458:G:A:R:wC	27	56	+	6.22619	8.52e-05	0.037	TCTTTTTTTTTTTTTTTTTTTTGAGACGGA
pattern_2		17:45963810:G:A:R:wC	104	133	+	6.22619	8.52e-05	0.037	AACCTTTTTATTTTATTTTATTTTAATTTA
pattern_2		17:45963810:G:A:R:wC	127	156	+	6.22619	8.52e-05	0.037	TAATTTAATTTTTATTTTTATTTTCAGACG
pattern_2		7:112106232:G:C:A:wC	146	175	+	6.22619	8.52e-05	0.037	CGTGTTACATTTTATTTTCTTCCTTCCTTT
pattern_2		11:40662499:G:C:A:wC	167	196	-	6.22619	8.52e-05	0.037	TTAAATTTACTTTTTTTTTTTTTTTTTTTT
pattern_2		3:24696563:T:A:R:wC	144	173	+	6.21429	8.56e-05	0.0372	TTTTTTTTTGCCTTTTTCTTTTCTTTAGGA
pattern_1		10:88533607:C:A:R:wC	89	118	+	10.4524	8.56e-05	0.0585	AGCATGTATTTCATTCTTTTTTTTTTTTTT
pattern_1		11:77870638:A:T:R:wC	107	136	+	10.4524	8.56e-05	0.0585	ATTTTCTTTTTTTTTTTCCTTTTTTTTTGA
pattern_0		17:35415419:C:T:A:wC	128	157	+	10.4706	8.59e-05	0.188	TATTTATTTATTTATTTATTTATTTAGAGA
pattern_3		17:18170948:C:T:A:wC	39	68	+	8.78049	8.6e-05	0.129	GTGCAGGGCTGCTTCCAGCCTAGCTGTGCC
pattern_3		8:11486714:A:C:A:wC	100	129	+	8.78049	8.6e-05	0.129	CGCCCGAGGTTCCTCTGGGGGCTGCCGGAA
pattern_3		19:46181392:G:C:R:wC	142	171	+	8.78049	8.6e-05	0.129	GCCCTGCGCTTCGCCAAGCTCGGCTTTGAG
pattern_1		5:56507824:C:T:A:wC	34	63	+	10.4405	8.63e-05	0.0586	TAATTAAAAAAAAATTTTTTTTTTGAGACA
pattern_1		5:56507824:C:T:A:wC	30	59	-	10.4405	8.63e-05	0.0586	TCAAAAAAAAAATTTTTTTTTAATTAAAAT
pattern_1		19:4255456:G:A:A:wC	55	84	-	10.4405	8.63e-05	0.0586	CCTGGCTAATTTTTTAATGTTTTATAGAGA
pattern_2		11:107420192:G:A:A:wC	18	47	+	6.19048	8.63e-05	0.0375	CACATTTTAATTTGTTTCCTTTTTCTATGG
pattern_2		2:48631377:T:C:R:wC	152	181	+	6.19048	8.63e-05	0.0375	CTAATTTTTTTTTATTTTTTATTTTTAGTA
pattern_3		2:113370315:C:A:A:wC	116	145	+	8.76829	8.65e-05	0.129	GGAGTGCAATGGCACCATCTCAGCTCACTC
pattern_3		9:136332437:G:C:A:wC	151	180	-	8.76829	8.65e-05	0.129	AACACAGGGTCTCATCATGGGAGGGCTGCA
pattern_3		9:136332437:G:C:R:wC	151	180	-	8.76829	8.65e-05	0.129	AACACAGGGTCTCATCATGGGAGGGCTGCA
pattern_0		3:196859277:T:C:R:wC	47	76	-	10.4588	8.66e-05	0.188	TGAAAAATATATTAAAGTTAATATTGTTAA
pattern_2		12:53270855:G:A:R:wC	61	90	+	6.17857	8.67e-05	0.0376	CGACTAATTTTTTAATTTTTAATTTTTCAC
pattern_1		4:187022930:C:T:A:wC	1	30	+	10.4286	8.69e-05	0.0586	ATTATTATTATTATTATTATTATTATTATT
pattern_1		4:187022930:C:T:A:wC	4	33	+	10.4286	8.69e-05	0.0586	ATTATTATTATTATTATTATTATTATTATT
pattern_1		7:141387520:C:T:R:wC	7	36	+	10.4286	8.69e-05	0.0586	GCTAATTTTTTTTTTTTTTTTTTTTGAGAC
pattern_1		4:187022930:C:T:A:wC	7	36	+	10.4286	8.69e-05	0.0586	ATTATTATTATTATTATTATTATTATTATT
pattern_1		4:187022930:C:T:A:wC	10	39	+	10.4286	8.69e-05	0.0586	ATTATTATTATTATTATTATTATTATTATT
pattern_1		4:187022930:C:T:A:wC	13	42	+	10.4286	8.69e-05	0.0586	ATTATTATTATTATTATTATTATTATTATT
pattern_1		20:35746819:G:A:A:wC	10	39	-	10.4286	8.69e-05	0.0586	AAAAGTCCAAATTATATATATTCATAATAG
pattern_1		6:3134826:G:A:R:wC	107	136	+	10.4286	8.69e-05	0.0586	GCTAATTTTTTTTTTTTTTTTTTTTGAGAC
pattern_1		13:102921869:T:C:R:wC	125	154	+	10.4286	8.69e-05	0.0586	TTTATTTTATTATATTTTATTGTATTTTAG
pattern_3		19:14020573:T:C:A:wC	70	99	-	8.7561	8.7e-05	0.13	TGGCCAGAGAGTCCCCTTGGGAGGAAGGAA
pattern_2		5:75964507:C:T:A:wC	70	99	+	6.16667	8.71e-05	0.0377	TTGTTTTCTTTTTCCTTCTTTCCTTCTAGA
pattern_0		21:27013992:C:T:R:wC	27	56	-	10.4471	8.72e-05	0.188	TCCAAACTGTTCTAAAATTGTTTTAAACAT
pattern_0		10:115796337:A:G:R:wC	34	63	-	10.4471	8.72e-05	0.188	CAAAAAAAAATAAAAATAAAAATAAAAATA
pattern_0		7:150043205:G:A:R:wC	99	128	+	10.4471	8.72e-05	0.188	AGTTTTTATTATTATTATTTTTTTTTTCAG
pattern_1		12:53270855:G:A:R:wC	64	93	+	10.4167	8.75e-05	0.0588	CTAATTTTTTAATTTTTAATTTTTCACAGA
pattern_1		2:85280043:G:C:A:wC	72	101	+	10.4167	8.75e-05	0.0588	AAGTCTAAATGTCTTTTTTTTTCTCATTCA
pattern_1		3:183505651:C:T:R:wC	70	99	-	10.4167	8.75e-05	0.0588	CCCCGCTAATTTTTTTTTTTTGTATTTTTA
pattern_1		8:144110923:T:C:A:wC	169	198	+	10.4167	8.75e-05	0.0588	GCACTAAAAGAAAATCTTTTTTTAATTTAT
pattern_2		2:3628383:C:A:A:wC	3	32	-	6.14286	8.78e-05	0.038	CCCTGTATTGTTTTTCTCCTCAGCAACTAA
pattern_2		12:106022077:G:C:R:wC	34	63	-	6.14286	8.78e-05	0.038	CCCTCTTTCTTTTTTCTCATTAATGTTTTT
pattern_2		1:25040315:C:T:A:wC	138	167	+	6.14286	8.78e-05	0.038	TGCCTTCCTTTTTTTTTTTTTTCAGTAAGC
pattern_0		4:3262699:T:C:R:wC	167	196	-	10.4353	8.79e-05	0.188	CCAAAAGTGATTTTAAAATACTGATTAAGG
pattern_3		16:65083767:T:C:A:wC	163	192	-	8.73171	8.8e-05	0.131	GGGCTCTGCATTGTCCCTGACAGCTTGAAG
pattern_1		4:14457296:C:T:R:wC	26	55	+	10.4048	8.82e-05	0.059	TTTATTAACAGTTTTTTTGTTTTTTTTTTT
pattern_1		22:24339438:G:T:A:wC	53	82	+	10.4048	8.82e-05	0.059	TCCATTTCATTTTTTCATTTTTGTTTTTGT
pattern_2		10:115796337:A:G:R:wC	14	43	+	6.13095	8.82e-05	0.0381	TGGTTTGATATTTATTTATTTATTTTTATT
pattern_2		1:21768191:G:C:R:wC	113	142	-	6.13095	8.82e-05	0.0381	GTCAAAATTCATTACTTTTTTTTTTTTTTT
pattern_3		15:58006206:C:T:R:wC	48	77	-	8.71951	8.85e-05	0.131	AACCCGGCGTGTTCCCGGGTTCACAAGAAT
pattern_3		14:76778069:T:C:A:wC	166	195	-	8.71951	8.85e-05	0.131	TGGCCGGGAAGGCCCCATCTAGAGCCGCCC
pattern_2		9:131861118:A:C:R:wC	73	102	+	6.11905	8.86e-05	0.0382	TTTTCTTTTTTTTTTTTTTTTAGATGGAGT
pattern_2		9:33397073:T:C:R:wC	118	147	-	6.11905	8.86e-05	0.0382	AGCTTTTTTTTTTTTTTTTTTTGAGACAGG
pattern_0		11:107965390:A:G:R:wC	103	132	-	10.4235	8.86e-05	0.188	TCCTTTTGTTTTGAAATAAAGATCTGTAAA
pattern_1		10:43095722:T:C:A:wC	15	44	+	10.3929	8.88e-05	0.059	GCAGAAGAATATTTTATAAATGTCAATTAA
pattern_1		1:55459758:C:A:R:wC	31	60	-	10.3929	8.88e-05	0.059	TCTTTTCTTTTCTTTTTTCTTTTCTTTTCT
pattern_1		12:12275828:C:T:R:wC	32	61	-	10.3929	8.88e-05	0.059	TTTATTTTTATTTTTATTTTTTTTGAGACA
pattern_2		2:132091707:T:G:R:wC	127	156	+	6.10714	8.9e-05	0.0383	AGGCAAGCTAATGGTTTTTTTGTTTTGTTT
pattern_0		8:6738204:T:C:R:wC	4	33	+	10.4118	8.93e-05	0.188	AAATTTTATTTTTATTTTTTATTTATTTTA
pattern_0		10:115796337:A:G:R:wC	34	63	+	10.4118	8.93e-05	0.188	TATTTTTATTTTTATTTTTATTTTTTTTTG
pattern_0		6:69942066:T:G:A:wC	22	51	-	10.4118	8.93e-05	0.188	TACTATCTGTGTTAAAAATTACTTCAAAAC
pattern_0		10:43065274:C:T:A:wC	76	105	-	10.4118	8.93e-05	0.188	GCCAGATATTTTTTTTTATATTTTTAGTCA
pattern_0		17:45963810:G:A:R:wC	110	139	-	10.4118	8.93e-05	0.188	AAAAATTAAATTAAAATAAAATAAAATAAA
pattern_1		6:35432100:C:T:R:wC	3	32	+	10.381	8.95e-05	0.059	AGGGTCTTCTTTTTTTTTTTTTTTTTTTTT
pattern_1		18:53373610:G:A:R:wC	14	43	+	10.381	8.95e-05	0.059	CTCTGTTTTTTTTTTTTTTTTTTTTGAGAT
pattern_1		7:128402711:C:T:R:wC	45	74	+	10.381	8.95e-05	0.059	CTGATAATTATTTTTATTTTTAAAATTTAT
pattern_1		7:131007371:G:A:A:wC	47	76	+	10.381	8.95e-05	0.059	TTTTTTTTTTTTTTTTTTTTTTTGAGACGG
pattern_1		17:73010320:G:C:A:wC	56	85	+	10.381	8.95e-05	0.059	TTTTTTTTTTTTTTTTTTTTTTTGAGACGG
pattern_1		5:172382175:A:G:A:wC	59	88	+	10.381	8.95e-05	0.059	TTTTTTTTTTTTTTTTTTTTTTTGAGACGG
pattern_1		12:57079586:A:G:R:wC	70	99	+	10.381	8.95e-05	0.059	TTTTTTTTTTTTTTTTTTTTTTTGAGACGG
pattern_1		17:13909320:G:C:R:wC	44	73	-	10.381	8.95e-05	0.059	CTCTCTTTTTTTTTTTTTTTTTTTTGAGAT
pattern_1		6:139835399:C:G:R:wC	106	135	+	10.381	8.95e-05	0.059	CTGTTTTTTTTTTGTTTTGTTTTTTTTAAA
pattern_1		6:3134826:G:A:R:wC	109	138	+	10.381	8.95e-05	0.059	TAATTTTTTTTTTTTTTTTTTTTGAGACGG
pattern_1		20:5942955:C:A:R:wC	154	183	+	10.381	8.95e-05	0.059	TTTTTTTTTTTTTTTTTTTTTTTGAGACGG
pattern_1		12:516880:A:G:R:wC	169	198	+	10.381	8.95e-05	0.059	TTTTTTTTTTTTTTTTTTTTTTTGAGACGG
pattern_1		2:97005275:G:A:A:wC	151	180	-	10.381	8.95e-05	0.059	GACTTCTCTTTTTTTTTTTTTTTTTTTGAG
pattern_0		17:79996375:G:C:A:wC	21	50	+	10.4	9e-05	0.188	CCCCATCTCTACTAAAAATACAAAAAATTA
pattern_0		22:22572199:T:C:A:wC	2	31	-	10.4	9e-05	0.188	GTTAAAAATTTTAAAAATAAAAAATAAAAT
pattern_0		7:128402711:C:T:R:wC	54	83	+	10.4	9e-05	0.188	ATTTTTATTTTTAAAATTTATTATAGAGCA
pattern_0		2:66583496:T:C:A:wC	56	85	+	10.4	9e-05	0.188	CCCCATCTCTACTAAAAATACAAAAAATTA
pattern_0		13:43057060:T:A:R:wC	160	189	-	10.4	9e-05	0.188	CCCCATCTCTACTAAAAATACAAAAAATTA
pattern_3		22:50706691:A:G:A:wC	43	72	+	8.68293	9.01e-05	0.132	GCCCCACTGATTCCCACGCTCAACCAGGGG
pattern_3		8:144681714:G:A:R:wC	132	161	-	8.68293	9.01e-05	0.132	TGGCAGAGGGCAGACTGGCTGGGGCCGGAG
pattern_3		6:127265935:A:G:A:wC	139	168	-	8.68293	9.01e-05	0.132	CCCCAGGCCGTTCTCCATGCTGCATGGATT
pattern_2		12:101690279:G:T:R:wC	2	31	-	6.07143	9.01e-05	0.0388	CGCCTGGCTAATTTTTTGTATTTTTAATAG
pattern_2		17:35415419:C:T:A:wC	123	152	+	6.07143	9.01e-05	0.0388	GTATGTATTTATTTATTTATTTATTTATTT
pattern_2		7:152154660:C:T:R:wC	147	176	+	6.07143	9.01e-05	0.0388	CCATGACTGTATTTTTTTTTTTTTTGAAAC
pattern_1		14:105582775:C:T:R:wC	26	55	+	10.369	9.01e-05	0.0592	TTCCAGCTTTTTCTTTTTTTTTTTTTTTTT
pattern_1		17:8100645:G:A:R:wC	27	56	+	10.369	9.01e-05	0.0592	TTTTTTGTTTTTTGGTTTTTTTTTTTTTGA
pattern_1		18:3608767:T:G:R:wC	117	146	+	10.369	9.01e-05	0.0592	ACCGTTAGATAATAAATTTATTCTAGTTGA
pattern_1		8:27587944:G:C:A:wC	156	185	+	10.369	9.01e-05	0.0592	CTTTGATTTTTTTTTTTTTTTTTAATCGGG
pattern_2		2:242241706:C:T:R:wC	56	85	-	6.05952	9.05e-05	0.0389	TGGCCTCTAGTTTGTTTGTTTGACACAGGG
pattern_0		14:74412505:C:T:R:wC	19	48	+	10.3882	9.07e-05	0.188	CCCGGCCCATTTTTAAATTTTATTTTATTT
pattern_0		20:62395318:T:C:R:wC	102	131	-	10.3882	9.07e-05	0.188	GCCGTCTCTTATTTAAAAAAAAAAGAAAAA
pattern_1		12:132577378:G:A:R:wC	5	34	+	10.3571	9.08e-05	0.0594	TTTTTCTTTTTCTTTTTTTTTTTTTTTGAG
pattern_1		8:129003458:G:A:R:wC	11	40	+	10.3571	9.08e-05	0.0594	TTTTTTTTCTTTTCTTTCTTTTTTTTTTTT
pattern_1		14:22989292:A:T:A:wC	60	89	-	10.3571	9.08e-05	0.0594	TATCCTGCTTATTGTAACTTTTTTCCTTAT
pattern_2		2:132091707:T:G:R:wC	5	34	+	6.04762	9.09e-05	0.039	TTTCCCATTTATTCAATTTTTGTTGTTTTT
pattern_2		10:126544939:C:A:A:wC	166	195	+	6.04762	9.09e-05	0.039	AATTATTTTGGATCTTTTTTTAGTAGAGAA
pattern_3		8:145718435:A:G:R:wC	28	57	+	8.65854	9.11e-05	0.133	TGGCCTTGGTCTCCCCATGTGGAAGATGGG
pattern_3		17:66452949:G:T:A:wC	39	68	+	8.65854	9.11e-05	0.133	TCCAAAGGTTTCTTCCATCCAGAGCGGGCA
pattern_2		1:55459758:C:A:R:wC	31	60	-	6.03571	9.13e-05	0.0391	TCTTTTCTTTTCTTTTTTCTTTTCTTTTCT
pattern_2		17:45963810:G:A:R:wC	99	128	+	6.03571	9.13e-05	0.0391	CGCTCAACCTTTTTATTTTATTTTATTTTA
pattern_2		1:21768191:G:C:R:wC	101	130	-	6.03571	9.13e-05	0.0391	TACTTTTTTTTTTTTTTTTTTTGAGATAGG
pattern_2		10:114926373:G:C:A:wC	163	192	+	6.03571	9.13e-05	0.0391	TTTAAATATGTTTTCCTTTTTCTTGAAACT
pattern_0		4:113337560:A:G:A:wC	88	117	+	10.3765	9.14e-05	0.189	AACTGTATTTAAGAAAAATGTTGAAAATGA
pattern_0		11:107420192:G:A:A:wC	159	188	-	10.3765	9.14e-05	0.189	GGAAAACAACTTGAAATTTAATTTTTTACA
pattern_1		12:132577378:G:A:R:wC	4	33	+	10.3452	9.15e-05	0.0597	CTTTTTCTTTTTCTTTTTTTTTTTTTTTGA
pattern_1		19:29454928:G:C:A:wC	18	47	+	10.3452	9.15e-05	0.0597	AAAAAACTTTGATTTAACTTTGATTTTTTT
pattern_1		4:14457296:C:T:R:wC	31	60	+	10.3452	9.15e-05	0.0597	TAACAGTTTTTTTGTTTTTTTTTTTTTGAG
pattern_3		22:44547322:C:T:A:wC	18	47	-	8.64634	9.16e-05	0.134	GTGAAACGCTTTCATCATCTCCTGTTTGCT
pattern_2		1:200882930:A:T:A:wC	42	71	+	6.02381	9.17e-05	0.0392	CTGAGACCTTTTATTATTTTTTTTTTACAC
pattern_2		7:99915673:C:T:A:wC	31	60	-	6.02381	9.17e-05	0.0392	TTTGTTTTTTGTTCTTTTTTTTTTTTTTTT
pattern_2		2:170295503:C:T:R:wC	107	136	+	6.02381	9.17e-05	0.0392	CTTTTTTTTCCTTTTTTTTATTTTCCTTTT
pattern_2		7:116515781:A:T:A:wC	83	112	+	6.0119	9.21e-05	0.0393	CTAATTTTTTTTTTTTTTAATTTTTTGTAG
pattern_2		9:6062269:A:G:R:wC	171	200	+	6.0119	9.21e-05	0.0393	GTTCATTTCTTTTTACTCTTTTTTCTCTAA
pattern_1		13:102921869:T:C:R:wC	19	48	-	10.3333	9.21e-05	0.0597	ATAAAATTCTGTCATATAATTTTTCTTAAT
pattern_1		3:196859277:T:C:R:wC	62	91	+	10.3333	9.21e-05	0.0597	TTAATATATTTTTCACTTTTTCCTAATTTG
pattern_1		12:6763515:G:C:R:wC	75	104	+	10.3333	9.21e-05	0.0597	TATTTTTCTTTTTTTTTTTTTTTGAGACAG
pattern_1		20:44771542:T:C:A:wC	117	146	-	10.3333	9.21e-05	0.0597	TTATCAGAATTTTTTTTTGCTTTATTCTTA
pattern_1		2:48631377:T:C:R:wC	154	183	+	10.3333	9.21e-05	0.0597	AATTTTTTTTTATTTTTTATTTTTAGTAGA
pattern_1		5:96506796:T:C:R:wC	164	193	-	10.3333	9.21e-05	0.0597	TATTTTTATTTTATTTTATTTTTTTGGAGA
pattern_3		1:44122473:T:G:R:wC	120	149	+	8.63415	9.22e-05	0.134	TTCAAGCAATTCTCCTGTCTCAGCCTCCCG
pattern_3		17:35415419:C:T:A:wC	159	188	+	8.63415	9.22e-05	0.134	GGAGTGCAGTGGCACAATCTTGGCTCACTG
pattern_0		19:57807525:G:A:A:wC	39	68	+	10.3647	9.22e-05	0.189	TCTTTCTATTATTATTATAATTTTTTTTAA
pattern_3		17:77796889:G:C:R:wC	4	33	-	8.62195	9.27e-05	0.134	TTCCAGCGGTTTTCCCGCCAGAACGCAGCG
pattern_1		12:6763515:G:C:R:wC	71	100	+	10.3214	9.28e-05	0.06	ACTCTATTTTTCTTTTTTTTTTTTTTTGAG
pattern_1		7:116515781:A:T:A:wC	77	106	+	10.3214	9.28e-05	0.06	GCCTGGCTAATTTTTTTTTTTTTTAATTTT
pattern_0		6:13777936:G:A:A:wC	131	160	-	10.3529	9.29e-05	0.19	ACAAAAATTAAATACAAAAAATTAGCCAGG
pattern_2		1:92841991:C:T:R:wC	23	52	-	5.9881	9.29e-05	0.0395	TGTATTTCCCTTTTAATCTTTAACTGAAAA
pattern_2		2:219279673:T:G:R:wC	78	107	+	5.9881	9.29e-05	0.0395	TAATTTTTGTTTTGTTTTTTTTTTGTGTGT
pattern_2		5:87764347:T:A:A:wC	59	88	-	5.9881	9.29e-05	0.0395	TGCCTCGGTTTTTTTTTTTTCATTAGTTAA
pattern_2		6:3134826:G:A:R:wC	110	139	+	5.9881	9.29e-05	0.0395	AATTTTTTTTTTTTTTTTTTTTGAGACGGA
pattern_2		1:44122473:T:G:R:wC	16	45	+	5.97619	9.33e-05	0.0396	CTGACTACTCCATCTTTTTTTTTTTTTGAG
pattern_1		7:99915673:C:T:A:wC	33	62	-	10.3095	9.35e-05	0.0602	CTTTTGTTTTTTGTTCTTTTTTTTTTTTTT
pattern_1		12:9851929:C:A:R:wC	69	98	+	10.3095	9.35e-05	0.0602	TTATCAGCATATTTTTTAACTTTTAATTAT
pattern_1		10:62500217:C:T:A:wC	52	81	-	10.3095	9.35e-05	0.0602	GACTAATTTTTAATTCTTTTTTTTTTTTTC
pattern_1		16:21743592:C:A:R:wC	105	134	+	10.3095	9.35e-05	0.0602	ATGTTATATATCCATCTATTTTTTTTCCTT
pattern_1		5:33413242:C:G:R:wC	164	193	+	10.3095	9.35e-05	0.0602	TTTGACCAATAATAAATATTTGCTATCTGC
pattern_0		13:102921869:T:C:R:wC	24	53	+	10.3412	9.36e-05	0.191	GAAAAATTATATGACAGAATTTTATTCAGA
pattern_3		19:33883197:G:C:R:wC	146	175	+	8.59756	9.38e-05	0.136	GCCCACGGGTGCGCCCGTCCCATCCCCGGA
pattern_2		4:71736336:G:A:R:wC	58	87	+	5.95238	9.41e-05	0.04	CTTTTTTTTTTTTTTTTTTTGAGTCAGTGT
pattern_1		21:48033575:A:G:R:wC	32	61	+	10.2976	9.42e-05	0.0605	TTTTTTTACTTTTGTTTTGTTTTGTTTTTT
pattern_1		17:45963810:G:A:R:wC	107	136	+	10.2976	9.42e-05	0.0605	CTTTTTATTTTATTTTATTTTAATTTAATT
pattern_2		22:46664638:G:A:R:wC	32	61	+	5.94048	9.45e-05	0.04	TTTTGTTTTGTTTTGTTTTGTTTTGTTTTT
pattern_2		7:37971866:A:T:A:wC	130	159	+	5.94048	9.45e-05	0.04	TTTAAAATTTATTTACTCATTTATTTAGAG
pattern_2		17:35415419:C:T:A:wC	131	160	+	5.94048	9.45e-05	0.04	TTATTTATTTATTTATTTATTTAGAGATGG
pattern_3		2:219920412:A:G:A:wC	67	96	-	8.57317	9.48e-05	0.136	AGGCTGAGAGCCTTCCAGGTCATCGAGACT
pattern_3		12:1609593:C:A:R:wC	103	132	-	8.57317	9.48e-05	0.136	CCCCATGGGAGTGCCCAGGCGGGACAGTGG
pattern_1		2:103147561:G:A:A:wC	34	63	+	10.2857	9.49e-05	0.0608	AGATTTAAATATAAAATACCTAAATTCTTT
pattern_1		1:121281487:G:A:A:wC	109	138	-	10.2857	9.49e-05	0.0608	TCAGCCAATTATCAAGATGTTCTTCATTTT
pattern_1		1:121281487:G:A:R:wC	109	138	-	10.2857	9.49e-05	0.0608	TCAGCCAATTATCAAGATGTTCTTCATTTT
pattern_2		10:70633047:C:A:A:wC	58	87	+	5.92857	9.49e-05	0.0402	ACAAGAGCATTTTTTTTTTTTTTTTTTTTT
pattern_0		12:12275828:C:T:R:wC	24	53	+	10.3176	9.51e-05	0.192	CAAGACCCTGTCTCAAAAAAAATAAAAATA
pattern_0		7:37377172:G:C:R:wC	45	74	+	10.3176	9.51e-05	0.192	ACTTAAAGTATAAAAAAAAAAAAAAAAAAA
pattern_0		8:26049480:C:G:A:wC	139	168	-	10.3176	9.51e-05	0.192	AAAAAAAAAAAAAAAAAAAAAAGTATCTGG
pattern_2		12:125541085:T:C:R:wC	157	186	+	5.91667	9.53e-05	0.0403	CACAGGCCCTTTTTTTTTTTTTTTTTTTGA
pattern_2		2:31820256:A:G:A:wC	153	182	-	5.91667	9.53e-05	0.0403	CAACTTTTTGTTTCATTTATCTTTTGTATT
pattern_2		2:31820256:A:G:A:wC	157	186	-	5.91667	9.53e-05	0.0403	GAATCAACTTTTTGTTTCATTTATCTTTTG
pattern_3		2:31399988:C:T:A:wC	29	58	-	8.56098	9.54e-05	0.137	CAGATGGACTTTGTCAGTTTCATCCACTTG
pattern_1		8:129003458:G:A:R:wC	24	53	+	10.2738	9.56e-05	0.0608	CTTTCTTTTTTTTTTTTTTTTTTTTGAGAC
pattern_1		1:212473208:A:G:R:wC	41	70	+	10.2738	9.56e-05	0.0608	CATAAGACTTTTTTTTTTTTTTTTGAGACA
pattern_1		1:55459758:C:A:R:wC	30	59	-	10.2738	9.56e-05	0.0608	CTTTTCTTTTCTTTTTTCTTTTCTTTTCTT
pattern_1		7:37377172:G:C:R:wC	53	82	-	10.2738	9.56e-05	0.0608	CATAGGTGTTTTTTTTTTTTTTTTTTTATA
pattern_1		7:128402711:C:T:R:wC	94	123	+	10.2738	9.56e-05	0.0608	ACACAACTTATTTGTTTATTTATTTATGTT
pattern_1		10:135226236:G:A:R:wC	99	128	+	10.2738	9.56e-05	0.0608	AGGCTTATTAATTTTATTGATTTTTCCCAA
pattern_2		7:152154660:C:T:R:wC	7	36	+	5.90476	9.57e-05	0.0404	ATTAAACCTCTTTTCTTTTTTTTTTTAAGA
pattern_0		17:60637258:C:A:A:wC	114	143	-	10.3059	9.58e-05	0.192	AAAAATCATTTCTATATGTTGTTTTATCAA
pattern_0		12:66571035:G:T:R:wC	159	188	+	10.3059	9.58e-05	0.192	AATTGTTTTATCTTTAAAATTTTATTTACA
pattern_0		4:99981615:T:C:R:wC	164	193	-	10.3059	9.58e-05	0.192	CCCCATCTCTACTAAAAATACAAAAAATCA
pattern_2		8:6513260:C:T:R:wC	12	41	+	5.89286	9.61e-05	0.0405	ACAAGACTCTTTTTTTTTTTTGAGACAGAG
pattern_2		3:24696563:T:A:R:wC	131	160	+	5.89286	9.61e-05	0.0405	GTACACCTTTTCTTTTTTTTTTGCCTTTTT
pattern_2		8:130719567:A:T:R:wC	167	196	+	5.89286	9.61e-05	0.0405	TCTTCCTTTCATGGTTTCTTTTTCAGTTAG
pattern_1		11:17346379:C:T:A:wC	65	94	+	10.2619	9.63e-05	0.0611	TATTTATTTATTTATTTATTTTTGAGACAG
pattern_1		13:103447529:G:A:R:wC	166	195	-	10.2619	9.63e-05	0.0611	GCTTTTTTTTTTTTTTTTTTTTTTGAGACG
pattern_3		8:27630152:G:A:R:wC	16	45	+	8.53659	9.65e-05	0.138	GCGGTGCGGTGACTCCACCGCGGAGCAGCA
pattern_3		10:126544939:C:A:A:wC	49	78	+	8.53659	9.65e-05	0.138	GGAGTGCAGTGGCGCCATCTCAGCTCACTA
pattern_2		19:49891280:A:G:R:wC	2	31	-	5.86905	9.69e-05	0.0408	CCGTCCCCCATTTCTTTCTTTTTTTTTTTT
pattern_2		11:93460160:A:C:A:wC	54	83	+	5.86905	9.69e-05	0.0408	TAACTGATTTTTGAATTTCTTAATGCAGGA
pattern_2		17:5321413:G:A:R:wC	152	181	-	5.86905	9.69e-05	0.0408	ATAATTATTTTGTGTCTTTTTTTTTTTTTT
pattern_1		5:58034966:G:A:R:wC	3	32	+	10.25	9.7e-05	0.0612	TGCTTTAAAGCAAATATTGTTGATTATTCT
pattern_1		7:152154660:C:T:R:wC	6	35	+	10.25	9.7e-05	0.0612	AATTAAACCTCTTTTCTTTTTTTTTTTAAG
pattern_1		22:37976422:T:C:A:wC	18	47	+	10.25	9.7e-05	0.0612	AATTTTCTTTTTTTTTTTTTTTTGAGACAG
pattern_1		19:29454928:G:C:A:wC	23	52	+	10.25	9.7e-05	0.0612	ACTTTGATTTAACTTTGATTTTTTTTTTTT
pattern_1		17:64305051:A:G:R:wC	41	70	+	10.25	9.7e-05	0.0612	GCTCTCTAATTTTGTTTTTTTTTTCCTCGG
pattern_1		21:27013992:C:T:R:wC	47	76	-	10.25	9.7e-05	0.0612	CGTTGGAATTTTTATTTAAATCCAAACTGT
pattern_3		20:62132711:G:A:R:wC	13	42	-	8.52439	9.7e-05	0.138	CGGAAGGGCAAACCCTTTATGACCCAGACT
pattern_3		22:20708994:C:T:A:wC	110	139	-	8.52439	9.7e-05	0.138	GCCCTGGGCGGCGACCTCGTTAGCGATGCA
pattern_0		10:11843379:G:A:R:wC	133	162	-	10.2824	9.73e-05	0.194	GAAACTCTTCTCAAAAAAAAAAAAAAAAAA
pattern_3		1:201857560:G:A:A:wC	136	165	+	8.5122	9.76e-05	0.138	CCGACAGGATGTCCCAGGCTGGACGCGGCA
pattern_1		2:170295503:C:T:R:wC	113	142	+	10.2381	9.77e-05	0.0615	TTTCCTTTTTTTTATTTTCCTTTTTGAGTT
pattern_1		7:150512410:T:G:A:wC	140	169	-	10.2381	9.77e-05	0.0615	CCGGATAATTTTTTTGTAATTTTTAGTAGA
pattern_0		10:106664651:G:A:A:wC	20	49	-	10.2706	9.81e-05	0.194	AAAAAAAAATACTGAAAATTTATGGTAGAA
pattern_0		17:35415419:C:T:A:wC	124	153	+	10.2706	9.81e-05	0.194	TATGTATTTATTTATTTATTTATTTATTTA
pattern_3		16:87349529:T:C:R:wC	121	150	+	8.5	9.82e-05	0.139	GGGATGGGGGGATCCTCTGAGCCCAAGAAG
pattern_1		9:131101845:C:T:R:wC	30	59	+	10.2262	9.84e-05	0.0617	TTTTTTTTTTTTTTTTTTTTTTTGAGATGG
pattern_1		1:155857540:G:A:R:wC	31	60	+	10.2262	9.84e-05	0.0617	TAATTTTTTTTTTTTTTTTTTTTGAGATGG
pattern_1		1:235583690:C:T:R:wC	33	62	+	10.2262	9.84e-05	0.0617	TCATGCAGTTCTTTTTTTTTTTTTTGAGAT
pattern_1		7:100177174:T:C:R:wC	142	171	-	10.2262	9.84e-05	0.0617	ACTGTGCCTTTTTTTTTTTTTTTTTTGAGA
pattern_1		1:204939136:G:A:R:wC	160	189	-	10.2262	9.84e-05	0.0617	TTTTTTTTTTTTTTTTTTTTTTTGAGATGG
pattern_2		3:24696563:T:A:R:wC	134	163	+	5.82143	9.86e-05	0.0414	CACCTTTTCTTTTTTTTTTGCCTTTTTCTT
pattern_2		14:89872532:C:T:A:wC	155	184	-	5.82143	9.86e-05	0.0414	AATTTCAAGATTTTTTTTTTTTGTAGGGCT
pattern_0		10:62500217:C:T:A:wC	58	87	+	10.2588	9.88e-05	0.194	AAAAAAAAGAATTAAAAATTAGTCGGGCAT
pattern_0		10:115796337:A:G:R:wC	29	58	-	10.2588	9.88e-05	0.194	AAAAATAAAAATAAAAATAAAAATAAATAA
pattern_0		17:77796889:G:C:R:wC	125	154	-	10.2588	9.88e-05	0.194	AAATAAAAGTTAAAAAAAAATCACATTGGA
pattern_1		2:37995727:C:T:R:wC	1	30	+	10.2143	9.91e-05	0.0621	CAGACATCATTTTATGTTTTTGTCTTTCTT
pattern_2		16:21743592:C:A:R:wC	159	188	+	5.79762	9.94e-05	0.0417	TTTATTATTATTTTTATTTTTCCATAAGGT
pattern_0		4:187022930:C:T:A:wC	18	47	+	10.2471	9.96e-05	0.194	TATTATTATTATTATTATTATTATTTGAGA
pattern_0		5:21556910:C:T:A:wC	21	50	-	10.2471	9.96e-05	0.194	CTGTTTAAGTTTTAAATTTAAAAATAATTG
pattern_1		21:27013992:C:T:R:wC	18	47	-	10.2024	9.98e-05	0.0623	TTCTAAAATTGTTTTAAACATAAAAAAAAA
pattern_1		8:128797214:T:G:R:wC	101	130	+	10.2024	9.98e-05	0.0623	TCCAAGGCTTTTTTTTTTTCTTTTTTTCAG
pattern_1		6:42993336:G:A:R:wC	129	158	-	10.2024	9.98e-05	0.0623	CCCGGCCTCTATTTTTTTTTTTTTTTTTTT
pattern_1		4:113337560:A:G:A:wC	157	186	-	10.2024	9.98e-05	0.0623	TCTGTGTTTTTTTAAATCTCTTTGAGTTTT
pattern_3		1:204939136:G:A:R:wC	137	166	-	8.46341	9.99e-05	0.141	GAGATGGAGTCTTGCTCTGTCGCCAGGCTG
pattern_2		20:62395318:T:C:R:wC	88	117	+	5.78571	9.99e-05	0.0419	TGCTTTCTTTTTTCTTTTTCTTTTTTTTTT
pattern_2		7:112625841:A:C:R:wC	137	166	+	5.78571	9.99e-05	0.0419	TGTGTTTTTATTGGTATTTTAGTGAGAGGT

# FIMO (Find Individual Motif Occurrences): Version 5.5.5 compiled on Jan  2 2025 at 11:01:40
# The format of this file is described at https://meme-suite.org/meme/doc/fimo-output-format.html#tsv_results.
# fimo --no-pgc -o hepg2_95033_malinois_hit_fimo hepg2_95033_modisco_motif_pwms.txt hepg2.hit.80.percent.train.95033.fa
