motif_id	motif_alt_id	sequence_name	start	stop	strand	score	p-value	q-value	matched_sequence
pattern_2		11:117083373:T:C:A:wC	19	48	+	52.1341	2.01e-18	1.92e-13	CTAATTTTTGTATTTTTAGTAGAGACGGGG
pattern_2		15:51068028:A:G:A:wC	32	61	-	52.1341	2.01e-18	1.92e-13	CTAATTTTTGTATTTTTAGTAGAGACGGGG
pattern_2		16:1539851:C:G:R:wC	111	140	+	52.1341	2.01e-18	1.92e-13	CTAATTTTTGTATTTTTAGTAGAGACGGGG
pattern_2		11:68911500:A:C:A:wC	150	179	+	52.1341	2.01e-18	1.92e-13	CTAATTTTTGTATTTTTAGTAGAGACGGGG
pattern_2		2:74385705:G:A:R:wC	126	155	-	52.1341	2.01e-18	1.92e-13	CTAATTTTTGTATTTTTAGTAGAGACGGGG
pattern_2		2:74385705:G:A:A:wC	126	155	-	52.1341	2.01e-18	1.92e-13	CTAATTTTTGTATTTTTAGTAGAGACGGGG
pattern_2		1:7872482:C:G:R:wC	128	157	-	52.1341	2.01e-18	1.92e-13	CTAATTTTTGTATTTTTAGTAGAGACGGGG
pattern_2		17:33337565:G:T:A:wC	131	160	-	52.1341	2.01e-18	1.92e-13	CTAATTTTTGTATTTTTAGTAGAGACGGGG
pattern_2		9:1045269:A:C:R:wC	164	193	+	52.1341	2.01e-18	1.92e-13	CTAATTTTTGTATTTTTAGTAGAGACGGGG
pattern_2		18:60994160:G:A:R:wC	147	176	-	52.1341	2.01e-18	1.92e-13	CTAATTTTTGTATTTTTAGTAGAGACGGGG
pattern_2		1:229298434:T:C:R:wC	158	187	-	52.1341	2.01e-18	1.92e-13	CTAATTTTTGTATTTTTAGTAGAGACGGGG
pattern_2		19:14461028:C:T:A:wC	119	148	-	50.9146	6.46e-18	5.24e-13	TTAATTTTTGTATTTTTAGTAGAGACGGGG
pattern_2		7:6599034:G:C:R:wC	169	198	+	50.9146	6.46e-18	5.24e-13	TTAATTTTTGTATTTTTAGTAGAGACGGGG
pattern_2		19:22632854:A:G:R:wC	10	39	+	50.9024	8.91e-18	5.87e-13	CTAATTTTTGTATTTTTAGTAGAGACAGGG
pattern_2		2:38741336:C:G:R:wC	119	148	-	50.9024	8.91e-18	5.87e-13	CTAATTTTTGTATTTTTAGTAGAGACAGGG
pattern_2		17:9329626:C:T:A:wC	143	172	-	50.9024	8.91e-18	5.87e-13	CTAATTTTTGTATTTTTAGTAGAGACAGGG
pattern_2		17:7169299:C:T:A:wC	23	52	+	50.3171	1.54e-17	7.04e-13	CTAATTTTTGTATTTTTAGTAGAGATGGGG
pattern_2		17:7169299:C:T:R:wC	23	52	+	50.3171	1.54e-17	7.04e-13	CTAATTTTTGTATTTTTAGTAGAGATGGGG
pattern_2		3:57077337:G:T:R:wC	71	100	+	50.3171	1.54e-17	7.04e-13	CTAATTTTTGTATTTTTAGTAGAGATGGGG
pattern_2		2:97246956:C:A:A:wC	130	159	-	50.3171	1.54e-17	7.04e-13	CTAATTTTTGTATTTTTAGTAGAGATGGGG
pattern_2		12:64439316:A:G:R:wC	163	192	+	50.3171	1.54e-17	7.04e-13	CTAATTTTTGTATTTTTAGTAGAGATGGGG
pattern_2		6:18114246:C:T:R:wC	142	171	-	50.3171	1.54e-17	7.04e-13	CTAATTTTTGTATTTTTAGTAGAGATGGGG
pattern_2		3:141234523:T:C:A:wC	144	173	-	50.3171	1.54e-17	7.04e-13	CTAATTTTTGTATTTTTAGTAGAGATGGGG
pattern_0		1:45991785:T:G:R:wC	90	119	-	40.2857	2.61e-17	2.54e-11	CCTCTGCCTCCCGGGTTCAAGTGATTCTCC
pattern_2		15:41986411:C:T:A:wC	128	157	-	49.0854	6.02e-17	2.64e-12	CTAATTTTTGTATTTTTAGTAGAGATAGGG
pattern_2		19:11259528:G:A:A:wC	29	58	+	48.4878	1.06e-16	2.69e-12	TTTTTTTTTGTATTTTTAGTAGAGACGGGG
pattern_2		4:186580675:G:A:R:wC	165	194	+	48.4878	1.06e-16	2.69e-12	TTTTTTTTTGTATTTTTAGTAGAGACGGGG
pattern_2		22:47358892:A:G:A:wC	142	171	-	48.4878	1.06e-16	2.69e-12	TTTTTTTTTGTATTTTTAGTAGAGACGGGG
pattern_2		16:320148:T:G:R:wC	24	53	-	48.2317	1.33e-16	2.69e-12	TAATTTTTTGTATTTTTAGTAGAGACGGGG
pattern_2		13:52611952:G:A:R:wC	31	60	-	48.2317	1.33e-16	2.69e-12	TAATTTTTTGTATTTTTAGTAGAGACGGGG
pattern_2		7:19546663:A:G:R:wC	31	60	-	48.2317	1.33e-16	2.69e-12	TAATTTTTTGTATTTTTAGTAGAGACGGGG
pattern_2		6:73983412:G:A:R:wC	51	80	-	48.2317	1.33e-16	2.69e-12	TAATTTTTTGTATTTTTAGTAGAGACGGGG
pattern_2		7:6739789:A:G:R:wC	51	80	-	48.2317	1.33e-16	2.69e-12	TAATTTTTTGTATTTTTAGTAGAGACGGGG
pattern_2		1:1511244:G:A:A:wC	55	84	-	48.2317	1.33e-16	2.69e-12	TAATTTTTTGTATTTTTAGTAGAGACGGGG
pattern_2		7:133810618:A:G:R:wC	58	87	-	48.2317	1.33e-16	2.69e-12	TAATTTTTTGTATTTTTAGTAGAGACGGGG
pattern_2		7:133810618:A:G:A:wC	58	87	-	48.2317	1.33e-16	2.69e-12	TAATTTTTTGTATTTTTAGTAGAGACGGGG
pattern_2		9:93391290:C:A:A:wC	111	140	+	48.2317	1.33e-16	2.69e-12	TAATTTTTTGTATTTTTAGTAGAGACGGGG
pattern_2		5:86302298:C:T:A:wC	113	142	+	48.2317	1.33e-16	2.69e-12	TAATTTTTTGTATTTTTAGTAGAGACGGGG
pattern_2		3:179112353:G:A:R:wC	115	144	+	48.2317	1.33e-16	2.69e-12	TAATTTTTTGTATTTTTAGTAGAGACGGGG
pattern_2		10:101905203:T:C:R:wC	120	149	+	48.2317	1.33e-16	2.69e-12	TAATTTTTTGTATTTTTAGTAGAGACGGGG
pattern_2		4:88396024:G:A:R:wC	135	164	+	48.2317	1.33e-16	2.69e-12	TAATTTTTTGTATTTTTAGTAGAGACGGGG
pattern_2		15:75222225:C:T:A:wC	119	148	-	48.2317	1.33e-16	2.69e-12	TAATTTTTTGTATTTTTAGTAGAGACGGGG
pattern_2		2:3634425:G:A:R:wC	127	156	-	48.2317	1.33e-16	2.69e-12	TAATTTTTTGTATTTTTAGTAGAGACGGGG
pattern_2		7:150495470:C:A:A:wC	158	187	+	48.2317	1.33e-16	2.69e-12	TAATTTTTTGTATTTTTAGTAGAGACGGGG
pattern_2		19:4382360:T:G:R:wC	159	188	+	48.2317	1.33e-16	2.69e-12	TAATTTTTTGTATTTTTAGTAGAGACGGGG
pattern_2		17:27128264:G:A:R:wC	131	160	-	48.2317	1.33e-16	2.69e-12	TAATTTTTTGTATTTTTAGTAGAGACGGGG
pattern_2		12:3053028:G:C:A:wC	163	192	+	48.2317	1.33e-16	2.69e-12	TAATTTTTTGTATTTTTAGTAGAGACGGGG
pattern_2		3:49336926:C:G:A:wC	164	193	+	48.2317	1.33e-16	2.69e-12	TAATTTTTTGTATTTTTAGTAGAGACGGGG
pattern_2		14:58841995:T:C:R:wC	164	193	+	48.2317	1.33e-16	2.69e-12	TAATTTTTTGTATTTTTAGTAGAGACGGGG
pattern_2		1:178982289:C:G:A:wC	138	167	-	48.2317	1.33e-16	2.69e-12	TAATTTTTTGTATTTTTAGTAGAGACGGGG
pattern_2		1:150642859:G:A:R:wC	138	167	-	48.2317	1.33e-16	2.69e-12	TAATTTTTTGTATTTTTAGTAGAGACGGGG
pattern_2		10:105488746:G:C:A:wC	171	200	+	48.2317	1.33e-16	2.69e-12	TAATTTTTTGTATTTTTAGTAGAGACGGGG
pattern_2		14:105764099:T:C:A:wC	158	187	-	48.2317	1.33e-16	2.69e-12	TAATTTTTTGTATTTTTAGTAGAGACGGGG
pattern_0		7:6748260:T:C:A:wC	99	128	+	39.5833	1.48e-16	5.32e-11	CCTCTGCCTCCCAAGTTCAAGTGATTCTCC
pattern_0		7:101516234:C:A:R:wC	100	129	+	39.5238	1.64e-16	5.32e-11	CCTCCGCCTCCCAGGTTCAAGTGATTCTCC
pattern_2		19:10852369:G:A:R:wC	123	152	+	47.3537	3.17e-16	6.18e-12	ATTTTTTTTGTATTTTTAGTAGAGACGGGG
pattern_2		16:15395595:T:C:A:wC	128	157	-	47.3537	3.17e-16	6.18e-12	CTAATTTTTGTATTTTTAGTAGAGATGGGA
pattern_2		3:52335756:C:T:A:wC	52	81	-	47.2561	3.53e-16	6.76e-12	TTTTTTTTTGTATTTTTAGTAGAGACAGGG
pattern_2		16:4518392:G:A:R:wC	150	179	-	47.1829	3.92e-16	7.38e-12	CTAATTTTTGTATTTTTAGTAGAGGCGGGG
pattern_2		1:29502572:G:T:A:wC	116	145	-	47	4.52e-16	8.07e-12	TAATTTTTTGTATTTTTAGTAGAGACAGGG
pattern_2		21:47682677:T:C:A:wC	128	157	-	47	4.52e-16	8.07e-12	TAATTTTTTGTATTTTTAGTAGAGACAGGG
pattern_2		3:183690945:C:T:R:wC	162	191	+	47	4.52e-16	8.07e-12	TAATTTTTTGTATTTTTAGTAGAGACAGGG
pattern_2		9:95644104:A:G:A:wC	127	156	-	46.7805	5.5e-16	9.65e-12	TTTCTTTTTGTATTTTTAGTAGAGACGGGG
pattern_2		6:7388128:G:A:R:wC	48	77	-	46.6707	6.08e-16	1.05e-11	TTTTTTTTTGTATTTTTAGTAGAGATGGGG
pattern_2		10:104631189:G:A:A:wC	38	67	-	46.5488	6.57e-16	1.1e-11	AATATTTTTGTATTTTTAGTAGAGACGGGG
pattern_2		10:104631189:G:A:R:wC	38	67	-	46.5488	6.57e-16	1.1e-11	AATATTTTTGTATTTTTAGTAGAGACGGGG
pattern_2		12:120979394:A:C:A:wC	108	137	+	46.4146	7.49e-16	1.16e-11	TAATTTTTTGTATTTTTAGTAGAGATGGGG
pattern_2		2:54244011:C:T:A:wC	116	145	+	46.4146	7.49e-16	1.16e-11	TAATTTTTTGTATTTTTAGTAGAGATGGGG
pattern_2		2:217547580:C:T:A:wC	116	145	+	46.4146	7.49e-16	1.16e-11	TAATTTTTTGTATTTTTAGTAGAGATGGGG
pattern_2		11:32993406:G:A:A:wC	127	156	-	46.4146	7.49e-16	1.16e-11	TAATTTTTTGTATTTTTAGTAGAGATGGGG
pattern_2		20:48533630:G:C:R:wC	169	198	+	46.4146	7.49e-16	1.16e-11	TAATTTTTTGTATTTTTAGTAGAGATGGGG
pattern_2		3:57077337:G:T:A:wC	71	100	+	46.0366	1.05e-15	1.6e-11	CTAATTTTTGTATTTTTAGTAGAGATGGGT
pattern_0		17:62407974:C:T:A:wC	29	58	-	38.4881	1.24e-15	2.53e-10	CCTCTGCCTCCTAGGTTCAAGCGATTCTCC
pattern_2		2:174836754:A:G:R:wC	50	79	-	45.6098	1.51e-15	2.15e-11	AATTTTTTTGTATTTTTAGTAGAGACGGGG
pattern_2		6:37348316:A:G:R:wC	54	83	-	45.6098	1.51e-15	2.15e-11	AATTTTTTTGTATTTTTAGTAGAGACGGGG
pattern_2		19:16461254:G:A:R:wC	62	91	-	45.6098	1.51e-15	2.15e-11	AATTTTTTTGTATTTTTAGTAGAGACGGGG
pattern_2		14:64236191:T:C:R:wC	118	147	-	45.6098	1.51e-15	2.15e-11	AATTTTTTTGTATTTTTAGTAGAGACGGGG
pattern_2		4:16063617:C:T:A:wC	163	192	+	45.6098	1.51e-15	2.15e-11	AATTTTTTTGTATTTTTAGTAGAGACGGGG
pattern_0		1:85723733:T:C:A:wC	76	105	-	38.2976	1.7e-15	2.53e-10	CCTCCGCCTCCCAGGTTCAAGCGATTATCC
pattern_2		18:10039453:G:A:R:wC	111	140	-	45.3902	1.84e-15	2.59e-11	CTAATTTTTGTATTTTTAATAGAGACAGGG
pattern_0		1:89475842:A:G:A:wC	144	173	+	38.2381	1.87e-15	2.53e-10	CCTCCGCCTCCTGGGTTCAAGTGATTCTCC
pattern_0		11:77860033:T:C:A:wC	146	175	+	38.2381	1.87e-15	2.53e-10	CCTCCGCCTCCTGGGTTCAAGTGATTCTCC
pattern_0		15:41696932:A:G:A:wC	157	186	+	38.1786	2.07e-15	2.53e-10	CCCCCGCCTCCCGGGTTCAAGTGATTCTCC
pattern_2		8:136871213:G:T:A:wC	30	59	-	45.061	2.37e-15	3.25e-11	TAATTTTTTGTGTTTTTAGTAGAGACGGGG
pattern_2		16:98678:T:G:A:wC	57	86	-	45.061	2.37e-15	3.25e-11	TAATTTTTTGTGTTTTTAGTAGAGACGGGG
pattern_2		17:73799110:A:C:A:wC	21	50	-	44.878	2.72e-15	3.63e-11	GTAATTTTTGTATTTTTAGTAGAGACGAGG
pattern_2		17:73799110:A:C:A:wC	157	186	-	44.878	2.72e-15	3.63e-11	GTAATTTTTGTATTTTTAGTAGAGACGAGG
pattern_2		22:25464565:G:A:A:wC	103	132	+	44.7805	2.97e-15	3.87e-11	TAATTTTTTATATTTTTAGTAGAGACGGGG
pattern_2		17:57549673:T:C:R:wC	164	193	+	44.7805	2.97e-15	3.87e-11	TAATTTTTTATATTTTTAGTAGAGACGGGG
pattern_0		12:53440129:G:T:R:wC	147	176	-	37.8333	3.68e-15	3.99e-10	CCTCTGCCTCCCAGGCTCAAGCGATCCTCC
pattern_2		12:89874125:G:A:A:wC	52	81	+	44.3902	4.06e-15	5.22e-11	ATAATTTTTGTATTTTTTGTAGAGATGGGG
pattern_2		9:16737384:G:C:R:wC	129	158	+	44.3659	4.13e-15	5.24e-11	TAATTTTTTGTATTTTTAGTAGAGACGAGG
pattern_2		1:247273748:C:T:R:wC	62	91	-	44.1951	4.73e-15	5.94e-11	TAATTTTTTGTAATTTTAGTAGAGACGGGG
pattern_0		20:60780450:T:C:R:wC	164	193	+	37.6429	4.96e-15	4.63e-10	CCTCCACCTCCCAGGTTCAAGCGATTCTCC
pattern_0		12:64439316:A:G:R:wC	81	110	+	37.6071	5.22e-15	4.63e-10	CCTCGGCCTCCCAGGTTCAAGCAATTCTCC
pattern_0		1:45991785:T:G:A:wC	90	119	-	37.5238	5.92e-15	4.81e-10	CCTCTGCCTCCCGGGTTCACGTGATTCTCC
pattern_2		19:52395411:A:G:R:wC	141	170	-	43.7927	6.44e-15	7.99e-11	AATTTTTTTGTATTTTTAGTAGAGATGGGG
pattern_2		19:33533841:C:T:R:wC	69	98	-	43.7561	6.64e-15	8.14e-11	CTCATTTTTGTATTTTTAGTAGAGACGAGG
pattern_2		18:77728594:A:G:R:wC	138	167	+	43.5122	7.96e-15	9.64e-11	CTAGTTTTTGTATTTTTAGTAGAGACGGAG
pattern_2		1:232767485:C:T:R:wC	153	182	-	43.3171	9.17e-15	1.1e-10	TAATTTTTTGTATTTTTAGTAGAGACTGGG
pattern_2		1:1811942:G:A:R:wC	9	38	-	43.2805	9.45e-15	1.12e-10	TAATTTTTTGTATTTTTAGTAGAGGCGGGG
pattern_0		13:74693469:C:T:A:wC	7	36	-	37.1786	1e-14	7.52e-10	CCTCCGCCTCCCAAGTTCAAGTGATTCTCT
pattern_2		9:19069485:G:A:R:wC	127	156	-	43.061	1.11e-14	1.29e-10	GTAATTTTTGTATTTTTAGTAGAGATGAGG
pattern_2		2:75900211:C:T:R:wC	149	178	-	42.878	1.27e-14	1.47e-10	TAATTTTTTGTATATTTAGTAGAGATGGGG
pattern_0		11:68911500:A:C:A:wC	68	97	+	36.9643	1.37e-14	9.37e-10	TCTCTGCCTCCCGGGTTCAAGTGATTCTCC
pattern_2		3:101326815:C:T:A:wC	142	171	+	42.7195	1.42e-14	1.63e-10	TAATTTTTTGTATTTTTAATAGAGACGGGG
pattern_0		7:78022018:C:T:R:wC	124	153	+	36.9286	1.44e-14	9.37e-10	CCTCCGCCTCCCAGTTTCAAGTGATTCTCC
pattern_2		12:24416335:G:A:A:wC	50	79	-	42.439	1.73e-14	1.96e-10	AATTTTTTTGTGTTTTTAGTAGAGACGGGG
pattern_2		11:524397:T:C:A:wC	160	189	-	42.378	1.82e-14	2.04e-10	ACTAATTTTGTATTTTTAGTAGAGACGGGG
pattern_0		17:8164578:A:G:R:wC	158	187	+	36.6429	2.16e-14	1.28e-09	CCTCCGCCTCCCGGGTTCAAGCAATTCCCC
pattern_2		13:95923213:G:A:R:wC	60	89	-	42.0122	2.34e-14	2.6e-10	TAATTTTTTGTATTTTTAGTAGAGATGGAG
pattern_0		3:188881019:A:G:A:wC	50	79	-	36.5833	2.35e-14	1.28e-09	CCTCCACCTCCTGGGTTCAAGTGATTCTCC
pattern_0		19:19709129:G:A:R:wC	159	188	+	36.5833	2.35e-14	1.28e-09	CCTCCACCTCCTGGGTTCAAGTGATTCTCC
pattern_2		15:23880769:C:T:R:wC	158	187	-	41.7195	2.87e-14	3.15e-10	TTTTTTTTTGTATTTTTAGTGGAGATGGGG
pattern_0		7:6599034:G:C:R:wC	87	116	+	36.3571	3.22e-14	1.37e-09	CCTCCACCTCCTGGGTTCAAGCGATTCTCC
pattern_0		3:105571631:A:G:R:wC	112	141	+	36.3571	3.22e-14	1.37e-09	CCTCCACCTCCTGGGTTCAAGCGATTCTCC
pattern_0		1:943968:C:T:R:wC	119	148	+	36.3571	3.22e-14	1.37e-09	CCTCCGCCTCCCAGGTTCAAGCAATTCTCC
pattern_0		12:31466613:G:A:A:wC	151	180	+	36.3571	3.22e-14	1.37e-09	CCTCCACCTCCTGGGTTCAAGCGATTCTCC
pattern_0		22:30251180:A:G:R:wC	122	151	+	36.3452	3.28e-14	1.37e-09	TCTCCGCCTCCCGGGTTCAAGTGATTCTCC
pattern_2		15:23945684:C:A:R:wC	128	157	-	41.4878	3.36e-14	3.65e-10	TAATTTTTTGTATTTTTAATAGAGACAGGG
pattern_0		19:39644139:C:T:R:wC	124	153	+	36.3214	3.38e-14	1.37e-09	CCTTCGCCTCCCAGGTTCAAGTGATTCTCC
pattern_2		17:41514004:A:G:A:wC	51	80	-	41.4634	3.42e-14	3.68e-10	TAATTTTTTGTATTTTTAGTAGGGATGGGG
pattern_2		13:113352130:C:T:A:wC	21	50	+	41.3415	3.72e-14	3.92e-10	TTTTTTTTTTTTTTTTTAGTAGAGATGGGG
pattern_2		3:150436676:G:A:A:wC	127	156	-	41.3415	3.72e-14	3.92e-10	GCTAATTTTGTATTTTTAGTAGAGACGGGG
pattern_0		12:28300347:A:G:A:wC	107	136	+	36.1548	4.22e-14	1.65e-09	CCTCTGCCTTCCGGGTTCAAGCGATTCTCC
pattern_0		7:99113672:G:A:A:wC	110	139	+	36.0357	4.95e-14	1.86e-09	CCTCTGCCTCCCAGGTTCAAGCGACTCTCC
pattern_2		1:161126073:C:A:R:wC	171	200	-	40.6585	5.85e-14	6.11e-10	GTATTTTTTTTTTTTTTAGTAGAGATGGGG
pattern_2		2:101625773:C:G:R:wC	17	46	-	40.6098	6.06e-14	6.26e-10	ATTTTTTTTGTATTTTTAATAGAGACAGGG
pattern_0		8:68847459:G:A:A:wC	112	141	+	35.8452	6.37e-14	2.3e-09	CCTCCGTCTCCCGGGTTCAAGCGATTCTCC
pattern_2		12:57021006:T:C:R:wC	170	199	-	40.4512	6.73e-14	6.88e-10	CTAATTTTTGTATTTTTAGTAGAGAAGGGG
pattern_2		12:96240341:T:C:A:wC	97	126	-	40.3415	7.22e-14	7.32e-10	CTAATTTTTGTATTTTTAGTTGAGACGGGG
pattern_2		21:47716701:G:T:R:wC	133	162	-	40.1098	8.39e-14	8.4e-10	GCTAATTTTGTATTTTTAGTAGAGACAGGG
pattern_2		3:63888935:G:C:R:wC	59	88	-	40.0976	8.45e-14	8.4e-10	AATTTTTTTGTATTTTTAATAGAGACGGGG
pattern_0		14:23747938:A:G:A:wC	128	157	+	35.5714	9.1e-14	3.17e-09	CCTCCGCCTCCTGGGTTCAAGTGATTCTTG
pattern_2		8:6314904:G:A:A:wC	147	176	-	39.9634	9.19e-14	9.05e-10	CCAATTTTTGTGTTTTTTGTAGAGACGGGA
pattern_2		18:47341474:G:C:A:wC	28	57	-	39.9268	9.41e-14	9.18e-10	AATTTTTTTGTATTTTTAGTAGAGATGAGG
pattern_2		22:21969640:T:C:A:wC	128	157	-	39.6098	1.15e-13	1.11e-09	TAATTTTTTTTATTTTTAGTAAAGACAGGG
pattern_2		22:31799448:G:C:A:wC	131	160	-	39.5244	1.22e-13	1.17e-09	GCTAATTTTGTATTTTTAGTAGAGATGGGG
pattern_2		14:50685747:C:G:R:wC	9	38	-	39.3171	1.38e-13	1.31e-09	CTAATTTTTCTATTTTTAGTAGAGACAGGG
pattern_2		11:118836638:A:G:A:wC	118	147	+	39.1098	1.58e-13	1.48e-09	CTAATTTTTGTATTTTTAGTAGAGTCAGGG
pattern_2		17:1335942:G:A:R:wC	53	82	-	39.0976	1.59e-13	1.48e-09	TAATTTTTTATATTTTTAGTAGAGATGAGG
pattern_2		18:51793690:G:C:R:wC	128	157	-	39.0732	1.61e-13	1.49e-09	CTAATTTTTGTATTTTCAGTAGAGACAGGG
pattern_0		4:185572144:C:T:A:wC	140	169	-	35.0952	1.65e-13	5.56e-09	CCTCGGCCTCCCAAAGTCCTGGGATTACAG
pattern_2		7:76251126:G:A:R:wC	55	84	-	38.939	1.75e-13	1.59e-09	TACTTTTTTGTATTTTTAGTAGAGATGGGA
pattern_2		7:76251126:G:A:A:wC	55	84	-	38.939	1.75e-13	1.59e-09	TACTTTTTTGTATTTTTAGTAGAGATGGGA
pattern_2		2:33754336:C:A:R:wC	149	178	-	38.6829	2.05e-13	1.84e-09	AATTTTTTTGTATTTTTAGTAGAGATGGCG
pattern_2		13:92005134:A:G:R:wC	154	183	-	38.439	2.37e-13	2.12e-09	TAATTTTTTATATTTTTAGTAGAGACAGCG
pattern_0		1:200019951:C:T:A:wC	76	105	-	34.7024	2.67e-13	8.4e-09	CCTCCACCTCCCAGGTTCAAGCAATTCTCC
pattern_0		3:195629980:C:T:A:wC	113	142	+	34.7024	2.67e-13	8.4e-09	CCTCCACCTCCCAGGTTCAAGCAATTCTCC
pattern_2		17:76163596:A:C:A:wC	167	196	+	38.122	2.87e-13	2.54e-09	GTTGTTGTTGTATTTTTAGTAGAGACGGGG
pattern_0		15:43137576:G:A:R:wC	128	157	-	34.5952	3.03e-13	9.24e-09	CCTCGGCCTCCCAAAGTGCAGGGATTACAG
pattern_2		12:120991456:T:G:A:wC	15	44	+	38	3.08e-13	2.71e-09	TTTGTTTTTGTATTTTTAGTAGAGATGGTG
pattern_2		16:11297737:T:G:A:wC	131	160	-	37.9512	3.18e-13	2.77e-09	CTAATTTTTGTGTGTTTAGCAGAGACAGGG
pattern_2		8:71006581:A:G:R:wC	96	125	-	37.5976	3.91e-13	3.38e-09	TAATTTTCTGTATTTTTAGTAGAGATGAGG
pattern_0		4:2977016:C:G:R:wC	21	50	-	34.3214	4.2e-13	1.01e-08	TCTCCACCTCCCAGGTTCAAGCGATTCTCC
pattern_0		11:47241411:T:C:A:wC	109	138	+	34.2976	4.31e-13	1.01e-08	GCTCCGCCTCCCAGGTTCACGCGATTCTCC
pattern_2		9:69499956:C:T:A:wC	119	148	-	37.3415	4.54e-13	3.89e-09	AATTTTTTTGTATTTTTAGTAGAGACGAAG
pattern_0		7:101516234:C:A:A:wC	100	129	+	34.2143	4.75e-13	1.01e-08	ACTCCGCCTCCCAGGTTCAAGTGATTCTCC
pattern_0		15:91407994:G:A:R:wC	98	127	-	34.2143	4.75e-13	1.01e-08	CCTCGGCCTCCCAGAGTGCTGGGATTACAG
pattern_0		11:73488246:C:T:R:wC	115	144	-	34.2143	4.75e-13	1.01e-08	CCTCGGCCTCCCAGAGTGCTGGGATTACAG
pattern_0		17:4939084:A:G:A:wC	87	116	+	34.1905	4.89e-13	1.01e-08	CCTCAACCTCCCAGGCTCAAGGGATCCTCC
pattern_2		11:66840675:C:T:A:wC	1	30	-	37.2073	4.9e-13	4.17e-09	CTAATTTTTATATTTTTAGTAGAGACCGGG
pattern_0		14:50685747:C:G:R:wC	91	120	-	34.1548	5.1e-13	1.01e-08	CCTCCGCTTCCCGGGTTCAAGTGATTCTCC
pattern_2		15:28920910:T:A:R:wC	166	195	+	37.0244	5.45e-13	4.6e-09	TAATTTTTCGTATTTTTAATAGAGATGGGG
pattern_2		1:1548801:T:C:A:wC	21	50	+	36.9024	5.84e-13	4.89e-09	TGTATTTTTGTATTTTTAGTAGAGACAGGG
pattern_0		2:54217148:G:C:R:wC	149	178	+	34.0357	5.85e-13	1.01e-08	CCTCTACCTCCTGGGTTCAAGCAATTCTCC
pattern_0		14:60000434:T:C:A:wC	113	142	-	34.0238	5.93e-13	1.01e-08	CCTCTGCCTCCCAAAGTGCTGGGATTCCAG
pattern_2		14:81914313:C:G:R:wC	127	156	-	36.878	5.93e-13	4.92e-09	GCTCATTTTGTATTTTTAGTAGAGATGGGG
pattern_2		19:47184356:G:A:R:wC	122	151	+	36.8049	6.18e-13	5.09e-09	TTTTTTTTTGTATTTTTAGTAGAGAAGGGG
pattern_0		12:50556475:C:A:R:wC	93	122	+	33.9405	6.52e-13	1.01e-08	CCTCCACCTCCCGGGTTCAAGAGATTCTCC
pattern_0		9:131861275:A:C:R:wC	160	189	+	33.9167	6.7e-13	1.01e-08	CCTCCACCTCCTGGGTTCAAGTGATTCTTG
pattern_0		2:38920333:T:C:A:wC	132	161	-	33.9167	6.7e-13	1.01e-08	CCTCGGCCTCCCAAATTGCTGGGATTACAG
pattern_2		9:116845484:C:T:R:wC	54	83	-	36.561	7.09e-13	5.79e-09	GCTAATTTTGTATTTTTAGTAGAGATGGGA
pattern_2		15:41760617:A:G:R:wC	163	192	+	36.5488	7.14e-13	5.79e-09	TAATTTTTTGTATTTTTAGTAGAGAAGGGG
pattern_2		5:167680532:A:G:R:wC	163	192	+	36.5244	7.24e-13	5.82e-09	TAATTGTTTGTATTTTTAGTAGAGACGGGG
pattern_2		16:74633547:G:C:A:wC	139	168	-	36.4756	7.44e-13	5.9e-09	TAATTTTTTGCATTTTTAGTAGAGACGGGG
pattern_2		16:74633547:G:C:R:wC	139	168	-	36.4756	7.44e-13	5.9e-09	TAATTTTTTGCATTTTTAGTAGAGACGGGG
pattern_0		10:105180910:C:T:A:wC	69	98	+	33.7976	7.67e-13	1.01e-08	CCTCGGCCTCCCGAAGTGCTGGGATTACAG
pattern_2		2:64982244:C:T:R:wC	111	140	+	36.4146	7.7e-13	6.06e-09	TTTTTTTTTGTATTTTTAGTACAGACGGGG
pattern_2		4:28747335:T:G:R:wC	138	167	-	36.3902	7.8e-13	6.09e-09	GCTAATTTTGTATTTTTAGTAGAGGCGGGG
pattern_2		12:131653587:G:C:R:wC	53	82	-	36.1585	8.89e-13	6.74e-09	TAATTTTTTGTATTTTTAGTAGACACGGGG
pattern_2		18:10879503:G:C:R:wC	155	184	+	36.1585	8.89e-13	6.74e-09	TAATTTTTTGTATTTTTAGTATAGACGGGG
pattern_2		16:190968:A:G:A:wC	135	164	-	36.1585	8.89e-13	6.74e-09	TAATTTTTTGTATTTTTAGTAGACACGGGG
pattern_2		16:190968:A:G:R:wC	135	164	-	36.1585	8.89e-13	6.74e-09	TAATTTTTTGTATTTTTAGTAGACACGGGG
pattern_0		9:135876044:G:T:A:wC	46	75	+	33.6548	9.01e-13	1.01e-08	CCTCGGCCTCCCAAAGTGCTGGGATTACAG
pattern_0		18:3155517:C:T:A:wC	53	82	+	33.6548	9.01e-13	1.01e-08	CCTCGGCCTCCCAAAGTGCTGGGATTACAG
pattern_0		12:54592103:G:A:A:wC	61	90	+	33.6548	9.01e-13	1.01e-08	CCTCGGCCTCCCAAAGTGCTGGGATTACAG
pattern_0		1:29502572:G:T:A:wC	33	62	-	33.6548	9.01e-13	1.01e-08	CCTCGGCCTCCCAAAGTGCTGGGATTACAG
pattern_0		4:148263829:A:G:R:wC	33	62	-	33.6548	9.01e-13	1.01e-08	CCTCGGCCTCCCAAAGTGCTGGGATTACAG
pattern_0		19:14461028:C:T:A:wC	34	63	-	33.6548	9.01e-13	1.01e-08	CCTCGGCCTCCCAAAGTGCTGGGATTACAG
pattern_0		9:69499956:C:T:A:wC	36	65	-	33.6548	9.01e-13	1.01e-08	CCTCGGCCTCCCAAAGTGCTGGGATTACAG
pattern_0		15:75222225:C:T:A:wC	36	65	-	33.6548	9.01e-13	1.01e-08	CCTCGGCCTCCCAAAGTGCTGGGATTACAG
pattern_0		7:44073057:G:T:A:wC	42	71	-	33.6548	9.01e-13	1.01e-08	CCTCGGCCTCCCAAAGTGCTGGGATTACAG
pattern_0		19:39238319:C:G:A:wC	42	71	-	33.6548	9.01e-13	1.01e-08	CCTCGGCCTCCCAAAGTGCTGGGATTACAG
pattern_0		11:108051989:G:A:R:wC	42	71	-	33.6548	9.01e-13	1.01e-08	CCTCGGCCTCCCAAAGTGCTGGGATTACAG
pattern_0		2:3634425:G:A:R:wC	44	73	-	33.6548	9.01e-13	1.01e-08	CCTCGGCCTCCCAAAGTGCTGGGATTACAG
pattern_0		21:47682677:T:C:A:wC	45	74	-	33.6548	9.01e-13	1.01e-08	CCTCGGCCTCCCAAAGTGCTGGGATTACAG
pattern_0		21:47716701:G:T:R:wC	48	77	-	33.6548	9.01e-13	1.01e-08	CCTCGGCCTCCCAAAGTGCTGGGATTACAG
pattern_0		22:30807524:T:C:R:wC	51	80	-	33.6548	9.01e-13	1.01e-08	CCTCGGCCTCCCAAAGTGCTGGGATTACAG
pattern_0		16:4518392:G:A:R:wC	65	94	-	33.6548	9.01e-13	1.01e-08	CCTCGGCCTCCCAAAGTGCTGGGATTACAG
pattern_0		11:67304760:G:A:R:wC	68	97	-	33.6548	9.01e-13	1.01e-08	CCTCGGCCTCCCAAAGTGCTGGGATTACAG
pattern_0		12:123832937:G:A:R:wC	74	103	-	33.6548	9.01e-13	1.01e-08	CCTCGGCCTCCCAAAGTGCTGGGATTACAG
pattern_0		11:524397:T:C:A:wC	75	104	-	33.6548	9.01e-13	1.01e-08	CCTCGGCCTCCCAAAGTGCTGGGATTACAG
pattern_0		17:7169299:C:T:R:wC	106	135	+	33.6548	9.01e-13	1.01e-08	CCTCGGCCTCCCAAAGTGCTGGGATTACAG
pattern_0		17:7169299:C:T:A:wC	106	135	+	33.6548	9.01e-13	1.01e-08	CCTCGGCCTCCCAAAGTGCTGGGATTACAG
pattern_0		20:61478285:G:C:A:wC	92	121	-	33.6548	9.01e-13	1.01e-08	CCTCGGCCTCCCAAAGTGCTGGGATTACAG
pattern_0		1:247230884:C:T:R:wC	101	130	-	33.6548	9.01e-13	1.01e-08	CCTCGGCCTCCCAAAGTGCTGGGATTACAG
pattern_0		1:247230884:C:T:A:wC	101	130	-	33.6548	9.01e-13	1.01e-08	CCTCGGCCTCCCAAAGTGCTGGGATTACAG
pattern_0		16:94048:A:G:A:wC	102	131	-	33.6548	9.01e-13	1.01e-08	CCTCGGCCTCCCAAAGTGCTGGGATTACAG
pattern_0		11:65525262:C:T:A:wC	103	132	-	33.6548	9.01e-13	1.01e-08	CCTCGGCCTCCCAAAGTGCTGGGATTACAG
pattern_0		15:65172582:C:T:R:wC	105	134	-	33.6548	9.01e-13	1.01e-08	CCTCGGCCTCCCAAAGTGCTGGGATTACAG
pattern_0		15:65172582:C:T:A:wC	105	134	-	33.6548	9.01e-13	1.01e-08	CCTCGGCCTCCCAAAGTGCTGGGATTACAG
pattern_0		22:50847279:C:T:A:wC	105	134	-	33.6548	9.01e-13	1.01e-08	CCTCGGCCTCCCAAAGTGCTGGGATTACAG
pattern_0		2:61378186:C:A:A:wC	107	136	-	33.6548	9.01e-13	1.01e-08	CCTCGGCCTCCCAAAGTGCTGGGATTACAG
pattern_0		5:179137436:C:T:R:wC	113	142	-	33.6548	9.01e-13	1.01e-08	CCTCGGCCTCCCAAAGTGCTGGGATTACAG
pattern_0		22:41042570:C:T:A:wC	113	142	-	33.6548	9.01e-13	1.01e-08	CCTCGGCCTCCCAAAGTGCTGGGATTACAG
pattern_0		1:55519783:G:A:R:wC	114	143	-	33.6548	9.01e-13	1.01e-08	CCTCGGCCTCCCAAAGTGCTGGGATTACAG
pattern_0		14:73746590:T:C:A:wC	115	144	-	33.6548	9.01e-13	1.01e-08	CCTCGGCCTCCCAAAGTGCTGGGATTACAG
pattern_0		7:65339517:G:C:R:wC	118	147	-	33.6548	9.01e-13	1.01e-08	CCTCGGCCTCCCAAAGTGCTGGGATTACAG
pattern_0		3:183179413:C:T:A:wC	119	148	-	33.6548	9.01e-13	1.01e-08	CCTCGGCCTCCCAAAGTGCTGGGATTACAG
pattern_0		19:41343700:C:T:R:wC	119	148	-	33.6548	9.01e-13	1.01e-08	CCTCGGCCTCCCAAAGTGCTGGGATTACAG
pattern_0		11:572473:T:C:A:wC	152	181	+	33.6548	9.01e-13	1.01e-08	CCTCGGCCTCCCAAAGTGCTGGGATTACAG
pattern_0		16:89249301:T:C:R:wC	132	161	-	33.6548	9.01e-13	1.01e-08	CCTCGGCCTCCCAAAGTGCTGGGATTACAG
pattern_0		18:2550871:G:A:R:wC	133	162	-	33.6548	9.01e-13	1.01e-08	CCTCGGCCTCCCAAAGTGCTGGGATTACAG
pattern_0		9:140142684:G:A:R:wC	156	185	-	33.6548	9.01e-13	1.01e-08	CCTCGGCCTCCCAAAGTGCTGGGATTACAG
pattern_0		9:140142684:G:A:A:wC	156	185	-	33.6548	9.01e-13	1.01e-08	CCTCGGCCTCCCAAAGTGCTGGGATTACAG
pattern_0		15:42121538:C:G:A:wC	152	181	+	33.6071	9.51e-13	1.05e-08	CCTCGACCTCCCAGGTTCAAGAGATCCTCC
pattern_2		11:32992203:C:T:A:wC	11	40	+	35.9024	1.02e-12	7.71e-09	CTAATTTTTGTGTTTTCAGTAGAGACAGGG
pattern_0		22:38064650:C:T:R:wC	4	33	+	33.5119	1.06e-12	1.12e-08	CCTCGGCCTCCCAAAGTGCTGGGATTATAG
pattern_0		14:96932075:G:A:R:wC	114	143	-	33.5119	1.06e-12	1.12e-08	CCTCGGCCTCCCAAAGTGCTGGGATTATAG
pattern_0		3:195558839:G:A:R:wC	128	157	-	33.5119	1.06e-12	1.12e-08	CCTCGGCCTCCCAAAGTGCTGGGATTATAG
pattern_0		16:2019356:A:T:R:wC	129	158	-	33.5119	1.06e-12	1.12e-08	CCTCGGCCTCCCAAAGTGCTGGGATTATAG
pattern_2		16:69651866:C:T:A:wC	121	150	-	35.8293	1.07e-12	7.97e-09	GCTAATTTTGTATTTTTAGTAGAGACAGGT
pattern_0		18:23805393:T:C:A:wC	144	173	-	33.5	1.07e-12	1.12e-08	CCTCCACCTCCTGGGCTCAAGTGATCATCC
pattern_0		8:95257128:T:G:R:wC	129	158	+	33.4167	1.18e-12	1.21e-08	CCTCCACCTCCTGGGTTCAAGCAATTCTCC
pattern_0		17:15758268:G:A:A:wC	157	186	+	33.4167	1.18e-12	1.21e-08	CCTCCACCTCCTGGGTTCAAGCAATTCTCC
pattern_0		15:66020908:A:G:R:wC	95	124	+	33.4048	1.19e-12	1.21e-08	CCTCCACCTCCCGGGTTGAAGCAATTCTCC
pattern_2		7:148849502:G:A:A:wC	115	144	+	35.4146	1.34e-12	9.93e-09	TAATTTTTTCTATTTTTAGTAGAGACAGGG
pattern_2		17:66133442:T:C:R:wC	16	45	+	35.3537	1.38e-12	1.02e-08	CTAACTTGTGTATTTTTAGTAGAGATGGGG
pattern_0		12:50515808:C:T:A:wC	121	150	+	33.2619	1.39e-12	1.4e-08	CCTCCACCTCCCAGGTTCAAGCAATCCTCC
pattern_2		22:24157624:A:G:A:wC	21	50	-	35.2073	1.5e-12	1.1e-08	TAATTTTTTGTATTTTTAGAAGAGACAGGG
pattern_2		15:75750969:G:A:A:wC	43	72	-	35.1463	1.55e-12	1.12e-08	CTAATTTTTAAATATTTTGTAGAGACAGGG
pattern_2		5:56053535:T:C:A:wC	119	148	-	35.061	1.62e-12	1.17e-08	TAGTTTTTTGTATTTTTAGTAGAGATGGGG
pattern_0		11:118836638:A:G:A:wC	36	65	+	33.0357	1.78e-12	1.74e-08	TCTCCGCCTCCCAGGTTCAAGCAATTCTCC
pattern_0		6:160197943:C:T:R:wC	59	88	+	33.0357	1.78e-12	1.74e-08	TCTCCGCCTCCCAGGTTCAAGCAATTCTCC
pattern_0		9:95644104:A:G:A:wC	44	73	-	33.0238	1.81e-12	1.74e-08	CCTCTGCCTCCCAAAGTGCTGGGATTACAG
pattern_0		1:26377185:G:A:R:wC	159	188	+	33.0238	1.81e-12	1.74e-08	CCTCCGCCTCCTGGGTTCAAGCAATTCTCA
pattern_2		16:30730679:G:A:R:wC	122	151	+	34.8293	1.83e-12	1.31e-08	TAATGTTTTGTATTTTTAGTAGAGATGGGG
pattern_0		16:275610:T:C:R:wC	57	86	+	32.9524	1.95e-12	1.87e-08	CCTCTGCCTCGCGGGTTCAAGTGACTCTCC
pattern_0		22:30929537:A:G:A:wC	58	87	-	32.9048	2.05e-12	1.95e-08	CCTCCGCCTCCCAGGTTTAAGCAATTCTCC
pattern_2		17:79911421:T:C:R:wC	15	44	+	34.5854	2.09e-12	1.48e-08	TAATTTTTTGTATTTTCAGTAGAGATGGGG
pattern_2		1:68013053:T:A:A:wC	144	173	+	34.5732	2.1e-12	1.48e-08	GCTAATTTTGTATTTTTAGTGGAGATGGGG
pattern_2		1:45991785:T:G:A:wC	8	37	-	34.5488	2.13e-12	1.48e-08	CTAATTTTTGTATTTTTAGTAGAAACAGGT
pattern_2		1:45991785:T:G:R:wC	8	37	-	34.5488	2.13e-12	1.48e-08	CTAATTTTTGTATTTTTAGTAGAAACAGGT
pattern_0		22:29431626:T:C:A:wC	119	148	+	32.8333	2.22e-12	2.06e-08	GCTCCGCCTCCTGGGTTCAAGCAATTCTCC
pattern_0		22:29431626:T:C:R:wC	119	148	+	32.8333	2.22e-12	2.06e-08	GCTCCGCCTCCTGGGTTCAAGCAATTCTCC
pattern_0		7:116475622:C:T:R:wC	119	148	+	32.7619	2.39e-12	2.2e-08	CCTCCATCTCCTGGGTTCAAGCGATTCTCC
pattern_0		1:68013053:T:A:A:wC	63	92	+	32.75	2.42e-12	2.21e-08	GCTCCACCTCCCAGGATCAAGCGATTCTCC
pattern_2		19:5889071:C:T:R:wC	63	92	-	34.1341	2.64e-12	1.83e-08	AATTTTTTTGTATTTTTAGTAGAGACCGGG
pattern_0		6:121788131:C:T:A:wC	96	125	+	32.6667	2.65e-12	2.39e-08	CCTCTGCCCTCCGAGTTCAAGCGATTCTCC
pattern_2		17:74295613:T:C:R:wC	130	159	-	33.878	3.02e-12	2.08e-08	CTAATTTTTGTATTTTTACTAGGGACAGGG
pattern_2		6:107137023:G:A:A:wC	140	169	+	33.8171	3.12e-12	2.13e-08	AATTTTTTTGTATTTTTAGTAGAGCCGGGG
pattern_2		22:30807524:T:C:R:wC	136	165	-	33.7805	3.17e-12	2.16e-08	CTAATTTTTCTATTTTTAGCAGAGATGGGG
pattern_2		13:31024008:G:A:R:wC	153	182	-	33.7683	3.19e-12	2.16e-08	TTTTTTTTTGTATTCTTAGTAGAGACGGGA
pattern_0		11:32993406:G:A:A:wC	44	73	-	32.4405	3.36e-12	3.01e-08	CCTCGGCCTCCCAAAGTGCTGGGATTTCAG
pattern_2		16:10532687:G:A:A:wC	148	177	-	33.6098	3.47e-12	2.33e-08	CTAATTTTTGTATTTTTAGGAGAGATTGGG
pattern_0		8:6733773:C:T:R:wC	66	95	-	32.4048	3.49e-12	3.09e-08	CCTCCGCCTCCCAAAGTGCTGGGATTACAG
pattern_0		11:119054989:C:T:R:wC	103	132	-	32.3571	3.67e-12	3.22e-08	CCTCGGCCTCCCAAAGTGCTGGGATTACGG
pattern_2		19:42763030:C:T:R:wC	151	180	+	33.4756	3.71e-12	2.48e-08	TAATTTTGTGTATTTTTAGTAGAGACGGGA
pattern_0		12:7953089:C:T:R:wC	159	188	+	32.3214	3.81e-12	3.32e-08	CCTCCACCTTCCGGGTTCAAGTGATTCTCT
pattern_2		17:44304910:G:C:R:wC	79	108	+	33.3537	3.95e-12	2.62e-08	AATTTTTTGTTATTTTTAGTAGATACGGGG
pattern_2		19:19722864:A:G:A:wC	139	168	-	33.2805	4.1e-12	2.7e-08	TTAATTTTTGTATTTTTAGTAGAGACACAG
pattern_0		3:192618469:C:T:R:wC	103	132	-	32.2262	4.2e-12	3.63e-08	CCTCGGCCTCCTAAAGTGCTGGGATTACAG
pattern_0		19:2952962:T:G:A:wC	31	60	-	32.2024	4.31e-12	3.69e-08	CCTCCGCCTCCCGGGCTCAAGCATTTCTCC
pattern_0		1:40858570:G:C:A:wC	42	71	-	32.1548	4.52e-12	3.84e-08	CCTCGGCCTCCCAACGTGCTGCGATTACAG
pattern_2		3:12396779:C:T:A:wC	119	148	+	33.0732	4.55e-12	2.98e-08	CAAATTTTTGTAATTTTTATAGAGACAGGA
pattern_0		16:4670396:G:A:R:wC	75	104	-	32.1429	4.58e-12	3.85e-08	CCTCCGCCCCCTGGGTTCAAGCAATTCTCC
pattern_0		15:45758478:A:G:A:wC	134	163	-	32.0833	4.87e-12	4.06e-08	CCTCGGCCTCCTAAAGTGCTGGGATTATAG
pattern_0		17:4335704:G:C:R:wC	164	193	+	31.881	5.99e-12	4.95e-08	CCTGTGCCTCCCGGGTTCAAGCAATTCTCC
pattern_2		6:33233389:C:T:A:wC	23	52	+	32.1098	7.35e-12	4.78e-08	TTTATTTTTAAATTTTTTGTAGAGACAAGG
pattern_0		19:19722864:A:G:A:wC	54	83	-	31.6548	7.53e-12	6.12e-08	CCTCAGCCTCCCAAAGTGCAGGGATTACAG
pattern_0		12:11962839:C:T:A:wC	96	125	+	31.6548	7.53e-12	6.12e-08	CTTCTGCCTCCCAGATTCAAGCAATTCTCC
pattern_2		3:136535024:G:A:R:wC	162	191	+	32.0244	7.66e-12	4.96e-08	ATTTTTTTGGATTTTTTAGTAGAGATGGGG
pattern_2		8:10964969:T:A:R:wC	5	34	+	32	7.76e-12	4.98e-08	TGATTTTTTTTATTTTTTGTAGAGACAGGG
pattern_0		2:37059108:C:T:R:wC	44	73	+	31.6071	7.9e-12	6.21e-08	CCTCGGCCTCCCAAAGTGCTGGGATTACAA
pattern_0		5:95618560:G:A:A:wC	114	143	-	31.6071	7.9e-12	6.21e-08	CCTCGGCCTCCCAAAGTGCTGGGATTACAA
pattern_0		5:95618560:G:A:R:wC	114	143	-	31.6071	7.9e-12	6.21e-08	CCTCGGCCTCCCAAAGTGCTGGGATTACAA
pattern_0		10:88514447:T:G:R:wC	125	154	-	31.6071	7.9e-12	6.21e-08	CCTCGGCCTCCCAAAGTGCTGGGATTACAA
pattern_0		7:95966546:G:A:A:wC	120	149	+	31.5833	8.09e-12	6.31e-08	CCTCTCCCTTCCGGGTTCAAGTGATTCCCC
pattern_2		6:88133114:C:T:R:wC	117	146	+	31.9024	8.14e-12	5.2e-08	TAATTTTTTGTACTCTTAGTAGAGATGGGG
pattern_2		19:11259528:G:A:A:wC	162	191	+	31.7927	8.58e-12	5.45e-08	CCTAATTTTTTTATTTTTGTAGAGACGGGG
pattern_2		6:15378223:G:C:R:wC	160	189	+	31.7439	8.78e-12	5.54e-08	TTTTTTTGTGTATTTTTAGTAGAGGCGGGG
pattern_0		1:9440261:C:G:A:wC	3	32	-	31.4286	9.44e-12	7.31e-08	CTTCTGCCTCCCGGGTTCAAGCGATTCGTC
pattern_0		1:7872482:C:G:R:wC	45	74	-	31.3333	1.04e-11	7.97e-08	CCTCGGGCTCCCAAAGTGCTGGGATTACAG
pattern_0		7:6102513:C:A:R:wC	61	90	-	31.2619	1.11e-11	8.42e-08	CCTCGGCCTCCCAAAATGCTGGGATTACAG
pattern_0		1:35685383:C:T:R:wC	62	91	-	31.2619	1.11e-11	8.42e-08	CCTCGGCCTCCCAAAATGCTGGGATTACAG
pattern_0		5:61941491:G:C:R:wC	42	71	+	31.25	1.13e-11	8.45e-08	CCTTGGCCTCCCAAAGTGCAGGGATTATAG
pattern_0		8:106513461:A:C:R:wC	131	160	+	31.1548	1.24e-11	9.21e-08	ACTCTGCCTCCCAGGTTTAAGCGATTCTCC
pattern_2		12:95953238:G:A:R:wC	43	72	+	31.0244	1.24e-11	7.78e-08	TAATTTTTGTATTTTTTAGTAGAGATGGGG
pattern_2		8:17574213:G:C:A:wC	115	144	+	30.9756	1.27e-11	7.92e-08	TCATTTTTTCTATTTTTAGTGGAGACGGGG
pattern_0		12:117076080:A:G:R:wC	117	146	+	31.119	1.28e-11	9.46e-08	CCTCGGCCTCCCAAAATGCTGGGATTATAG
pattern_0		13:31024008:G:A:R:wC	68	97	-	31.0595	1.36e-11	9.88e-08	CCTCGGACTCCCAAAGTGCTGGGATTACAG
pattern_0		10:3139001:C:T:R:wC	110	139	-	31.0595	1.36e-11	9.88e-08	CCTCGGACTCCCAAAGTGCTGGGATTACAG
pattern_0		20:30566874:G:T:A:wC	71	100	-	31.0476	1.37e-11	9.92e-08	ACTCCGCCTCCCAGGTTCAAGCAATTCTCC
pattern_0		17:14407103:C:T:R:wC	123	152	-	31.0119	1.42e-11	1.02e-07	CCTTGGCCTCCCAGAGTGCTGGGATTACAG
pattern_0		16:1511811:C:T:A:wC	115	144	-	31	1.44e-11	1.02e-07	CCTCGGCCTCCCAAAGTGCTGGGATTGTAG
pattern_0		6:36918347:T:G:A:wC	154	183	+	30.8452	1.67e-11	1.15e-07	CCTCCACTTCCTGGGTTCAAGCGATTCTCC
pattern_0		19:33533841:C:T:R:wC	151	180	-	30.7738	1.79e-11	1.15e-07	CTTCTGCTTCCCAGGTTCAAGTGATTCTCC
pattern_2		19:4252392:G:A:R:wC	127	156	-	30.122	1.89e-11	1.17e-07	TTTTCTGCTTTTTTTTTAGTAGAGACGGGG
pattern_0		8:71006581:A:G:R:wC	13	42	-	30.7143	1.9e-11	1.15e-07	CCTCAGCCTCCCAAAGTGCTGGGATTACAG
pattern_0		1:26834392:A:G:R:wC	26	55	-	30.7143	1.9e-11	1.15e-07	CCTCAGCCTCCCAAAGTGCTGGGATTACAG
pattern_0		19:2161443:G:A:A:wC	66	95	+	30.7143	1.9e-11	1.15e-07	CCTCAGCCTCCCAAAGTGCTGGGATTACAG
pattern_0		3:150436676:G:A:A:wC	42	71	-	30.7143	1.9e-11	1.15e-07	CCTCAGCCTCCCAAAGTGCTGGGATTACAG
pattern_0		2:74385705:G:A:R:wC	52	81	-	30.7143	1.9e-11	1.15e-07	CCTCGGCCTCCCAAAGTGCTGGAATTACAG
pattern_0		2:74385705:G:A:A:wC	52	81	-	30.7143	1.9e-11	1.15e-07	CCTCGGCCTCCCAAAGTGCTGGAATTACAG
pattern_0		1:150642859:G:A:R:wC	55	84	-	30.7143	1.9e-11	1.15e-07	CCTCAGCCTCCCAAAGTGCTGGGATTACAG
pattern_0		22:47358892:A:G:A:wC	58	87	-	30.7143	1.9e-11	1.15e-07	CCTCAGCCTCCCAAAGTGCTGGGATTACAG
pattern_0		17:2242494:G:A:A:wC	68	97	-	30.7143	1.9e-11	1.15e-07	CCTCAGCCTCCCAAAGTGCTGGGATTACAG
pattern_0		1:232767485:C:T:R:wC	70	99	-	30.7143	1.9e-11	1.15e-07	CCTCAGCCTCCCAAAGTGCTGGGATTACAG
pattern_0		1:229298434:T:C:R:wC	75	104	-	30.7143	1.9e-11	1.15e-07	CCTCAGCCTCCCAAAGTGCTGGGATTACAG
pattern_0		17:40606450:C:T:R:wC	88	117	-	30.7143	1.9e-11	1.15e-07	CCTCAGCCTCCCAAAGTGCTGGGATTACAG
pattern_0		4:40431956:A:G:R:wC	96	125	-	30.7143	1.9e-11	1.15e-07	CCTCAGCCTCCCAAAGTGCTGGGATTACAG
pattern_0		12:95953238:G:A:R:wC	126	155	+	30.7143	1.9e-11	1.15e-07	CCTCAGCCTCCCAAAGTGCTGGGATTACAG
pattern_0		2:239126774:A:G:R:wC	102	131	-	30.7143	1.9e-11	1.15e-07	CCTCAGCCTCCCAAAGTGCTGGGATTACAG
pattern_0		1:43107630:C:T:A:wC	107	136	-	30.7143	1.9e-11	1.15e-07	CCTTGGCCTCCCAAATTGCTGGGATTACAG
pattern_0		16:84581893:C:G:A:wC	107	136	-	30.7143	1.9e-11	1.15e-07	CCTCAGCCTCCCAAAGTGCTGGGATTACAG
pattern_0		20:432686:T:C:R:wC	107	136	-	30.7143	1.9e-11	1.15e-07	CCTCAGCCTCCCAAAGTGCTGGGATTACAG
pattern_0		17:16168784:C:T:R:wC	113	142	-	30.7143	1.9e-11	1.15e-07	CCTCAGCCTCCCAAAGTGCTGGGATTACAG
pattern_0		17:52974643:G:C:R:wC	117	146	-	30.7143	1.9e-11	1.15e-07	CCTCAGCCTCCCAAAGTGCTGGGATTACAG
pattern_0		8:100141089:T:C:A:wC	119	148	-	30.7143	1.9e-11	1.15e-07	CCTCAGCCTCCCAAAGTGCTGGGATTACAG
pattern_0		16:50108615:T:C:A:wC	119	148	-	30.7143	1.9e-11	1.15e-07	CCTCAGCCTCCCAAAGTGCTGGGATTACAG
pattern_0		20:31274077:A:G:R:wC	158	187	+	30.6667	1.99e-11	1.2e-07	CCTTGACCTCCCAGGCTCAAGCAATCCTCC
pattern_0		15:23880769:C:T:R:wC	75	104	-	30.6548	2.01e-11	1.2e-07	CCTCGGCCTCCCAAAGCGCTGGGATTACAG
pattern_0		20:49078198:C:G:A:wC	126	155	+	30.631	2.05e-11	1.22e-07	CCTCCACCTCCTAAGCTCAAGCAATCCTCC
pattern_0		19:6370258:C:T:A:wC	115	144	-	30.619	2.08e-11	1.23e-07	CCTCGGTCTCCCAGAGTGCTGGGATTACAG
pattern_0		19:8500819:T:G:R:wC	105	134	+	30.6071	2.1e-11	1.23e-07	CCTCAACCTCCCAGGCTCAATTGATCCTCC
pattern_2		8:128833924:G:A:R:wC	56	85	-	29.878	2.12e-11	1.31e-07	ATTTTTTGTGTATTTTTAGTAGAGATGAGG
pattern_0		8:95853197:G:A:R:wC	125	154	+	30.5595	2.2e-11	1.28e-07	CCTCCGCCTCCTGAGTTCAAGCAGTTCTCC
pattern_0		2:97246956:C:A:A:wC	47	76	-	30.5	2.33e-11	1.28e-07	CTTCGGCCTCCCGGAGTGCTGGGATTACAG
pattern_2		10:81894877:A:G:A:wC	166	195	+	29.5976	2.41e-11	1.48e-07	ATTTTTTTTGTATTTTTAGTAGACATGAGG
pattern_0		17:27128264:G:A:R:wC	48	77	-	30.4524	2.43e-11	1.28e-07	CCTTGGCCTCCCAAAGTGCTGGGATTACAG
pattern_0		1:178982289:C:G:A:wC	55	84	-	30.4524	2.43e-11	1.28e-07	CCTTGGCCTCCCAAAGTGCTGGGATTACAG
pattern_0		16:10532687:G:A:A:wC	65	94	-	30.4524	2.43e-11	1.28e-07	CCTTGGCCTCCCAAAGTGCTGGGATTACAG
pattern_0		4:152606975:T:G:A:wC	65	94	-	30.4524	2.43e-11	1.28e-07	CCTTGGCCTCCCAAAGTGCTGGGATTACAG
pattern_0		2:75900211:C:T:R:wC	66	95	-	30.4524	2.43e-11	1.28e-07	CCTTGGCCTCCCAAAGTGCTGGGATTACAG
pattern_0		4:175296712:C:T:A:wC	106	135	+	30.4524	2.43e-11	1.28e-07	CCTTGGCCTCCCAAAGTGCTGGGATTACAG
pattern_0		17:36896751:G:A:A:wC	102	131	-	30.4524	2.43e-11	1.28e-07	CCTTGGCCTCCCAAAGTGCTGGGATTACAG
pattern_0		2:21238897:T:C:R:wC	105	134	-	30.4524	2.43e-11	1.28e-07	CCTTGGCCTCCCAAAGTGCTGGGATTACAG
pattern_0		7:63971022:T:C:R:wC	107	136	-	30.4524	2.43e-11	1.28e-07	CCTTGGCCTCCCAAAGTGCTGGGATTACAG
pattern_0		11:119004019:G:A:A:wC	112	141	-	30.4524	2.43e-11	1.28e-07	CCTTGGCCTCCCAAAGTGCTGGGATTACAG
pattern_0		22:42940318:T:C:A:wC	115	144	-	30.4524	2.43e-11	1.28e-07	CCTTGGCCTCCCAAAGTGCTGGGATTACAG
pattern_0		7:6780906:A:G:A:wC	116	145	-	30.4524	2.43e-11	1.28e-07	CCTTGGCCTCCCAAAGTGCTGGGATTACAG
pattern_0		13:95924863:C:T:R:wC	119	148	-	30.4524	2.43e-11	1.28e-07	CCTTGGCCTCCCAAAGTGCTGGGATTACAG
pattern_0		15:73152573:C:T:R:wC	119	148	-	30.4524	2.43e-11	1.28e-07	CCTTGGCCTCCCAAAGTGCTGGGATTACAG
pattern_0		3:142661841:A:G:A:wC	121	150	-	30.4524	2.43e-11	1.28e-07	CCTTGGCCTCCCAAAGTGCTGGGATTACAG
pattern_0		3:57077337:G:T:R:wC	154	183	+	30.4524	2.43e-11	1.28e-07	CCTTGGCCTCCCAAAGTGCTGGGATTACAG
pattern_0		3:57077337:G:T:A:wC	154	183	+	30.4524	2.43e-11	1.28e-07	CCTTGGCCTCCCAAAGTGCTGGGATTACAG
pattern_0		9:19069485:G:A:R:wC	42	71	-	30.3571	2.66e-11	1.38e-07	CCTTGGCCTCCCAAAGTGCTGTGATTACAG
pattern_0		2:15788692:C:T:A:wC	12	41	-	30.3452	2.69e-11	1.38e-07	CTTCCGCCTCCCAGGTTCAAGTGACCCTCC
pattern_0		2:15788692:C:T:R:wC	12	41	-	30.3452	2.69e-11	1.38e-07	CTTCCGCCTCCCAGGTTCAAGTGACCCTCC
pattern_0		5:56053535:T:C:A:wC	36	65	-	30.3333	2.72e-11	1.38e-07	TCTCGGCCTCCCAAAGTGCTGGGATTACAG
pattern_0		4:28747335:T:G:R:wC	53	82	-	30.3333	2.72e-11	1.38e-07	TCTCGGCCTCCCAAAGTGCTGGGATTACAG
pattern_0		1:1548801:T:C:A:wC	106	135	+	30.3333	2.72e-11	1.38e-07	CCTCAGCCTCCCAAACTGCTGGGATTACAG
pattern_0		19:7549386:C:T:R:wC	113	142	-	30.3333	2.72e-11	1.38e-07	CCTCAGCCTCCCAAACTGCTGGGATTACAG
pattern_0		16:69651866:C:T:A:wC	34	63	-	30.3095	2.79e-11	1.39e-07	CCTTGGCCTCCCAAAGTGCTGGGATTATAG
pattern_0		15:67367972:G:T:R:wC	121	150	-	30.3095	2.79e-11	1.39e-07	CCTTGGCCTCCCAAAGTGCTGGGATTATAG
pattern_0		15:67367972:G:T:A:wC	121	150	-	30.3095	2.79e-11	1.39e-07	CCTTGGCCTCCCAAAGTGCTGGGATTATAG
pattern_0		1:201838107:G:A:R:wC	114	143	-	30.25	2.95e-11	1.47e-07	CCTCGGCCTCCCAAAGTGCTGCAATTATAG
pattern_2		19:37235887:G:A:R:wC	58	87	-	29.1098	3.01e-11	1.83e-07	TAATTTTTTGTATTTGTAGTAGAGACGGAA
pattern_0		13:99113166:A:G:R:wC	143	172	-	30.2143	3.05e-11	1.51e-07	CCTCAAACTCCTGGGCTCAAGTGATCCTCC
pattern_0		15:91418297:T:A:R:wC	149	178	+	30.1071	3.37e-11	1.66e-07	CCTCCACCTCCTGGGCTCAAGCAATTCTTG
pattern_0		3:194401202:G:A:R:wC	85	114	-	30.0833	3.44e-11	1.69e-07	CCTCGGCCTCCCAACATGCTGGGATTACAG
pattern_3		12:125311934:C:T:R:wC	123	152	-	24.869	3.57e-11	3.75e-05	GTTAAAATAATAATAATAATAATAATATTA
pattern_0		17:76163596:A:C:A:wC	74	103	+	30.0357	3.6e-11	1.76e-07	CCTCTGCCTACCGGTTTCAAGCAATTCTCC
pattern_2		11:213723:T:G:R:wC	145	174	-	28.6585	3.68e-11	2.23e-07	CTTTTTTTTTGTATTTTAGCAGAGATGGGG
pattern_0		5:168590064:C:T:A:wC	103	132	-	29.9524	3.89e-11	1.89e-07	CCTCGACCTCCCAAAGTGCTGGGATTACAA
pattern_2		12:123832937:G:A:R:wC	157	186	-	28.4878	3.97e-11	2.39e-07	CTAATTTTTTGTGTTTTAGTAGAGATGGGG
pattern_2		16:75235574:T:C:A:wC	128	157	-	28.3659	4.19e-11	2.51e-07	CTAATTTTTGTATTTTTAGTAAGAACAGGG
pattern_0		2:25105921:C:T:A:wC	15	44	-	29.8571	4.25e-11	2.05e-07	CCTCTGCCTCCCGGGCTCAAGCAGTTCTTG
pattern_2		19:2935129:G:A:R:wC	152	181	+	28.2683	4.38e-11	2.61e-07	TAATTTTTTTGTATTTTAGTAGAGATGAGG
pattern_0		16:10603133:A:G:A:wC	53	82	-	29.7976	4.49e-11	2.14e-07	CTTCGGCCTCCCAAAGTGCTGGGATTACAG
pattern_0		9:139625380:G:A:A:wC	118	147	-	29.7976	4.49e-11	2.14e-07	CTTCGGCCTCCCAAAGTGCTGGGATTACAG
pattern_0		3:128350038:C:T:A:wC	119	148	-	29.7976	4.49e-11	2.14e-07	CTTCGGCCTCCCAAAGTGCTGGGATTACAG
pattern_0		13:21101734:T:C:R:wC	119	148	-	29.75	4.69e-11	2.22e-07	CCTCGGCCTTCCAAAGTGCTGGGATTACAG
pattern_0		16:98678:T:G:A:wC	140	169	-	29.7143	4.84e-11	2.28e-07	GCTCCGCCTCCCGGGTTCACGCAATTCTCT
pattern_0		14:53201536:T:G:A:wC	84	113	-	29.7024	4.9e-11	2.3e-07	CCTCGGCCTCCCACAGTGCTGGGATTACAG
pattern_0		15:75299768:G:A:A:wC	142	171	+	29.6786	5.01e-11	2.34e-07	CCTCGACTTCCTGAGCTCAAGTGATCCTCC
pattern_5		19:49508265:A:G:R:wC	51	80	+	23.5833	5.13e-11	5.38e-05	AAAAATAAAAAATTAAAAAAAAAAAAACAG
pattern_2		1:247558787:C:T:A:wC	84	113	+	27.8902	5.17e-11	3.06e-07	TAATTTTTGTATTTTTTAGTAGAGGCGGGG
pattern_0		2:204649276:G:A:A:wC	32	61	-	29.631	5.23e-11	2.43e-07	GCTCCTCCTCCCGGGTTCAGGCGATTCTCC
pattern_0		22:28558679:A:G:R:wC	130	159	-	29.6071	5.34e-11	2.46e-07	TCTCGAACTCCTGGGCTCAAGCGATCCTCC
pattern_0		22:28558679:A:G:A:wC	130	159	-	29.6071	5.34e-11	2.46e-07	TCTCGAACTCCTGGGCTCAAGCGATCCTCC
pattern_2		12:53365027:C:G:A:wC	48	77	+	27.7683	5.45e-11	3.21e-07	GCTAATTTTGCATTTTTAGTAGAGATGGGG
pattern_0		11:65764383:C:T:R:wC	119	148	-	29.5833	5.46e-11	2.5e-07	CCTTGGCCTCCTAGAGTGCTGGGATTACAG
pattern_0		10:78342790:G:A:A:wC	112	141	+	29.5595	5.58e-11	2.54e-07	CTTCCACCTCCTGGGTTCAAGCAATTCTCC
pattern_2		19:53312831:C:T:A:wC	153	182	-	27.6829	5.66e-11	3.31e-07	CTATTTTTTGTATTTTTAGTAGAGAAGGGC
pattern_2		19:36190828:G:A:R:wC	73	102	+	27.5732	5.93e-11	3.45e-07	ATAACTTTTGTATTTTTGGTAAAGATGGGG
pattern_0		17:60261283:C:T:R:wC	125	154	-	29.4881	5.95e-11	2.7e-07	CCTCGGCCTCCCAAAGTGCTGAGATTACAG
pattern_0		3:141234523:T:C:A:wC	61	90	-	29.4405	6.22e-11	2.79e-07	CCTCAGCCTCCCAAAGTACTGGGATTACAG
pattern_0		17:17678573:G:A:A:wC	126	155	+	29.4405	6.22e-11	2.79e-07	CCTGGACCTCCCAGGCTCAGGTGATCCTCC
pattern_0		1:1811942:G:A:R:wC	90	119	-	29.4286	6.28e-11	2.8e-07	GCTCCGCCTCCCGGGTTCACGCAATTCTGC
pattern_0		7:135336918:T:C:A:wC	110	139	-	29.4286	6.28e-11	2.8e-07	CCTCTGTCTCCCAAAGTGCTGGGATTACAG
pattern_0		12:50556475:C:A:A:wC	93	122	+	29.4167	6.35e-11	2.82e-07	CCTCCACATCCCGGGTTCAAGAGATTCTCC
pattern_0		9:99486403:G:A:R:wC	64	93	+	29.369	6.63e-11	2.93e-07	CCTCTGCCTCCCAAAGTGCTGGGTTTACAG
pattern_0		6:121805330:C:T:R:wC	79	108	+	29.3095	7e-11	3.07e-07	TCTCCGTCTCCTGGGTTCAAGCGATTCTCT
pattern_2		6:18161232:A:G:R:wC	16	45	+	27.1463	7.13e-11	4.13e-07	GATTTTTTTTTATTTTTAGTAGAGAGGAGG
pattern_0		11:117083373:T:C:A:wC	102	131	+	29.2738	7.23e-11	3.15e-07	CCTTGGCCTCCCAACGTGCTGGGATTACAG
pattern_0		5:140582155:C:A:R:wC	72	101	+	29.2619	7.3e-11	3.15e-07	CCACGGCCTCCCAAAGTGCTGTGATTACCG
pattern_0		7:97991125:A:G:A:wC	104	133	+	29.2619	7.3e-11	3.15e-07	CCTCAGCCTCCCAGGCACAAGCGATCATCC
pattern_0		7:97991125:A:G:R:wC	104	133	+	29.2619	7.3e-11	3.15e-07	CCTCAGCCTCCCAGGCACAAGCGATCATCC
pattern_2		1:40858570:G:C:A:wC	128	157	-	27.0488	7.43e-11	4.28e-07	TAATTTTTTGTGTCTTTAGTAGAGACAGCG
pattern_0		19:53674839:G:A:A:wC	125	154	+	29.0952	8.48e-11	3.64e-07	CCTCCGCCTCCCAGGTTCAAACAATTCTCT
pattern_3		12:54124477:C:T:R:wC	13	42	-	24.369	8.72e-11	4.58e-05	TAAAAAATAAAAATAAAAAAATAAAAAAAT
pattern_0		2:25105921:C:T:A:wC	138	167	-	29.0595	8.75e-11	3.75e-07	CCTCTGCCTCCCAAAGTGTTGGGATTACAG
pattern_2		17:8164578:A:G:R:wC	74	103	+	26.622	8.91e-11	5.1e-07	TCTTTCTTTTTTTTTTTTGTAGAGACAGAG
pattern_0		16:1539851:C:G:R:wC	29	58	+	29.0238	9.04e-11	3.8e-07	GCTCCGCCTCCTGGGTTTAACGGATTCTCC
pattern_0		19:20726660:G:A:A:wC	114	143	-	29.0238	9.04e-11	3.8e-07	CCTTGGCCTCCTAAAGTGCTGGGATTACAG
pattern_0		19:20726660:G:A:R:wC	114	143	-	29.0238	9.04e-11	3.8e-07	CCTTGGCCTCCTAAAGTGCTGGGATTACAG
pattern_0		5:76752546:A:C:A:wC	162	191	+	29.0238	9.04e-11	3.8e-07	CCTCGAACTCCTGGACTCAAGTGATCCTTC
pattern_2		7:6102513:C:A:R:wC	144	173	-	26.5366	9.24e-11	5.26e-07	CTAATTTTTGTATTTTTGGTAGAAATGGGG
pattern_0		15:40298068:G:A:A:wC	52	81	+	28.9762	9.43e-11	3.95e-07	CCTGGGCCTCCCAGAGTGCTGGGATTACAG
pattern_2		16:10558799:C:T:R:wC	151	180	+	26.4878	9.43e-11	5.34e-07	GCTAATTTTGTGTTTTTAGTAGAGAAGGGG
pattern_0		10:102703978:C:T:A:wC	115	144	-	28.9643	9.53e-11	3.97e-07	CCCTGGCCTCCCAAAGTGCTGGGATTACAG
pattern_0		10:38015694:G:A:A:wC	158	187	+	28.9286	9.83e-11	4.08e-07	GCTCCGCCTCCCGGGTTCACGCTATTCTCC
pattern_0		10:27445726:G:A:R:wC	71	100	+	28.7857	1.12e-10	4.61e-07	CATCGGCCTCCCAGAGTGCTGGGATTACAG
pattern_0		8:81405922:G:A:A:wC	150	179	-	28.7738	1.13e-10	4.64e-07	CCTCTGCCTTCTGCGTTGAAGCGATTCTCC
pattern_0		9:113187049:G:A:R:wC	87	116	+	28.7619	1.14e-10	4.67e-07	CCTCCGCCTCTGAGGTTCAAGCAAGTCTCC
pattern_0		14:105764099:T:C:A:wC	75	104	-	28.7262	1.18e-10	4.8e-07	CCTCGGCCTCCCAAAGTGCTGGGTTTACCA
pattern_0		6:73983412:G:A:R:wC	102	131	-	28.7024	1.2e-10	4.88e-07	CCTCAGCCTCCCGAGTTGCTGGGACTACAG
pattern_0		12:10597582:A:C:A:wC	118	147	+	28.6786	1.23e-10	4.94e-07	CCTCCGACCCCTGGTTTGAAGTGATTCTCC
pattern_0		16:30646970:T:C:A:wC	107	136	-	28.6786	1.23e-10	4.94e-07	CCTCAGACTCCCAGAGTGCTGGGATTACAG
pattern_2		22:32795285:G:C:A:wC	109	138	+	25.8171	1.25e-10	7.03e-07	TTTTTTTTTTTAATTTTTGTAGAGACTAAG
pattern_0		9:116845484:C:T:R:wC	135	164	-	28.6548	1.25e-10	5.02e-07	CCTCCGCCTCCTGGGTTGAAATGATTCTTC
pattern_0		7:130445128:C:A:R:wC	141	170	+	28.6429	1.26e-10	5.06e-07	CCTCCCCATCCCGAGTTCAAGCGATTCTAG
pattern_0		2:191348345:G:C:A:wC	58	87	-	28.619	1.29e-10	5.14e-07	CCTCGGCCTCTCAAAGTGCTGGGATTACGG
pattern_0		12:94304792:C:A:R:wC	94	123	+	28.6071	1.3e-10	5.15e-07	CCTCCGCATCCTGGGTTCTAGCGATTCTCC
pattern_0		3:149465450:G:A:R:wC	114	143	-	28.6071	1.3e-10	5.15e-07	CCTCAGCCTCCCCAAGTGCTGGGATTACAG
pattern_0		12:77035999:C:T:R:wC	14	43	+	28.4167	1.54e-10	6.01e-07	CCTTGGCCTCCCAAAGTGCTGGGATGACAG
pattern_0		12:53365027:C:G:A:wC	133	162	+	28.4167	1.54e-10	6.01e-07	CCTGGGCCTCCCAAAGTGCTGGGATTACAG
pattern_0		17:41514004:A:G:A:wC	134	163	-	28.4167	1.54e-10	6.01e-07	GCTCCACCTCCTGGGTTCACGCAATTCTCC
pattern_2		1:26834392:A:G:R:wC	109	138	-	25.3049	1.54e-10	8.64e-07	TTTTTTGTATTTTTTTTAGTAGAGACAGGG
pattern_0		11:77860033:T:C:A:wC	4	33	+	28.4048	1.56e-10	6.05e-07	CCTTGGCCTCCCAAAGTGCTGGGATTACAA
pattern_2		1:46883303:A:G:A:wC	1	30	+	25.2439	1.58e-10	8.76e-07	GCTAATTTTTGTATTTTAGTAGAGATGGGG
pattern_2		1:46883303:A:G:R:wC	1	30	+	25.2439	1.58e-10	8.76e-07	GCTAATTTTTGTATTTTAGTAGAGATGGGG
pattern_2		13:27807938:C:T:R:wC	119	148	-	25.2317	1.59e-10	8.76e-07	ATAATTTTTGTATTTTGAATAGAGATGGTG
pattern_0		16:89307209:C:T:R:wC	41	70	-	28.3452	1.64e-10	6.34e-07	GCTCCACCTCCCGGGCTCAACCAATTCTCC
pattern_0		10:99103492:A:G:R:wC	87	116	-	28.3214	1.67e-10	6.45e-07	CCTCAGCCTCCCAAAATGCTGGGATTACAG
pattern_0		1:153270857:T:C:R:wC	115	144	-	28.2143	1.83e-10	7.04e-07	GCTTGGCCTCCCAAAGTGCTGGGATTACAG
pattern_0		17:66133442:T:C:R:wC	102	131	+	28.2024	1.85e-10	7.06e-07	CCTTGGCCTCCCAAAGTGCTGGGATTAGAG
pattern_0		1:161126073:C:A:R:wC	88	117	-	28.2024	1.85e-10	7.06e-07	CCTTGGCCTCCCAAAGTGCTGGGATTAGAG
pattern_2		18:77224810:G:A:R:wC	158	187	+	24.8415	1.86e-10	1.02e-06	GCTAATTTTTAAATTTTTGTAGAGATGGGG
pattern_0		4:149672240:C:T:R:wC	163	192	+	28.1905	1.87e-10	7.1e-07	CCTCTGCCTCCCGGGTTCAAGCCATTCTCC
pattern_0		19:11259528:G:A:A:wC	112	141	+	28.1786	1.89e-10	7.12e-07	CCTCGGCCTCCCAAAGTGCTAGGATTACAG
pattern_0		18:74253644:C:T:R:wC	163	192	-	28.1786	1.89e-10	7.12e-07	CCTCGGCCTCCCAAAGTGCTAGGATTACAG
pattern_0		7:28407166:T:C:R:wC	103	132	-	28.1429	1.95e-10	7.32e-07	CCTCGGCTTCCCAAAGTGCTGGGATTACAG
pattern_2		4:25919721:C:T:R:wC	108	137	+	24.6463	2.01e-10	1.1e-06	TAATTTTTTGTATTATCAGTAGAGACGGGG
pattern_2		3:148821605:A:G:A:wC	5	34	-	24.561	2.08e-10	1.13e-06	TTTTGTATTTTTTTTTTAGTAGAGATGGGG
pattern_2		12:117076080:A:G:R:wC	32	61	+	24.4756	2.16e-10	1.17e-06	CTGATTTTTGTATTTTTAATAGAGATGACG
pattern_0		19:36190828:G:A:R:wC	156	185	+	27.881	2.44e-10	9.11e-07	CCTTGGCCTCCCAAAGTGATTGGATTACAG
pattern_0		1:111696084:A:G:R:wC	70	99	+	27.7857	2.64e-10	9.84e-07	CCTCAGCCTCCCAGAGTGCTTGGATTACAG
pattern_0		21:37399433:T:C:R:wC	63	92	+	27.7738	2.67e-10	9.86e-07	CCTCAGCCTCCCAAAGTGCTGGAATTACAG
pattern_0		21:37399433:T:C:A:wC	63	92	+	27.7738	2.67e-10	9.86e-07	CCTCAGCCTCCCAAAGTGCTGGAATTACAG
pattern_0		10:78342790:G:A:A:wC	144	173	+	27.7619	2.7e-10	9.92e-07	CCTCCGCCTCCCAAGTAGCAGGGATTACAA
pattern_0		12:96240341:T:C:A:wC	147	176	-	27.7381	2.75e-10	1.01e-06	CCTCAGCCTCCCAGGTAGCTGGGATTACAG
pattern_2		13:100696718:A:C:A:wC	125	154	+	23.7073	2.93e-10	1.58e-06	ATTTTTTGTATTTTTTTAGTAGAGGCGGGG
pattern_0		9:117091002:C:T:A:wC	115	144	-	27.6548	2.95e-10	1.08e-06	CCTCGGCCTCCCACAGTGCTGGGATTACAA
pattern_5		1:185401229:T:C:A:wC	46	75	-	22.6786	3.15e-10	0.000165	ACAATAAAAAATTTAAAAAAAGAAATAAAA
pattern_0		15:91546711:T:C:R:wC	140	169	+	27.5714	3.16e-10	1.15e-06	CCTCCGCCTCCCGGGTTCAAGCCATTCTCC
pattern_0		5:94085085:T:C:R:wC	115	144	-	27.5238	3.29e-10	1.19e-06	CCTTGGCCCCCCAAAGTGCTGGGATTACAG
pattern_0		16:11297737:T:G:A:wC	46	75	-	27.5119	3.33e-10	1.19e-06	CCTTAGCCTCCCAAAGTGCTGGGATTACAG
pattern_0		3:155547945:G:A:A:wC	48	77	-	27.5119	3.33e-10	1.19e-06	CCTTGGCCTCCCAAAGTGCTGGAATTACAG
pattern_0		2:33754336:C:A:R:wC	66	95	-	27.5119	3.33e-10	1.19e-06	CCTTGGCCTCCCAAAGTGCTGGAATTACAG
pattern_0		4:119563049:G:A:A:wC	74	103	-	27.5119	3.33e-10	1.19e-06	CCTTGGCCTCCCAAAGTGCTGGAATTACAG
pattern_0		16:190968:A:G:A:wC	52	81	-	27.4524	3.5e-10	1.24e-06	CCTTGGCCTCCCAAAGCGCTGGGATTACAG
pattern_0		16:190968:A:G:R:wC	52	81	-	27.4524	3.5e-10	1.24e-06	CCTTGGCCTCCCAAAGCGCTGGGATTACAG
pattern_0		19:2935129:G:A:R:wC	101	130	+	27.4524	3.5e-10	1.24e-06	CCTCAGCCTCCCAAGTGGCTGGGATTACAG
pattern_2		11:65924217:C:G:A:wC	32	61	-	23.2561	3.5e-10	1.87e-06	TAATTTTTTGTATCTTTAGTAGAAACAGGG
pattern_2		7:44073057:G:T:A:wC	125	154	-	23.2073	3.56e-10	1.9e-06	CTAAGTTTTGTATTTTCAGTAAAGACGGGG
pattern_0		18:10039453:G:A:R:wC	26	55	-	27.3929	3.67e-10	1.29e-06	TCTCAGCCTCCCAAAGTGCTGGGATTACAG
pattern_0		8:20793770:C:G:R:wC	115	144	-	27.3929	3.67e-10	1.29e-06	TCTCAGCCTCCCAAAGTGCTGGGATTACAG
pattern_0		8:10964969:T:A:R:wC	74	103	+	27.381	3.71e-10	1.3e-06	CCTCGGCCTCCCAGAGTGCTAGGATTTTAG
pattern_2		16:80659947:A:G:R:wC	165	194	-	23.0854	3.74e-10	1.98e-06	TTTTTTTTTGTATTTTTAGGAGAGTTGGGG
pattern_0		7:101516234:C:A:A:wC	132	161	+	27.3214	3.9e-10	1.33e-06	CCTCAGCCTCCCGAGTAGCTGGGATTACAG
pattern_0		7:101516234:C:A:R:wC	132	161	+	27.3214	3.9e-10	1.33e-06	CCTCAGCCTCCCGAGTAGCTGGGATTACAG
pattern_0		5:74972507:G:T:A:wC	115	144	-	27.3214	3.9e-10	1.33e-06	CCTCAGCCTCCCGAGTAGCTGGGATTACAG
pattern_0		3:105571631:A:G:R:wC	144	173	+	27.3214	3.9e-10	1.33e-06	CCTCAGCCTCCCGAGTAGCTGGGATTACAG
pattern_0		8:81405922:G:A:A:wC	118	147	-	27.3214	3.9e-10	1.33e-06	CCTCAGCCTCCCGAGTAGCTGGGATTACAG
pattern_0		19:53674839:G:A:A:wC	156	185	+	27.3214	3.9e-10	1.33e-06	CCTCAGCCTCCCGAGTAGCTGGGATTACAG
pattern_0		19:39644139:C:T:R:wC	156	185	+	27.3214	3.9e-10	1.33e-06	CCTCAGCCTCCCGAGTAGCTGGGATTACAG
pattern_2		17:2242494:G:A:A:wC	151	180	-	22.9024	4.01e-10	2.11e-06	TATTTTTTGTTTTTTTCAGTAGAGATGGGG
pattern_0		1:245131916:A:T:R:wC	79	108	-	27.25	4.13e-10	1.41e-06	CTTCCGCCTCCCGGTCTCAAGTGACCCTCC
pattern_0		15:51068028:A:G:A:wC	114	143	-	27.2381	4.18e-10	1.41e-06	TCTCCACCTCCTGGGTTTAAGGGATTCTTC
pattern_0		19:4252392:G:A:R:wC	44	73	-	27.1905	4.34e-10	1.43e-06	CCTCAGCCTCCCAAAGTACTGGGATTAGAG
pattern_0		3:188881019:A:G:A:wC	18	47	-	27.1786	4.39e-10	1.43e-06	CCTCAGCCTCCCAAGTAGCTGGGATTACAG
pattern_0		22:30929537:A:G:A:wC	26	55	-	27.1786	4.39e-10	1.43e-06	CCTCAGCCTCCCAAGTAGCTGGGATTACAG
pattern_0		4:25919721:C:T:R:wC	57	86	+	27.1786	4.39e-10	1.43e-06	CCTCAGCCTCCCAAGTAGCTGGGATTACAG
pattern_0		11:66840675:C:T:A:wC	51	80	-	27.1786	4.39e-10	1.43e-06	CCTCAGCCTCCCAAGTAGCTGGGATTACAG
pattern_0		12:49543397:C:A:A:wC	104	133	+	27.1786	4.39e-10	1.43e-06	CCTCAGCCTCCCAAGTAGCTGGGATTACAG
pattern_0		17:76163596:A:C:A:wC	106	135	+	27.1786	4.39e-10	1.43e-06	CCTCAGCCTCCCAAGTAGCTGGGATTACAG
pattern_0		9:113187049:G:A:R:wC	119	148	+	27.1786	4.39e-10	1.43e-06	CCTCAGCCTCCCGAGTAGCTGGGATTATAG
pattern_0		10:31157085:G:A:R:wC	127	156	+	27.1786	4.39e-10	1.43e-06	CCTCAGCCTCCCAAGTAGCTGGGATTACAG
pattern_0		10:31157085:G:A:A:wC	127	156	+	27.1786	4.39e-10	1.43e-06	CCTCAGCCTCCCAAGTAGCTGGGATTACAG
pattern_0		1:155857540:G:A:A:wC	150	179	+	27.1786	4.39e-10	1.43e-06	CCTCAGCCTCCCAAGTAGCTGGGATTACAG
pattern_0		12:111978537:C:T:R:wC	143	172	+	27.1667	4.43e-10	1.44e-06	CCTCCACTTCCCAAATTCAAGCAATTCTCC
pattern_0		2:38741336:C:G:R:wC	34	63	-	27.131	4.56e-10	1.48e-06	TCTTGGCCTCCCAAAGTGCTGGGATTACAG
pattern_0		9:114841961:A:C:R:wC	103	132	+	27.1071	4.65e-10	1.5e-06	CCTCCACCTCTTGGGTTCAAGCTATTCTCC
pattern_2		11:108051989:G:A:R:wC	127	156	-	22.4512	4.77e-10	2.5e-06	TGATTTTTTGTGTTTTCAGTAGAGACAGGG
pattern_2		10:126458649:T:C:R:wC	128	157	-	22.439	4.8e-10	2.5e-06	CATTTTTGTATTTTTTTAGTAGAGACGAGA
pattern_0		10:79670654:T:C:A:wC	83	112	-	27.0476	4.88e-10	1.57e-06	CCTCTGACTTCCGGGTTCAAGAGATTCTTG
pattern_0		11:66840675:C:T:A:wC	83	112	-	27.0357	4.93e-10	1.57e-06	CTTCCACTTCCCAGATTCAAGTGATTCTCC
pattern_0		2:70094137:C:T:R:wC	121	150	+	27.0357	4.93e-10	1.57e-06	CCTTGACTTCCTGGGCTCAAGTGATCCTCC
pattern_0		12:50556475:C:A:A:wC	125	154	+	27.0357	4.93e-10	1.57e-06	CCTCAGCCTCCCAAGTAGCTGGGATTATAG
pattern_0		12:50556475:C:A:R:wC	125	154	+	27.0357	4.93e-10	1.57e-06	CCTCAGCCTCCCAAGTAGCTGGGATTATAG
pattern_0		1:167430825:G:A:R:wC	102	131	-	26.9881	5.13e-10	1.62e-06	CCTGGGCCTCCTAAAGTGCTGGGATTACAG
pattern_3		2:32642798:T:C:R:wC	140	169	-	23.2619	5.14e-10	0.00018	CAAAAACAAAAAATAAAAATAAAAAAATAA
pattern_0		14:81914313:C:G:R:wC	42	71	-	26.9762	5.18e-10	1.62e-06	CCTCAGCCTCTCAAAGTGCTGGGATTACAG
pattern_0		11:213723:T:G:R:wC	62	91	-	26.9762	5.18e-10	1.62e-06	CCTCAGTCTCCCAAAGTGCTGGGATTATAG
pattern_0		10:30638515:C:T:A:wC	107	136	-	26.9762	5.18e-10	1.62e-06	CCTCAGCCTCTCAAAGTGCTGGGATTACAG
pattern_0		4:76546789:A:G:R:wC	112	141	+	26.8929	5.54e-10	1.73e-06	TCTCAAACTCCTGGGCTCAAGTGATCCTCC
pattern_0		6:7155626:G:A:A:wC	95	124	+	26.881	5.6e-10	1.74e-06	CTTCCATCTCCCGGGTTTAAGCGATTCTCC
pattern_2		4:175296712:C:T:A:wC	21	50	+	22.0244	5.62e-10	2.92e-06	CTAATTTTTCCATTTTTAGTGGAGATGGGG
pattern_0		12:8451233:G:A:A:wC	101	130	+	26.8452	5.76e-10	1.79e-06	CCTCAAACTCCTGGGCTCAAGTGATCGCCC
pattern_0		22:30807524:T:C:R:wC	83	112	-	26.7976	5.99e-10	1.85e-06	TCTCGAACTCCTAAGCTCAAGCGATCCGCC
pattern_2		16:10603133:A:G:A:wC	138	167	-	21.8293	6.05e-10	3.13e-06	GTAATTTTGCATTTTTTAGTAGAGATGGGG
pattern_0		3:169480996:C:T:A:wC	86	115	-	26.7738	6.11e-10	1.88e-06	CTTCTGCCTCCCAAAATGCTGGGATTACAG
pattern_0		1:247558787:C:T:A:wC	1	30	+	26.7619	6.17e-10	1.89e-06	CCTCTGCCTCCTGGGTTCAAGCCATTCTCC
pattern_0		5:14528587:G:A:R:wC	152	181	+	26.7619	6.17e-10	1.89e-06	CCTCTGCCTCCTGGGTTCAAGCCATTCTCC
pattern_0		15:41986411:C:T:A:wC	45	74	-	26.75	6.23e-10	1.9e-06	CCTCAGCCTCCCAAAGTGTTGGGATTACAG
pattern_0		19:52395411:A:G:R:wC	58	87	-	26.7143	6.41e-10	1.94e-06	CCTTGGCCTCTCAAAGTGCTGGGATTACAG
pattern_0		18:60994160:G:A:R:wC	64	93	-	26.7143	6.41e-10	1.94e-06	CCTTGGCCTCTCAAAGTGCTGGGATTACAG
pattern_0		3:128350038:C:T:A:wC	66	95	-	26.7143	6.41e-10	1.94e-06	CCTTGGCCTCTCAAAGTGCTGGGATTACAG
pattern_0		15:23945684:C:A:R:wC	45	74	-	26.6429	6.79e-10	2.05e-06	TCTCGGCCTCCCAAAGTGGTGGGATTACAG
pattern_0		17:9329626:C:T:A:wC	58	87	-	26.631	6.85e-10	2.06e-06	CCTTGGCCTCCCGAAGTGTTGGGATTACAG
pattern_0		22:21969640:T:C:A:wC	45	74	-	26.5714	7.19e-10	2.16e-06	CCTTGGCCTCCCAAAGTGCTGGGACTACAG
pattern_0		13:27807938:C:T:R:wC	34	63	-	26.5476	7.33e-10	2.19e-06	CCCCGGCCTCCCAAAGTGCTAGGATTATAG
pattern_0		5:156432649:C:T:A:wC	134	163	-	26.5	7.62e-10	2.27e-06	CCTTGGCCTCCCACAGTGCTGGGATTACAG
pattern_0		10:126458649:T:C:R:wC	43	72	-	26.4881	7.69e-10	2.29e-06	CCTTGGCCTCCCAAAGTGTTGGGATTACAG
pattern_3		14:32031245:C:T:A:wC	99	128	-	22.9643	7.96e-10	0.000209	CTTTAAAAAATAATAATAATAAAAAGCCAT
pattern_2		2:191348345:G:C:A:wC	141	170	-	20.8415	8.76e-10	4.5e-06	CTAATTTTCGTACCCTTAGTAGAGACAGGG
pattern_2		8:6733773:C:T:R:wC	149	178	-	20.7683	9e-10	4.6e-06	TAATTTTTGTATTTTTTAGTACAGACGGGG
pattern_2		1:16150840:G:A:A:wC	56	85	-	20.7195	9.16e-10	4.66e-06	TCATTTTTGTGTTTTTTAGTAGAGAAGGGG
pattern_0		16:74633547:G:C:R:wC	56	85	-	26.1667	9.94e-10	2.94e-06	CCTCGGCCTCCGAAAGTGCTGAGATGACAG
pattern_0		16:74633547:G:C:A:wC	56	85	-	26.1667	9.94e-10	2.94e-06	CCTCGGCCTCCGAAAGTGCTGAGATGACAG
pattern_0		15:93293906:T:A:A:wC	145	174	-	26.1548	1e-09	2.96e-06	TCTCGAACTCGTGGGCTCAAGCGATCCTCC
pattern_0		15:50312468:T:G:R:wC	32	61	+	26.1429	1.01e-09	2.98e-06	CCTTGGCCTCCCAAAGTGCTGAGATTATAG
pattern_2		19:50049882:T:G:A:wC	54	83	-	20.4024	1.03e-09	5.22e-06	ATTTTTTAAATATTTTTAGTAGAGACGGGG
pattern_0		19:49105126:C:T:A:wC	145	174	-	26.1071	1.04e-09	3.05e-06	TCTCGAACTCCTGAGCTCAAGCAATCCTCC
pattern_0		16:11221584:G:T:A:wC	150	179	-	26.0833	1.06e-09	3.1e-06	CGTCAACCTCCTGGGCTCAAGTGACCCTCC
pattern_2		16:77337844:G:C:R:wC	6	35	-	20.2195	1.1e-09	5.5e-06	TGTTTTTTAATATTTTTAGTAGAGATGGGG
pattern_2		17:37191932:G:A:A:wC	58	87	+	20.2195	1.1e-09	5.5e-06	TTTTTTTTTTTTTTTTTAATTGAGACAGAG
pattern_2		16:77337795:T:C:R:wC	55	84	-	20.2195	1.1e-09	5.5e-06	TGTTTTTTAATATTTTTAGTAGAGATGGGG
pattern_0		19:11430229:G:A:R:wC	21	50	-	26.0357	1.1e-09	3.21e-06	CCTCAGCCTCCGGAGTAGCTGGGATTACAG
pattern_0		2:142902921:T:G:A:wC	114	143	-	25.9881	1.14e-09	3.32e-06	CCTCAGCCTCCCAAAGTGCTGGAATTACAT
pattern_0		10:104316581:C:A:R:wC	106	135	-	25.9643	1.17e-09	3.37e-06	TCTCGGGCTCCCAAAGTGCTGGGATTACAA
pattern_2		3:155547945:G:A:A:wC	131	160	-	20.0366	1.18e-09	5.85e-06	TTTTTTTTGTATTTTTCAGTAGAGACAGGG
pattern_2		4:119563049:G:A:A:wC	159	188	-	19.9268	1.22e-09	6.06e-06	TTAATTTTTGTACTATTAGTACAGACGGAG
pattern_0		3:57077337:G:T:R:wC	21	50	+	25.8929	1.23e-09	3.52e-06	CCTCAGCCTCCTGAGTAGCTGGGATTACAG
pattern_0		3:57077337:G:T:A:wC	21	50	+	25.8929	1.23e-09	3.52e-06	CCTCAGCCTCCTGAGTAGCTGGGATTACAG
pattern_0		9:131861275:A:C:R:wC	31	60	+	25.8929	1.23e-09	3.52e-06	CCTCAGCCTCCTGAGTAGCTGGGATTACAG
pattern_0		7:78022018:C:T:R:wC	156	185	+	25.8929	1.23e-09	3.52e-06	CCTCAGCCTCCTGAGTAGCTGGGATTACAG
pattern_0		2:38741336:C:G:R:wC	169	198	-	25.8929	1.23e-09	3.52e-06	CCTCAGCCTCCTGAGTAGCTGGGATTACAG
pattern_3		12:54124477:C:T:R:wC	19	48	-	22.6429	1.26e-09	0.000264	AAAAAATAAAAAATAAAAATAAAAAAATAA
pattern_0		1:9441838:G:A:A:wC	118	147	-	25.8452	1.28e-09	3.64e-06	CCTCAGTCTCCCAAAGTACTGGGATTACAG
pattern_5		17:19918630:C:T:A:wC	64	93	-	21.8452	1.35e-09	0.000382	AAAAAAAAAAAATTAAATTAAAAAAGACAG
pattern_2		9:113187049:G:A:R:wC	168	197	+	19.6463	1.36e-09	6.68e-06	GCTAATTTTGTCTTTCTAGTGGAGACAGGG
pattern_0		19:36190828:G:A:R:wC	23	52	+	25.75	1.38e-09	3.9e-06	CCTCAGCCTCCTGAGTAGCTGGGATTATAG
pattern_0		7:99591021:C:T:R:wC	115	144	-	25.75	1.38e-09	3.9e-06	CCTAGGCCTCCCAAAATGCTGGGATTACAG
pattern_0		13:27996613:C:T:R:wC	103	132	-	25.7262	1.4e-09	3.96e-06	CCTCGGCCTCCCAAAGGGCTGGAATTACAG
pattern_0		7:6599034:G:C:R:wC	119	148	+	25.7143	1.42e-09	3.97e-06	CCTCAGCCTCCGGAGTAGCTGCGATTACAG
pattern_0		16:69651866:C:T:A:wC	170	199	-	25.7143	1.42e-09	3.97e-06	CCTCAGCCTCCCAAATAGCTGGGATTACAG
pattern_0		16:1516686:G:A:R:wC	108	137	-	25.6905	1.44e-09	4.04e-06	CCTCAGCCTCTGAAAGTGCTGGGATTACAG
pattern_0		19:6465933:C:T:R:wC	119	148	-	25.6786	1.46e-09	4.06e-06	CCTCGGCCTCCCAAGGTGTTAGGATTACAG
pattern_2		11:67304760:G:A:R:wC	153	182	-	19.4146	1.47e-09	7.22e-06	CCAATTTTTGTATTTTTAGTGCAGACATGG
pattern_0		5:156432649:C:T:A:wC	166	195	-	25.5595	1.6e-09	4.44e-06	TCTTGAACTCCCAGGCTCAGGTGATCCTCC
pattern_0		19:4251431:C:A:A:wC	95	124	-	25.5357	1.63e-09	4.51e-06	CCTTGGCCGCCCAAAGTGCTGGGATTACAG
pattern_0		1:26645970:T:A:R:wC	124	153	-	25.5238	1.64e-09	4.54e-06	CCTCAACCTCCCGAGTAGCTGGGATTATAG
pattern_2		5:71540604:T:C:R:wC	4	33	+	19.0976	1.65e-09	8.05e-06	TTTTTTTTGTTTTTTTAAGTAGAGACGGAA
pattern_0		3:169480996:C:T:A:wC	118	147	-	25.4881	1.69e-09	4.66e-06	CCTCGAACTCCTGACCTCAGGTGATCCGCC
pattern_0		2:87151342:G:A:R:wC	118	147	+	25.4643	1.72e-09	4.73e-06	CCTCTGACTCCCAAGTTCAGGCAGTTCTCA
pattern_2		1:111696084:A:G:R:wC	9	38	+	18.9024	1.77e-09	8.59e-06	GGTAATTTTGTATTTTTAGTTGAGATGGGG
pattern_0		15:90555181:G:A:A:wC	98	127	-	25.3214	1.92e-09	5.27e-06	CCTCAGCCTCCCAAAGTGCTGGGGTTATGG
pattern_6		12:66199734:G:A:A:wC	143	172	+	23.6429	1.97e-09	0.00208	AATAAAATAAATTTAAAAAATAATAATAAA
pattern_0		22:38450620:A:G:A:wC	124	153	-	25.2381	2.05e-09	5.6e-06	CCTCAGCCTCCCAAAGTGCTAGGATTACAG
pattern_0		19:3418156:A:G:R:wC	122	151	+	25.2143	2.09e-09	5.68e-06	CCTCCACCTCCCAGGCTTAAGCAGTCCTCC
pattern_5		1:90234055:C:A:A:wC	17	46	-	21.5714	2.1e-09	0.000382	AAAAAATAAAAAATAAAAAAAGAAATAAAA
pattern_5		1:90234055:C:A:R:wC	17	46	-	21.5714	2.1e-09	0.000382	AAAAAATAAAAAATAAAAAAAGAAATAAAA
pattern_0		17:33337565:G:T:A:wC	48	77	-	25.2024	2.11e-09	5.7e-06	CCTCAGCTTCCCAAAGTGCTGGGATTACAG
pattern_0		15:65566674:G:A:R:wC	65	94	-	25.2024	2.11e-09	5.7e-06	CCTCAGCTTCCCAAAGTGCTGGGATTACAG
pattern_0		12:53656611:C:G:R:wC	93	122	-	25.1905	2.12e-09	5.74e-06	CCTTGGCCTCCCAAAGAGCTGGGATTACAG
pattern_0		11:32992203:C:T:A:wC	64	93	+	25.1667	2.16e-09	5.83e-06	TCTCGAACTCCTGACTTCAAGTGATCCGCC
pattern_5		3:24341264:A:T:A:wC	100	129	-	21.5476	2.18e-09	0.000382	AAAAAAAAAAAAATAAATAAATAAATAAAA
pattern_0		1:109783648:T:C:A:wC	115	144	-	25.1429	2.2e-09	5.9e-06	CCTAGGCCTCCCAAAGCGCTGGGATTACAG
pattern_0		16:1471885:A:G:A:wC	123	152	-	25.1429	2.2e-09	5.9e-06	ACTTGGCCTCCCAAAGTGCTGGGATTACAG
pattern_2		6:121805330:C:T:R:wC	170	199	+	18.1951	2.27e-09	1.1e-05	TTTTTTTTTGGATTTTTAGTACACACAGGG
pattern_3		18:9850212:G:A:R:wC	163	192	-	22.1548	2.44e-09	0.000375	AAAAATAAAAAAATAATAATAATCTACAAA
pattern_0		13:113352130:C:T:A:wC	106	135	+	25	2.46e-09	6.55e-06	CCTCTGCTTCCCAAAGTGCTGGGATTGCAG
pattern_0		9:116845484:C:T:R:wC	103	132	-	25	2.46e-09	6.55e-06	CCTCAGGCTCCCGAGTAGCTGGGATTACAG
pattern_3		12:93912196:G:T:R:wC	7	36	-	22.131	2.52e-09	0.000375	AAAAGAAAAATAATAACAATAATAATAATT
pattern_0		22:31799448:G:C:A:wC	46	75	-	24.9405	2.57e-09	6.77e-06	CCTTGGCTTCCCAAAGTGCTGGGATTACAG
pattern_0		19:16315727:C:T:A:wC	96	125	+	24.9405	2.57e-09	6.77e-06	GCTCTGCCTCCCGGGTTCGCGCTATTCTCC
pattern_0		1:2149292:C:T:R:wC	83	112	-	24.9405	2.57e-09	6.77e-06	TCTCCGCCTCCCGGGTTCACACAATTCTCC
pattern_0		4:189377071:C:T:R:wC	100	129	-	24.9405	2.57e-09	6.77e-06	CCTTGGCTTCCCAAAGTGCTGGGATTACAG
pattern_0		11:65924217:C:G:A:wC	83	112	-	24.9286	2.59e-09	6.8e-06	CCTCAGCCTCCCCAGTAGCTGGGATTATAG
pattern_0		11:63751818:C:T:A:wC	113	142	-	24.9286	2.59e-09	6.8e-06	CCTCGGCCTCCCAAAGTGATAAGATTACAG
pattern_0		5:67503533:T:A:A:wC	160	189	+	24.869	2.71e-09	7.09e-06	GCTCTGCCTCCCAGGTTCATGCCATTCTCC
pattern_0		11:65785476:T:C:R:wC	34	63	-	24.8333	2.79e-09	7.27e-06	CCTTGACCTCCCAAAGTGTTGGGATTACAG
pattern_0		11:10320608:A:G:A:wC	118	147	-	24.8214	2.81e-09	7.31e-06	ACTTGGCCTCCCAAAGTGCTGCGATTACAG
pattern_3		9:6177291:G:T:A:wC	12	41	-	22.0357	2.86e-09	0.000375	ACTTAAAGTATAATAATAAAAAATAAAAAA
pattern_2		7:128053243:C:T:A:wC	22	51	+	17.3902	3.01e-09	1.45e-05	GCTAGTTTTGTACTTTCAGTAGAGACAGGG
pattern_0		4:176991793:C:T:A:wC	53	82	+	24.7262	3.02e-09	7.84e-06	CCTTGAACTCCCAGGCTCAATCAATCCCCC
pattern_2		8:9620286:G:A:R:wC	50	79	-	17.3049	3.09e-09	1.48e-05	TTTTCTGTATTTTGTTTAGTAGAGACAGGG
pattern_0		15:68589371:G:A:R:wC	88	117	+	24.6905	3.1e-09	8.03e-06	CCTTGATCTTCCGGGCTCAAGTGATCCTCT
pattern_0		17:73799110:A:C:A:wC	74	103	-	24.6786	3.13e-09	8.08e-06	CCTGGGCCTCTCAAAGTGCTGGGATTACAG
pattern_0		18:77224810:G:A:R:wC	77	106	+	24.6667	3.16e-09	8.13e-06	CCTTGACCTCCCAGGCTGAAGCAGTTCTCA
pattern_3		5:76752546:A:C:A:wC	66	95	-	21.9405	3.23e-09	0.000377	AAAAATAATAAAATAAAAATTTTTAAAAAT
pattern_0		7:97613052:C:T:A:wC	55	84	-	24.619	3.27e-09	8.4e-06	TCTCGAACTCCTGGGCGCAAGCGATCCTCC
pattern_0		19:10852369:G:A:R:wC	70	99	+	24.6071	3.3e-09	8.46e-06	CCTCAGCCTCCCAAGTAGCTGGGAGTACAG
pattern_0		6:121805330:C:T:R:wC	111	140	+	24.5833	3.36e-09	8.58e-06	CCTCAGACTCCCAAGTAGCTGGGATTACAG
pattern_0		4:152606975:T:G:A:wC	97	126	-	24.5714	3.39e-09	8.64e-06	TCTCGAACTCCTGATCTCAAGTGATCCGCC
pattern_2		4:152606975:T:G:A:wC	150	179	-	17.0122	3.42e-09	1.63e-05	TTTTGTATTTTCTTTTTAGTAGAGACAGGG
pattern_0		1:150748803:T:C:A:wC	5	34	+	24.5238	3.51e-09	8.93e-06	CCTCGGCCTCCCAAAGTGCTAGGTTTACAG
pattern_2		12:72100600:G:A:A:wC	119	148	-	16.878	3.58e-09	1.7e-05	TAATTTTTGTATTTTTTAGTAGAGAAGGGT
pattern_0		15:66020908:A:G:R:wC	127	156	+	24.4643	3.67e-09	9.31e-06	CTTCAGCCTCCCGAGTAGCTGGGATTCCAG
pattern_0		10:81950326:C:T:R:wC	129	158	+	24.4524	3.71e-09	9.37e-06	CCTCAGCCTCCTGAGTAGCTGGGATCACAG
pattern_0		16:10558799:C:T:R:wC	102	131	+	24.4286	3.77e-09	9.46e-06	CCTCAGCCTCCTGAATAGCTGGGATTACAG
pattern_0		9:114841961:A:C:R:wC	135	164	+	24.4286	3.77e-09	9.46e-06	CCTCAGCCTCCTGAATAGCTGGGATTACAG
pattern_0		8:68847459:G:A:A:wC	144	173	+	24.4286	3.77e-09	9.46e-06	CCTCAGCCTCCTGAATAGCTGGGATTACAG
pattern_0		19:47184356:G:A:R:wC	36	65	+	24.3929	3.87e-09	9.62e-06	GCTCCGCCTCCCGGGTTCATGCCATTCTCC
pattern_0		17:27099061:C:A:R:wC	21	50	-	24.3929	3.87e-09	9.62e-06	GCTCCGCCTCCCGGGTTCATGCCATTCTCC
pattern_0		17:34898524:G:T:R:wC	31	60	-	24.3929	3.87e-09	9.62e-06	GCTCCGCCTCCCGGGTTCATGCCATTCTCC
pattern_0		4:26331471:A:G:A:wC	52	81	-	24.3929	3.87e-09	9.62e-06	GCTCCGCCTCCCGGGTTCATGCCATTCTCC
pattern_0		19:14461028:C:T:A:wC	169	198	-	24.381	3.91e-09	9.68e-06	CCTCAGCCTCCCGAGTAGCTGGAATTACAG
pattern_0		20:57575102:C:T:A:wC	171	200	-	24.369	3.94e-09	9.74e-06	CCTTGGCCTCCCAAAATGGTGGGATTACAG
pattern_3		11:75118589:C:A:A:wC	16	45	-	21.7738	4.01e-09	0.000378	CAAAAAATAAAAATAATAAAAAATAATTTG
pattern_0		19:15716243:G:C:A:wC	99	128	+	24.3452	4.01e-09	9.89e-06	CCTCCGCCTCCTGGGATCAAGTGATACTCC
pattern_0		16:1516686:G:A:R:wC	140	169	-	24.3095	4.12e-09	1.01e-05	TCTCGAACTCCTGGCCTCAAGTGATTTGCC
pattern_3		12:93912196:G:T:R:wC	10	39	-	21.7262	4.26e-09	0.000378	CTCAAAAGAAAAATAATAACAATAATAATA
pattern_0		1:222829373:G:A:A:wC	120	149	+	24.25	4.31e-09	1.05e-05	GCTCCGCCTCCCAGGTTCATGCCATTCTCC
pattern_0		18:48946262:A:G:A:wC	121	150	+	24.25	4.31e-09	1.05e-05	GCTCCGCCTCCCAGGTTCATGCCATTCTCC
pattern_0		13:52611952:G:A:R:wC	114	143	-	24.25	4.31e-09	1.05e-05	GCTCCGCCTCCCAGGTTCATGCCATTCTCC
pattern_0		2:174836754:A:G:R:wC	134	163	-	24.25	4.31e-09	1.05e-05	GCTCCGCCTCCCAGGTTCATGCCATTCTCC
pattern_3		11:75118589:C:A:A:wC	22	51	-	21.7143	4.33e-09	0.000378	CCGTCTCAAAAAATAAAAATAATAAAAAAT
pattern_0		16:15395595:T:C:A:wC	45	74	-	24.2381	4.35e-09	1.05e-05	CCTCGGCCTTCCAAAGTGCTGGTATTACAG
pattern_0		2:240992440:G:A:R:wC	128	157	+	24.1548	4.62e-09	1.12e-05	CCTCAGCCTGCCAAAGTGCTGGAATTACAG
pattern_0		20:57247135:T:A:A:wC	94	123	-	24.131	4.7e-09	1.14e-05	CCTCAGCCCCCCAAAGTGCTGGGTTTACAG
pattern_0		9:130701553:G:C:R:wC	12	41	+	24.119	4.74e-09	1.14e-05	CCTCAGCCTCCGAAAGTGCCTGGATTACAG
pattern_5		5:34500013:T:A:R:wC	100	129	-	21.0238	4.85e-09	0.000728	GAAAAATAAAAAATAAATAAATAAATAAAA
pattern_0		2:240992440:G:A:R:wC	2	31	+	24.0833	4.87e-09	1.17e-05	CCTCAGCCTCCCGTGTAGCTGGGATTACAG
pattern_0		6:13330152:G:A:A:wC	96	125	-	24.0357	5.04e-09	1.21e-05	CCTCGGCTTCCCAAAGTGTTGGGATTATAG
pattern_0		11:32718439:G:T:R:wC	118	147	+	24	5.18e-09	1.23e-05	CCTCGACCTTGTGGGCTCAAGCAATTCTTC
pattern_0		11:32718439:G:T:A:wC	118	147	+	24	5.18e-09	1.23e-05	CCTCGACCTTGTGGGCTCAAGCAATTCTTC
pattern_0		8:72435504:C:G:A:wC	123	152	+	24	5.18e-09	1.23e-05	CCTCAGCCTCCCGGGTAGCTGGGACTACAG
pattern_2		12:117289414:G:A:R:wC	55	84	-	15.6463	5.43e-09	2.57e-05	TAATTTTTGTATTTTTTAGTAAAGAGGGGG
pattern_0		16:1539851:C:G:R:wC	61	90	+	23.8571	5.75e-09	1.36e-05	TCTCAGCCTCCCAAGTAGCTGGGATTACAG
pattern_3		17:27099061:C:A:R:wC	111	140	+	21.4643	5.92e-09	0.000478	CTCAAAATAGTAATAATAATAATTTTAAAA
pattern_0		6:18114246:C:T:R:wC	59	88	-	23.8095	5.95e-09	1.4e-05	CCTCAGCCTCCCAAAGTGTTGGAATTACAG
pattern_0		22:31991001:G:A:A:wC	163	192	+	23.8095	5.95e-09	1.4e-05	ACTCCACATCCTGGGTTCAAGTAATTCTCC
pattern_0		4:88396024:G:A:R:wC	84	113	+	23.7143	6.37e-09	1.5e-05	CCTCAGCCTCCCGAGTGGCTGGGACTACAG
pattern_0		6:121788131:C:T:A:wC	128	157	+	23.7024	6.43e-09	1.51e-05	CCTCAGCCACCCGAGTAGCTGGGATTACAG
pattern_0		2:101625773:C:G:R:wC	102	131	-	23.6905	6.49e-09	1.52e-05	GCTCCGCCTCCCAAGTTCATGCCATTCTCC
pattern_0		7:150495470:C:A:A:wC	81	110	+	23.6786	6.54e-09	1.53e-05	GCTCCACCTCCCGGGTTCAAGCCATTCTCC
pattern_0		3:63812542:C:T:A:wC	90	119	-	23.6786	6.54e-09	1.53e-05	GCTCCACCTCCCGGGTTCAAGCCATTCTCC
pattern_0		7:99113672:G:A:A:wC	142	171	+	23.6667	6.6e-09	1.54e-05	CCTCAGCCTCCCGAGTAGCTGGGTTTACAG
pattern_0		1:247558787:C:T:A:wC	33	62	+	23.6548	6.66e-09	1.55e-05	CCTCGGCCTCCTGAGTAGCTGGGACTACGG
pattern_0		19:33533841:C:T:R:wC	119	148	-	23.6429	6.71e-09	1.56e-05	CCTCAGCCTCCTCAGTAGCTGGGATTACAG
pattern_0		19:53312831:C:T:A:wC	70	99	-	23.631	6.77e-09	1.56e-05	CCTTGACCTCTTAAAGTGCTGGGATTACAG
pattern_0		16:69651866:C:T:A:wC	66	95	-	23.5952	6.95e-09	1.6e-05	TCTCGAACTCCCGACCTCAGGTGATCCGCC
pattern_0		19:49105126:C:T:A:wC	119	148	-	23.5119	7.38e-09	1.63e-05	CTCCCACCTCCCAAAGTGCTGGGATTACTG
pattern_0		1:185401229:T:C:A:wC	149	178	+	23.4643	7.63e-09	1.63e-05	CCTCCACTTCCTGGGCTCAGGCAATCCTCC
pattern_3		15:90241150:G:A:A:wC	52	81	-	21.25	7.71e-09	0.000578	CTCAAAAAAAAAAAAAAAAAAATTATAAAA
pattern_0		11:572473:T:C:A:wC	23	52	+	23.4405	7.77e-09	1.63e-05	CCTCAGCCTCCCGAGTAGCTGGGACTACAG
pattern_0		1:177964518:T:C:R:wC	4	33	-	23.4405	7.77e-09	1.63e-05	CCTCAGCCTCCCGAGTAGCTGGGACTACAG
pattern_0		5:179735213:A:G:R:wC	18	47	-	23.4405	7.77e-09	1.63e-05	CCTCAGCCTCCCGAGTAGCTGGGACTACAG
pattern_0		3:55584998:C:T:A:wC	21	50	-	23.4405	7.77e-09	1.63e-05	CCTCAGCCTCCCGAGTAGCTGGGACTACAG
pattern_0		22:25464565:G:A:A:wC	52	81	+	23.4405	7.77e-09	1.63e-05	CCTCAGCCTCCCGAGTAGCTGGGACTACAG
pattern_0		2:64982244:C:T:R:wC	57	86	+	23.4405	7.77e-09	1.63e-05	CCTCAGCCTCCCGAGTAGCTGGGACTACAG
pattern_0		5:86302298:C:T:A:wC	62	91	+	23.4405	7.77e-09	1.63e-05	CCTCAGCCTCCCGAGTAGCTGGGACTACAG
pattern_0		3:179112353:G:A:R:wC	64	93	+	23.4405	7.77e-09	1.63e-05	CCTCAGCCTCCCGAGTAGCTGGGACTACAG
pattern_0		2:54244011:C:T:A:wC	65	94	+	23.4405	7.77e-09	1.63e-05	CCTCAGCCTCCCGAGTAGCTGGGACTACAG
pattern_0		1:1554687:G:A:A:wC	43	72	-	23.4405	7.77e-09	1.63e-05	CCTCAGCCTCCCGAGTAGCTGGGACTACAG
pattern_0		16:4670396:G:A:R:wC	43	72	-	23.4405	7.77e-09	1.63e-05	CCTCAGCCTCCCGAGTAGCTGGGACTACAG
pattern_0		17:1672634:C:T:A:wC	44	73	-	23.4405	7.77e-09	1.63e-05	CCTCAGCCTCCCGAGTAGCTGGGACTACAG
pattern_0		4:57813895:G:A:R:wC	47	76	-	23.4405	7.77e-09	1.63e-05	CCTCAGCCTCCCGAGTAGCTGGGACTACAG
pattern_0		9:16737384:G:C:R:wC	78	107	+	23.4405	7.77e-09	1.63e-05	CCTCAGCCTCCCGAGTAGCTGGGACTACAG
pattern_0		19:42763030:C:T:R:wC	100	129	+	23.4405	7.77e-09	1.63e-05	CCTCAGCCTCCCGAGTAGCTGGGACTACAG
pattern_0		1:110187031:C:T:A:wC	106	135	+	23.4405	7.77e-09	1.63e-05	CCTCAGCCTCCCGAGTAGCTGGGACTACAG
pattern_0		19:4382360:T:G:R:wC	108	137	+	23.4405	7.77e-09	1.63e-05	CCTCAGCCTCCCGAGTAGCTGGGACTACAG
pattern_0		4:186580675:G:A:R:wC	109	138	+	23.4405	7.77e-09	1.63e-05	CCTCAGCCTCCCGAGTAGCTGGGACTACAG
pattern_0		13:52611952:G:A:R:wC	82	111	-	23.4405	7.77e-09	1.63e-05	CCTCAGCCTCCCGAGTAGCTGGGACTACAG
pattern_0		17:57549673:T:C:R:wC	113	142	+	23.4405	7.77e-09	1.63e-05	CCTCAGCCTCCCGAGTAGCTGGGACTACAG
pattern_0		9:1045269:A:C:R:wC	114	143	+	23.4405	7.77e-09	1.63e-05	CCTCAGCCTCCCGAGTAGCTGGGACTACAG
pattern_0		15:28920910:T:A:R:wC	115	144	+	23.4405	7.77e-09	1.63e-05	CCTCAGCCTCCCGAGTAGCTGGGACTACAG
pattern_0		7:130999270:G:C:R:wC	125	154	+	23.4405	7.77e-09	1.63e-05	CCTCAGCCTCCCGAGTAGCTGGGACTACAG
pattern_0		19:16315727:C:T:A:wC	128	157	+	23.4405	7.77e-09	1.63e-05	CCTCAGCCTCCCGAGTAGCTGGGACTACAG
pattern_0		7:6739789:A:G:R:wC	102	131	-	23.4405	7.77e-09	1.63e-05	CCTCAGCCTCCCGAGTAGCTGGGACTACAG
pattern_0		6:37348316:A:G:R:wC	106	135	-	23.4405	7.77e-09	1.63e-05	CCTCAGCCTCCCGAGTAGCTGGGACTACAG
pattern_0		1:1511244:G:A:A:wC	106	135	-	23.4405	7.77e-09	1.63e-05	CCTCAGCCTCCCGAGTAGCTGGGACTACAG
pattern_0		11:75118589:C:A:A:wC	137	166	+	23.4405	7.77e-09	1.63e-05	CCTCAGCCTCCCGAGTAGCTGGGACTACAG
pattern_0		19:50049882:T:G:A:wC	108	137	-	23.4405	7.77e-09	1.63e-05	CCTCAGCCTCCCGAGTAGCTGGGACTACAG
pattern_0		7:133810618:A:G:A:wC	109	138	-	23.4405	7.77e-09	1.63e-05	CCTCAGCCTCCCGAGTAGCTGGGACTACAG
pattern_0		7:133810618:A:G:R:wC	109	138	-	23.4405	7.77e-09	1.63e-05	CCTCAGCCTCCCGAGTAGCTGGGACTACAG
pattern_0		4:188862039:A:C:R:wC	139	168	+	23.4405	7.77e-09	1.63e-05	CCTCAGCCTCCCGAGTAGCTGGGACTACAG
pattern_0		13:95923213:G:A:R:wC	111	140	-	23.4405	7.77e-09	1.63e-05	CCTCAGCCTCCCGAGTAGCTGGGACTACAG
pattern_0		1:247273748:C:T:R:wC	113	142	-	23.4405	7.77e-09	1.63e-05	CCTCAGCCTCCCGAGTAGCTGGGACTACAG
pattern_0		21:30462771:A:G:A:wC	144	173	+	23.4405	7.77e-09	1.63e-05	CCTCAGCCTCCCGAGTAGCTGGGACTACAG
pattern_0		19:5890655:T:C:R:wC	145	174	+	23.4405	7.77e-09	1.63e-05	CCTCAGCCTCCCGAGTAGCTGGGACTACAG
pattern_0		16:1921284:A:G:R:wC	150	179	+	23.4405	7.77e-09	1.63e-05	CCTCAGCCTCCCGAGTAGCTGGGACTACAG
pattern_0		7:4807826:T:C:R:wC	151	180	+	23.4405	7.77e-09	1.63e-05	CCTCAGCCTCCCGAGTAGCTGGGACTACAG
pattern_0		15:75222225:C:T:A:wC	170	199	-	23.4405	7.77e-09	1.63e-05	CCTCAGCCTCCCGAGTAGCTGGGACTACAG
pattern_2		16:29924422:A:T:R:wC	122	151	+	14.4878	7.96e-09	3.74e-05	TTTTTTTTTTTTTTTTTTTTTGAGACAGGG
pattern_5		17:37191932:G:A:A:wC	59	88	-	20.6786	7.99e-09	0.000869	ACTCTGTCTCAATTAAAAAAAAAAAAAAAA
pattern_2		1:228371551:G:A:R:wC	58	87	-	14.4634	8.02e-09	3.76e-05	TCTTTTTTTTTTTTTTTTTTGGAGACAGAG
pattern_0		12:94304792:C:A:R:wC	126	155	+	23.3571	8.24e-09	1.73e-05	CCTCAGCCTCCCGAGTAGTTGGGATTACAG
pattern_0		19:51019404:C:T:A:wC	113	142	-	23.3571	8.24e-09	1.73e-05	CCTCAGCCTCTCAAAGTGCTCGGATTACAG
pattern_0		5:74972507:G:T:A:wC	147	176	-	23.3452	8.32e-09	1.74e-05	TCTCCGCCCCCTGGGTTCAAACAATTCTCC
pattern_0		9:69499956:C:T:A:wC	171	200	-	23.3214	8.46e-09	1.75e-05	CTTCAGCCTCCCAAGTAGCTGGGATTACAG
pattern_0		2:111928231:C:G:A:wC	20	49	-	23.2976	8.6e-09	1.75e-05	CCTCAGCCTCCCGAGTAGCTGGGACTATAG
pattern_0		10:101905203:T:C:R:wC	69	98	+	23.2976	8.6e-09	1.75e-05	CCTCAGCCTCCCAAGTAGCTGGGACTACAG
pattern_0		2:68436423:G:A:A:wC	43	72	-	23.2976	8.6e-09	1.75e-05	CCTCAGCCTCCCAAGTAGCTGGGACTACAG
pattern_0		6:107137023:G:A:A:wC	88	117	+	23.2976	8.6e-09	1.75e-05	CCTCAGCCTCCCAAGTAGCTGGGACTACAG
pattern_0		15:68589371:G:A:R:wC	120	149	+	23.2976	8.6e-09	1.75e-05	CCTCAGCCTCCCAAGTAGCTGGGACTACAG
pattern_0		3:196202508:G:A:A:wC	127	156	+	23.2976	8.6e-09	1.75e-05	CCTCAGCCTCCCAAGTAGCTGGGACTACAG
pattern_0		19:11775886:T:C:R:wC	131	160	+	23.2976	8.6e-09	1.75e-05	CCTCAGCCTCCCGAGTAGCTGGGACTATAG
pattern_0		3:52335756:C:T:A:wC	107	136	-	23.2976	8.6e-09	1.75e-05	CCTCAGCCTCCCAAGTAGCTGGGACTACAG
pattern_0		3:195629980:C:T:A:wC	145	174	+	23.2976	8.6e-09	1.75e-05	CCTCAGCCTCCCAAGTAGCTGGGACTACAG
pattern_0		1:943968:C:T:R:wC	151	180	+	23.2976	8.6e-09	1.75e-05	CCTCAGCCTCCCAAGTAGCTGGGACTACAG
pattern_0		14:52117174:C:T:A:wC	153	182	+	23.2976	8.6e-09	1.75e-05	CCTCAGCCTCCCAAGTAGCTGGGACTACAG
pattern_0		1:29502572:G:T:A:wC	167	196	-	23.2976	8.6e-09	1.75e-05	CCTCAGCCTCCCAAGTAGCTGGGACTACAG
pattern_0		2:103147561:G:A:A:wC	142	171	+	23.2738	8.75e-09	1.77e-05	GCTCTGCCTCCCAGGTTCACGTCATTCTCC
pattern_0		12:117289414:G:A:R:wC	139	168	-	23.2738	8.75e-09	1.77e-05	CTTTCACCTCCCGAGTTCAAGCAGTTCTCC
pattern_0		17:74481538:A:C:A:wC	133	162	-	23.25	8.9e-09	1.79e-05	ACCCCCCGTCCTGGGTTCAAGTGATTCTCC
pattern_0		17:74481538:A:C:R:wC	133	162	-	23.25	8.9e-09	1.79e-05	ACCCCCCGTCCTGGGTTCAAGTGATTCTCC
pattern_5		6:42989920:T:G:A:wC	12	41	-	20.5952	8.99e-09	0.000869	AAAAAAAAAAAATTAAAAAAACAAAGTCTA
pattern_0		4:26331471:A:G:A:wC	20	49	-	23.2024	9.21e-09	1.85e-05	CCTCAGCCTCCCAAGTAGCTGTGACTACAG
pattern_0		2:68436423:G:A:A:wC	75	104	-	23.1905	9.29e-09	1.86e-05	GCTCTGCCTCCCGGGTTCACGCCATTCTCC
pattern_0		10:135211021:C:T:A:wC	143	172	+	23.1905	9.29e-09	1.86e-05	GCTCTGCCTCCCGGGTTCACGCCATTCTCC
pattern_2		11:572473:T:C:A:wC	81	110	+	13.9878	9.36e-09	4.36e-05	TTGTATTTTTTTTTTTTAGCAGAGACAGTT
pattern_5		9:131683644:C:T:A:wC	16	45	-	20.5357	9.76e-09	0.000869	AATAAATAAATAATAAATAAAAATACCAAA
pattern_0		17:57549673:T:C:R:wC	81	110	+	23.1071	9.85e-09	1.97e-05	GCTCCGCCTCCGGGGTTCATGCCATTCTCC
pattern_5		12:66199734:G:A:A:wC	122	151	+	20.5238	9.93e-09	0.000869	AAAGTAAATAAAATAAAATAAAATAAAATA
pattern_5		12:66199734:G:A:A:wC	132	161	+	20.5238	9.93e-09	0.000869	AAATAAAATAAAATAAAATAAATTTAAAAA
pattern_0		19:47877422:G:A:R:wC	114	143	-	23.0952	9.94e-09	1.98e-05	CCTCGCCCTCCCAAAGTGCTAGGATTATAG
pattern_0		6:33233389:C:T:A:wC	108	137	+	23.0714	1.01e-08	2.01e-05	CCTTGGTCTCCCAAAGTACTGGGATTGCAG
pattern_3		1:90234055:C:A:R:wC	17	46	-	21.0238	1.01e-08	0.000652	AAAAAATAAAAAATAAAAAAAGAAATAAAA
pattern_3		1:90234055:C:A:A:wC	17	46	-	21.0238	1.01e-08	0.000652	AAAAAATAAAAAATAAAAAAAGAAATAAAA
pattern_2		15:82436504:G:A:R:wC	25	54	-	13.7073	1.02e-08	4.76e-05	GCTAACTTTTTAATGTTTGTGGAGACGGAG
pattern_0		5:68680860:C:T:R:wC	108	137	+	23.0476	1.03e-08	2.04e-05	GCTCTGCCTCCCAGGTTCACGCCATTCTCC
pattern_3		12:125311934:C:T:R:wC	126	155	-	20.9881	1.06e-08	0.000652	GTGGTTAAAATAATAATAATAATAATAATA
pattern_0		13:92005134:A:G:R:wC	69	98	-	22.9881	1.07e-08	2.13e-05	CCTCAGCCTCCCCAAGTGCTAGGATTATAG
pattern_0		2:64982244:C:T:R:wC	25	54	+	22.9762	1.08e-08	2.13e-05	GCTCCGCCTCCCGGGTTCAGGCCATTCTCC
pattern_0		3:49336926:C:G:A:wC	81	110	+	22.9762	1.08e-08	2.13e-05	GCTCCGCCTCCCGGGTTCAGGCCATTCTCC
pattern_0		16:89307209:C:T:R:wC	9	38	-	22.9643	1.09e-08	2.15e-05	CCTCAGCCCCCTGAGTAGCTGGGATTACAG
pattern_0		22:32795285:G:C:A:wC	20	49	+	22.9524	1.1e-08	2.16e-05	CCTCAAACTCCTAGGCTCAAGCAGTCCTCC
pattern_0		20:48533630:G:C:R:wC	118	147	+	22.9286	1.12e-08	2.19e-05	CCTCAGCCTCCGGAGTAGCTGGGACTACCG
pattern_0		13:27807938:C:T:R:wC	169	198	-	22.9286	1.12e-08	2.19e-05	CCTCAACCTCCAGAGTAGCTGGGATTACAG
pattern_3		3:24341264:A:T:A:wC	100	129	-	20.9286	1.13e-08	0.000661	AAAAAAAAAAAAATAAATAAATAAATAAAA
pattern_2		17:17678573:G:A:A:wC	42	71	+	13.3537	1.15e-08	5.3e-05	ATTTTTTTTTTTTTTTTTTTTGAGACAGGG
pattern_0		14:35819834:C:G:R:wC	115	144	-	22.869	1.17e-08	2.28e-05	ACTCGGCCTCCCAAAGTGCTAGGATTACAG
pattern_0		14:96731829:G:A:R:wC	37	66	+	22.8452	1.19e-08	2.31e-05	TCTCAAACTCAAGGGCTCAAGTGATCCTCC
pattern_0		17:40606450:C:T:R:wC	120	149	-	22.8214	1.21e-08	2.35e-05	TCTCGAACTCCTGGCCTCAAGTGATCCACC
pattern_2		3:128350038:C:T:A:wC	9	38	-	13.1829	1.21e-08	5.57e-05	CATATATTTTTTTTTTTTTTGGAGACAGAG
pattern_0		8:9620286:G:A:R:wC	104	133	-	22.8095	1.22e-08	2.35e-05	CCTCAGCCTCCCTAGTAGCTGGGATTACAG
pattern_0		8:106513461:A:C:R:wC	163	192	+	22.8095	1.22e-08	2.35e-05	CCTCAGCCTCCTAAGTAGCTGGAATTACAG
pattern_0		3:128350038:C:T:A:wC	151	180	-	22.8095	1.22e-08	2.35e-05	TCTCGAACTCCTGACTTCAGGTGATCCGCC
pattern_0		5:56053535:T:C:A:wC	171	200	-	22.8095	1.22e-08	2.35e-05	CCTCAGCCTCCCTAGTAGCTGGGATTACAG
pattern_2		1:147594032:C:T:R:wC	157	186	+	13.1585	1.22e-08	5.59e-05	TAATTTTTTGTATTCTTCGTAAAGATGGGT
pattern_0		12:120979394:A:C:A:wC	57	86	+	22.7976	1.23e-08	2.35e-05	CCTCAGCCTCCCGAGCAGCTGGGACTACAG
pattern_0		3:63812542:C:T:A:wC	58	87	-	22.7976	1.23e-08	2.35e-05	CCTCAGCCTCCCGAGCAGCTGGGACTACAG
pattern_0		19:58511682:T:C:A:wC	121	150	+	22.7976	1.23e-08	2.35e-05	CCTCAGCCTCCCGAGCAGCTGGGACTACAG
pattern_0		12:24416335:G:A:A:wC	102	131	-	22.7976	1.23e-08	2.35e-05	CCTCAGCCTCCCGAGCAGCTGGGACTACAG
pattern_0		16:80659947:A:G:R:wC	112	141	-	22.75	1.27e-08	2.42e-05	CCTCGAACTCCTGAGCTCAGGCAATCTGCC
pattern_0		15:75750969:G:A:A:wC	157	186	-	22.7262	1.29e-08	2.46e-05	TCTCGAACTCCTGGCCTCAGGTGATCCGCC
pattern_0		2:197074540:C:T:R:wC	161	190	+	22.7143	1.3e-08	2.48e-05	CCTCTGCCTCCCGAGTAGATGGGGCTACAG
pattern_5		12:66199734:G:A:A:wC	142	171	+	20.3214	1.31e-08	0.00106	AAATAAAATAAATTTAAAAAATAATAATAA
pattern_0		12:117289414:G:A:R:wC	106	135	-	22.6905	1.32e-08	2.5e-05	CCTTAGCCTCCTGAGTAGCTGGGATTACAG
pattern_3		12:54124477:C:T:R:wC	26	55	-	20.7976	1.32e-08	0.000714	AAAAATAAAAAAATAAAAAATAAAAATAAA
pattern_0		17:74295613:T:C:R:wC	45	74	-	22.6667	1.34e-08	2.5e-05	CCTCGGCTTCCCAAAGTGCTAGGATTACAG
pattern_0		10:74136946:C:G:A:wC	113	142	+	22.6667	1.34e-08	2.5e-05	CCACTGCCTTCCGGGTTCAAACAATTCTCC
pattern_3		12:66199734:G:A:A:wC	150	179	+	20.7738	1.36e-08	0.000714	TAAATTTAAAAAATAATAATAAATAAATAA
pattern_0		16:89577366:A:G:R:wC	56	85	+	22.619	1.39e-08	2.5e-05	CCTTGACCTCTTAGGCTGGAGTGATCCTCC
pattern_0		19:2935129:G:A:R:wC	69	98	+	22.5952	1.41e-08	2.5e-05	GCTCCACCTCCCAGGTTCATGCCATTCTCC
pattern_0		12:33562535:G:A:A:wC	95	124	+	22.5952	1.41e-08	2.5e-05	GCTCCACCTCCCAGGTTCATGCCATTCTCC
pattern_0		3:32210733:C:A:A:wC	63	92	+	22.5833	1.42e-08	2.5e-05	CCTCAGCCTGCCGAGTGCCTGCGATTGCAG
pattern_0		4:25919721:C:T:R:wC	25	54	+	22.5714	1.44e-08	2.5e-05	GCTCCGCCTCCCGGGTTCACGCCATTCTCC
pattern_0		9:93391290:C:A:A:wC	28	57	+	22.5714	1.44e-08	2.5e-05	GCTCCGCCTCCCGGGTTCACGCCATTCTCC
pattern_0		5:86302298:C:T:A:wC	30	59	+	22.5714	1.44e-08	2.5e-05	GCTCCGCCTCCCGGGTTCACGCCATTCTCC
pattern_0		8:17574213:G:C:A:wC	32	61	+	22.5714	1.44e-08	2.5e-05	GCTCCGCCTCCCGGGTTCACGCCATTCTCC
pattern_0		3:179112353:G:A:R:wC	32	61	+	22.5714	1.44e-08	2.5e-05	GCTCCGCCTCCCGGGTTCACGCCATTCTCC
pattern_0		7:128417044:T:G:R:wC	3	32	-	22.5714	1.44e-08	2.5e-05	GCTCCGCCTCCCGGGTTCACGCCATTCTCC
pattern_0		6:88133114:C:T:R:wC	34	63	+	22.5714	1.44e-08	2.5e-05	GCTCCGCCTCCCGGGTTCACGCCATTCTCC
pattern_0		19:10852369:G:A:R:wC	38	67	+	22.5714	1.44e-08	2.5e-05	GCTCCGCCTCCCGGGTTCACGCCATTCTCC
pattern_0		4:88396024:G:A:R:wC	52	81	+	22.5714	1.44e-08	2.5e-05	GCTCCGCCTCCCGGGTTCACGCCATTCTCC
pattern_0		19:42763030:C:T:R:wC	68	97	+	22.5714	1.44e-08	2.5e-05	GCTCCGCCTCCCGGGTTCACGCCATTCTCC
pattern_0		19:4382360:T:G:R:wC	76	105	+	22.5714	1.44e-08	2.5e-05	GCTCCGCCTCCCGGGTTCACGCCATTCTCC
pattern_0		10:81894877:A:G:A:wC	80	109	+	22.5714	1.44e-08	2.5e-05	GCTCCGCCTCCCGGGTTCACGCCATTCTCC
pattern_0		18:51752453:C:T:R:wC	52	81	-	22.5714	1.44e-08	2.5e-05	GCTCCGCCTCCCGGGTTCACGCCATTCTCC
pattern_0		9:1045269:A:C:R:wC	82	111	+	22.5714	1.44e-08	2.5e-05	GCTCCGCCTCCCGGGTTCACGCCATTCTCC
pattern_0		10:8125134:C:T:A:wC	53	82	-	22.5714	1.44e-08	2.5e-05	GCTCCGCCTCCCGGGTTCACGCCATTCTCC
pattern_0		15:29008373:A:G:A:wC	95	124	+	22.5714	1.44e-08	2.5e-05	GCTCCGCCTCCCGGGTTCACGCCATTCTCC
pattern_0		12:120893575:G:A:R:wC	95	124	+	22.5714	1.44e-08	2.5e-05	GCTCCGCCTCCCGGGTTCACGCCATTCTCC
pattern_0		18:53373610:G:A:A:wC	102	131	+	22.5714	1.44e-08	2.5e-05	GCTCCGCCTCCCGGGTTCACGCCATTCTCC
pattern_0		22:51219704:G:A:R:wC	75	104	-	22.5714	1.44e-08	2.5e-05	GCTCCGCCTCCCGGGTTCACGCCATTCTCC
pattern_0		1:111732711:G:A:R:wC	82	111	-	22.5714	1.44e-08	2.5e-05	GCTCCGCCTCCCGGGTTCACGCCATTCTCC
pattern_0		10:43928319:C:T:R:wC	113	142	+	22.5714	1.44e-08	2.5e-05	GCTCCGCCTCCCGGGTTCACGCCATTCTCC
pattern_0		19:5890655:T:C:R:wC	113	142	+	22.5714	1.44e-08	2.5e-05	GCTCCGCCTCCCGGGTTCACGCCATTCTCG
pattern_0		16:1921284:A:G:R:wC	118	147	+	22.5714	1.44e-08	2.5e-05	GCTCCGCCTCCCGGGTTCACGCCATTCTCC
pattern_0		17:79636653:A:G:R:wC	118	147	+	22.5714	1.44e-08	2.5e-05	GCTCCGCCTCCCGGGTTCACGCCATTCTCC
pattern_0		17:79636653:A:G:A:wC	118	147	+	22.5714	1.44e-08	2.5e-05	GCTCCGCCTCCCGGGTTCACGCCATTCTCC
pattern_0		11:7983846:G:A:A:wC	118	147	+	22.5714	1.44e-08	2.5e-05	GCTCCGCCTCCCGGGTTCACGCCATTCTCC
pattern_0		7:4807826:T:C:R:wC	119	148	+	22.5714	1.44e-08	2.5e-05	GCTCCGCCTCCCGGGTTCACGCCATTCTCC
pattern_0		14:52117174:C:T:A:wC	121	150	+	22.5714	1.44e-08	2.5e-05	GCTCCGCCTCCCGGGTTCACGCCATTCTCC
pattern_0		22:24157624:A:G:A:wC	104	133	-	22.5714	1.44e-08	2.5e-05	GCTCCGCCTCCCGGGTTCACGCCATTCTCC
pattern_0		15:52369932:C:T:R:wC	139	168	+	22.5714	1.44e-08	2.5e-05	GCTCCGCCTCCCGGGTTCACGCCATTCTCC
pattern_0		14:32922842:G:C:R:wC	142	171	+	22.5714	1.44e-08	2.5e-05	GCTCCGCCTCCCGGGTTCACGCCATTCTCC
pattern_0		7:19546663:A:G:R:wC	114	143	-	22.5714	1.44e-08	2.5e-05	GCTCCGCCTCCCGGGTTCACGCCATTCTCC
pattern_0		1:218843336:C:T:R:wC	151	180	+	22.5714	1.44e-08	2.5e-05	GCTCCGCCTCCCGGGTTCACGCCATTCTCC
pattern_0		10:94475111:G:A:R:wC	157	186	+	22.5714	1.44e-08	2.5e-05	GCTCCGCCTCCCGGGTTCACGCCATTCTCC
pattern_0		12:131653587:G:C:R:wC	136	165	-	22.5714	1.44e-08	2.5e-05	GCTCCGCCTCCCGGGTTCACGCCATTCTCC
pattern_0		7:76251126:G:A:R:wC	138	167	-	22.5714	1.44e-08	2.5e-05	GCTCCGCCTCCCGGGTTCACGCCATTCTCC
pattern_0		7:76251126:G:A:A:wC	138	167	-	22.5714	1.44e-08	2.5e-05	GCTCCGCCTCCCGGGTTCACGCCATTCTCC
pattern_0		1:1511244:G:A:A:wC	138	167	-	22.5714	1.44e-08	2.5e-05	GCTCCGCCTCCCGGGTTCACGCCATTCTCC
pattern_0		7:133810618:A:G:R:wC	141	170	-	22.5714	1.44e-08	2.5e-05	GCTCCGCCTCCCGGGTTCACGCCATTCTCC
pattern_0		7:133810618:A:G:A:wC	141	170	-	22.5714	1.44e-08	2.5e-05	GCTCCGCCTCCCGGGTTCACGCCATTCTCC
pattern_0		1:247273748:C:T:R:wC	145	174	-	22.5714	1.44e-08	2.5e-05	GCTCCGCCTCCCGGGTTCACGCCATTCTCC
pattern_0		19:16461254:G:A:R:wC	146	175	-	22.5714	1.44e-08	2.5e-05	GCTCCGCCTCCCGGGTTCACGCCATTCTCC
pattern_5		6:51378450:T:G:A:wC	120	149	+	20.25	1.44e-08	0.00108	AAAGATGAAAATTTAAAAGAAAAATTGACC
pattern_0		16:75235574:T:C:A:wC	43	72	-	22.5476	1.46e-08	2.53e-05	CCTCGGCTTCCTAAAGTGCTGAGATTACAG
pattern_0		1:1554687:G:A:A:wC	75	104	-	22.4881	1.52e-08	2.64e-05	GCTCTGCCTCCCAAGTTCACGCCATTCTCC
pattern_5		3:24341264:A:T:A:wC	96	125	-	20.2024	1.54e-08	0.00108	AAAAAAAAATAAATAAATAAATAAAAAAAA
pattern_2		1:46883303:A:G:R:wC	155	184	+	12.3659	1.57e-08	7.12e-05	TTTTTTTTTTTTTTTTTTATTAAGACGGAG
pattern_2		1:46883303:A:G:A:wC	155	184	+	12.3659	1.57e-08	7.12e-05	TTTTTTTTTTTTTTTTTTATTAAGACGGAG
pattern_0		2:37059108:C:T:R:wC	12	41	+	22.4405	1.57e-08	2.72e-05	TCTCGAGCTCCTGACCTCAGGTGATCCGCC
pattern_0		19:20831268:T:C:A:wC	96	125	+	22.4286	1.59e-08	2.72e-05	GCTCCGCCTCCCAGGTTCACGCCATTCTCC
pattern_0		4:188862039:A:C:R:wC	107	136	+	22.4286	1.59e-08	2.72e-05	GCTCCGCCTCCCAGGTTCACGCCATTCTCC
pattern_0		2:213851410:T:C:R:wC	143	172	+	22.4286	1.59e-08	2.72e-05	GCTCCGCCTCCCAGGTTCACGCCATTCTCC
pattern_0		11:65924217:C:G:A:wC	115	144	-	22.4286	1.59e-08	2.72e-05	GCTCCGCCTCCCAGGTTCACGCCATTCTCC
pattern_0		13:95923213:G:A:R:wC	143	172	-	22.4286	1.59e-08	2.72e-05	GCTCCGCCTCCCAGGTTCACGCCATTCTCC
pattern_2		12:50507179:C:T:A:wC	5	34	+	12.2805	1.61e-08	7.29e-05	CAATTTTTTTTTTTTTTTTTTGAGACGGAG
pattern_0		1:63867281:G:A:R:wC	31	60	-	22.4048	1.61e-08	2.75e-05	CCTCAGCCTCCTGAGTAGCTTGGATTACAG
pattern_0		7:5089389:G:C:R:wC	147	176	+	22.4048	1.61e-08	2.75e-05	CCTCAGTCTCCTGGGCTCACACGATCCTCC
pattern_0		17:1995218:C:T:A:wC	106	135	+	22.3452	1.68e-08	2.86e-05	CCTTGGCCAACCAAAGTGCTGGGATTACAG
pattern_0		18:10879503:G:C:R:wC	72	101	+	22.3214	1.71e-08	2.9e-05	GCTCCGCCTCCCGGGTTCATGCCATTCTGC
pattern_0		17:29074239:T:C:A:wC	121	150	+	22.3214	1.71e-08	2.9e-05	GCTCCGCCTCCCGGGTTCATGCCATTCTGC
pattern_0		17:1335942:G:A:R:wC	136	165	-	22.3214	1.71e-08	2.9e-05	GCTCCGCCTCCTGGGCTCATGCCATTCTCC
pattern_0		15:93293906:T:A:A:wC	113	142	-	22.3095	1.72e-08	2.92e-05	TCTCACCCTCCCAAAGTGCTGGGATTATAG
pattern_0		16:275610:T:C:R:wC	89	118	+	22.2976	1.74e-08	2.94e-05	CCTCAGTCTCCTGAGTAGCTGGGATTACAG
pattern_0		2:38741336:C:G:R:wC	66	95	-	22.2619	1.78e-08	3e-05	TCTCGAACTCCTGACCTCAAGTGATCCACC
pattern_3		2:242375013:G:A:R:wC	5	34	-	20.5357	1.79e-08	0.000895	CTCAAAAAAAAAAAAAAAAAAATTACAAAT
pattern_0		5:137822866:C:A:A:wC	119	148	+	22.2381	1.81e-08	3.05e-05	CCTCTGACTCAGGATTTAAAGTGTTTCCCA
pattern_0		12:120991456:T:G:A:wC	98	127	+	22.2262	1.82e-08	3.07e-05	CCGCGGCCTCCCAAAGTGCTGGGATTACAG
pattern_2		2:219272294:G:T:R:wC	157	186	+	11.8537	1.84e-08	8.29e-05	TTTTTTTTTTTTTTTTTTTTTGAGACGAGG
pattern_0		14:58841995:T:C:R:wC	81	110	+	22.1786	1.88e-08	3.16e-05	GCTCCGCCTCCCGGGTTCATGCCATTTTCC
pattern_0		19:2161443:G:A:A:wC	34	63	+	22.1667	1.9e-08	3.18e-05	TCTCGAACTCCTGACCTCAGGTGATCCGCC
pattern_0		6:13330152:G:A:A:wC	128	157	-	22.1667	1.9e-08	3.18e-05	TCTCGAACTCCTGACCTCAGGTGATCCGCC
pattern_2		7:97613052:C:T:A:wC	108	137	-	11.7439	1.9e-08	8.54e-05	CTAACGTTTGTGTTTTTGGTAGAGGTGAGG
pattern_0		5:68680860:C:T:R:wC	140	169	+	22.1548	1.92e-08	3.19e-05	CCTCAGCCTCCGGAGTAGCTGGGACTACAG
pattern_0		8:71006581:A:G:R:wC	147	176	-	22.1548	1.92e-08	3.19e-05	CCTCAGCCTCCGGAGTAGCTGGGACTACAG
pattern_0		6:7155626:G:A:A:wC	131	160	+	22.1429	1.93e-08	3.21e-05	ACTCAGCCTCCCGAGTGGCTGGGATTATAG
pattern_2		1:200641948:A:G:R:wC	164	193	+	11.6951	1.93e-08	8.63e-05	AATTTTTTATATTTTTTAGTAGAGAAGGGG
pattern_6		7:96039267:G:T:R:wC	71	100	+	21.5357	1.95e-08	0.0103	TTTAAAAACAATTTAAAATTAAATTCCATG
pattern_0		13:99113166:A:G:R:wC	111	140	-	22.1071	1.98e-08	3.29e-05	CCTCAGCCTCCTGAGTAACTGGGATTGCAG
pattern_0		1:1548801:T:C:A:wC	155	184	-	22.0595	2.04e-08	3.36e-05	CCTCTGCCTTCTGAAGTGCTGGGATTGGCT
pattern_0		9:90343780:A:C:R:wC	161	190	-	22.0595	2.04e-08	3.36e-05	GCTCAGCCTCCTAAAGGGCTGGGATTACAG
pattern_2		2:42626124:C:T:A:wC	170	199	+	11.4634	2.08e-08	9.2e-05	TTCTTTTTTTTTTTTTTTTTTGAGACAGGG
pattern_0		5:71540604:T:C:R:wC	58	87	+	22.0357	2.08e-08	3.36e-05	TCTCAAACTCCTGGCCTCAAGTGATCTTCC
pattern_0		2:26400468:C:T:A:wC	93	122	+	22.0238	2.1e-08	3.36e-05	CCTCAGTTTCCCAGAGTGCTGGGATTATAG
pattern_0		17:44304910:G:C:R:wC	27	56	+	22.0119	2.11e-08	3.36e-05	CCTCAGCCTCCTGAGTAGCTGGGACTACAG
pattern_0		20:30566874:G:T:A:wC	39	68	-	22.0119	2.11e-08	3.36e-05	CCTCAGCCTCCTGAGTAGCTGGGACTACAG
pattern_0		19:57060981:G:A:A:wC	40	69	-	22.0119	2.11e-08	3.36e-05	CCTCAGCCTCCTGAGTAGCTGGGACTACAG
pattern_0		1:26834960:G:A:A:wC	45	74	-	22.0119	2.11e-08	3.36e-05	CCTCAGCCTCCTGAGTAGCTGGGACTACAG
pattern_0		16:320148:T:G:R:wC	75	104	-	22.0119	2.11e-08	3.36e-05	CCTCAGCCTCCTGAGTAGCTGGGACTACAG
pattern_0		3:136535024:G:A:R:wC	109	138	+	22.0119	2.11e-08	3.36e-05	CCTCAGCCTCCTGAGTAGCTGGGACTACAG
pattern_0		15:41760617:A:G:R:wC	112	141	+	22.0119	2.11e-08	3.36e-05	CCTCAGCCTCCTGAGTAGCTGGGACTACAG
pattern_0		9:139975755:G:A:R:wC	112	141	+	22.0119	2.11e-08	3.36e-05	CCTCAGCCTCCTGAGTAGCTGGGACTACAG
pattern_0		8:59338856:G:C:R:wC	123	152	+	22.0119	2.11e-08	3.36e-05	CCTCAGCCTCCTGAGTAGCTGGGACTACAG
pattern_0		19:44344928:C:T:R:wC	123	152	+	22.0119	2.11e-08	3.36e-05	CCTCAGCCTCCTGAGTAGCTGGGACTACAG
pattern_0		12:11962839:C:T:A:wC	128	157	+	22.0119	2.11e-08	3.36e-05	CCTCAGCCTCCTGAGTAGCTGGGACTACAG
pattern_0		2:174836754:A:G:R:wC	102	131	-	22.0119	2.11e-08	3.36e-05	CCTCAGCCTCCTGAGTAGCTGGGACTACAG
pattern_0		12:131653587:G:C:R:wC	104	133	-	22.0119	2.11e-08	3.36e-05	CCTCAGCCTCCTGAGTAGCTGGGACTACAG
pattern_0		10:43686833:C:T:R:wC	143	172	+	22.0119	2.11e-08	3.36e-05	GCTCCGCCTCCCGAGTTCACGCCATTCTCC
pattern_0		19:16461254:G:A:R:wC	114	143	-	22.0119	2.11e-08	3.36e-05	CCTCAGCCTCCTGAGTAGCTGGGACTACAG
pattern_0		19:5889071:C:T:R:wC	115	144	-	22.0119	2.11e-08	3.36e-05	CCTCAGCCTCCTGAGTAGCTGGGACTACAG
pattern_0		17:29073546:C:T:A:wC	146	175	+	22.0119	2.11e-08	3.36e-05	CCTCAGCCTCCTGAGTAGCTGGGACTACAG
pattern_0		19:8425778:A:G:A:wC	121	150	-	22.0119	2.11e-08	3.36e-05	CCTCAGCCTCCTGAGTAGCTGGGACTACAG
pattern_0		22:29431626:T:C:R:wC	151	180	+	22.0119	2.11e-08	3.36e-05	CCTCAGCCTCCTGAGTAGCTGGGACTACAG
pattern_0		22:29431626:T:C:A:wC	151	180	+	22.0119	2.11e-08	3.36e-05	CCTCAGCCTCCTGAGTAGCTGGGACTACAG
pattern_0		1:1835016:C:T:A:wC	153	182	+	22.0119	2.11e-08	3.36e-05	CCTCAGCCTCCTGAGTAGCTGGGACTACAG
pattern_0		18:48946262:A:G:A:wC	153	182	+	22.0119	2.11e-08	3.36e-05	CCTCAGCCTCCTGAGTAGCTGGGACTACAG
pattern_0		1:116460355:G:A:A:wC	42	71	-	22	2.13e-08	3.37e-05	CCTCAGCCTCCCAAGTAGCTGGGACTACGG
pattern_0		1:116460355:G:A:R:wC	42	71	-	22	2.13e-08	3.37e-05	CCTCAGCCTCCCAAGTAGCTGGGACTACGG
pattern_0		22:24971781:T:C:A:wC	140	169	+	22	2.13e-08	3.37e-05	CCTCAGCCTCCCGAGTAGCTGGGACCACAG
pattern_2		8:22335170:C:T:A:wC	68	97	+	11.3537	2.15e-08	9.2e-05	TTATTTTATTTTATTTTTTTAGAGATGGGG
pattern_2		20:48533630:G:C:R:wC	2	31	+	11.3171	2.17e-08	9.2e-05	TTTTTTTTTTTTTTTTTTTTTGAGACGGAG
pattern_2		7:4807826:T:C:R:wC	35	64	+	11.3171	2.17e-08	9.2e-05	TTTTTTTTTTTTTTTTTTTTTGAGACGGAG
pattern_2		14:52117174:C:T:A:wC	37	66	+	11.3171	2.17e-08	9.2e-05	TTTTTTTTTTTTTTTTTTTTTGAGACGGAG
pattern_2		14:32922842:G:C:R:wC	58	87	+	11.3171	2.17e-08	9.2e-05	TTTTTTTTTTTTTTTTTTTTTGAGACGGAG
pattern_2		9:33085462:T:G:A:wC	44	73	-	11.3171	2.17e-08	9.2e-05	TTTTTTTTTTTTTTTTTTTTTGAGACGGAG
pattern_2		1:26377185:G:A:R:wC	74	103	+	11.3171	2.17e-08	9.2e-05	TTTTTTTTTTTTTTTTTTTTTGAGACGGAG
pattern_2		4:189431946:G:A:R:wC	158	187	+	11.3171	2.17e-08	9.2e-05	TTTTTTTTTTTTTTTTTTTTTGAGACGGAG
pattern_2		2:111928231:C:G:A:wC	137	166	-	11.3171	2.17e-08	9.2e-05	TTTTTTTTTTTTTTTTTTTTTGAGACGGAG
pattern_2		10:8125134:C:T:A:wC	137	166	-	11.3171	2.17e-08	9.2e-05	TTTTTTTTTTTTTTTTTTTTTGAGACGGAG
pattern_2		7:117372635:C:T:A:wC	160	189	-	11.3171	2.17e-08	9.2e-05	TTTTTTTTTTTTTTTTTTTTTGAGACGGAG
pattern_2		1:40073011:G:C:R:wC	167	196	-	11.3171	2.17e-08	9.2e-05	TTTTTTTTTTTTTTTTTTTTTGAGACGGAG
pattern_3		7:6079662:T:C:A:wC	144	173	-	20.3571	2.19e-08	0.00105	GTTTCAAAAAAAATAAAAAAATAAAACTAA
pattern_0		8:25418510:A:G:A:wC	120	149	+	21.9405	2.22e-08	3.49e-05	TCTTGACTTCCAGAGCTCAAGGGATCCTCC
pattern_0		8:25418510:A:G:R:wC	120	149	+	21.9405	2.22e-08	3.49e-05	TCTTGACTTCCAGAGCTCAAGGGATCCTCC
pattern_0		12:28300347:A:G:A:wC	140	169	+	21.9405	2.22e-08	3.49e-05	CCTCAGCCTCCTGAGTAGCTGGGGTTACAG
pattern_0		1:109783648:T:C:A:wC	147	176	-	21.9405	2.22e-08	3.49e-05	TCTCGAACTCCTGACCTCAGGCGATCCGCC
pattern_2		3:194401202:G:A:R:wC	165	194	-	11.2195	2.24e-08	9.44e-05	AATTTTTGTATTTTTTAAGTAGAGACGAGG
pattern_0		6:7388128:G:A:R:wC	146	175	-	21.9048	2.27e-08	3.57e-05	GCTCTGCCTCCGGGGTTCACGCCATTCTCC
pattern_2		4:148263829:A:G:R:wC	116	145	-	11.1707	2.27e-08	9.54e-05	TTTTCTAGTTTTTTTTAAGTAGAGACGGGG
pattern_0		20:32133484:G:C:A:wC	118	147	+	21.8929	2.29e-08	3.59e-05	TGTTGGCCTCCCAAAATGCTGGGATTACAG
pattern_0		10:123191545:A:G:R:wC	127	156	+	21.8571	2.35e-08	3.67e-05	CCTCAGCCTCCCAAGTAGCTGGGACTATGG
pattern_0		10:123191538:A:G:A:wC	134	163	+	21.8571	2.35e-08	3.67e-05	CCTCAGCCTCCCAAGTAGCTGGGACTATGG
pattern_1		20:30566874:G:T:A:wC	169	198	+	20.4167	2.38e-08	0.025	AAAAAAAAAATTGTTAAAATATGTAATACT
pattern_0		14:104033265:C:G:R:wC	161	190	+	21.8333	2.39e-08	3.72e-05	CCTCAACCTCACTGGCTCAAGTAATCTTCC
pattern_0		11:118836638:A:G:A:wC	68	97	+	21.8095	2.43e-08	3.77e-05	CCTAAGCCTCCCGAGTAGCTGGGATTACAG
pattern_0		6:33233389:C:T:A:wC	76	105	+	21.8095	2.43e-08	3.77e-05	TCTCGAACTCCTGGCCTCAAGCAATCTTCC
pattern_0		15:51068028:A:G:A:wC	82	111	-	21.8095	2.43e-08	3.77e-05	CCTAAGCCTCCCGAGTAGCTGGGATTACAG
pattern_0		10:31157085:G:A:R:wC	95	124	+	21.7857	2.46e-08	3.82e-05	CTTCCGTCTCCCCAGTTCAAGCAATTCTTT
pattern_0		10:79670654:T:C:A:wC	51	80	-	21.75	2.52e-08	3.91e-05	TCTCAGCCTCCCCAGTAGCTGGGATTACAG
pattern_2		8:95853197:G:A:R:wC	41	70	+	10.7927	2.55e-08	0.000107	ATAATTTTTTTTTTTTTTTTTGAGATGGAG
pattern_0		6:15378223:G:C:R:wC	106	135	+	21.6548	2.69e-08	4.16e-05	CCTCAGCCCCCAGAGTAGCTGGGATTACAG
pattern_0		16:11221584:G:T:A:wC	14	43	-	21.619	2.76e-08	4.26e-05	TCTCAAACTCCTGGGCTCAAGCAATCCGCC
pattern_0		6:18161232:A:G:R:wC	69	98	+	21.6071	2.78e-08	4.29e-05	TCTTGGACTCCTGAGCTTAAGTGATCCTTC
pattern_0		1:225942686:G:A:R:wC	58	87	+	21.5952	2.8e-08	4.31e-05	CCTCGTGATCCCAAAGTGCTGGGATTACAG
pattern_5		14:24158734:A:G:A:wC	15	44	-	19.7381	2.81e-08	0.00185	TTAAAGTATAATTTAAAAAAAAAAAACCAC
pattern_0		19:33514078:C:T:R:wC	103	132	-	21.5833	2.83e-08	4.34e-05	TTTCAGCCTCCTAAAGTGATGGGATTATGG
pattern_0		22:24971781:T:C:A:wC	108	137	+	21.5119	2.97e-08	4.55e-05	GCTCCGCCTCACAGGTTCATGCCATTCTCC
pattern_3		19:53674839:G:A:A:wC	28	57	-	20.0476	3.1e-08	0.00115	AAGAAAAAAAAAAAAAAAATATATATATAT
pattern_0		7:65339517:G:C:R:wC	16	45	+	21.4405	3.11e-08	4.76e-05	CCTCTGCCTTCCAAAGTGCTGGGAATCAAG
pattern_0		5:139924715:C:T:A:wC	165	194	-	21.4405	3.11e-08	4.76e-05	TCTCGAACTCCTGATCTCCAGTGATCTGCC
pattern_2		8:59338856:G:C:R:wC	7	36	+	10.0854	3.16e-08	0.000124	TTTTTTTTTTTTTTTTTTTTTGAGACAGAG
pattern_2		12:10597582:A:C:A:wC	35	64	+	10.0854	3.16e-08	0.000124	TTTTTTTTTTTTTTTTTTTTTGAGACAGAG
pattern_2		18:48946262:A:G:A:wC	36	65	+	10.0854	3.16e-08	0.000124	TTTTTTTTTTTTTTTTTTTTTGAGACAGAG
pattern_2		1:222829373:G:A:A:wC	36	65	+	10.0854	3.16e-08	0.000124	TTTTTTTTTTTTTTTTTTTTTGAGACAGAG
pattern_2		19:41343700:C:T:R:wC	10	39	-	10.0854	3.16e-08	0.000124	TTTTTTTTTTTTTTTTTTTTTGAGACAGAG
pattern_2		1:171719769:C:T:R:wC	56	85	+	10.0854	3.16e-08	0.000124	TTTTTTTTTTTTTTTTTTTTTGAGACAGAG
pattern_2		10:38015694:G:A:A:wC	74	103	+	10.0854	3.16e-08	0.000124	TTTTTTTTTTTTTTTTTTTTTGAGACAGAG
pattern_2		17:74481538:A:C:A:wC	47	76	-	10.0854	3.16e-08	0.000124	TTTTTTTTTTTTTTTTTTTTTGAGACAGAG
pattern_2		17:74481538:A:C:R:wC	47	76	-	10.0854	3.16e-08	0.000124	TTTTTTTTTTTTTTTTTTTTTGAGACAGAG
pattern_2		2:16129686:G:A:A:wC	69	98	-	10.0854	3.16e-08	0.000124	TTTTTTTTTTTTTTTTTTTTTGAGACAGAG
pattern_2		9:117413913:A:T:A:wC	104	133	+	10.0854	3.16e-08	0.000124	TTTTTTTTTTTTTTTTTTTTTGAGACAGAG
pattern_2		9:117413913:A:T:R:wC	104	133	+	10.0854	3.16e-08	0.000124	TTTTTTTTTTTTTTTTTTTTTGAGACAGAG
pattern_2		17:28771495:T:C:R:wC	145	174	+	10.0854	3.16e-08	0.000124	TTTTTTTTTTTTTTTTTTTTTGAGACAGAG
pattern_2		7:17167825:C:T:R:wC	146	175	+	10.0854	3.16e-08	0.000124	TTTTTTTTTTTTTTTTTTTTTGAGACAGAG
pattern_2		18:55129900:A:G:R:wC	160	189	+	10.0854	3.16e-08	0.000124	TTTTTTTTTTTTTTTTTTTTTGAGACAGAG
pattern_2		2:68436423:G:A:A:wC	159	188	-	10.0854	3.16e-08	0.000124	TTTTTTTTTTTTTTTTTTTTTGAGACAGAG
pattern_0		22:24157624:A:G:A:wC	72	101	-	21.3929	3.21e-08	4.89e-05	CCTCAGCCTCCCGAGTAGCTGGGACTACAA
pattern_0		12:53440129:G:T:R:wC	115	144	-	21.3929	3.21e-08	4.89e-05	CCTCAGCCTCCCGAGTAGCTGGGACTACAA
pattern_0		7:95966546:G:A:A:wC	152	181	+	21.3929	3.21e-08	4.89e-05	CCTCAGCCTCCCGAGTAGCTGGGACTACAA
pattern_2		8:76755254:T:C:A:wC	56	85	+	10.0244	3.22e-08	0.000126	TTTTTTTTTTTTTTTTTAGTAAAAAGGAGG
pattern_0		10:81894877:A:G:A:wC	112	141	+	21.3571	3.29e-08	5e-05	CCTCAGCCTCCCAAGCAGCTGGGACTACGG
pattern_0		3:63812600:G:A:R:wC	32	61	-	21.3214	3.37e-08	5.08e-05	GCTCCACCTCCCGGGTTCAGGCCATTCTCC
pattern_0		8:6314904:G:A:A:wC	74	103	-	21.3214	3.37e-08	5.08e-05	TCTTGAACTCCTGACCTCAAGTGATCCGCC
pattern_0		1:3814290:T:C:R:wC	119	148	+	21.3214	3.37e-08	5.08e-05	GCTCCGCCCCCCAGGTTCATGCCATTCTCC
pattern_0		5:139924715:C:T:A:wC	133	162	-	21.3214	3.37e-08	5.08e-05	GCTTGGCCTCCCAAAGTGCTGGAGTTACAG
pattern_0		1:247558787:C:T:A:wC	166	195	+	21.3214	3.37e-08	5.08e-05	CCTCGGCTTCCTACAGTGCTGGGATCACAG
pattern_2		10:99103492:A:G:R:wC	5	34	-	9.86585	3.38e-08	0.000132	TTACTTTTTTTTTTTTTTTTTGAGACAGAG
pattern_0		16:89867731:G:A:A:wC	28	57	-	21.2857	3.45e-08	5.19e-05	GCTCCGCCTCCGGGGTTCACGCCATTCTCC
pattern_2		1:2149292:C:T:R:wC	167	196	-	9.76829	3.48e-08	0.000135	TTTTTTTTGTTTTTTTTTTTAAAGACGGAA
pattern_3		12:125311934:C:T:R:wC	117	146	-	19.9405	3.48e-08	0.00115	ATAATAATAATAATAATAATATTAACCCCT
pattern_2		8:72435504:C:G:A:wC	7	36	+	9.60976	3.65e-08	0.000141	TTTCTTTTTTTTTTTTTTTTTGAGACGGAG
pattern_0		16:10603133:A:G:A:wC	85	114	-	21.1905	3.68e-08	5.52e-05	TCTCGAACTCCCAACCTCAGGTGATCCACC
pattern_0		8:128833924:G:A:R:wC	109	138	-	21.1905	3.68e-08	5.52e-05	CCTCAGCCTCCCCAGTAGCTGGGACTACAG
pattern_3		17:76923151:G:A:R:wC	47	76	-	19.881	3.71e-08	0.00115	TTTAAAAAAAAAAAAAAAAAAAACAAAAAA
pattern_2		6:121788131:C:T:A:wC	12	41	+	9.5	3.77e-08	0.000143	TTTTTTTTTTTTTTTTTTTTTGAGATGGAG
pattern_2		11:7983846:G:A:A:wC	34	63	+	9.5	3.77e-08	0.000143	TTTTTTTTTTTTTTTTTTTTTGAGATGGAG
pattern_2		3:32982922:T:C:R:wC	35	64	+	9.5	3.77e-08	0.000143	TTTTTTTTTTTTTTTTTTTTTGAGATGGAG
pattern_2		7:121801416:C:A:A:wC	11	40	-	9.5	3.77e-08	0.000143	TTTTTTTTTTTTTTTTTTTTTGAGATGGAG
pattern_2		10:104637508:T:C:R:wC	99	128	+	9.5	3.77e-08	0.000143	TTTTTTTTTTTTTTTTTTTTTGAGATGGAG
pattern_2		6:51392548:C:A:R:wC	167	196	+	9.5	3.77e-08	0.000143	TTTTTTTTTTTTTTTTTTTTTGAGATGGAG
pattern_2		12:28300347:A:G:A:wC	23	52	+	9.4878	3.78e-08	0.000143	CTTTTTTTTTTTTTTTTTTTTGAGATAGAG
pattern_0		14:105753091:C:T:R:wC	33	62	+	21.1429	3.79e-08	5.65e-05	GCTCCGCCTCCTGGGTTCACGCCATTCTCC
pattern_0		2:54244011:C:T:A:wC	33	62	+	21.1429	3.79e-08	5.65e-05	GCTCCGCCTCCTGGGTTCACGCCATTCTCC
pattern_0		10:101905203:T:C:R:wC	37	66	+	21.1429	3.79e-08	5.65e-05	GCTCCGCCTCCTGGGTTCACGCCATTCTCC
pattern_0		21:30462771:A:G:A:wC	112	141	+	21.1429	3.79e-08	5.65e-05	GCTCCGCCTCCTGGGTTCACGCCATTCTCC
pattern_0		15:90241150:G:A:A:wC	142	171	+	21.1429	3.79e-08	5.65e-05	GCTCCGCCTCCTGGGTTCACGCCATTCTCC
pattern_3		9:131683644:C:T:A:wC	16	45	-	19.8571	3.81e-08	0.00115	AATAAATAAATAATAAATAAAAATACCAAA
pattern_2		19:8425778:A:G:A:wC	72	101	-	9.43902	3.84e-08	0.000144	CCAATTTTTTGTATTCTAGTAGAGGGGGTG
pattern_0		6:107137023:G:A:A:wC	56	85	+	21.1071	3.88e-08	5.76e-05	GCTCCGCCTCCCGGATTCACGCCATTCTCC
pattern_0		5:98265807:G:T:R:wC	156	185	+	21.1071	3.88e-08	5.76e-05	CCACTGCCTTCCAAAGTGCTGGAATTACAG
pattern_0		8:128833924:G:A:R:wC	141	170	-	21.1071	3.88e-08	5.76e-05	GCTCCGCCTCCCGGATTCACGCCATTCTCC
pattern_2		2:197074540:C:T:R:wC	45	74	+	9.36585	3.92e-08	0.000147	CTTTCTTTTTTTTTTTTTTTTGAGACGGAG
pattern_2		3:55584998:C:T:A:wC	137	166	-	9.36585	3.92e-08	0.000147	CTTTCTTTTTTTTTTTTTTTTGAGACGGAG
pattern_0		12:120979394:A:C:A:wC	25	54	+	21.0833	3.95e-08	5.83e-05	GCCCCGCCTCCCGGGTTCACGCCATTCTCC
pattern_0		19:33406091:G:A:A:wC	146	175	-	21.0833	3.95e-08	5.83e-05	TCCCAAACTCCTGGGCTCAAGTGATCTGCC
pattern_2		13:99113166:A:G:R:wC	53	82	-	9.2439	4.07e-08	0.000151	AAACTTTTTTTTTTTTTAATAGAAACATGG
pattern_0		21:40977763:C:T:A:wC	97	126	+	21.0119	4.14e-08	6.1e-05	TCTTGAACTCCTGAGCTCAAGGAATCTTCC
pattern_0		2:197074540:C:T:R:wC	129	158	+	21.0119	4.14e-08	6.1e-05	GCTCCGCCTCCCGGGCTCCCGCCATTCTCC
pattern_0		19:5889071:C:T:R:wC	147	176	-	20.9881	4.2e-08	6.18e-05	GCTCCGCCTCCCAGGTTGACGCCATTCTCC
pattern_0		8:121857097:T:G:A:wC	61	90	+	20.9762	4.24e-08	6.22e-05	CTTTGGCCTCCCAAAGTGCTAGGATTATAG
pattern_2		1:226448407:A:G:R:wC	36	65	+	9.09756	4.25e-08	0.000158	TTTTTTTTTTTTTTTTTTTTTGAGACAGTG
pattern_0		7:73102318:C:T:R:wC	89	118	+	20.9643	4.27e-08	6.25e-05	GCTCCGCCTCCCGGGTTCAAGCCATTCACC
pattern_0		8:136871213:G:T:A:wC	113	142	-	20.9643	4.27e-08	6.25e-05	GCTCCGCCTCCCAGATTCACGCCATTCTCC
pattern_5		6:139019622:A:C:R:wC	79	108	-	19.3929	4.32e-08	0.00267	GATAATAATAAATTATATAAATATATAAAT
pattern_0		1:171719769:C:T:R:wC	153	182	+	20.9405	4.34e-08	6.34e-05	GCCCCACCCCCTGATTTCAAGCAATTCTTC
pattern_0		2:242375013:G:A:R:wC	127	156	+	20.9286	4.37e-08	6.36e-05	CCTCAGCCTCCCGAGTAGCTGGGACTGCAG
pattern_0		7:76251126:G:A:R:wC	106	135	-	20.9286	4.37e-08	6.36e-05	CCTCAGCCTCCCGAGTAGCTGGGACTGCAG
pattern_0		7:76251126:G:A:A:wC	106	135	-	20.9286	4.37e-08	6.36e-05	CCTCAGCCTCCCGAGTAGCTGGGACTGCAG
pattern_0		16:98678:T:G:A:wC	108	137	-	20.9286	4.37e-08	6.36e-05	CCTCAGCCTCCCGAGTAGCTGGGACTGCAG
pattern_0		10:123191545:A:G:R:wC	95	124	+	20.9167	4.41e-08	6.37e-05	GCTCCACCTCCCGGGTTCACGCCATTCTCC
pattern_0		10:123191538:A:G:A:wC	102	131	+	20.9167	4.41e-08	6.37e-05	GCTCCACCTCCCGGGTTCACGCCATTCTCC
pattern_0		17:1672634:C:T:A:wC	76	105	-	20.9167	4.41e-08	6.37e-05	GCTCCACCTCCCGGGTTCACGCCATTCTCC
pattern_0		6:73983412:G:A:R:wC	137	166	-	20.9167	4.41e-08	6.37e-05	GCTCCACCTCCCGGGTTCACGCCATTCTCC
pattern_0		1:40073011:G:C:R:wC	51	80	-	20.8929	4.48e-08	6.46e-05	CTTCAGCCTCCCGAGTAGCTGGGAGTACAG
pattern_0		2:38920333:T:C:A:wC	164	193	-	20.8571	4.58e-08	6.6e-05	TCTCGAACTCCTGATCTCAAGTAATTTGCC
pattern_0		3:149465450:G:A:R:wC	146	175	-	20.8214	4.69e-08	6.75e-05	TCTCGAACTCCTGACCTGAAGTGATCCACC
pattern_0		22:36598187:G:C:R:wC	147	176	+	20.8095	4.73e-08	6.79e-05	CCTAGATCTGCTGGGCTCAAGTGATCTTCC
pattern_3		12:66199734:G:A:A:wC	143	172	+	19.6429	4.8e-08	0.00115	AATAAAATAAATTTAAAAAATAATAATAAA
pattern_0		19:37235887:G:A:R:wC	141	170	-	20.7738	4.84e-08	6.93e-05	GCTCCACCTCCCAGGTTCACGCCATTCTCC
pattern_0		1:9441838:G:A:A:wC	150	179	-	20.7738	4.84e-08	6.93e-05	TCTTGAACTCCCGAGCTCAGGTGATCCACC
pattern_0		17:72688065:C:T:A:wC	153	182	+	20.7619	4.88e-08	6.97e-05	CCTCGGCCTCCCAAGTAGCTAGGACTACAG
pattern_0		17:72688065:C:T:R:wC	153	182	+	20.7619	4.88e-08	6.97e-05	CCTCGGCCTCCCAAGTAGCTAGGACTACAG
pattern_0		7:128053243:C:T:A:wC	107	136	+	20.7262	4.99e-08	7.11e-05	CCTCAGCCTCCCAAAGTGCTAGGATTAAAG
pattern_0		15:84552515:G:T:R:wC	151	180	+	20.7262	4.99e-08	7.11e-05	CCTTGAACTCCCAAAGTGCTAGGATTACAG
pattern_2		4:176991793:C:T:A:wC	142	171	+	8.52439	5.03e-08	0.000186	TTTTTTTTTTTACTTTTCGTAGAGAAGACA
pattern_0		11:32992203:C:T:A:wC	96	125	+	20.7143	5.03e-08	7.16e-05	CTTCTGCCTCCCAAAGTGCTGGGATTAATA
pattern_3		2:146273266:T:A:A:wC	127	156	-	19.5952	5.05e-08	0.00115	CTAAAAAAAAAAAAAAAAAAAAAAAAAAAA
pattern_0		12:50507179:C:T:A:wC	121	150	+	20.7024	5.07e-08	7.19e-05	CCTCAGCCTCCAGAGTAGCTGGGACTACAG
pattern_0		6:7388128:G:A:R:wC	114	143	-	20.7024	5.07e-08	7.19e-05	CCTCAGCCTCCAGAGTAGCTGGGACTACAG
pattern_5		22:31991001:G:A:A:wC	70	99	-	19.25	5.14e-08	0.003	AAAAATAAATAAATAAATAAATAAATAAAT
pattern_0		9:33126437:T:A:R:wC	157	186	+	20.6786	5.15e-08	7.29e-05	CCTTGAGCTCCTGGACTCCAGCAATCTTCT
pattern_2		2:242375013:G:A:R:wC	11	40	+	8.43902	5.16e-08	0.000189	AATTTTTTTTTTTTTTTTTTTGAGACGGAG
pattern_2		10:81950326:C:T:R:wC	13	42	+	8.43902	5.16e-08	0.000189	AATTTTTTTTTTTTTTTTTTTGAGACGGAG
pattern_2		15:90241150:G:A:A:wC	58	87	+	8.43902	5.16e-08	0.000189	AATTTTTTTTTTTTTTTTTTTGAGACGGAG
pattern_2		11:117083373:T:C:A:wC	155	184	+	8.37805	5.25e-08	0.000191	TTTCTTTTTTTTTTTTTTTTTGAGACAGAG
pattern_2		1:155857540:G:A:A:wC	33	62	+	8.36585	5.27e-08	0.000191	ATTTTTTTTTTTTTTTTTTTTGAGATGGAG
pattern_6		14:24158734:A:G:A:wC	15	44	-	20.5	5.31e-08	0.0186	TTAAAGTATAATTTAAAAAAAAAAAACCAC
pattern_0		16:3538625:T:C:R:wC	97	126	+	20.619	5.36e-08	7.57e-05	GCTTGGCCTCCCGGGTTCACGCCATTCTCC
pattern_2		2:103147561:G:A:A:wC	58	87	+	8.29268	5.38e-08	0.000195	TTCTTTTTTTTTTTTTTTTTTGAGACGGAG
pattern_0		17:39975164:C:T:R:wC	51	80	-	20.5833	5.48e-08	7.74e-05	GCTCCGCCTCCCGGGTTCACGTCATTTTCC
pattern_0		19:4050832:C:T:A:wC	105	134	-	20.5595	5.57e-08	7.84e-05	CCTTAGCCTCCCAAAGCGCTGGGGTTACAG
pattern_0		19:4050832:C:T:R:wC	105	134	-	20.5595	5.57e-08	7.84e-05	CCTTAGCCTCCCAAAGCGCTGGGGTTACAG
pattern_0		5:68806965:G:A:R:wC	150	179	+	20.5476	5.61e-08	7.88e-05	CCTCAGCCTCCTGAATAGCTGGGACTACAG
pattern_0		14:23747938:A:G:A:wC	160	189	+	20.5476	5.61e-08	7.88e-05	CCTCAGCCTCCTGAATAGCTGGGACTACAG
pattern_0		19:57060981:G:A:A:wC	72	101	-	20.5357	5.65e-08	7.92e-05	GTTCCGCCTCCCGGGTTCATGCCATTCTCC
pattern_3		9:6177291:G:T:A:wC	2	31	-	19.4762	5.72e-08	0.00115	TAATAATAAAAAATAAAAAATTAAAAAATT
pattern_3		21:40977763:C:T:A:wC	38	67	-	19.4405	5.94e-08	0.00115	ATCTATGAAAAAATAAAAATAATAAAATTA
pattern_2		1:111732711:G:A:R:wC	166	195	-	7.91463	6.01e-08	0.000217	GTTTTTTTTTTTTTTTTTTTTGAGACAGAG
pattern_0		13:100696718:A:C:A:wC	41	70	+	20.4405	6.02e-08	8.42e-05	GCTCCGCCTCCCGGGTTCATGCCGTTCTCC
pattern_0		17:1335942:G:A:R:wC	104	133	-	20.369	6.3e-08	8.8e-05	CCTCAGCCCCCCAAGTAGCTGGGACTACAG
pattern_0		1:110187031:C:T:A:wC	74	103	+	20.3571	6.35e-08	8.82e-05	GCTCCGCCTCCCGGGTTCACGCCATTTTCC
pattern_0		3:196202508:G:A:A:wC	95	124	+	20.3571	6.35e-08	8.82e-05	GCTCCACCTCCCGAGTTCACGCCATTCTCC
pattern_0		7:19546663:A:G:R:wC	82	111	-	20.3571	6.35e-08	8.82e-05	CCTCAACCTCCTGAGTAGCTGGGACTACAG
pattern_0		1:3814290:T:C:R:wC	151	180	+	20.3571	6.35e-08	8.82e-05	CCTCAGCCTCCCAAGTAGCTGGAACTACAG
pattern_5		13:99113166:A:G:R:wC	52	81	+	19.0714	6.36e-08	0.00343	ACCATGTTTCTATTAAAAAAAAAAAAAGTT
pattern_0		2:204469679:C:G:A:wC	83	112	-	20.3214	6.5e-08	9.02e-05	GCTCCGCCTCCCCGGTTCACGCCATTCTCC
pattern_5		12:54124477:C:T:R:wC	19	48	-	19.0476	6.54e-08	0.00343	AAAAAATAAAAAATAAAAATAAAAAAATAA
pattern_2		17:39975164:C:T:R:wC	135	164	-	7.62195	6.54e-08	0.000235	TCTTTTTTTTTTTTTTTTTTTGAGACAGAG
pattern_0		12:54124477:C:T:R:wC	121	150	+	20.2976	6.6e-08	9.14e-05	GCTCCGCCTCCCAGGTTCATGCCGTTCTCC
pattern_3		3:156797365:A:G:A:wC	46	75	+	19.3214	6.73e-08	0.00115	GAACAAATAAAAATAAAAATTATTTTTTTT
pattern_0		15:75750969:G:A:A:wC	104	133	-	20.2619	6.75e-08	9.34e-05	GATTGGCCTCCCAAAGTCTTGGGATTACAG
pattern_0		1:46780007:C:A:R:wC	38	67	-	20.2262	6.91e-08	9.55e-05	GCTCCGCCTCCCGGGTTCATGCCAATCTCC
pattern_0		18:51752453:C:T:R:wC	20	49	-	20.2143	6.96e-08	9.59e-05	CCTCAGCCTCCGGAGCAGCTGGGACTACGG
pattern_0		7:6748260:T:C:A:wC	131	160	+	20.2143	6.96e-08	9.59e-05	CCTCAACCTCCTGAGTAGCTGGGACTATAG
pattern_2		4:149672240:C:T:R:wC	80	109	+	7.40244	6.97e-08	0.00025	GATTTTTTTTTTTTTTTTTTCGAGACGGAG
pattern_3		12:66199734:G:A:A:wC	132	161	+	19.2857	6.98e-08	0.00115	AAATAAAATAAAATAAAATAAATTTAAAAA
pattern_3		1:46883303:A:G:R:wC	146	175	-	19.2857	6.98e-08	0.00115	AATAAAAAAAAAAAAAAAAAAAAGAACAAA
pattern_3		1:46883303:A:G:A:wC	146	175	-	19.2857	6.98e-08	0.00115	AATAAAAAAAAAAAAAAAAAAAAGAACAAA
pattern_2		2:145876745:A:G:R:wC	81	110	-	7.36585	7.04e-08	0.000252	ATGTTTTTTTTTTTTTTAGCAGATGCAAGT
pattern_0		12:72100600:G:A:A:wC	35	64	-	20.1905	7.07e-08	9.71e-05	CCCCGGACTTCCAAAGTGCTAGGATTACAG
pattern_0		1:205001063:T:C:A:wC	113	142	+	20.1905	7.07e-08	9.71e-05	CCTCAGCGTCCCGAGTAGCTGGGACTACAG
pattern_2		18:53373610:G:A:A:wC	18	47	+	7.32927	7.12e-08	0.000253	GTTTTTTTTTTTTTTTTTTTTGAGATGGAG
pattern_0		10:31157085:G:A:A:wC	95	124	+	20.131	7.35e-08	0.000101	CTTCCATCTCCCCAGTTCAAGCAATTCTTT
pattern_0		22:32795285:G:C:A:wC	162	191	+	20.131	7.35e-08	0.000101	TCTCGAACTCCTGGCCTCAAGCGAACCTTC
pattern_0		3:37831176:C:T:R:wC	59	88	-	20.119	7.4e-08	0.000101	TCTCAGCCTCCCGAGTAGCTGGGACTACAG
pattern_0		11:47241411:T:C:A:wC	141	170	+	20.119	7.4e-08	0.000101	CCTCAGCCTCCGAAGTAGCTGGGACTACTG
pattern_3		2:146273266:T:A:A:wC	128	157	-	19.2262	7.42e-08	0.00115	TCTAAAAAAAAAAAAAAAAAAAAAAAAAAA
pattern_2		1:46780007:C:A:R:wC	121	150	-	7.14634	7.5e-08	0.000266	TCTCTTTTTTTTTTTTTTTTTGAGACGGAG
pattern_0		6:42989920:T:G:A:wC	130	159	+	20.0595	7.69e-08	0.000105	CCTCAGCCTCCAGAGCAGCTGGGACTACAG
pattern_3		19:53674839:G:A:A:wC	22	51	-	19.1905	7.7e-08	0.00115	AAAAAAAAAAAAATATATATATATATATAT
pattern_0		22:30251180:A:G:R:wC	154	183	+	20.0476	7.75e-08	0.000106	CCTCAGCCTCCTGAGTAGCCGGGACTATAG
pattern_3		10:38015694:G:A:A:wC	45	74	-	19.1548	7.99e-08	0.00115	AAAAAAAAAAAAAAAAAAAAAAAAATCAAT
pattern_0		19:4050832:C:T:A:wC	137	166	-	19.9524	8.24e-08	0.000111	TCTCGAACTCCTGACCTCAGGTGATCTGCC
pattern_0		19:4050832:C:T:R:wC	137	166	-	19.9524	8.24e-08	0.000111	TCTCGAACTCCTGACCTCAGGTGATCTGCC
pattern_0		2:142902921:T:G:A:wC	145	174	-	19.9524	8.24e-08	0.000111	TCTCGAACTCCTGACCTCAGGTGATCTGCC
pattern_0		1:55519783:G:A:R:wC	146	175	-	19.9524	8.24e-08	0.000111	TCTCGAACTCCTGACCTCAGGTGATCTGCC
pattern_0		17:14407103:C:T:R:wC	155	184	-	19.9524	8.24e-08	0.000111	TCTCGAACTCCTGACCTCAGGTGATCTGCC
pattern_3		19:11775886:T:C:R:wC	8	37	-	19.119	8.28e-08	0.00115	TCAAAATACAAAATAAAAAAAAAGATAGTA
pattern_0		19:58511682:T:C:A:wC	89	118	+	19.9286	8.36e-08	0.000113	GCTCCGCCTCCCGGCTTCACGCCATTCTCC
pattern_5		12:66199734:G:A:A:wC	127	156	+	18.8333	8.39e-08	0.0042	AAATAAAATAAAATAAAATAAAATAAATTT
pattern_0		1:205001063:T:C:A:wC	81	110	+	19.9048	8.49e-08	0.000114	GCTCCGCCTCCCGGGTTCACGCCATTCTTC
pattern_0		19:20726660:G:A:R:wC	146	175	-	19.9048	8.49e-08	0.000114	TCTCGAACTCCTGACCTCAGGTGATCCACC
pattern_0		19:20726660:G:A:A:wC	146	175	-	19.9048	8.49e-08	0.000114	TCTCGAACTCCTGACCTCAGGTGATCCACC
pattern_0		14:73746590:T:C:A:wC	147	176	-	19.9048	8.49e-08	0.000114	TCTCGAACTCCTGACCTCAGGTGATCCACC
pattern_0		1:226448407:A:G:R:wC	120	149	+	19.8571	8.75e-08	0.000117	GCTCCGCCTCCCAGGTTCACGCCAGTCTCC
pattern_0		19:8425778:A:G:A:wC	153	182	-	19.8571	8.75e-08	0.000117	GCTCCACCTCCCAGGTTCCCGCCATTCTCC
pattern_2		19:19709129:G:A:R:wC	74	103	+	6.58537	8.8e-08	0.000311	TTCCTTTTTTTTTTTTTTTTTGAGACGGAG
pattern_0		1:222829373:G:A:A:wC	152	181	+	19.8452	8.82e-08	0.000118	CCTCAGTCTCCCGAGTAGCTGGGACTACAG
pattern_6		6:42989920:T:G:A:wC	12	41	-	19.9405	8.86e-08	0.0233	AAAAAAAAAAAATTAAAAAAACAAAGTCTA
pattern_0		4:28747335:T:G:R:wC	85	114	-	19.8333	8.88e-08	0.000119	TCTCCAACTCCTGAACTCAGGTGATCCACC
pattern_3		17:17678573:G:A:A:wC	35	64	-	19.0476	8.91e-08	0.00115	TCAAAAAAAAAAAAAAAAAAAATTACACAT
pattern_3		1:226448407:A:G:R:wC	23	52	-	19.0357	9.02e-08	0.00115	AAAAAAAAAAAAAAAAAAAAAAAAAAAAAA
pattern_3		1:226448407:A:G:R:wC	24	53	-	19.0357	9.02e-08	0.00115	AAAAAAAAAAAAAAAAAAAAAAAAAAAAAA
pattern_3		1:226448407:A:G:R:wC	25	54	-	19.0357	9.02e-08	0.00115	AAAAAAAAAAAAAAAAAAAAAAAAAAAAAA
pattern_3		1:226448407:A:G:R:wC	26	55	-	19.0357	9.02e-08	0.00115	AAAAAAAAAAAAAAAAAAAAAAAAAAAAAA
pattern_3		1:226448407:A:G:R:wC	27	56	-	19.0357	9.02e-08	0.00115	AAAAAAAAAAAAAAAAAAAAAAAAAAAAAA
pattern_3		14:32922842:G:C:R:wC	40	69	-	19.0357	9.02e-08	0.00115	AAAAAAAAAAAAAAAAAAAAAAAAAAAAAA
pattern_3		14:32922842:G:C:R:wC	41	70	-	19.0357	9.02e-08	0.00115	AAAAAAAAAAAAAAAAAAAAAAAAAAAAAA
pattern_3		14:32922842:G:C:R:wC	42	71	-	19.0357	9.02e-08	0.00115	AAAAAAAAAAAAAAAAAAAAAAAAAAAAAA
pattern_3		14:32922842:G:C:R:wC	43	72	-	19.0357	9.02e-08	0.00115	AAAAAAAAAAAAAAAAAAAAAAAAAAAAAA
pattern_3		14:32922842:G:C:R:wC	44	73	-	19.0357	9.02e-08	0.00115	AAAAAAAAAAAAAAAAAAAAAAAAAAAAAA
pattern_3		14:32922842:G:C:R:wC	45	74	-	19.0357	9.02e-08	0.00115	AAAAAAAAAAAAAAAAAAAAAAAAAAAAAA
pattern_3		14:32922842:G:C:R:wC	46	75	-	19.0357	9.02e-08	0.00115	AAAAAAAAAAAAAAAAAAAAAAAAAAAAAA
pattern_3		14:32922842:G:C:R:wC	47	76	-	19.0357	9.02e-08	0.00115	AAAAAAAAAAAAAAAAAAAAAAAAAAAAAA
pattern_3		14:32922842:G:C:R:wC	48	77	-	19.0357	9.02e-08	0.00115	AAAAAAAAAAAAAAAAAAAAAAAAAAAAAA
pattern_3		14:32922842:G:C:R:wC	49	78	-	19.0357	9.02e-08	0.00115	AAAAAAAAAAAAAAAAAAAAAAAAAAAAAA
pattern_3		10:38015694:G:A:A:wC	50	79	-	19.0357	9.02e-08	0.00115	AAAAAAAAAAAAAAAAAAAAAAAAAAAAAA
pattern_3		10:38015694:G:A:A:wC	51	80	-	19.0357	9.02e-08	0.00115	AAAAAAAAAAAAAAAAAAAAAAAAAAAAAA
pattern_3		10:38015694:G:A:A:wC	52	81	-	19.0357	9.02e-08	0.00115	AAAAAAAAAAAAAAAAAAAAAAAAAAAAAA
pattern_3		10:38015694:G:A:A:wC	53	82	-	19.0357	9.02e-08	0.00115	AAAAAAAAAAAAAAAAAAAAAAAAAAAAAA
pattern_3		10:38015694:G:A:A:wC	54	83	-	19.0357	9.02e-08	0.00115	AAAAAAAAAAAAAAAAAAAAAAAAAAAAAA
pattern_3		10:38015694:G:A:A:wC	55	84	-	19.0357	9.02e-08	0.00115	AAAAAAAAAAAAAAAAAAAAAAAAAAAAAA
pattern_3		10:38015694:G:A:A:wC	56	85	-	19.0357	9.02e-08	0.00115	AAAAAAAAAAAAAAAAAAAAAAAAAAAAAA
pattern_3		10:38015694:G:A:A:wC	57	86	-	19.0357	9.02e-08	0.00115	AAAAAAAAAAAAAAAAAAAAAAAAAAAAAA
pattern_3		10:38015694:G:A:A:wC	58	87	-	19.0357	9.02e-08	0.00115	AAAAAAAAAAAAAAAAAAAAAAAAAAAAAA
pattern_3		10:38015694:G:A:A:wC	59	88	-	19.0357	9.02e-08	0.00115	AAAAAAAAAAAAAAAAAAAAAAAAAAAAAA
pattern_3		10:38015694:G:A:A:wC	60	89	-	19.0357	9.02e-08	0.00115	AAAAAAAAAAAAAAAAAAAAAAAAAAAAAA
pattern_3		10:38015694:G:A:A:wC	61	90	-	19.0357	9.02e-08	0.00115	AAAAAAAAAAAAAAAAAAAAAAAAAAAAAA
pattern_3		10:38015694:G:A:A:wC	62	91	-	19.0357	9.02e-08	0.00115	AAAAAAAAAAAAAAAAAAAAAAAAAAAAAA
pattern_3		10:38015694:G:A:A:wC	63	92	-	19.0357	9.02e-08	0.00115	AAAAAAAAAAAAAAAAAAAAAAAAAAAAAA
pattern_3		10:38015694:G:A:A:wC	64	93	-	19.0357	9.02e-08	0.00115	AAAAAAAAAAAAAAAAAAAAAAAAAAAAAA
pattern_3		10:38015694:G:A:A:wC	65	94	-	19.0357	9.02e-08	0.00115	AAAAAAAAAAAAAAAAAAAAAAAAAAAAAA
pattern_3		2:68436423:G:A:A:wC	168	197	+	19.0357	9.02e-08	0.00115	AAAAAAAAAAAAAAAAAAAAAAAAAAAAAA
pattern_3		2:68436423:G:A:A:wC	169	198	+	19.0357	9.02e-08	0.00115	AAAAAAAAAAAAAAAAAAAAAAAAAAAAAA
pattern_3		2:68436423:G:A:A:wC	170	199	+	19.0357	9.02e-08	0.00115	AAAAAAAAAAAAAAAAAAAAAAAAAAAAAA
pattern_3		2:68436423:G:A:A:wC	171	200	+	19.0357	9.02e-08	0.00115	AAAAAAAAAAAAAAAAAAAAAAAAAAAAAA
pattern_3		7:4807826:T:C:R:wC	27	56	-	19	9.35e-08	0.00115	CAAAAAAAAAAAAAAAAAAAAAAAAAAAAA
pattern_3		1:226448407:A:G:R:wC	28	57	-	19	9.35e-08	0.00115	CAAAAAAAAAAAAAAAAAAAAAAAAAAAAA
pattern_3		14:32922842:G:C:R:wC	50	79	-	19	9.35e-08	0.00115	CAAAAAAAAAAAAAAAAAAAAAAAAAAAAA
pattern_3		10:38015694:G:A:A:wC	66	95	-	19	9.35e-08	0.00115	CAAAAAAAAAAAAAAAAAAAAAAAAAAAAA
pattern_3		2:68436423:G:A:A:wC	167	196	+	19	9.35e-08	0.00115	CAAAAAAAAAAAAAAAAAAAAAAAAAAAAA
pattern_0		16:77337844:G:C:R:wC	58	87	-	19.75	9.37e-08	0.000125	CCTCAGCCTCCCGAGTAGGTGGGACTACAG
pattern_0		16:77337795:T:C:R:wC	107	136	-	19.75	9.37e-08	0.000125	CCTCAGCCTCCCGAGTAGGTGGGACTACAG
pattern_2		2:54217148:G:C:R:wC	66	95	+	6.32927	9.46e-08	0.000334	TTTTCTTTTTTTTTTTTTTTTGAGATGGAG
pattern_0		6:88133114:C:T:R:wC	66	95	+	19.7024	9.65e-08	0.000128	CCTCAGCCTCTCGAGTAGCTGGGACTACAG
pattern_0		1:26834392:A:G:R:wC	163	192	-	19.7024	9.65e-08	0.000128	CCTCAGCCTCTCGAGTAGCTGGGACTACAG
pattern_3		7:4807826:T:C:R:wC	28	57	-	18.9643	9.7e-08	0.00115	TCAAAAAAAAAAAAAAAAAAAAAAAAAAAA
pattern_3		1:226448407:A:G:R:wC	29	58	-	18.9643	9.7e-08	0.00115	TCAAAAAAAAAAAAAAAAAAAAAAAAAAAA
pattern_3		14:32922842:G:C:R:wC	51	80	-	18.9643	9.7e-08	0.00115	TCAAAAAAAAAAAAAAAAAAAAAAAAAAAA
pattern_3		10:38015694:G:A:A:wC	67	96	-	18.9643	9.7e-08	0.00115	TCAAAAAAAAAAAAAAAAAAAAAAAAAAAA
pattern_3		2:68436423:G:A:A:wC	166	195	+	18.9643	9.7e-08	0.00115	TCAAAAAAAAAAAAAAAAAAAAAAAAAAAA
pattern_0		7:18011822:T:C:R:wC	91	120	-	19.6786	9.8e-08	0.00013	TCTTGACCTCCCAAAGTGCTACGATTACAG
pattern_3		14:32922842:G:C:R:wC	35	64	-	18.9524	9.81e-08	0.00115	AAAAAAAAAAAAAAAAAAAAAAAAAGAAAA
pattern_2		21:40977763:C:T:A:wC	44	73	+	6.17073	9.9e-08	0.000347	TATTATTTTTATTTTTTCATAGATACGAGG
pattern_2		17:15758268:G:A:A:wC	74	103	+	6.15854	9.93e-08	0.000347	TTTTTTTTTTTTTTTCTTTTTGAGACAGAG
pattern_2		6:160197943:C:T:R:wC	140	169	+	6.15854	9.93e-08	0.000347	CTGATTTTTCTATTTTAAGTAGAGATGGCT
pattern_2		3:156797365:A:G:A:wC	58	87	+	6.14634	9.97e-08	0.000347	ATAAAAATTATTTTTTTTGTAGGTATGGCA
pattern_0		12:93912196:G:T:R:wC	100	129	+	19.6429	1e-07	0.000133	GCTCCGCCCCCCGGGTTCACGCCATTCTCC
pattern_0		12:120893575:G:A:R:wC	127	156	+	19.6429	1e-07	0.000133	CCTCAGCCTCCCAAGTAGCTGGGTCTACAG
pattern_3		19:49508265:A:G:R:wC	51	80	+	18.9286	1.01e-07	0.00115	AAAAATAAAAAATTAAAAAAAAAAAAACAG
pattern_3		10:38015694:G:A:A:wC	49	78	-	18.9286	1.01e-07	0.00115	AAAAAAAAAAAAAAAAAAAAAAAAAAAAAT
pattern_2		2:213851410:T:C:R:wC	59	88	+	6.08537	1.01e-07	0.000351	CTTTTTTTTTTTTTTCTTTTTGAGATGGCG
pattern_5		16:66536257:T:C:A:wC	17	46	+	18.6667	1.02e-07	0.00485	AAAATAAATAAATGGAAAAAAAAAAGAACA
pattern_3		2:219272294:G:T:R:wC	149	178	-	18.9167	1.02e-07	0.00115	CAAAAAAAAAAAAAAAAAAAAAAAAGAAAA
pattern_0		19:4756166:T:C:A:wC	62	91	-	19.6071	1.03e-07	0.000136	CCTCAGCCTCCCAAGTAGGTGGGACTACAG
pattern_3		19:4756166:T:C:A:wC	16	45	+	18.9048	1.03e-07	0.00115	AAAAAAAAAAAAATACAAAAAATTAGCCAG
pattern_0		12:66199734:G:A:A:wC	27	56	-	19.5714	1.05e-07	0.000138	GCTCCGCCTCCCGGGTCCACGCCATTCTCC
pattern_3		3:32982922:T:C:R:wC	29	58	-	18.881	1.05e-07	0.00115	CTCAAAAAAAAAAAAAAAAAAAAAAAAAAA
pattern_3		7:4807826:T:C:R:wC	29	58	-	18.881	1.05e-07	0.00115	CTCAAAAAAAAAAAAAAAAAAAAAAAAAAA
pattern_3		1:226448407:A:G:R:wC	30	59	-	18.881	1.05e-07	0.00115	CTCAAAAAAAAAAAAAAAAAAAAAAAAAAA
pattern_3		14:32922842:G:C:R:wC	52	81	-	18.881	1.05e-07	0.00115	CTCAAAAAAAAAAAAAAAAAAAAAAAAAAA
pattern_3		10:38015694:G:A:A:wC	68	97	-	18.881	1.05e-07	0.00115	CTCAAAAAAAAAAAAAAAAAAAAAAAAAAA
pattern_3		2:111928231:C:G:A:wC	143	172	+	18.881	1.05e-07	0.00115	CTCAAAAAAAAAAAAAAAAAAAAAAAAAAA
pattern_3		2:68436423:G:A:A:wC	165	194	+	18.881	1.05e-07	0.00115	CTCAAAAAAAAAAAAAAAAAAAAAAAAAAA
pattern_2		2:240992440:G:A:R:wC	43	72	+	5.93902	1.06e-07	0.000365	ATTTTTGTGTCTGTTTTAGTAGAGACGGGA
pattern_0		12:10597582:A:C:A:wC	150	179	+	19.5595	1.06e-07	0.000139	CCTCAGCCTCTCGAGTAGCTGGGACTATAG
pattern_0		5:21497595:C:G:R:wC	153	182	+	19.5595	1.06e-07	0.000139	CCTTAACCTCCTGGGCCCGAGCGATCTTCC
pattern_0		8:95853197:G:A:R:wC	157	186	+	19.5476	1.06e-07	0.00014	CCTCAGCCTCTCCAGTAGCTGGGATTACAT
pattern_1		19:4050832:C:T:R:wC	47	76	+	19	1.07e-07	0.0363	CTGTCAGAAAATGTAAAAATATGTAAGTGG
pattern_1		19:4050832:C:T:A:wC	47	76	+	19	1.07e-07	0.0363	CTGTCAGAAAATGTAAAAATATGTAAGTGG
pattern_3		2:32642798:T:C:R:wC	134	163	-	18.869	1.07e-07	0.00115	CAAAAAATAAAAATAAAAAAATAATTTCAC
pattern_3		3:32982922:T:C:R:wC	28	57	-	18.8571	1.08e-07	0.00116	TCAAAAAAAAAAAAAAAAAAAAAAAAAAAT
pattern_0		17:52974643:G:C:R:wC	149	178	-	19.5	1.1e-07	0.000144	TCTCGAACTCCTGACCTCACGTGATCCACC
pattern_0		14:73712711:G:C:A:wC	5	34	-	19.4881	1.11e-07	0.000145	CCCCGGACCCCCGAACTCCTGTGCGTGCCC
pattern_0		16:320148:T:G:R:wC	107	136	-	19.4762	1.11e-07	0.000145	GCTCCACCTCCCGGGTTCACGCCATCCTCC
pattern_0		17:79636653:A:G:R:wC	150	179	+	19.4762	1.11e-07	0.000145	CCTCAGCCTCCCGAGTAGTTGGGACTACAG
pattern_0		17:79636653:A:G:A:wC	150	179	+	19.4762	1.11e-07	0.000145	CCTCAGCCTCCCGAGTAGTTGGGACTACAG
pattern_0		3:52335756:C:T:A:wC	139	168	-	19.4286	1.15e-07	0.00015	GCTTTGCCTCCCGAGTTCACGCCATTCTCC
pattern_0		18:51793690:G:C:R:wC	75	104	-	19.4167	1.16e-07	0.000151	TTTCCAACTCCTGACCTCAAGTGATCCGCC
pattern_5		1:185401229:T:C:A:wC	47	76	-	18.5476	1.16e-07	0.0053	AACAATAAAAAATTTAAAAAAAGAAATAAA
pattern_3		14:32031245:C:T:A:wC	96	125	-	18.7738	1.17e-07	0.00123	TAAAAAATAATAATAATAAAAAGCCATTTT
pattern_3		5:34500013:T:A:R:wC	100	129	-	18.7738	1.17e-07	0.00123	GAAAAATAAAAAATAAATAAATAAATAAAA
pattern_3		12:66199734:G:A:A:wC	127	156	+	18.7619	1.19e-07	0.00123	AAATAAAATAAAATAAAATAAAATAAATTT
pattern_0		1:200641948:A:G:R:wC	112	141	+	19.369	1.19e-07	0.000155	CCTCAGCCTCCTGCGTAGCTGGGAGTACAG
pattern_0		1:1835016:C:T:A:wC	121	150	+	19.369	1.19e-07	0.000155	GCTTCGCCTCCCGGGTTCACGCCATTCTCC
pattern_0		8:59338856:G:C:R:wC	91	120	+	19.3452	1.21e-07	0.000156	GCTCCGCCTGCTGGGTTCATGCCATTCTCC
pattern_0		17:74295613:T:C:R:wC	77	106	-	19.3452	1.21e-07	0.000156	GCTCGAACTTCTGACCTCAGGTGATCCGCC
pattern_0		9:131683644:C:T:A:wC	147	176	+	19.3452	1.21e-07	0.000156	CCTCAGCCTCGCGAGCAGCTGGGACTACAG
pattern_0		17:9329626:C:T:A:wC	90	119	-	19.3214	1.23e-07	0.000159	TCTCAAACTCCTGACCTCAAGTGATCCACC
pattern_2		10:27445726:G:A:R:wC	131	160	+	5.39024	1.23e-07	0.000424	AATTTTTTTTTTTTTTTTTTTGAGATAGAG
pattern_2		19:5890655:T:C:R:wC	29	58	+	5.31707	1.26e-07	0.000432	ATTTTCTTTTTTTTTTTTTTTGAGACGGAG
pattern_0		12:93912196:G:T:R:wC	132	161	+	19.2738	1.26e-07	0.000163	CCTCAGCCTCATGAGTAGCTGGGACTACAG
pattern_0		15:52369932:C:T:R:wC	171	200	+	19.2738	1.26e-07	0.000163	CCTCAGACTCCTGAGTAGCTGGGACTATAG
pattern_0		17:41514004:A:G:A:wC	102	131	-	19.2619	1.27e-07	0.000164	CCTCAGCCTCCAGAGTAGCTGGGACCACAG
pattern_2		7:130445128:C:A:R:wC	56	85	+	5.26829	1.27e-07	0.000436	TTTGTTTTTATTTATTTATTTGAGACAGAG
pattern_0		14:105753091:C:T:R:wC	65	94	+	19.25	1.28e-07	0.000165	CCTCAGCCTTCCAAGTAGCTGGGACTATAG
pattern_0		10:8125134:C:T:A:wC	21	50	-	19.2381	1.29e-07	0.000166	CGTCAGCCTCCCAAGTAGCTGGGACTTCAG
pattern_2		1:35685383:C:T:R:wC	145	174	-	5.19512	1.3e-07	0.000443	ATTTTTTGTACTTTTTTGGTAGAGACGGGG
pattern_0		12:64439316:A:G:R:wC	113	142	+	19.2143	1.31e-07	0.000168	CCTCAGCCTCTTGAGTAGCTGGAATTACAG
pattern_3		17:64660752:T:C:A:wC	109	138	-	18.6548	1.32e-07	0.00136	AAAAAAAAAAAAAAAAAAAAAAAAACCAAA
pattern_2		3:196202508:G:A:A:wC	11	40	+	5.09756	1.34e-07	0.000454	TTTTCTTTTTTTTTTTTTTTTGAGATAGAG
pattern_0		9:135876044:G:T:A:wC	14	43	+	19.1786	1.34e-07	0.000172	TCTCAAACTCCTAACCTCAAGTGATCCACC
pattern_3		9:6177291:G:T:A:wC	9	38	-	18.631	1.35e-07	0.00138	TAAAGTATAATAATAAAAAATAAAAAATTA
pattern_5		17:76923151:G:A:R:wC	58	87	-	18.4048	1.36e-07	0.00565	GGGCAATTCTTTTTAAAAAAAAAAAAAAAA
pattern_0		12:54124477:C:T:R:wC	153	182	+	19.131	1.38e-07	0.000177	CCTCAGCCTCCCAAGTAGCTGAGACTACAG
pattern_5		4:122278614:C:G:R:wC	48	77	+	18.381	1.4e-07	0.00565	AGATAAGGTAAAATAAAAAAAAATTTAAAG
pattern_4		6:53443540:T:A:A:wC	18	47	-	18.0714	1.4e-07	0.147	TTTTAACCATTTATAAAAAATTCTAGAAAA
pattern_3		3:32982922:T:C:R:wC	24	53	-	18.5833	1.42e-07	0.00142	AAAAAAAAAAAAAAAAAAAAAAAAATGAAA
pattern_0		9:117091002:C:T:A:wC	147	176	-	19.0833	1.42e-07	0.000182	TCTCGAACTCCCTACCTCAGGTGATCCGCC
pattern_0		7:148849502:G:A:A:wC	32	61	+	19.0714	1.43e-07	0.000182	GCTCCGCCTCCTGGGTTCACGCCATTCTGC
pattern_0		7:117372635:C:T:A:wC	44	73	-	19.0714	1.43e-07	0.000182	CCTCAGCCTCCTGAGTAGCTGGAACTACAG
pattern_0		14:50685747:C:G:R:wC	59	88	-	19.0714	1.43e-07	0.000182	CCTCAGCCTCCTGAGAAGCTGAGATTACAG
pattern_3		17:76923151:G:A:R:wC	46	75	-	18.5714	1.43e-07	0.00142	TTAAAAAAAAAAAAAAAAAAAACAAAAAAA
pattern_3		16:81763386:A:C:A:wC	169	198	-	18.5714	1.43e-07	0.00142	TCAAAAAAAAAAAAAAAAAAAAACAAAAAA
pattern_2		17:1672634:C:T:A:wC	160	189	-	4.81707	1.44e-07	0.000489	CCCACTTTTTTTTTTTTTTTTGAGACGGAG
pattern_0		19:22632854:A:G:R:wC	63	92	+	19.0595	1.44e-07	0.000183	TCTTGAACTCCTGACCTCAAGTGATCCACC
pattern_0		12:50507179:C:T:A:wC	89	118	+	19.0595	1.44e-07	0.000183	GCTCCGCCTTCTGGGTTCATGCCATTCTCC
pattern_0		17:72688065:C:T:A:wC	121	150	+	19.0595	1.44e-07	0.000183	GCTCCGCCTTCTGGGTTCATGCCATTCTCC
pattern_0		17:72688065:C:T:R:wC	121	150	+	19.0595	1.44e-07	0.000183	GCTCCGCCTTCTGGGTTCATGCCATTCTCC
pattern_0		7:99591021:C:T:R:wC	147	176	-	19.0595	1.44e-07	0.000183	TCTTGAACTCCTGACCTCAAGTGATCCACC
pattern_5		1:90234055:C:A:R:wC	37	66	-	18.3452	1.45e-07	0.00565	AAAATAGAAAAAATAAATAGAAAAAATAAA
pattern_5		1:90234055:C:A:A:wC	37	66	-	18.3452	1.45e-07	0.00565	AAAATAGAAAAAATAAATAGAAAAAATAAA
pattern_0		4:119563049:G:A:A:wC	106	135	-	19.0476	1.46e-07	0.000184	TCTCGAACTCCTGACCTCAAATGATCCGCC
pattern_0		1:206671796:C:T:R:wC	12	41	+	19.0238	1.48e-07	0.000186	TCTTGAACTCCTGAGCTCAAGCAACCCTCC
pattern_0		20:48900511:T:C:A:wC	32	61	-	19.0238	1.48e-07	0.000186	ACTCTGCCTCCCAAGCCCCATGGGGTCTAG
pattern_0		3:63888935:G:C:R:wC	103	132	-	19.0238	1.48e-07	0.000186	CCTCAGCCTCCGGGGTAGGTGGGACTACAG
pattern_2		4:76546789:A:G:R:wC	17	46	+	4.69512	1.49e-07	0.000504	CTTTTTTTCTTTTTTTTTGAAGCGATGAGA
pattern_0		8:22335170:C:T:A:wC	163	192	+	18.9881	1.51e-07	0.00019	CCTCCAACTCCTGGATTCAAGCCATCCTCC
pattern_2		4:26331471:A:G:A:wC	136	165	-	4.64634	1.51e-07	0.00051	CATTTTCTTTTTTTTTTTTTGGAGACAGAG
pattern_3		17:14395793:C:T:R:wC	61	90	-	18.5119	1.52e-07	0.00148	TAAACACAAGAAATAAAAAAATAGATAAAT
pattern_3		11:12418784:C:A:A:wC	81	110	-	18.5119	1.52e-07	0.00148	CTAAAAATAATAATAAATAAATGAAAGATA
pattern_0		6:160197943:C:T:R:wC	91	120	+	18.9643	1.53e-07	0.000192	TCTCAGCCTCCTGAGTGGCTGGGACTACAG
pattern_0		16:4518392:G:A:R:wC	97	126	-	18.9643	1.53e-07	0.000192	TCTTGAACTCCTGACCTCAGGTGATCCGCC
pattern_2		17:72688065:C:T:A:wC	37	66	+	4.59756	1.53e-07	0.000513	GCCATTTTTTTTTTTTTTTTTGAGACGGAG
pattern_2		17:72688065:C:T:R:wC	37	66	+	4.59756	1.53e-07	0.000513	GCCATTTTTTTTTTTTTTTTTGAGACGGAG
pattern_3		13:113352130:C:T:A:wC	12	41	-	18.4881	1.56e-07	0.0015	TACTAAAAAAAAAAAAAAAAAAAAAAAAAA
pattern_0		20:48533630:G:C:R:wC	86	115	+	18.9286	1.57e-07	0.000196	GCTCCGCCTCCTGGGTTCACGCCATTTTCC
pattern_0		3:63888935:G:C:R:wC	135	164	-	18.9286	1.57e-07	0.000196	GCTCCACCTCCTGAGTTCACGCCATTCTCC
pattern_3		6:42989920:T:G:A:wC	12	41	-	18.4762	1.57e-07	0.0015	AAAAAAAAAAAATTAAAAAAACAAAGTCTA
pattern_6		19:33856214:C:T:A:wC	3	32	-	19.2619	1.6e-07	0.0282	TACAATAATTAATTAAAAATAAAATAGTTC
pattern_6		19:33856191:A:G:R:wC	26	55	-	19.2619	1.6e-07	0.0282	TACAATAATTAATTAAAAATAAAATAGTTC
pattern_3		10:81950326:C:T:R:wC	6	35	-	18.4524	1.61e-07	0.00152	TCAAAAAAAAAAAAAAAAAAATTTATTGTA
pattern_0		8:144633556:T:C:A:wC	39	68	+	18.881	1.61e-07	0.000201	TCTCAGACTTTTGAACTCAAGTGATCCTCC
pattern_2		16:275610:T:C:R:wC	137	166	+	4.40244	1.62e-07	0.00054	AGCTAATTTTGTATTTTAATAGAGACAGGG
pattern_2		15:32938057:T:C:A:wC	62	91	+	4.36585	1.63e-07	0.000543	CAATTTTTTTTTCTTCTTTTTGAGACAGAG
pattern_2		22:38888478:T:C:A:wC	110	139	+	4.35366	1.64e-07	0.000543	TTATTTTTCTTTCTTTTTTTTGAGATGGAG
pattern_0		1:226448407:A:G:R:wC	152	181	+	18.8452	1.65e-07	0.000205	TCTCAGCCTCCCGAGTAACTGGGACTACAG
pattern_0		19:37235887:G:A:R:wC	109	138	-	18.8333	1.66e-07	0.000207	CCTCAGCCTCCCTAGTAGCTGTGACTACAG
pattern_2		12:111978537:C:T:R:wC	61	90	+	4.30488	1.66e-07	0.000549	GTCTTTTTTTTTTTTTTTTTTGAGATGGAG
pattern_3		12:66199734:G:A:A:wC	156	185	+	18.4167	1.67e-07	0.00156	TAAAAAATAATAATAAATAAATAAATCTAG
pattern_0		8:72435504:C:G:A:wC	91	120	+	18.8095	1.69e-07	0.000209	GCTCCGCCTGCCAGGTTCACGCCATTCTCC
pattern_0		11:7983846:G:A:A:wC	150	179	+	18.7619	1.74e-07	0.000215	CCTCAGCCTCCCGTGTAGCTGGGACCACAG
pattern_0		16:30730679:G:A:R:wC	71	100	+	18.7143	1.79e-07	0.000222	TTTCAGCCTCCTGAGTAGCTGGGATTACAG
pattern_2		12:54711574:A:G:A:wC	72	101	-	4.0122	1.8e-07	0.000593	TCCTTTTTTTTTTTTTTTTTTGAGATGGAG
pattern_0		7:6739789:A:G:R:wC	134	163	-	18.7024	1.8e-07	0.000223	GCTCCACCTCCCGGGTTCACGCCATTTTCC
pattern_1		2:32642798:T:C:R:wC	132	161	-	18.4643	1.8e-07	0.0363	AAAAATAAAAATAAAAAAATAATTTCACTA
pattern_3		8:95853197:G:A:R:wC	37	66	-	18.3333	1.81e-07	0.00168	ATCTCAAAAAAAAAAAAAAAAATTATTATT
pattern_5		1:90234055:C:A:R:wC	9	38	-	18.1429	1.81e-07	0.00656	AAAAATAAAAAAAGAAATAAAAAATTAAAA
pattern_5		1:90234055:C:A:A:wC	9	38	-	18.1429	1.81e-07	0.00656	AAAAATAAAAAAAGAAATAAAAAATTAAAA
pattern_0		20:57575102:C:T:A:wC	29	58	-	18.6905	1.81e-07	0.000224	GCTCCGCCTCCCGGGTTCACGCCACTCTCC
pattern_2		1:89475842:A:G:A:wC	61	90	+	3.97561	1.82e-07	0.000595	ACTAATTTTTTTTTTTTTTTTGAGACAGAG
pattern_2		5:14528587:G:A:R:wC	72	101	+	3.97561	1.82e-07	0.000595	AAATTTATTTATTTATTTTTAGAGACGGGG
pattern_2		17:1995218:C:T:A:wC	158	187	+	3.89024	1.86e-07	0.000607	CCTTTTTCTTTTTTTTTTTTTGAGACAGAG
pattern_0		16:75235574:T:C:A:wC	75	104	-	18.6429	1.87e-07	0.00023	TCTCGAACTCCTGACCTCAACTGATCCACC
pattern_0		19:4756166:T:C:A:wC	94	123	-	18.6429	1.87e-07	0.00023	GCTCCACCTCCCAGGTTCATGCCGTTCTCC
pattern_3		12:125311934:C:T:R:wC	120	149	-	18.2976	1.87e-07	0.00172	AAAATAATAATAATAATAATAATATTAACC
pattern_0		12:6992202:G:A:R:wC	73	102	-	18.619	1.89e-07	0.000233	TCCCCAACTCCTGGCCTCAACTGATCTTCC
pattern_0		10:104631189:G:A:R:wC	122	151	-	18.619	1.89e-07	0.000233	GCTCCGCCTCCCGGGTTCACGCCGTTCTCC
pattern_0		10:104631189:G:A:A:wC	122	151	-	18.619	1.89e-07	0.000233	GCTCCGCCTCCCGGGTTCACGCCGTTCTCC
pattern_0		6:138232479:T:A:R:wC	163	192	+	18.5833	1.94e-07	0.000237	TCTCAGCCTCCGAAAGTGCTAGGATTACAA
pattern_0		6:138232479:T:A:A:wC	163	192	+	18.5833	1.94e-07	0.000237	TCTCAGCCTCCGAAAGTGCTAGGATTACAA
pattern_0		12:72100600:G:A:A:wC	67	96	-	18.5714	1.95e-07	0.000239	TCTCGAACTCTTGACCTCAAGTGATCTGCC
pattern_2		5:98265807:G:T:R:wC	72	101	+	3.67073	1.98e-07	0.000642	TGTTTTTTATTTATGTTTGTAGAGGCGGGG
pattern_0		5:179735213:A:G:R:wC	50	79	-	18.5476	1.98e-07	0.000242	GCTCCGCCTCCCAGGTTCACGCCACTCTCC
pattern_0		13:49946894:C:A:A:wC	94	123	+	18.5476	1.98e-07	0.000242	GCTCCGACTCCTGGGTTCACGCCATTCTCC
pattern_2		12:54124477:C:T:R:wC	37	66	+	3.62195	2e-07	0.000649	TTTTTATTTTTTTATTTTTTTGAGACGGAG
pattern_5		12:66199734:G:A:A:wC	137	166	+	18.0476	2.01e-07	0.00702	AAATAAAATAAAATAAATTTAAAAAATAAT
pattern_0		19:7549386:C:T:R:wC	145	174	-	18.5238	2.01e-07	0.000245	TCTCGAACTCTTGACCTCAAGTGATCCACC
pattern_3		11:66840675:C:T:A:wC	171	200	+	18.2024	2.05e-07	0.00185	GTCAAAAAAAAAAAAAAAAAAAAAAAAAAA
pattern_2		16:3538625:T:C:R:wC	10	39	+	3.5122	2.06e-07	0.000666	TTCTTTTTTTTTTTTTTTTTTGAGATGGAA
pattern_3		12:54124477:C:T:R:wC	29	58	-	18.1905	2.07e-07	0.00185	CAAAAAAATAAAAAAATAAAAAATAAAAAT
pattern_3		1:90234055:C:A:R:wC	33	62	-	18.1905	2.07e-07	0.00185	TAGAAAAAATAAATAGAAAAAATAAAAAAT
pattern_3		1:90234055:C:A:A:wC	33	62	-	18.1905	2.07e-07	0.00185	TAGAAAAAATAAATAGAAAAAATAAAAAAT
pattern_0		1:12013573:G:A:R:wC	117	146	-	18.4286	2.13e-07	0.000258	GCTTTGGCCTCCAAAGTGCTGGGATTACAG
pattern_0		1:12013573:G:A:A:wC	117	146	-	18.4286	2.13e-07	0.000258	GCTTTGGCCTCCAAAGTGCTGGGATTACAG
pattern_0		7:18011822:T:C:R:wC	123	152	-	18.4286	2.13e-07	0.000258	TCTCGAACTCTTGACCTCAGGTGATCCGCC
pattern_0		1:111732711:G:A:R:wC	50	79	-	18.4167	2.14e-07	0.00026	CCTCAGCCTCTGGAGTAGCTGGGACTACAG
pattern_2		12:33562535:G:A:A:wC	11	40	+	3.34146	2.16e-07	0.000696	TTCTTTTCTTTTTTTTTTTTTGAGACGGAG
pattern_3		22:32795285:G:C:A:wC	104	133	-	18.1429	2.17e-07	0.00191	TCTCTACAAAAATTAAAAAAAAAAAAAATT
pattern_0		17:66133442:T:C:R:wC	70	99	+	18.3929	2.17e-07	0.000263	TCTCGAACTCCTTACTTCAAGTGATCCACC
pattern_0		16:1539851:C:G:R:wC	164	193	+	18.3929	2.17e-07	0.000263	TCTCAAACTCCCGACCTCAGGTGATCCACC
pattern_2		8:106513461:A:C:R:wC	47	76	+	3.30488	2.18e-07	0.0007	TTCTCTTTTTTTTTTTTTTTTGAGATGGAG
pattern_0		17:74481538:A:C:A:wC	101	130	-	18.381	2.19e-07	0.000264	CCTCAGTCTCCCGAATAGCTGGGACTACAG
pattern_0		17:74481538:A:C:R:wC	101	130	-	18.381	2.19e-07	0.000264	CCTCAGTCTCCCGAATAGCTGGGACTACAG
pattern_0		3:183690945:C:T:R:wC	79	108	+	18.369	2.21e-07	0.000266	GCTCCGCCTCCTGAGTTCACGCCATTTTCC
pattern_3		1:90234055:C:A:A:wC	5	34	-	18.119	2.22e-07	0.00193	ATAAAAAAAGAAATAAAAAATTAAAACAAA
pattern_3		1:90234055:C:A:R:wC	5	34	-	18.119	2.22e-07	0.00193	ATAAAAAAAGAAATAAAAAATTAAAACAAA
pattern_0		1:6450358:C:T:A:wC	114	143	-	18.3214	2.27e-07	0.000273	CCTCGGCCTCCCAAAGTGCTGAGAATTACA
pattern_0		11:65764383:C:T:R:wC	151	180	-	18.3095	2.29e-07	0.000275	TCTCGAACTCCTGACCTCAAGTGGTCCACC
pattern_2		7:101516234:C:A:A:wC	16	45	+	3.12195	2.29e-07	0.000731	TTTTTATTTTTTATTTTTTTTGAGACGGAG
pattern_2		7:101516234:C:A:R:wC	16	45	+	3.12195	2.29e-07	0.000731	TTTTTATTTTTTATTTTTTTTGAGACGGAG
pattern_5		5:34500013:T:A:R:wC	96	125	-	17.9167	2.31e-07	0.00781	AATAAAAAATAAATAAATAAATAAAAACAG
pattern_0		8:17574213:G:C:A:wC	64	93	+	18.2738	2.34e-07	0.000281	CCTCAGCCTCTTGAGTAGCTGGGACTACAG
pattern_3		19:4756166:T:C:A:wC	8	37	+	18.0595	2.35e-07	0.00201	ACTAAAAAAAAAAAAAAAAAATACAAAAAA
pattern_3		14:32922842:G:C:R:wC	36	65	-	18.0595	2.35e-07	0.00201	AAAAAAAAAAAAAAAAAAAAAAAAAAGAAA
pattern_0		7:73102318:C:T:R:wC	121	150	+	18.2619	2.35e-07	0.000282	CCTCAGCCTCCCAAGTACTTGGGACTGCAG
pattern_0		3:101326815:C:T:A:wC	91	120	+	18.25	2.37e-07	0.000284	CCTCAGCCTTCGGAGTAGCTGGGACTACAG
pattern_0		18:10039453:G:A:R:wC	161	190	-	18.2381	2.39e-07	0.000286	TCTCAGCCTCCCAAGTAGCTAGGATTATAG
pattern_0		2:217547580:C:T:A:wC	65	94	+	18.2262	2.41e-07	0.000288	CCTCATCCTCCCGAGTAGCTGGGACTACAG
pattern_3		18:55129900:A:G:R:wC	152	181	-	18.0238	2.43e-07	0.00206	CAAAAAAAAAAAAAAAAAAAAAAAAAGAAA
pattern_0		7:116475622:C:T:R:wC	151	180	+	18.1786	2.48e-07	0.000295	GCTCAGCCTCCCGAGTAGTTGGAATTACAG
pattern_0		17:80690632:C:T:A:wC	158	187	+	18.1786	2.48e-07	0.000295	ACCTCCACTCCCAGGCTCAAGCAATTCTCC
pattern_5		5:76752546:A:C:A:wC	71	100	-	17.8452	2.48e-07	0.00816	GCAAAAAAAATAATAAAATAAAAATTTTTA
pattern_0		2:240992440:G:A:R:wC	96	125	+	18.1548	2.51e-07	0.000299	TCTCGAACTCTTGACTTCCGGTGATCCGCC
pattern_0		14:58841995:T:C:R:wC	113	142	+	18.1548	2.51e-07	0.000299	CTTCAGCCTCCTGAGTAGCTGGGACTACAG
pattern_3		17:76923151:G:A:R:wC	49	78	-	17.9881	2.51e-07	0.00206	TTTTTAAAAAAAAAAAAAAAAAAAACAAAA
pattern_3		2:146273266:T:A:A:wC	129	158	-	17.9881	2.51e-07	0.00206	GTCTAAAAAAAAAAAAAAAAAAAAAAAAAA
pattern_3		2:219272294:G:T:R:wC	150	179	-	17.9881	2.51e-07	0.00206	TCAAAAAAAAAAAAAAAAAAAAAAAAGAAA
pattern_3		12:54124477:C:T:R:wC	34	63	-	17.9762	2.54e-07	0.00206	CGTCTCAAAAAAATAAAAAAATAAAAAATA
pattern_0		22:31799448:G:C:A:wC	78	107	-	18.131	2.55e-07	0.000303	TCTCGAAGTCCCGACCTCAGGTGATCTGCC
pattern_0		22:50847279:C:T:A:wC	137	166	-	18.119	2.57e-07	0.000304	TCTCGAACTCCTGACCTCAGGTGATCCACT
pattern_3		1:90234055:C:A:R:wC	43	72	-	17.9643	2.57e-07	0.00206	TTGTAGAAAATAGAAAAAATAAATAGAAAA
pattern_3		1:90234055:C:A:A:wC	43	72	-	17.9643	2.57e-07	0.00206	TTGTAGAAAATAGAAAAAATAAATAGAAAA
pattern_3		3:24341264:A:T:A:wC	102	131	-	17.9643	2.57e-07	0.00206	CTAAAAAAAAAAAAATAAATAAATAAATAA
pattern_2		15:66020908:A:G:R:wC	10	39	+	2.67073	2.58e-07	0.00082	TCTTTTTCTTTTTTTTTTTTTGAGACAGAG
pattern_2		12:118682338:C:T:R:wC	93	122	+	2.67073	2.58e-07	0.00082	TCTTTTTCTTTTTTTTTTTTTGAGACAGAG
pattern_0		1:2149292:C:T:R:wC	51	80	-	18.1071	2.58e-07	0.000306	CCTCAGCCTTCTGAGTAGCTGGGACTACAG
pattern_0		18:53373610:G:A:A:wC	134	163	+	18.1071	2.58e-07	0.000306	CCTCAGCCTTCTGAGTAGCTGGGACTACAG
pattern_0		22:25464565:G:A:A:wC	20	49	+	18.0833	2.62e-07	0.00031	GCTCCGCCTACCGGGTTCACGCCATTCTCC
pattern_0		6:37348316:A:G:R:wC	138	167	-	18.0714	2.64e-07	0.000312	ACTCCGCCTCCTGGGTTCACGCCATTCTCC
pattern_0		9:131683644:C:T:A:wC	115	144	+	18.0595	2.66e-07	0.000314	GCTCCGCCTCCCGCGTTCACGCCATTCTCC
pattern_1		12:22763881:T:C:A:wC	113	142	-	18.0238	2.74e-07	0.0363	TATGTATATAATATATAAATATGTGCATAT
pattern_0		19:47184356:G:A:R:wC	68	97	+	17.9881	2.78e-07	0.000327	ACTCAGCCTCCCAAGTAGCTGGGACTACAG
pattern_5		1:221028584:G:A:A:wC	150	179	-	17.7381	2.78e-07	0.00884	AAAAAAAAAAAATTGAAAGAAAGAATTAGA
pattern_3		10:8125134:C:T:A:wC	144	173	+	17.881	2.78e-07	0.00221	TCAAAAAAAAAAAAAAAAAAAAAAAAGAAT
pattern_3		6:121788131:C:T:A:wC	2	31	-	17.8571	2.84e-07	0.00224	AAAAAAAAAAAAAAAAAAAAAAAGTTAAAA
pattern_2		11:65785476:T:C:R:wC	119	148	-	2.28049	2.87e-07	0.000907	TGTGTGTATATTTTTTTAGTAGAGACAGGG
pattern_0		2:101625773:C:G:R:wC	70	99	-	17.9286	2.88e-07	0.000338	CCTCAGCTTCCCGAGTAGCTGGGACTACAG
pattern_0		3:183690945:C:T:R:wC	111	140	+	17.9286	2.88e-07	0.000338	CCTCAGCTTCCCGAGTAGCTGGGACTACAG
pattern_0		4:16063617:C:T:A:wC	111	140	+	17.9286	2.88e-07	0.000338	CCTCAGCCCCCGGAGTAGCTGGGACTACGG
pattern_0		12:53440129:G:T:R:wC	19	48	-	17.9167	2.9e-07	0.00034	TCTCCAATTCTTGAGCTCAAGCGATTTCCC
pattern_3		2:146273266:T:A:A:wC	120	149	-	17.8333	2.91e-07	0.00228	AAAAAAAAAAAAAAAAAAAAAAAGATTACA
pattern_3		1:185401229:T:C:A:wC	61	90	-	17.8095	2.97e-07	0.00231	GTCTCAAAAATAATAACAATAAAAAATTTA
pattern_3		6:121788131:C:T:A:wC	4	33	-	17.7976	3e-07	0.00231	CAAAAAAAAAAAAAAAAAAAAAAAAGTTAA
pattern_0		7:148849502:G:A:A:wC	64	93	+	17.8452	3.02e-07	0.000354	CCTCAGCCTCCGAAGTAGCTGAGACTACAG
pattern_3		12:8451233:G:A:A:wC	42	71	-	17.7857	3.04e-07	0.00231	TTCTAAAAAAAAAAAAAAAAATTTAATTAG
pattern_3		2:146273266:T:A:A:wC	126	155	-	17.7857	3.04e-07	0.00231	TAAAAAAAAAAAAAAAAAAAAAAAAAAAAG
pattern_5		22:31991001:G:A:A:wC	74	103	-	17.6429	3.07e-07	0.0092	ACTTAAAAATAAATAAATAAATAAATAAAT
pattern_5		11:18338736:G:A:A:wC	171	200	-	17.6429	3.07e-07	0.0092	AGTAAGACTCTCTCAAAAAAAAAAAAAAAA
pattern_0		5:67503533:T:A:A:wC	8	37	+	17.8214	3.07e-07	0.000359	CCTCAGCCTCCCAAGTAGCTAGGACTACAG
pattern_3		17:76923151:G:A:R:wC	48	77	-	17.7619	3.11e-07	0.00233	TTTTAAAAAAAAAAAAAAAAAAAACAAAAA
pattern_3		2:204649276:G:A:A:wC	123	152	+	17.7619	3.11e-07	0.00233	TTAAAAAAAAAAAAAAAAAAAGTTAACTTT
pattern_2		11:47241411:T:C:A:wC	25	54	+	1.93902	3.14e-07	0.00099	TATTTATTTGTTTATTTTTTTGAGATGGAG
pattern_3		19:53674839:G:A:A:wC	30	59	-	17.75	3.14e-07	0.00234	AAAAGAAAAAAAAAAAAAAAATATATATAT
pattern_1		22:29431626:T:C:A:wC	23	52	-	17.869	3.16e-07	0.0363	AAGAAAAAAAATTTTAAAATAAATAGACTG
pattern_1		22:29431626:T:C:R:wC	23	52	-	17.869	3.16e-07	0.0363	AAGAAAAAAAATTTTAAAATAAATAGACTG
pattern_0		1:16150840:G:A:A:wC	3	32	-	17.7619	3.18e-07	0.000371	TCTCGAGCTTCTGACCTCCAGTGATCTGCC
pattern_0		16:10558799:C:T:R:wC	70	99	+	17.7619	3.18e-07	0.000371	CTTTCCCCTCCTGGGTTTAGGTGATTCTTC
pattern_3		22:31991001:G:A:A:wC	78	107	-	17.7262	3.21e-07	0.00237	TCCAACTTAAAAATAAATAAATAAATAAAT
pattern_0		9:19069485:G:A:R:wC	74	103	-	17.7381	3.22e-07	0.000376	TCTCGAACTCCTGATCTCAGGTGATCTACC
pattern_2		3:169480996:C:T:A:wC	155	184	-	1.79268	3.26e-07	0.00103	GATTTTTTTGTATTTTCAGTAAAGTTGGGC
pattern_0		15:32938057:T:C:A:wC	146	175	+	17.7143	3.27e-07	0.00038	GCTCTGCCTCCCGGGTTCACACCATTCTCC
pattern_3		22:21969640:T:C:A:wC	133	162	+	17.7024	3.28e-07	0.00241	TCTTTACTAAAAATAAAAAAAATTAGCCGA
pattern_0		2:217547580:C:T:A:wC	33	62	+	17.6905	3.32e-07	0.000385	GCTCCGCCTCCTGGGTTTACGCCATTCTCC
pattern_0		1:206671796:C:T:R:wC	44	73	+	17.6905	3.32e-07	0.000385	TCTTGGCCTCCCAAAGTGTTAGGATTACAG
pattern_2		10:135211021:C:T:A:wC	59	88	+	1.67073	3.37e-07	0.00105	TTATTTTCTTTTTTTTTTTTTGAGGCAGAG
pattern_2		9:100763455:C:T:R:wC	116	145	+	1.67073	3.37e-07	0.00105	TTAATTTTTTTTTTTTTTTTTTAGACGGAG
pattern_2		9:100763455:C:T:A:wC	116	145	+	1.67073	3.37e-07	0.00105	TTAATTTTTTTTTTTTTTTTTTAGACGGAG
pattern_1		19:53674839:G:A:A:wC	20	49	-	17.7857	3.41e-07	0.0363	AAAAAAAAAAATATATATATATATATATAT
pattern_3		1:1548801:T:C:A:wC	8	37	-	17.6548	3.43e-07	0.00244	AAAAATACAAAAATACAAAAAAAAAAAATA
pattern_0		8:136871213:G:T:A:wC	81	110	-	17.631	3.43e-07	0.000398	CCTCAGCCCCACAAGTAGCTGGGACTACAG
pattern_1		19:53674839:G:A:A:wC	28	57	-	17.7738	3.44e-07	0.0363	AAGAAAAAAAAAAAAAAAATATATATATAT
pattern_0		10:104631189:G:A:A:wC	90	119	-	17.6071	3.48e-07	0.000403	CCTCAGCCTCCCCAGCAGCTGGAACTACAG
pattern_3		11:75118589:C:A:A:wC	19	48	-	17.631	3.5e-07	0.00244	TCTCAAAAAATAAAAATAATAAAAAATAAT
pattern_3		22:31991001:G:A:A:wC	74	103	-	17.619	3.54e-07	0.00244	ACTTAAAAATAAATAAATAAATAAATAAAT
pattern_0		19:44344928:C:T:R:wC	91	120	+	17.5714	3.56e-07	0.000412	GCTCTGCCTCCCAGGTTCACACCATTCTCC
pattern_3		3:24341264:A:T:A:wC	96	125	-	17.6071	3.58e-07	0.00244	AAAAAAAAATAAATAAATAAATAAAAAAAA
pattern_0		10:74136946:C:G:A:wC	145	174	+	17.5476	3.61e-07	0.000417	CTTCAGCCTCCCAAGTAGCTGGGACTACTG
pattern_3		13:113352130:C:T:A:wC	10	39	-	17.5952	3.62e-07	0.00244	CTAAAAAAAAAAAAAAAAAAAAAAAAAACT
pattern_3		3:32982922:T:C:R:wC	30	59	-	17.5952	3.62e-07	0.00244	TCTCAAAAAAAAAAAAAAAAAAAAAAAAAA
pattern_3		7:4807826:T:C:R:wC	30	59	-	17.5952	3.62e-07	0.00244	TCTCAAAAAAAAAAAAAAAAAAAAAAAAAA
pattern_3		1:226448407:A:G:R:wC	31	60	-	17.5952	3.62e-07	0.00244	TCTCAAAAAAAAAAAAAAAAAAAAAAAAAA
pattern_3		14:32922842:G:C:R:wC	53	82	-	17.5952	3.62e-07	0.00244	TCTCAAAAAAAAAAAAAAAAAAAAAAAAAA
pattern_3		10:38015694:G:A:A:wC	69	98	-	17.5952	3.62e-07	0.00244	TCTCAAAAAAAAAAAAAAAAAAAAAAAAAA
pattern_3		2:111928231:C:G:A:wC	142	171	+	17.5952	3.62e-07	0.00244	TCTCAAAAAAAAAAAAAAAAAAAAAAAAAA
pattern_3		2:68436423:G:A:A:wC	164	193	+	17.5952	3.62e-07	0.00244	TCTCAAAAAAAAAAAAAAAAAAAAAAAAAA
pattern_3		17:28771495:T:C:R:wC	140	169	-	17.5952	3.62e-07	0.00244	TCTCAAAAAAAAAAAAAAAAAAAAAAAAAA
pattern_2		5:179735213:A:G:R:wC	134	163	-	1.37805	3.63e-07	0.00113	TTTTCTTCTTTTTTTTTTTTCGAGATGGAG
pattern_0		17:19918630:C:T:A:wC	154	183	+	17.5238	3.66e-07	0.000422	CCTGCAACTCTTGGACTCAGGCAATTCCCC
pattern_6		12:54124477:C:T:R:wC	19	48	-	18.25	3.7e-07	0.0557	AAAAAATAAAAAATAAAAATAAAAAAATAA
pattern_2		1:205001063:T:C:A:wC	164	193	+	1.30488	3.7e-07	0.00115	AATTTTTTGTATTATTTACTACAGACAGGG
pattern_3		12:125311934:C:T:R:wC	129	158	-	17.5595	3.74e-07	0.00247	CTGGTGGTTAAAATAATAATAATAATAATA
pattern_1		2:18559785:A:C:R:wC	55	84	+	17.6786	3.76e-07	0.0363	GTGCAACATGATTTTAAAATATGTAATACC
pattern_3		19:4756166:T:C:A:wC	10	39	+	17.5476	3.78e-07	0.00247	TAAAAAAAAAAAAAAAAAATACAAAAAATT
pattern_3		16:84542617:G:C:R:wC	71	100	-	17.5476	3.78e-07	0.00247	CCTTGAAAAAAAAAAAAAAAAAAGAAAAAT
pattern_3		10:8125134:C:T:A:wC	148	177	+	17.5476	3.78e-07	0.00247	AAAAAAAAAAAAAAAAAAAAAAGAATGAAA
pattern_3		18:9850212:G:A:R:wC	160	189	-	17.5476	3.78e-07	0.00247	AATAAAAAAATAATAATAATCTACAAACCA
pattern_2		17:1995218:C:T:A:wC	23	52	+	1.21951	3.79e-07	0.00117	TGTGTGTGTTTTTTTTTAGTAGAGACGAGG
pattern_0		3:195436339:C:T:A:wC	99	128	-	17.4643	3.79e-07	0.000437	TTTTGGCCTCCCAAAGTTCTGGGTTTATAG
pattern_1		12:66199734:G:A:A:wC	141	170	-	17.6667	3.8e-07	0.0363	TATTATTATTTTTTAAATTTATTTTATTTT
pattern_3		12:28300347:A:G:A:wC	17	46	-	17.5357	3.82e-07	0.00248	CTCAAAAAAAAAAAAAAAAAAAAGAAAAAG
pattern_0		11:119054989:C:T:R:wC	135	164	-	17.4405	3.84e-07	0.000443	TCTCAAACTCCTGACCTCAGGTGATCCGCT
pattern_3		16:81763386:A:C:A:wC	171	200	-	17.5119	3.91e-07	0.00252	TCTCAAAAAAAAAAAAAAAAAAAAACAAAA
pattern_3		6:139019622:A:C:R:wC	87	116	-	17.4881	3.99e-07	0.00254	CTAATATAGATAATAATAAATTATATAAAT
pattern_3		11:66840675:C:T:A:wC	169	198	+	17.4881	3.99e-07	0.00254	CTGTCAAAAAAAAAAAAAAAAAAAAAAAAA
pattern_3		2:146273266:T:A:A:wC	122	151	-	17.4762	4.04e-07	0.00254	AAAAAAAAAAAAAAAAAAAAAAAAAGATTA
pattern_3		2:146273266:T:A:A:wC	123	152	-	17.4762	4.04e-07	0.00254	AAAAAAAAAAAAAAAAAAAAAAAAAAGATT
pattern_0		4:16063617:C:T:A:wC	79	108	+	17.3214	4.12e-07	0.000474	GCTCCGCCTCCCGGGTTCACATCATTCTCC
pattern_3		12:54124477:C:T:R:wC	5	34	-	17.4524	4.13e-07	0.00258	AAAAATAAAAAAATAAAAAAATGTGGTACA
pattern_5		7:144547326:T:C:R:wC	102	131	-	17.3452	4.15e-07	0.0117	AAAGAAACATTTTTTAAAAAATAAAACACA
pattern_3		18:55129900:A:G:R:wC	149	178	-	17.4286	4.22e-07	0.00262	AAAAAAAAAAAAAAAAAAAAAAAGAAAGAA
pattern_5		22:29431626:T:C:A:wC	22	51	-	17.3214	4.25e-07	0.0117	AGAAAAAAAATTTTAAAATAAATAGACTGG
pattern_5		22:29431626:T:C:R:wC	22	51	-	17.3214	4.25e-07	0.0117	AGAAAAAAAATTTTAAAATAAATAGACTGG
pattern_3		7:4807826:T:C:R:wC	26	55	-	17.4048	4.31e-07	0.00263	AAAAAAAAAAAAAAAAAAAAAAAAAAAAAG
pattern_3		12:10597582:A:C:A:wC	29	58	-	17.4048	4.31e-07	0.00263	CTCAAAAAAAAAAAAAAAAAAAAAAAATTA
pattern_3		14:32922842:G:C:R:wC	39	68	-	17.4048	4.31e-07	0.00263	AAAAAAAAAAAAAAAAAAAAAAAAAAAAAG
pattern_0		3:37831176:C:T:R:wC	91	120	-	17.2381	4.33e-07	0.000497	GCTCCGCCTTCTGGGTTCACGCCATTCTCC
pattern_3		7:121801416:C:A:A:wC	19	48	+	17.3929	4.36e-07	0.00263	CAAAAAAAAAAAAAAAAAAAAAAGAAAGAA
pattern_3		12:54124477:C:T:R:wC	22	51	-	17.3929	4.36e-07	0.00263	ATAAAAAAATAAAAAATAAAAATAAAAAAA
pattern_0		18:77728594:A:G:R:wC	48	77	+	17.2024	4.42e-07	0.000507	TCTCCAACTCACAACCTCAGGTGATCCACC
pattern_3		12:54124477:C:T:R:wC	28	57	-	17.3452	4.55e-07	0.00269	AAAAAAATAAAAAAATAAAAAATAAAAATA
pattern_3		10:38015694:G:A:A:wC	46	75	-	17.3452	4.55e-07	0.00269	AAAAAAAAAAAAAAAAAAAAAAAAAATCAA
pattern_2		20:30566874:G:T:A:wC	155	184	-	0.512195	4.55e-07	0.0014	TAACAATTTTTTTTTTTTTTTGAGACAGAG
pattern_3		2:111928231:C:G:A:wC	144	173	+	17.3333	4.6e-07	0.00269	TCAAAAAAAAAAAAAAAAAAAAAAAAAAAG
pattern_3		11:66840675:C:T:A:wC	170	199	+	17.3333	4.6e-07	0.00269	TGTCAAAAAAAAAAAAAAAAAAAAAAAAAA
pattern_3		12:89874125:G:A:A:wC	170	199	-	17.3333	4.6e-07	0.00269	TCTATAAAAAAAAAAAAAAGAATTATAAAT
pattern_0		18:51793690:G:C:R:wC	43	72	-	17.131	4.61e-07	0.000528	CCTTGGCCTCCCAAAGTGTTAGGACTACAG
pattern_2		12:8451233:G:A:A:wC	48	77	+	0.45122	4.62e-07	0.00142	AAATTTTTTTTTTTTTTTTTAGAAGTGAGA
pattern_3		18:55129900:A:G:R:wC	151	180	-	17.3214	4.65e-07	0.00271	AAAAAAAAAAAAAAAAAAAAAAAAAGAAAG
pattern_2		2:204649276:G:A:A:wC	116	145	-	0.390244	4.69e-07	0.00144	ACTTTTTTTTTTTTTTTTTTTAAGATGGAG
pattern_3		5:76752546:A:C:A:wC	74	103	-	17.3095	4.7e-07	0.00271	GTCGCAAAAAAAATAATAAAATAAAAATTT
pattern_3		10:8125134:C:T:A:wC	147	176	+	17.3095	4.7e-07	0.00271	AAAAAAAAAAAAAAAAAAAAAAAGAATGAA
pattern_0		1:200641948:A:G:R:wC	80	109	+	17.0952	4.7e-07	0.000537	GCTCCGCCTCCCGGGTTCACACCATTCTCC
pattern_0		8:9620286:G:A:R:wC	136	165	-	17.0952	4.7e-07	0.000537	GCTCCGCCTCCCGGGTTCACACCATTCTCC
pattern_0		11:70175565:A:T:R:wC	169	198	+	17.0952	4.7e-07	0.000537	CCTTGAACTGCTGGACTCGAGCAATCCTCC
pattern_2		15:52369932:C:T:R:wC	55	84	+	0.378049	4.71e-07	0.00144	TTTTTTTTTCTTTTTTTTTTTGAGACAGAG
pattern_5		10:78342790:G:A:A:wC	17	46	-	17.2143	4.72e-07	0.0124	AACAAACAAACAATAAATAAATAAATTATA
pattern_5		9:113038318:A:G:R:wC	53	82	+	17.2143	4.72e-07	0.0124	GGAAAAGAAAAAATAAAATAAAATTTCATC
pattern_3		12:54124477:C:T:R:wC	25	54	-	17.2857	4.8e-07	0.00275	AAAATAAAAAAATAAAAAATAAAAATAAAA
pattern_2		20:32133484:G:C:A:wC	32	61	+	0.304878	4.8e-07	0.00146	CTAATTTTTTGTATTTCACTAGAGATGGGC
pattern_0		16:30730679:G:A:R:wC	40	69	+	17.0357	4.87e-07	0.000556	CTCCGCCCCTCCAGGTTTAAGCAATTCTCC
pattern_0		9:99486403:G:A:R:wC	32	61	+	17.0238	4.9e-07	0.000559	TCTCGAACCCCTGACCTCAGGTGATCTGCC
pattern_0		16:84581893:C:G:A:wC	139	168	-	17.0119	4.94e-07	0.000562	TCTCAAACTCCTGACCTCAGGTGATCTGCC
pattern_3		12:11962839:C:T:A:wC	8	37	-	17.25	4.95e-07	0.00281	CTCCAAAAAAAAAAAAAAAAAAAAAAAAAA
pattern_3		17:28771495:T:C:R:wC	139	168	-	17.25	4.95e-07	0.00281	CTCAAAAAAAAAAAAAAAAAAAAAAAAAAG
pattern_3		19:41343700:C:T:R:wC	16	45	+	17.2381	5.01e-07	0.00282	CTCAAAAAAAAAAAAAAAAAAAAAATTCTA
pattern_2		9:114841961:A:C:R:wC	19	48	+	0.097561	5.06e-07	0.00154	CCTCCTTTTTTTTTTTTTTTCGAGACAAAG
pattern_3		19:4756166:T:C:A:wC	6	35	+	17.2262	5.06e-07	0.00282	TTACTAAAAAAAAAAAAAAAAAATACAAAA
pattern_3		7:130445128:C:A:R:wC	49	78	-	17.2262	5.06e-07	0.00282	TCAAATAAATAAATAAAAACAAAAACATAA
pattern_5		22:32795285:G:C:A:wC	104	133	-	17.1429	5.07e-07	0.0128	TCTCTACAAAAATTAAAAAAAAAAAAAATT
pattern_0		18:10039453:G:A:R:wC	58	87	-	16.9643	5.08e-07	0.000575	TCTCAAACTCCTGACCTCAGGTGATCCACC
pattern_0		1:12013573:G:A:R:wC	148	177	-	16.9643	5.08e-07	0.000575	TCTCAAACTCCTGACCTCAGGTGATCCACC
pattern_0		1:12013573:G:A:A:wC	148	177	-	16.9643	5.08e-07	0.000575	TCTCAAACTCCTGACCTCAGGTGATCCACC
pattern_0		13:95924863:C:T:R:wC	151	180	-	16.9643	5.08e-07	0.000575	TCTCAAACTCCTGACCTCAGGTGATCCACC
pattern_0		18:47341474:G:C:A:wC	112	141	-	16.9524	5.11e-07	0.000578	GCTCCGCCTCCCAGGTTCACACCATTCTCC
pattern_3		22:31991001:G:A:A:wC	66	95	-	17.2143	5.11e-07	0.00283	ATAAATAAATAAATAAATAAATAAATTATT
pattern_3		22:31991001:G:A:A:wC	70	99	-	17.2143	5.11e-07	0.00283	AAAAATAAATAAATAAATAAATAAATAAAT
pattern_5		3:24341264:A:T:A:wC	92	121	-	17.131	5.13e-07	0.0128	AAAAATAAATAAATAAATAAAAAAAAAAGC
pattern_0		12:53365027:C:G:A:wC	101	130	+	16.9405	5.15e-07	0.000582	TCTTGAACTCCCGACCTTAGGTGATCCGCC
pattern_3		17:76923151:G:A:R:wC	45	74	-	17.2024	5.17e-07	0.00283	TAAAAAAAAAAAAAAAAAAAACAAAAAAAA
pattern_3		12:66199734:G:A:A:wC	153	182	+	17.2024	5.17e-07	0.00283	ATTTAAAAAATAATAATAAATAAATAAATC
pattern_0		18:47341474:G:C:A:wC	80	109	-	16.9286	5.18e-07	0.000585	CCTCAGCCTGCCCAGCAGCTGGGACTACAG
pattern_0		19:11775886:T:C:R:wC	99	128	+	16.9167	5.22e-07	0.000589	GTTCCACCTCCCAGGTTCACGCCATTCTCC
pattern_3		19:53674839:G:A:A:wC	34	63	-	17.1905	5.22e-07	0.00283	TAAAAAAAGAAAAAAAAAAAAAAAATATAT
pattern_3		18:9850212:G:A:R:wC	171	200	-	17.1905	5.22e-07	0.00283	TCATCTCTAAAAATAAAAAAATAATAATAA
pattern_0		17:17678573:G:A:A:wC	158	187	+	16.8929	5.29e-07	0.000596	GCTCAGCCTCCCAAGTAGCTGAGACTACAG
pattern_3		7:121801416:C:A:A:wC	17	46	+	17.1667	5.34e-07	0.00284	CTCAAAAAAAAAAAAAAAAAAAAAAGAAAG
pattern_3		17:64660752:T:C:A:wC	110	139	-	17.1667	5.34e-07	0.00284	AAAAAAAAAAAAAAAAAAAAAAAAAACCAA
pattern_3		1:72819884:T:C:R:wC	147	176	-	17.1667	5.34e-07	0.00284	CTGTATAAAAAATTATTAAATTTTATACTT
pattern_0		10:104316581:C:A:R:wC	138	167	-	16.869	5.36e-07	0.000604	TTTCGAACTCCTAACCTGAAGTGATCTGCC
pattern_3		1:226448407:A:G:R:wC	18	47	-	17.1548	5.39e-07	0.00285	AAAAAAAAAAAAAAAAAAAAAAAAACTCAT
pattern_0		5:61941491:G:C:R:wC	10	39	+	16.8571	5.4e-07	0.000606	TCTCAAACTCTTGGCCTCAAGTGTTCCTCC
pattern_0		9:93391290:C:A:A:wC	60	89	+	16.8571	5.4e-07	0.000606	CTTCAGCCTCCTGAGTAGCTGGGACTACGG
pattern_3		7:4807826:T:C:R:wC	24	53	-	17.1429	5.45e-07	0.00285	AAAAAAAAAAAAAAAAAAAAAAAAAAAGAA
pattern_3		14:32922842:G:C:R:wC	37	66	-	17.1429	5.45e-07	0.00285	AAAAAAAAAAAAAAAAAAAAAAAAAAAGAA
pattern_3		2:111928231:C:G:A:wC	146	175	+	17.1429	5.45e-07	0.00285	AAAAAAAAAAAAAAAAAAAAAAAAAAAGAA
pattern_0		1:200019951:C:T:A:wC	44	73	-	16.8333	5.48e-07	0.000614	TCTCAGCCTCCCTAGAAGCTGGGATTACAG
pattern_3		12:93912196:G:T:R:wC	1	30	-	17.131	5.51e-07	0.00286	AAAATAATAACAATAATAATAATTCTCACT
pattern_1		12:66199734:G:A:A:wC	133	162	+	17.25	5.51e-07	0.0483	AATAAAATAAAATAAAATAAATTTAAAAAA
pattern_3		19:4756166:T:C:A:wC	7	36	+	17.119	5.57e-07	0.00288	TACTAAAAAAAAAAAAAAAAAATACAAAAA
pattern_0		10:81950326:C:T:R:wC	97	126	+	16.7976	5.59e-07	0.000626	GCTCCACCTCCTGAGTTCATGCCGTTCTCC
pattern_0		12:6992202:G:A:R:wC	41	70	-	16.7738	5.67e-07	0.000634	TCTCAGCTTCCCAAAATACTGGGATCACAG
pattern_3		9:139975755:G:A:R:wC	165	194	-	17.0952	5.69e-07	0.00293	TACTAAAAAAAAAAAAAAATACAAAAAAAT
pattern_2		15:91418297:T:A:R:wC	64	93	+	-0.365854	5.69e-07	0.00172	TTTTTTTTTTTTTTTTTTTTTGAGAGGGAG
pattern_0		13:27996613:C:T:R:wC	135	164	-	16.7619	5.71e-07	0.000638	TCTCGAACCCCTGACCTCAAGGGATCCATC
pattern_0		11:67304760:G:A:R:wC	100	129	-	16.75	5.75e-07	0.000641	TCTTGAACTCCTGACCTCAGGTGATCTGCC
pattern_2		11:77772619:G:A:R:wC	155	184	+	-0.439024	5.8e-07	0.00175	TTTTCTTTTTCTTTTTTTTTCGAGACAGGG
pattern_2		11:77772619:G:A:A:wC	155	184	+	-0.439024	5.8e-07	0.00175	TTTTCTTTTTCTTTTTTTTTCGAGACAGGG
pattern_3		1:116460355:G:A:A:wC	164	193	+	17.0714	5.81e-07	0.00293	TCAAAAAAAAAAAAAAAAAAAAAAAAAGAA
pattern_3		1:116460355:G:A:R:wC	164	193	+	17.0714	5.81e-07	0.00293	TCAAAAAAAAAAAAAAAAAAAAAAAAAGAA
pattern_3		18:55129900:A:G:R:wC	153	182	-	17.0714	5.81e-07	0.00293	TCAAAAAAAAAAAAAAAAAAAAAAAAAGAA
pattern_3		6:51392548:C:A:R:wC	160	189	-	17.0714	5.81e-07	0.00293	TCAAAAAAAAAAAAAAAAAAAAAAAAAGAA
pattern_0		16:30646970:T:C:A:wC	139	168	-	16.7143	5.87e-07	0.000654	TCTTGAACTCCTCACCTCAGGTGATCCGCC
pattern_3		17:36003551:G:A:A:wC	156	185	-	17.0595	5.87e-07	0.00295	TTGTTTCAAAAAAAAAAAAAAAAGATAAAT
pattern_5		22:31991001:G:A:A:wC	66	95	-	16.9881	5.89e-07	0.0144	ATAAATAAATAAATAAATAAATAAATTATT
pattern_0		17:2619649:G:A:A:wC	149	178	-	16.7024	5.91e-07	0.000657	TCTTGAACTCCTGACCTCAGGTGATCCACC
pattern_0		15:43137576:G:A:R:wC	160	189	-	16.7024	5.91e-07	0.000657	TCTTGAACTCCTGACCTCAGGTGATCCACC
pattern_0		12:96240341:T:C:A:wC	44	73	-	16.6905	5.95e-07	0.000661	TCTCGAACTCCTGACCTCAGATGATCCGCC
pattern_2		8:25418510:A:G:R:wC	36	65	+	-0.54878	5.96e-07	0.00179	TTCTTTTTTTTTTTTCTTCTTGAGACTGAG
pattern_2		8:25418510:A:G:A:wC	36	65	+	-0.54878	5.96e-07	0.00179	TTCTTTTTTTTTTTTCTTCTTGAGACTGAG
pattern_3		1:226448407:A:G:R:wC	21	50	-	17.0357	5.99e-07	0.00296	AAAAAAAAAAAAAAAAAAAAAAAAAAAACT
pattern_3		19:53674839:G:A:A:wC	31	60	-	17.0357	5.99e-07	0.00296	AAAAAGAAAAAAAAAAAAAAAATATATATA
pattern_3		2:146273266:T:A:A:wC	124	153	-	17.0357	5.99e-07	0.00296	AAAAAAAAAAAAAAAAAAAAAAAAAAAGAT
pattern_3		7:121801416:C:A:A:wC	20	49	+	17.0238	6.06e-07	0.00296	AAAAAAAAAAAAAAAAAAAAAAGAAAGAAA
pattern_3		3:32982922:T:C:R:wC	25	54	-	17.0238	6.06e-07	0.00296	AAAAAAAAAAAAAAAAAAAAAAAAAATGAA
pattern_3		18:55129900:A:G:R:wC	148	177	-	17.0238	6.06e-07	0.00296	AAAAAAAAAAAAAAAAAAAAAAGAAAGAAA
pattern_1		5:76752546:A:C:A:wC	66	95	-	17.1429	6.06e-07	0.049	AAAAATAATAAAATAAAAATTTTTAAAAAT
pattern_0		2:87151342:G:A:R:wC	150	179	+	16.6548	6.07e-07	0.000674	CCTCAGCCTCCCCAGTAGCTAGAATTACAG
pattern_5		2:219272294:G:T:R:wC	137	166	-	16.9524	6.1e-07	0.0146	AAAAAAAAAAAAAGAAAAGAAAAAAAAGAA
pattern_3		17:29073546:C:T:A:wC	22	51	-	17.0119	6.12e-07	0.00296	TCAAAAAAGAAAAAAAAAAAAAAGAATATA
pattern_3		12:10597582:A:C:A:wC	30	59	-	17.0119	6.12e-07	0.00296	TCTCAAAAAAAAAAAAAAAAAAAAAAAATT
pattern_0		16:77337844:G:C:R:wC	90	119	-	16.631	6.15e-07	0.000681	GCTCCGCCTCCTGAGTTCACGCCCTTCTCC
pattern_0		16:77337795:T:C:R:wC	139	168	-	16.631	6.15e-07	0.000681	GCTCCGCCTCCTGAGTTCACGCCCTTCTCC
pattern_3		1:226448407:A:G:R:wC	22	51	-	17	6.18e-07	0.00296	AAAAAAAAAAAAAAAAAAAAAAAAAAAAAC
pattern_0		15:29008373:A:G:A:wC	127	156	+	16.619	6.2e-07	0.000685	CCTCAGCCTCCCAAGTAGCTGAGACTGCAG
pattern_5		14:24158734:A:G:A:wC	20	49	-	16.9286	6.24e-07	0.0146	AAAACTTAAAGTATAATTTAAAAAAAAAAA
pattern_3		9:6177291:G:T:A:wC	4	33	-	16.9881	6.25e-07	0.00296	TATAATAATAAAAAATAAAAAATTAAAAAA
pattern_3		19:53674839:G:A:A:wC	36	65	-	16.9881	6.25e-07	0.00296	TCTAAAAAAAGAAAAAAAAAAAAAAAATAT
pattern_3		10:8125134:C:T:A:wC	143	172	+	16.9881	6.25e-07	0.00296	CTCAAAAAAAAAAAAAAAAAAAAAAAAGAA
pattern_3		2:219272294:G:T:R:wC	151	180	-	16.9881	6.25e-07	0.00296	CTCAAAAAAAAAAAAAAAAAAAAAAAAGAA
pattern_2		2:146273266:T:A:A:wC	133	162	+	-0.756098	6.29e-07	0.00188	TTTTTTTTTTTTTTTTTTTTTTAGACGGAG
pattern_6		12:66199734:G:A:A:wC	122	151	+	17.5714	6.29e-07	0.0816	AAAGTAAATAAAATAAAATAAAATAAAATA
pattern_0		16:80659947:A:G:R:wC	80	109	-	16.5714	6.37e-07	0.000703	CCTCAGCCTTCCAAAGTGCCAGAATTACAG
pattern_3		3:32982922:T:C:R:wC	23	52	-	16.9643	6.38e-07	0.00299	AAAAAAAAAAAAAAAAAAAAAAAATGAAAA
pattern_3		17:27099061:C:A:R:wC	105	134	+	16.9643	6.38e-07	0.00299	CTATGTCTCAAAATAGTAATAATAATAATT
pattern_0		13:92005134:A:G:R:wC	101	130	-	16.5595	6.41e-07	0.000707	TCTCGAACTCCTGACCTCAGGTAATCCGTC
pattern_3		1:116460355:G:A:R:wC	166	195	+	16.9524	6.45e-07	0.003	AAAAAAAAAAAAAAAAAAAAAAAAAGAACT
pattern_3		1:116460355:G:A:A:wC	166	195	+	16.9524	6.45e-07	0.003	AAAAAAAAAAAAAAAAAAAAAAAAAGAACT
pattern_0		18:10879503:G:C:R:wC	104	133	+	16.5357	6.5e-07	0.000716	CCTCAGCCTCCTGAGTAGCTAGGACTACAG
pattern_2		14:53201536:T:G:A:wC	167	196	-	-0.890244	6.5e-07	0.00194	TGGCTAATTTTTTTTTAAGTAGAGACGGGG
pattern_3		19:53674839:G:A:A:wC	20	49	-	16.9286	6.59e-07	0.00304	AAAAAAAAAAATATATATATATATATATAT
pattern_3		9:6177291:G:T:A:wC	15	44	-	16.9167	6.65e-07	0.00304	AAAACTTAAAGTATAATAATAAAAAATAAA
pattern_3		3:155547945:G:A:A:wC	137	166	+	16.9167	6.65e-07	0.00304	CTCTACTGAAAAATACAAAAAAAAAAAAAA
pattern_0		15:84552515:G:T:R:wC	119	148	+	16.4881	6.68e-07	0.000735	TTTCAAACTTCTGGCCTCAAGTGATCCTCC
pattern_4		5:76752546:A:C:A:wC	66	95	-	16.5833	6.71e-07	0.17	AAAAATAATAAAATAAAAATTTTTAAAAAT
pattern_0		11:68654182:G:T:A:wC	142	171	+	16.4762	6.72e-07	0.000739	CCTCAACCTCTCAGGCTCAAGCCATCCTCT
pattern_3		11:7983846:G:A:A:wC	28	57	-	16.9048	6.72e-07	0.00304	CTCAAAAAAAAAAAAAAAAAAAAAAGAACA
pattern_3		1:185401229:T:C:A:wC	55	84	-	16.9048	6.72e-07	0.00304	AAAATAATAACAATAAAAAATTTAAAAAAA
pattern_3		17:62387091:C:T:R:wC	65	94	-	16.9048	6.72e-07	0.00304	ACCTAACACAAATTAAAAAATAAAATAAAA
pattern_3		12:10597582:A:C:A:wC	24	53	-	16.8929	6.8e-07	0.00304	AAAAAAAAAAAAAAAAAAAAAATTAGTGCA
pattern_3		3:32982922:T:C:R:wC	27	56	-	16.8929	6.8e-07	0.00304	CAAAAAAAAAAAAAAAAAAAAAAAAAAATG
pattern_3		2:75120525:C:A:R:wC	16	45	+	16.881	6.87e-07	0.00304	TGTTAACTATTATTAATAAATTTTAACATT
pattern_3		1:46883303:A:G:A:wC	145	174	-	16.881	6.87e-07	0.00304	ATAAAAAAAAAAAAAAAAAAAAGAACAAAG
pattern_3		1:46883303:A:G:R:wC	145	174	-	16.881	6.87e-07	0.00304	ATAAAAAAAAAAAAAAAAAAAAGAACAAAG
pattern_2		22:51219704:G:A:R:wC	159	188	-	-1.10976	6.87e-07	0.00204	AGTTTTTTTTTTTTTTTTTTTGAGACGGAG
pattern_0		9:128170423:G:C:A:wC	49	78	-	16.4286	6.91e-07	0.000759	TCCCGGCCCCGGGGCGCCCCGTGAGTCCCG
pattern_3		1:1835016:C:T:A:wC	30	59	-	16.869	6.94e-07	0.00306	TCAAAAAAAAAAAAAAAAAAAAAGCCAAAA
pattern_5		7:144547326:T:C:R:wC	103	132	-	16.8095	7e-07	0.0154	AAAAGAAACATTTTTTAAAAAATAAAACAC
pattern_5		1:167430825:G:A:R:wC	47	76	+	16.7976	7.08e-07	0.0154	GAATATGTAATTTTGAAATAAGAGAAAATA
pattern_3		12:118682338:C:T:R:wC	66	95	-	16.8452	7.08e-07	0.00311	AGAAAAAAGAAATTAACAAAATTCTTTAAA
pattern_3		10:104637508:T:C:R:wC	91	120	-	16.8333	7.16e-07	0.00313	CAAAAAAAAAAAAAAAAAAAAAAGAAGTTA
pattern_1		12:54124477:C:T:R:wC	5	34	-	16.9286	7.3e-07	0.0548	AAAAATAAAAAAATAAAAAAATGTGGTACA
pattern_3		13:113352130:C:T:A:wC	11	40	-	16.8095	7.31e-07	0.00317	ACTAAAAAAAAAAAAAAAAAAAAAAAAAAC
pattern_3		10:8125134:C:T:A:wC	145	174	+	16.8095	7.31e-07	0.00317	CAAAAAAAAAAAAAAAAAAAAAAAAGAATG
pattern_5		12:54124477:C:T:R:wC	13	42	-	16.7619	7.32e-07	0.0154	TAAAAAATAAAAATAAAAAAATAAAAAAAT
pattern_3		2:193101110:C:T:A:wC	167	196	-	16.7976	7.38e-07	0.00319	ATGTAAAAAAAATTAAGAAAAATCAATCAG
pattern_2		10:94475111:G:A:R:wC	73	102	+	-1.40244	7.39e-07	0.00219	CCTTTTTTTTTTTTTTTTTTTGAGACCGAG
pattern_5		2:237780337:C:T:R:wC	49	78	-	16.75	7.41e-07	0.0154	CGTAAATAAGTATTAAAAGAAGAAGGAAAT
pattern_5		2:237780337:C:T:A:wC	49	78	-	16.75	7.41e-07	0.0154	CGTAAATAAGTATTAAAAGAAGAAGGAAAT
pattern_3		12:28300347:A:G:A:wC	13	42	-	16.7857	7.46e-07	0.00321	AAAAAAAAAAAAAAAAAAAGAAAAAGAAAA
pattern_2		15:68589371:G:A:R:wC	4	33	+	-1.43902	7.46e-07	0.0022	GTTTTTGTTTGTTTGTTTTTTGAGACAGGG
pattern_5		1:63867281:G:A:R:wC	61	90	+	16.7381	7.49e-07	0.0154	CAGGAGAATCGCTTAAAAAAAAAAAAAACC
pattern_3		17:29073546:C:T:A:wC	21	50	-	16.7738	7.54e-07	0.00322	CAAAAAAGAAAAAAAAAAAAAAGAATATAA
pattern_3		12:66199734:G:A:A:wC	137	166	+	16.7738	7.54e-07	0.00322	AAATAAAATAAAATAAATTTAAAAAATAAT
pattern_3		6:7388128:G:A:R:wC	53	82	+	16.7619	7.62e-07	0.00324	TCTCTACTAAAAATACAAAAAAAAAAAAAA
pattern_0		1:1548801:T:C:A:wC	74	103	+	16.25	7.65e-07	0.000839	TCATGAACTCCTGACCTCAAGTGATCCGCC
pattern_2		3:24341264:A:T:A:wC	113	142	+	-1.56098	7.69e-07	0.00226	TTTATTTTTTTTTTTTTAGCAAACATACCA
pattern_3		11:12418784:C:A:A:wC	87	116	-	16.75	7.7e-07	0.00326	CCATCTCTAAAAATAATAATAAATAAATGA
pattern_3		12:66199734:G:A:A:wC	117	146	+	16.7381	7.78e-07	0.00326	CTCAAAAAGTAAATAAAATAAAATAAAATA
pattern_3		18:55129900:A:G:R:wC	147	176	-	16.7381	7.78e-07	0.00326	AAAAAAAAAAAAAAAAAAAAAGAAAGAAAA
pattern_0		3:12396779:C:T:A:wC	69	98	+	16.1905	7.91e-07	0.000866	CCTCAGCCTCACTAGTAGCTGGGACTACAG
pattern_0		19:33406091:G:A:A:wC	114	143	-	16.1905	7.91e-07	0.000866	TCCCAGCCTCTCAAAGTTTTGGGATTACAG
pattern_1		19:53674839:G:A:A:wC	18	47	-	16.8333	7.92e-07	0.0555	AAAAAAAAATATATATATATATATATATAC
pattern_3		6:51392548:C:A:R:wC	156	185	-	16.7143	7.94e-07	0.00332	AAAAAAAAAAAAAAAAAAAAAAAGAAGAAG
pattern_2		1:1835016:C:T:A:wC	37	66	+	-1.70732	7.98e-07	0.00234	TTTTTTTTTTTTTTTTTTTTTGAGCCAGAG
pattern_2		1:85723733:T:C:A:wC	162	191	-	-1.71951	8e-07	0.00234	TTTTTTTTTTTCTTTTTTTTTGAGACAGCA
pattern_0		3:195436339:C:T:R:wC	99	128	-	16.1667	8.02e-07	0.000877	TTTTGGCCTCCCAAAGTTCTGGGTTTATGG
pattern_4		2:110316208:G:A:R:wC	17	46	+	16.3929	8.09e-07	0.17	TTGAAATAATTAATATAAAATGTTAAGATC
pattern_3		10:104637508:T:C:R:wC	90	119	-	16.6905	8.1e-07	0.00333	AAAAAAAAAAAAAAAAAAAAAAGAAGTTAT
pattern_3		12:66199734:G:A:A:wC	144	173	+	16.6905	8.1e-07	0.00333	ATAAAATAAATTTAAAAAATAATAATAAAT
pattern_3		4:169659504:G:C:R:wC	126	155	-	16.6905	8.1e-07	0.00333	TATTAAAACAAAATAAAAATTATCGAACAT
pattern_3		4:169659504:G:C:R:wC	136	165	-	16.6905	8.1e-07	0.00333	ATAGAACACATATTAAAACAAAATAAAAAT
pattern_3		18:55129900:A:G:R:wC	145	174	-	16.6786	8.19e-07	0.00333	AAAAAAAAAAAAAAAAAAAGAAAGAAAATA
pattern_5		11:47241411:T:C:A:wC	14	43	-	16.6429	8.2e-07	0.0166	AAAAATAAACAAATAAATAAATAAAGAGAC
pattern_3		3:32982922:T:C:R:wC	31	60	-	16.6667	8.27e-07	0.00333	ATCTCAAAAAAAAAAAAAAAAAAAAAAAAA
pattern_3		21:40977763:C:T:A:wC	32	61	-	16.6667	8.27e-07	0.00333	GAAAAAATAAAAATAATAAAATTAGCTGCA
pattern_3		6:139019622:A:C:R:wC	77	106	-	16.6667	8.27e-07	0.00333	TAATAATAAATTATATAAATATATAAATAG
pattern_3		6:51392548:C:A:R:wC	163	192	-	16.6667	8.27e-07	0.00333	ATCTCAAAAAAAAAAAAAAAAAAAAAAAAA
pattern_0		12:89874125:G:A:A:wC	105	134	+	16.1071	8.29e-07	0.000906	TCTCAAACTCCTGGACTCAAGCAATCCACT
pattern_3		22:47358892:A:G:A:wC	147	176	+	16.6548	8.36e-07	0.00333	TCTCTACTAAAAATACAAAAAAAAAAAAAT
pattern_3		18:10879503:G:C:R:wC	150	179	-	16.6548	8.36e-07	0.00333	TCTATACTAAAAATACAAAAAATTAGCCAG
pattern_3		18:9850212:G:A:R:wC	166	195	-	16.6548	8.36e-07	0.00333	TCTAAAAATAAAAAAATAATAATAATCTAC
pattern_3		3:24341264:A:T:A:wC	106	135	-	16.6429	8.44e-07	0.00336	TTTGCTAAAAAAAAAAAAATAAATAAATAA
pattern_0		19:14461028:C:T:A:wC	66	95	-	16.0595	8.52e-07	0.000929	TCTCAAACTCCTGACCTCAGGCAATCCGCC
pattern_2		1:26645970:T:A:R:wC	75	104	-	-2.0122	8.61e-07	0.00251	GCTAATTTTTTTTTTTTTTCCGAGACAGAG
pattern_3		7:121801416:C:A:A:wC	16	45	+	16.619	8.62e-07	0.0034	TCTCAAAAAAAAAAAAAAAAAAAAAAGAAA
pattern_3		12:11962839:C:T:A:wC	7	36	-	16.619	8.62e-07	0.0034	TCCAAAAAAAAAAAAAAAAAAAAAAAAAAG
pattern_0		13:97664622:C:T:R:wC	53	82	+	16.0238	8.69e-07	0.000946	ACTCAGCCTTCCAAAGTGCTAGGATTACAG
pattern_0		19:46768753:A:G:A:wC	128	157	-	16.0238	8.69e-07	0.000946	TCTCAAACTCCTGGGCTCGAGCGATCGCTG
pattern_0		2:70094137:C:T:R:wC	153	182	+	16.0119	8.75e-07	0.000952	CCTGAGCCTCCCAAGTAGCTGGGACTACAA
pattern_3		8:22466488:T:G:R:wC	171	200	-	16.5952	8.79e-07	0.00344	TTGTCTCAAAAAAAAAAAAAAAAGAAAAAA
pattern_0		9:123332843:C:T:A:wC	147	176	-	16	8.81e-07	0.000957	TCTCGAACTTCTGACCTCAGGTGATCCACC
pattern_3		12:28300347:A:G:A:wC	19	48	-	16.5833	8.88e-07	0.00344	ATCTCAAAAAAAAAAAAAAAAAAAAGAAAA
pattern_3		5:76752546:A:C:A:wC	68	97	-	16.5833	8.88e-07	0.00344	AAAAAAATAATAAAATAAAAATTTTTAAAA
pattern_3		17:28771495:T:C:R:wC	136	165	-	16.5833	8.88e-07	0.00344	AAAAAAAAAAAAAAAAAAAAAAAAAAGTTA
pattern_3		16:81763386:A:C:A:wC	170	199	-	16.5833	8.88e-07	0.00344	CTCAAAAAAAAAAAAAAAAAAAAACAAAAA
pattern_5		7:6079662:T:C:A:wC	153	182	-	16.5476	8.96e-07	0.0176	AGGAAGACTGTTTCAAAAAAAATAAAAAAA
pattern_3		16:19992996:G:A:A:wC	4	33	-	16.5714	8.98e-07	0.00345	TTTTTAAAAATTTTAAAAATAAAATGTTTT
pattern_3		16:19992996:G:A:R:wC	4	33	-	16.5714	8.98e-07	0.00345	TTTTTAAAAATTTTAAAAATAAAATGTTTT
pattern_2		8:81405922:G:A:A:wC	55	84	-	-2.20732	9.03e-07	0.00263	TTTTGTTTTGTTTTTAAATTAGAGACGGGG
pattern_5		19:49508265:A:G:R:wC	50	79	+	16.5357	9.06e-07	0.0176	TAAAAATAAAAAATTAAAAAAAAAAAAACA
pattern_3		12:54124477:C:T:R:wC	23	52	-	16.5595	9.07e-07	0.00346	AATAAAAAAATAAAAAATAAAAATAAAAAA
pattern_3		7:95966546:G:A:A:wC	31	60	-	16.5595	9.07e-07	0.00346	CTCAATAAATAAATAAATAAATATAAATAA
pattern_0		12:33562535:G:A:A:wC	127	156	+	15.9405	9.11e-07	0.000988	CCTCAGTCTTCCGAGTAGCTGGGACTACAG
pattern_2		17:29073546:C:T:A:wC	29	58	+	-2.2561	9.14e-07	0.00265	TTTTTTTTTTTTTTCTTTTTTGAGATGGAG
pattern_3		1:185401229:T:C:A:wC	46	75	-	16.5476	9.16e-07	0.00347	ACAATAAAAAATTTAAAAAAAGAAATAAAA
pattern_3		17:76923151:G:A:R:wC	50	79	-	16.5476	9.16e-07	0.00347	CTTTTTAAAAAAAAAAAAAAAAAAAACAAA
pattern_3		10:38015694:G:A:A:wC	48	77	-	16.5238	9.35e-07	0.0035	AAAAAAAAAAAAAAAAAAAAAAAAAAAATC
pattern_3		8:22335170:C:T:A:wC	64	93	-	16.5238	9.35e-07	0.0035	ATCTCTAAAAAAATAAAATAAAATAAAATG
pattern_3		17:28771495:T:C:R:wC	137	166	-	16.5238	9.35e-07	0.0035	CAAAAAAAAAAAAAAAAAAAAAAAAAAGTT
pattern_0		3:49355005:T:C:A:wC	151	180	+	15.8929	9.36e-07	0.00101	GCTCCGCCTCCTGGGTTCACATCATTCTCC
pattern_5		7:6079662:T:C:A:wC	144	173	-	16.5	9.37e-07	0.0178	GTTTCAAAAAAAATAAAAAAATAAAACTAA
pattern_1		6:139019622:A:C:R:wC	77	106	-	16.631	9.41e-07	0.0587	TAATAATAAATTATATAAATATATAAATAG
pattern_3		6:121788131:C:T:A:wC	5	34	-	16.5119	9.44e-07	0.0035	TCAAAAAAAAAAAAAAAAAAAAAAAAGTTA
pattern_3		18:53373610:G:A:A:wC	12	41	-	16.5119	9.44e-07	0.0035	CTCAAAAAAAAAAAAAAAAAAAACAGAGAA
pattern_3		12:66199734:G:A:A:wC	133	162	+	16.5119	9.44e-07	0.0035	AATAAAATAAAATAAAATAAATTTAAAAAA
pattern_5		2:110316208:G:A:R:wC	17	46	-	16.4881	9.47e-07	0.0178	GATCTTAACATTTTATATTAATTATTTCAA
pattern_0		3:32982922:T:C:R:wC	151	180	+	15.869	9.48e-07	0.00103	CCTCAGCCTGCCGCGTAGCTGGGACTACAG
pattern_6		12:89874125:G:A:A:wC	160	189	+	17.0119	9.56e-07	0.0816	TATAAAGCTAATTTATAATTCTTTTTTTTT
pattern_1		19:53674839:G:A:A:wC	18	47	+	16.6071	9.6e-07	0.0587	GTATATATATATATATATATATTTTTTTTT
pattern_3		17:37191932:G:A:A:wC	53	82	-	16.4881	9.64e-07	0.00355	TCTCAATTAAAAAAAAAAAAAAAAAAAAAA
pattern_3		17:64660752:T:C:A:wC	115	144	-	16.4881	9.64e-07	0.00355	TTGCCAAAAAAAAAAAAAAAAAAAAAAAAA
pattern_5		13:93912671:A:T:R:wC	131	160	+	16.4643	9.68e-07	0.0178	GAATAGGAAACTTTGAAATAAATATCTTTG
pattern_3		16:3538625:T:C:R:wC	6	35	-	16.4762	9.74e-07	0.00356	ATCTCAAAAAAAAAAAAAAAAAAGAAAATA
pattern_3		12:66199734:G:A:A:wC	147	176	+	16.4762	9.74e-07	0.00356	AAATAAATTTAAAAAATAATAATAAATAAA
pattern_6		16:19992996:G:A:R:wC	4	33	-	16.9762	9.82e-07	0.0816	TTTTTAAAAATTTTAAAAATAAAATGTTTT
pattern_6		16:19992996:G:A:A:wC	4	33	-	16.9762	9.82e-07	0.0816	TTTTTAAAAATTTTAAAAATAAAATGTTTT
pattern_3		12:66199734:G:A:A:wC	122	151	+	16.4643	9.84e-07	0.00358	AAAGTAAATAAAATAAAATAAAATAAAATA
pattern_0		15:91407994:G:A:R:wC	130	159	-	15.7976	9.87e-07	0.00107	TCTCAAACTCCTGACTTCAAGTGAACCACC
pattern_5		2:243054736:T:C:A:wC	5	34	-	16.4405	9.9e-07	0.0178	GCTACTGGCAAATTAAAAAAAAAAAGTTTA
pattern_0		10:104631189:G:A:R:wC	90	119	-	15.7857	9.93e-07	0.00107	CCTCAGCCTCCCCAGCAGCCGGAACTACAG
pattern_3		22:31991001:G:A:A:wC	72	101	-	16.4524	9.94e-07	0.00361	TTAAAAATAAATAAATAAATAAATAAATAA
pattern_5		8:8136410:C:T:R:wC	10	39	-	16.4286	1e-06	0.0178	AAGTAGAGTAAATTAAAAGAAATTCAACAC
pattern_2		15:65566674:G:A:R:wC	150	179	-	-2.63415	1e-06	0.0029	GTTTGTTTGTTTTGTTTTGTGGAGATGCGG
pattern_6		22:29431626:T:C:A:wC	24	53	+	16.9405	1.01e-06	0.0816	AGTCTATTTATTTTAAAATTTTTTTTCTTT
pattern_6		22:29431626:T:C:R:wC	24	53	+	16.9405	1.01e-06	0.0816	AGTCTATTTATTTTAAAATTTTTTTTCTTT
pattern_0		9:16737384:G:C:R:wC	46	75	+	15.75	1.01e-06	0.00109	GCTCCGCCTCCCAAGCTCACACCATTCTCC
pattern_3		7:4807826:T:C:R:wC	23	52	-	16.4286	1.01e-06	0.00366	AAAAAAAAAAAAAAAAAAAAAAAAAAGAAG
pattern_3		2:111928231:C:G:A:wC	147	176	+	16.4286	1.01e-06	0.00366	AAAAAAAAAAAAAAAAAAAAAAAAAAGAAG
pattern_5		9:6177291:G:T:A:wC	12	41	-	16.4048	1.02e-06	0.0179	ACTTAAAGTATAATAATAAAAAATAAAAAA
pattern_3		6:7388128:G:A:R:wC	59	88	+	16.4167	1.02e-06	0.00367	CTAAAAATACAAAAAAAAAAAAAAAAAAAA
pattern_3		6:7388128:G:A:R:wC	61	90	+	16.4167	1.02e-06	0.00367	AAAAATACAAAAAAAAAAAAAAAAAAAAAT
pattern_0		1:68013053:T:A:A:wC	95	124	+	15.7262	1.03e-06	0.0011	CCTCAACTTCACGGGTAGCTGGGATTAGAG
pattern_0		7:37978666:T:C:R:wC	96	125	+	15.7262	1.03e-06	0.0011	GCTCTGCCTCCTGAGTTCACACCATTCTCC
pattern_0		19:33856191:A:G:R:wC	120	149	+	15.7262	1.03e-06	0.0011	CCTCGACCTTCTAGGCTCAAGCCACCCTCC
pattern_2		1:116460355:G:A:A:wC	157	186	-	-2.73171	1.03e-06	0.00296	TTTTTTTTTTTTTTTTTTTTTGAGACAGTC
pattern_2		1:116460355:G:A:R:wC	157	186	-	-2.73171	1.03e-06	0.00296	TTTTTTTTTTTTTTTTTTTTTGAGACAGTC
pattern_3		6:121788131:C:T:A:wC	6	35	-	16.4048	1.03e-06	0.00368	CTCAAAAAAAAAAAAAAAAAAAAAAAAGTT
pattern_3		15:90241150:G:A:A:wC	53	82	-	16.4048	1.03e-06	0.00368	TCTCAAAAAAAAAAAAAAAAAAATTATAAA
pattern_0		12:89874125:G:A:A:wC	2	31	+	15.7024	1.04e-06	0.00112	CCTTAACCTCCAAAGTAGCTGGGACTACAG
pattern_4		10:78342790:G:A:A:wC	13	42	-	16.131	1.04e-06	0.17	AACAAACAATAAATAAATAAATTATAGAAA
pattern_3		6:51392548:C:A:R:wC	159	188	-	16.3929	1.05e-06	0.00371	CAAAAAAAAAAAAAAAAAAAAAAAAAGAAG
pattern_2		1:95709758:G:T:A:wC	87	116	+	-2.81707	1.05e-06	0.00301	ATTATTTTTGGATTCCTTCCAGAGACAGAT
pattern_3		13:113352130:C:T:A:wC	14	43	-	16.381	1.06e-06	0.00371	TCTACTAAAAAAAAAAAAAAAAAAAAAAAA
pattern_3		1:226448407:A:G:R:wC	17	46	-	16.381	1.06e-06	0.00371	AAAAAAAAAAAAAAAAAAAAAAAACTCATT
pattern_1		11:77772619:G:A:R:wC	141	170	-	16.4881	1.06e-06	0.0587	AAAAAGAAAAAGAAAAAAATATTCTACTTC
pattern_1		11:77772619:G:A:A:wC	141	170	-	16.4881	1.06e-06	0.0587	AAAAAGAAAAAGAAAAAAATATTCTACTTC
pattern_0		15:41760617:A:G:R:wC	80	109	+	15.6667	1.06e-06	0.00114	GCTCCGCCTCCTGGGTTCACACCATTCTCC
pattern_2		3:63812600:G:A:R:wC	116	145	-	-2.86585	1.06e-06	0.00304	TCTTTTTCTTTTTTTTTTTCTGAGATGGAG
pattern_2		17:62407974:C:T:A:wC	113	142	-	-2.87805	1.07e-06	0.00304	TACTAATTTTTTTTTTTTTTTGAGATGGAG
pattern_3		3:32982922:T:C:R:wC	21	50	-	16.369	1.07e-06	0.00371	AAAAAAAAAAAAAAAAAAAAAATGAAAAGA
pattern_3		5:76752546:A:C:A:wC	71	100	-	16.369	1.07e-06	0.00371	GCAAAAAAAATAATAAAATAAAAATTTTTA
pattern_3		9:100763455:C:T:R:wC	112	141	-	16.369	1.07e-06	0.00371	GTCTAAAAAAAAAAAAAAAAAATTAAACCA
pattern_3		9:100763455:C:T:A:wC	112	141	-	16.369	1.07e-06	0.00371	GTCTAAAAAAAAAAAAAAAAAATTAAACCA
pattern_0		9:92271016:C:T:A:wC	49	78	+	15.6548	1.07e-06	0.00115	CCTAAGCCCCCGGAGTGAAAGCGATGCTGC
pattern_0		13:97664622:C:T:R:wC	21	50	+	15.6429	1.08e-06	0.00115	GGTCTTGCTCCTGACCTCATGTGATCCACC
pattern_3		17:64660752:T:C:A:wC	114	143	-	16.3571	1.08e-06	0.00373	TGCCAAAAAAAAAAAAAAAAAAAAAAAAAA
pattern_0		9:123332843:C:T:A:wC	115	144	-	15.631	1.08e-06	0.00116	CCGCAGCCTCCCAAAGTGCTGGGTTTACAG
pattern_2		5:68806965:G:A:R:wC	34	63	+	-2.96341	1.09e-06	0.0031	GTCCATTTTTTTTTTCTTTTTGAGACGGAG
pattern_6		19:49508265:A:G:R:wC	51	80	+	16.8333	1.09e-06	0.0819	AAAAATAAAAAATTAAAAAAAAAAAAACAG
pattern_2		22:24971781:T:C:A:wC	24	53	+	-3	1.1e-06	0.00311	CAGATCTTTTTTTTTTTTTTTGAGACGGAG
pattern_2		17:17481353:G:T:A:wC	69	98	-	-3	1.1e-06	0.00311	TGCTTTTTTTTTTTTTTTTTTGAGACGGAG
pattern_3		7:6079662:T:C:A:wC	136	165	-	16.3333	1.1e-06	0.00379	AAAAATAAAAAAATAAAACTAAAAACATGA
pattern_2		17:79911421:T:C:R:wC	156	185	+	-3.0122	1.1e-06	0.00311	TTTTGTTTTGTTTTGTTTTTTGAGACAAGG
pattern_3		17:37191932:G:A:A:wC	48	77	-	16.3095	1.12e-06	0.00385	ATTAAAAAAAAAAAAAAAAAAAAAAGCCAG
pattern_3		15:91418297:T:A:R:wC	58	87	-	16.3095	1.12e-06	0.00385	CTCAAAAAAAAAAAAAAAAAAAAAAGTGTA
pattern_3		1:90234055:C:A:R:wC	23	52	-	16.2976	1.13e-06	0.00386	AAATAGAAAAAATAAAAAATAAAAAAAGAA
pattern_3		1:90234055:C:A:A:wC	23	52	-	16.2976	1.13e-06	0.00386	AAATAGAAAAAATAAAAAATAAAAAAAGAA
pattern_2		17:36003551:G:A:A:wC	158	187	+	-3.13415	1.13e-06	0.00319	TTATCTTTTTTTTTTTTTTTTGAAACAAGG
pattern_0		4:186580675:G:A:R:wC	77	106	+	15.5357	1.14e-06	0.00122	GCTCCACCTCCTGGGTTCACGCCGTTCTCC
pattern_3		17:27099061:C:A:R:wC	108	137	+	16.2857	1.14e-06	0.00389	TGTCTCAAAATAGTAATAATAATAATTTTA
pattern_3		8:22335170:C:T:A:wC	59	88	-	16.2738	1.16e-06	0.00391	TAAAAAAATAAAATAAAATAAAATGCCTAA
pattern_3		9:100763455:C:T:R:wC	111	140	-	16.2619	1.17e-06	0.00393	TCTAAAAAAAAAAAAAAAAAATTAAACCAG
pattern_3		9:100763455:C:T:A:wC	111	140	-	16.2619	1.17e-06	0.00393	TCTAAAAAAAAAAAAAAAAAATTAAACCAG
pattern_3		13:100696718:A:C:A:wC	118	147	-	16.25	1.18e-06	0.00395	TCTACTAAAAAAATACAAAAAATTAGCCAG
pattern_1		5:87978252:T:C:R:wC	28	57	-	16.3571	1.18e-06	0.0608	AGTGTAATTTTTTAATAAATATTTTCCTGT
pattern_5		2:32642798:T:C:R:wC	134	163	-	16.2381	1.19e-06	0.0205	CAAAAAATAAAAATAAAAAAATAATTTCAC
pattern_0		1:19661814:A:T:A:wC	96	125	-	15.4524	1.2e-06	0.00128	CCTCAGCCTCCCAAAGTGCTGGGACAATAG
pattern_3		2:242375013:G:A:R:wC	6	35	-	16.2262	1.2e-06	0.00402	TCTCAAAAAAAAAAAAAAAAAAATTACAAA
pattern_2		2:204469679:C:G:A:wC	167	196	-	-3.37805	1.2e-06	0.00338	TTTCTTCTTTTTTTTTTTTTTGAGACAGAG
pattern_0		6:33784833:G:C:R:wC	92	121	-	15.4286	1.21e-06	0.00129	CCTCCACCTCAAGAAGGCATGCGGTTCTTA
pattern_2		7:99113672:G:A:A:wC	36	65	+	-3.41463	1.21e-06	0.0034	CATCTTTGCTTTTTTTTTTTTGAGACAGGG
pattern_3		9:131683644:C:T:A:wC	25	54	-	16.2143	1.21e-06	0.00403	CTCAAAATAAATAAATAAATAATAAATAAA
pattern_3		12:10597582:A:C:A:wC	28	57	-	16.2143	1.21e-06	0.00403	TCAAAAAAAAAAAAAAAAAAAAAAAATTAG
pattern_5		10:102703978:C:T:A:wC	62	91	+	16.2143	1.22e-06	0.0206	GGTTAATGGTTTTTAAAAAAAAAAAAGTCT
pattern_1		12:22763881:T:C:A:wC	66	95	+	16.3214	1.22e-06	0.0608	TGTTATATACATAAATATATATTTATAATA
pattern_0		12:50515808:C:T:A:wC	153	182	+	15.4167	1.22e-06	0.0013	CTTCAGCCTCATGAGTAGCTGGGACTACAG
pattern_3		16:29924422:A:T:R:wC	80	109	+	16.2024	1.23e-06	0.00404	AATTAACAGAGAATAATAAAAGTCTACAAT
pattern_0		2:26400468:C:T:A:wC	61	90	+	15.3929	1.24e-06	0.00131	TCTCAAACTCCTGGTCTCAATGAAGCCTCC
pattern_3		1:90234055:C:A:R:wC	27	56	-	16.1905	1.24e-06	0.00404	AAATAAATAGAAAAAATAAAAAATAAAAAA
pattern_3		1:90234055:C:A:A:wC	27	56	-	16.1905	1.24e-06	0.00404	AAATAAATAGAAAAAATAAAAAATAAAAAA
pattern_3		20:17848206:T:G:A:wC	63	92	+	16.1905	1.24e-06	0.00404	TTTATCAAAATAATAACAAGAGTGATCATA
pattern_3		8:76755254:T:C:A:wC	50	79	-	16.1905	1.24e-06	0.00404	TTTTACTAAAAAAAAAAAAAAAAAAATTAT
pattern_3		7:6079662:T:C:A:wC	142	171	-	16.1905	1.24e-06	0.00404	TTCAAAAAAAATAAAAAAATAAAACTAAAA
pattern_2		16:1921284:A:G:R:wC	34	63	+	-3.54878	1.25e-06	0.00351	TTTTGTTTTGTTTTGTTTTTTGAGACAGAG
pattern_5		9:91453898:T:C:R:wC	110	139	+	16.1786	1.26e-06	0.021	GAAAAACATATTCTAAATGAAAAATTGCAT
pattern_6		12:54124477:C:T:R:wC	26	55	-	16.631	1.26e-06	0.0885	AAAAATAAAAAAATAAAAAATAAAAATAAA
pattern_3		12:54124477:C:T:R:wC	16	45	-	16.1667	1.26e-06	0.0041	AAATAAAAAATAAAAATAAAAAAATAAAAA
pattern_0		11:108051989:G:A:R:wC	74	103	-	15.3452	1.27e-06	0.00135	TCTCGAACTCCTGACCTCGGGTGATCTGCC
pattern_2		19:3418156:A:G:R:wC	38	67	+	-3.62195	1.28e-06	0.00356	TTTCTTTTTTTTTTTTTTTTTGAGACATAG
pattern_3		6:121788131:C:T:A:wC	3	32	-	16.1548	1.28e-06	0.0041	AAAAAAAAAAAAAAAAAAAAAAAAGTTAAA
pattern_3		17:76923151:G:A:R:wC	44	73	-	16.1548	1.28e-06	0.0041	AAAAAAAAAAAAAAAAAAAACAAAAAAAAA
pattern_0		17:2619649:G:A:A:wC	118	147	-	15.3333	1.28e-06	0.00136	GCCTTGGCCCCCAAAGTGCTGGTATTACAG
pattern_1		19:53674839:G:A:A:wC	22	51	-	16.2619	1.28e-06	0.0608	AAAAAAAAAAAAATATATATATATATATAT
pattern_3		12:54124477:C:T:R:wC	32	61	-	16.1429	1.29e-06	0.0041	TCTCAAAAAAATAAAAAAATAAAAAATAAA
pattern_3		6:7388128:G:A:R:wC	63	92	+	16.1429	1.29e-06	0.0041	AAATACAAAAAAAAAAAAAAAAAAAAATTA
pattern_3		10:38015694:G:A:A:wC	47	76	-	16.1429	1.29e-06	0.0041	AAAAAAAAAAAAAAAAAAAAAAAAAAATCA
pattern_3		8:76755254:T:C:A:wC	51	80	-	16.1429	1.29e-06	0.0041	TTTTTACTAAAAAAAAAAAAAAAAAAATTA
pattern_3		3:24341264:A:T:A:wC	98	127	-	16.1429	1.29e-06	0.0041	AAAAAAAAAAATAAATAAATAAATAAAAAA
pattern_4		7:144547326:T:C:R:wC	103	132	+	15.8929	1.3e-06	0.17	GTGTTTTATTTTTTAAAAAATGTTTCTTTT
pattern_4		22:21969640:T:C:A:wC	133	162	+	15.8929	1.3e-06	0.17	TCTTTACTAAAAATAAAAAAAATTAGCCGA
pattern_3		14:32922842:G:C:R:wC	32	61	-	16.1071	1.33e-06	0.0042	AAAAAAAAAAAAAAAAAAAAAAGAAAAGAA
pattern_3		2:219272294:G:T:R:wC	146	175	-	16.1071	1.33e-06	0.0042	AAAAAAAAAAAAAAAAAAAAAAGAAAAGAA
pattern_1		1:72819884:T:C:R:wC	130	159	-	16.2143	1.33e-06	0.0608	AAATTTTATACTTGAAATATATGCATTTTA
pattern_3		1:200019951:C:T:A:wC	170	199	+	16.0833	1.35e-06	0.00423	AAAAATAAATAAATAAATAAATTGATGTTA
pattern_5		7:95966546:G:A:A:wC	21	50	-	16.0952	1.36e-06	0.0217	AAATAAATAAATATAAATAAATGAAATCTA
pattern_2		7:95966546:G:A:A:wC	37	66	+	-3.91463	1.37e-06	0.00381	ATATTTATTTATTTATTTATTGAGACGGAG
pattern_5		14:24158734:A:G:A:wC	16	45	-	16.0833	1.37e-06	0.0217	CTTAAAGTATAATTTAAAAAAAAAAAACCA
pattern_3		17:1335942:G:A:R:wC	58	87	+	16.0595	1.38e-06	0.00423	TCTCTACTAAAAATATAAAAAATTAGCCAG
pattern_5		8:126479522:T:C:R:wC	81	110	-	16.0714	1.39e-06	0.0217	AGAGATAAGGATTTAAAAAAAAAAAAGGCC
pattern_5		2:42626124:C:T:A:wC	156	185	-	16.0714	1.39e-06	0.0217	AAAAAAAAAAAAAGAAAAGAAAAAAAAAGA
pattern_2		17:19918630:C:T:A:wC	75	104	+	-3.96341	1.39e-06	0.00384	AATTTAATTTTTTTTTTTTTTGAGATAGAG
pattern_3		1:222829373:G:A:A:wC	28	57	-	16.0476	1.4e-06	0.00423	CAAAAAAAAAAAAAAAAAAAAAAAAGGGAA
pattern_3		1:46883303:A:G:R:wC	148	177	-	16.0476	1.4e-06	0.00423	TTAATAAAAAAAAAAAAAAAAAAAAGAACA
pattern_3		1:46883303:A:G:A:wC	148	177	-	16.0476	1.4e-06	0.00423	TTAATAAAAAAAAAAAAAAAAAAAAGAACA
pattern_2		11:12418784:C:A:A:wC	89	118	+	-4.0122	1.4e-06	0.00388	ATTTATTTATTATTATTTTTAGAGATGGCG
pattern_0		11:68911500:A:C:A:wC	100	129	+	15.1548	1.41e-06	0.00149	CCTCAGCCTGCCAAGTGGCTGAGATTAAAG
pattern_3		8:59338856:G:C:R:wC	2	31	-	16.0357	1.41e-06	0.00423	TCTCAAAAAAAAAAAAAAAAAAAAAAGATT
pattern_3		3:196202508:G:A:A:wC	9	38	-	16.0357	1.41e-06	0.00423	CTATCTCAAAAAAAAAAAAAAAAGAAAAAA
pattern_3		1:46883303:A:G:R:wC	149	178	-	16.0357	1.41e-06	0.00423	CTTAATAAAAAAAAAAAAAAAAAAAAGAAC
pattern_3		1:46883303:A:G:A:wC	149	178	-	16.0357	1.41e-06	0.00423	CTTAATAAAAAAAAAAAAAAAAAAAAGAAC
pattern_5		10:123191538:A:G:A:wC	4	33	-	16.0476	1.42e-06	0.0219	AAAAAAAAAAAAAGAAAAAAATTATACACA
pattern_2		22:30251180:A:G:R:wC	40	69	+	-4.06098	1.42e-06	0.00391	TTTTTTTCTTTTTTTTTTTTTAAGACTGAG
pattern_3		13:113352130:C:T:A:wC	15	44	-	16.0238	1.42e-06	0.00423	CTCTACTAAAAAAAAAAAAAAAAAAAAAAA
pattern_3		3:196202508:G:A:A:wC	5	34	-	16.0119	1.44e-06	0.00423	CTCAAAAAAAAAAAAAAAAGAAAAAATATT
pattern_3		6:7388128:G:A:R:wC	60	89	+	16.0119	1.44e-06	0.00423	TAAAAATACAAAAAAAAAAAAAAAAAAAAA
pattern_0		7:135336918:T:C:A:wC	142	171	-	15.1071	1.45e-06	0.00153	TTTTGAACTCCTGACCTCAGGTGATCCGCC
pattern_3		1:171719769:C:T:R:wC	49	78	-	15.9881	1.47e-06	0.00423	TCAAAAAAAAAAAAAAAAAAAAAAAAGGAT
pattern_3		4:149672240:C:T:R:wC	71	100	-	15.9881	1.47e-06	0.00423	GAAAAAAAAAAAAAAAAAATCAAAACCAAA
pattern_3		3:24341264:A:T:A:wC	108	137	-	15.9881	1.47e-06	0.00423	TGTTTGCTAAAAAAAAAAAAATAAATAAAT
pattern_3		1:116460355:G:A:A:wC	165	194	+	15.9881	1.47e-06	0.00423	CAAAAAAAAAAAAAAAAAAAAAAAAAGAAC
pattern_3		1:116460355:G:A:R:wC	165	194	+	15.9881	1.47e-06	0.00423	CAAAAAAAAAAAAAAAAAAAAAAAAAGAAC
pattern_3		1:116460355:G:A:R:wC	168	197	+	15.9881	1.47e-06	0.00423	AAAAAAAAAAAAAAAAAAAAAAAGAACTAC
pattern_3		1:116460355:G:A:A:wC	168	197	+	15.9881	1.47e-06	0.00423	AAAAAAAAAAAAAAAAAAAAAAAGAACTAC
pattern_3		21:37511627:T:G:A:wC	147	176	-	15.9881	1.47e-06	0.00423	TGTCAAAAAAAAAAAAAAAAAAAGAAAAAG
pattern_3		9:139975755:G:A:R:wC	169	198	-	15.9881	1.47e-06	0.00423	TCTCTACTAAAAAAAAAAAAAAATACAAAA
pattern_3		13:113352130:C:T:A:wC	13	42	-	15.9762	1.48e-06	0.00423	CTACTAAAAAAAAAAAAAAAAAAAAAAAAA
pattern_3		1:1548801:T:C:A:wC	16	45	-	15.9762	1.48e-06	0.00423	TCTCTACTAAAAATACAAAAATACAAAAAA
pattern_1		11:75118589:C:A:A:wC	12	41	-	16.0833	1.48e-06	0.0641	AAATAAAAATAATAAAAAATAATTTGCGGA
pattern_2		11:77860033:T:C:A:wC	62	91	+	-4.2561	1.49e-06	0.00409	TAAGATCTTTTTTTTTTTTTTGAGACAGGG
pattern_4		6:168177053:T:C:R:wC	68	97	+	15.75	1.49e-06	0.17	ATCCTGTCTCAAATAAATAAATTAATTAAA
pattern_0		14:105292245:G:A:A:wC	87	116	-	15.0476	1.49e-06	0.00158	CCCCTCCCTGCCGGTGTTCCGGGATCTCCT
pattern_3		9:117413913:A:T:A:wC	99	128	-	15.9643	1.5e-06	0.00423	TCTCAAAAAAAAAAAAAAAAAAAAAAAAAG
pattern_3		5:34500013:T:A:R:wC	102	131	-	15.9643	1.5e-06	0.00423	TGGAAAAATAAAAAATAAATAAATAAATAA
pattern_3		1:116460355:G:A:R:wC	162	191	+	15.9643	1.5e-06	0.00423	TCTCAAAAAAAAAAAAAAAAAAAAAAAAAG
pattern_3		1:116460355:G:A:A:wC	162	191	+	15.9643	1.5e-06	0.00423	TCTCAAAAAAAAAAAAAAAAAAAAAAAAAG
pattern_3		18:55129900:A:G:R:wC	155	184	-	15.9643	1.5e-06	0.00423	TCTCAAAAAAAAAAAAAAAAAAAAAAAAAG
pattern_3		6:51392548:C:A:R:wC	162	191	-	15.9643	1.5e-06	0.00423	TCTCAAAAAAAAAAAAAAAAAAAAAAAAAG
pattern_5		6:13330152:G:A:A:wC	13	42	+	15.9762	1.51e-06	0.0229	ATCCAATAAAAACTAAAATAAATAAGTCAA
pattern_3		19:4756166:T:C:A:wC	4	33	+	15.9524	1.51e-06	0.00423	CTTTACTAAAAAAAAAAAAAAAAAATACAA
pattern_3		9:131683644:C:T:A:wC	22	51	-	15.9524	1.51e-06	0.00423	AAAATAAATAAATAAATAATAAATAAAAAT
pattern_3		7:4807826:T:C:R:wC	31	60	-	15.9524	1.51e-06	0.00423	GTCTCAAAAAAAAAAAAAAAAAAAAAAAAA
pattern_3		1:226448407:A:G:R:wC	32	61	-	15.9524	1.51e-06	0.00423	GTCTCAAAAAAAAAAAAAAAAAAAAAAAAA
pattern_3		14:32922842:G:C:R:wC	54	83	-	15.9524	1.51e-06	0.00423	GTCTCAAAAAAAAAAAAAAAAAAAAAAAAA
pattern_3		10:38015694:G:A:A:wC	70	99	-	15.9524	1.51e-06	0.00423	GTCTCAAAAAAAAAAAAAAAAAAAAAAAAA
pattern_3		9:117413913:A:T:A:wC	100	129	-	15.9524	1.51e-06	0.00423	GTCTCAAAAAAAAAAAAAAAAAAAAAAAAA
pattern_3		2:111928231:C:G:A:wC	141	170	+	15.9524	1.51e-06	0.00423	GTCTCAAAAAAAAAAAAAAAAAAAAAAAAA
pattern_3		1:116460355:G:A:R:wC	161	190	+	15.9524	1.51e-06	0.00423	GTCTCAAAAAAAAAAAAAAAAAAAAAAAAA
pattern_3		1:116460355:G:A:A:wC	161	190	+	15.9524	1.51e-06	0.00423	GTCTCAAAAAAAAAAAAAAAAAAAAAAAAA
pattern_3		2:68436423:G:A:A:wC	163	192	+	15.9524	1.51e-06	0.00423	GTCTCAAAAAAAAAAAAAAAAAAAAAAAAA
pattern_3		17:28771495:T:C:R:wC	141	170	-	15.9524	1.51e-06	0.00423	GTCTCAAAAAAAAAAAAAAAAAAAAAAAAA
pattern_3		1:40073011:G:C:R:wC	171	200	+	15.9524	1.51e-06	0.00423	GTCTCAAAAAAAAAAAAAAAAAAAAAAAAA
pattern_3		18:55129900:A:G:R:wC	156	185	-	15.9524	1.51e-06	0.00423	GTCTCAAAAAAAAAAAAAAAAAAAAAAAAA
pattern_0		2:204469679:C:G:A:wC	51	80	-	15.0119	1.52e-06	0.00161	CCTCAGCCTACCGAGTAGCTGGGACTACTA
pattern_0		19:50049882:T:G:A:wC	140	169	-	15.0119	1.52e-06	0.00161	ACTCCGCCTACCGGGTTCACGCCATTCTCC
pattern_5		15:50312468:T:G:R:wC	99	128	-	15.9643	1.52e-06	0.0229	GAAAAACTCCATCTAAAAAAAAAAAAAAAC
pattern_3		1:171719769:C:T:R:wC	45	74	-	15.9405	1.52e-06	0.00424	AAAAAAAAAAAAAAAAAAAAAAGGATGGAA
pattern_6		21:40977763:C:T:A:wC	38	67	-	16.3571	1.53e-06	0.101	ATCTATGAAAAAATAAAAATAATAAAATTA
pattern_0		19:19722864:A:G:A:wC	86	115	-	15	1.53e-06	0.00162	TCTAGAACTCCTGGCCTCAGGTGATCTGCC
pattern_3		10:8125134:C:T:A:wC	151	180	+	15.9286	1.54e-06	0.00424	AAAAAAAAAAAAAAAAAAAGAATGAAACTT
pattern_3		17:27099061:C:A:R:wC	114	143	+	15.9167	1.55e-06	0.00424	AAAATAGTAATAATAATAATTTTAAAATAA
pattern_1		3:156797365:A:G:A:wC	47	76	+	16.0238	1.56e-06	0.0641	AACAAATAAAAATAAAAATTATTTTTTTTG
pattern_2		22:29431626:T:C:R:wC	35	64	+	-4.47561	1.57e-06	0.00429	TTTAAAATTTTTTTTCTTTTTGAGACGGAG
pattern_2		22:29431626:T:C:A:wC	35	64	+	-4.47561	1.57e-06	0.00429	TTTAAAATTTTTTTTCTTTTTGAGACGGAG
pattern_3		17:29073546:C:T:A:wC	24	53	-	15.9048	1.57e-06	0.00424	TCTCAAAAAAGAAAAAAAAAAAAAAGAATA
pattern_3		1:116460355:G:A:A:wC	169	198	+	15.9048	1.57e-06	0.00424	AAAAAAAAAAAAAAAAAAAAAAGAACTACA
pattern_3		1:116460355:G:A:R:wC	169	198	+	15.9048	1.57e-06	0.00424	AAAAAAAAAAAAAAAAAAAAAAGAACTACA
pattern_0		3:55584998:C:T:A:wC	53	82	-	14.9524	1.57e-06	0.00166	GATCTGCCTCCCAGGTTCACGCCATTCTTC
pattern_5		17:62407974:C:T:A:wC	142	171	+	15.9286	1.57e-06	0.0233	AGCACATATTTTTTTAAGAAAAAAATGAAA
pattern_3		12:10597582:A:C:A:wC	33	62	-	15.8929	1.59e-06	0.00424	CTGTCTCAAAAAAAAAAAAAAAAAAAAAAA
pattern_3		1:222829373:G:A:A:wC	34	63	-	15.8929	1.59e-06	0.00424	CTGTCTCAAAAAAAAAAAAAAAAAAAAAAA
pattern_3		1:226448407:A:G:R:wC	34	63	-	15.8929	1.59e-06	0.00424	CTGTCTCAAAAAAAAAAAAAAAAAAAAAAA
pattern_3		1:171719769:C:T:R:wC	54	83	-	15.8929	1.59e-06	0.00424	CTGTCTCAAAAAAAAAAAAAAAAAAAAAAA
pattern_3		10:38015694:G:A:A:wC	72	101	-	15.8929	1.59e-06	0.00424	CTGTCTCAAAAAAAAAAAAAAAAAAAAAAA
pattern_3		9:117413913:A:T:R:wC	102	131	-	15.8929	1.59e-06	0.00424	CTGTCTCAAAAAAAAAAAAAAAAAAAAAAA
pattern_3		9:117413913:A:T:A:wC	102	131	-	15.8929	1.59e-06	0.00424	CTGTCTCAAAAAAAAAAAAAAAAAAAAAAA
pattern_3		1:116460355:G:A:R:wC	159	188	+	15.8929	1.59e-06	0.00424	CTGTCTCAAAAAAAAAAAAAAAAAAAAAAA
pattern_3		1:116460355:G:A:A:wC	159	188	+	15.8929	1.59e-06	0.00424	CTGTCTCAAAAAAAAAAAAAAAAAAAAAAA
pattern_3		2:68436423:G:A:A:wC	161	190	+	15.8929	1.59e-06	0.00424	CTGTCTCAAAAAAAAAAAAAAAAAAAAAAA
pattern_3		17:28771495:T:C:R:wC	143	172	-	15.8929	1.59e-06	0.00424	CTGTCTCAAAAAAAAAAAAAAAAAAAAAAA
pattern_3		18:55129900:A:G:R:wC	158	187	-	15.8929	1.59e-06	0.00424	CTGTCTCAAAAAAAAAAAAAAAAAAAAAAA
pattern_1		2:231268342:C:T:R:wC	168	197	-	16	1.59e-06	0.0641	AGGAAAAAAAATTTAATAATATATGTTTGC
pattern_3		15:90241150:G:A:A:wC	51	80	-	15.881	1.6e-06	0.00425	TCAAAAAAAAAAAAAAAAAAATTATAAAAG
pattern_0		13:27807938:C:T:R:wC	66	95	-	14.9167	1.6e-06	0.00169	TCTTGAACTCCTGACCTCAGGTGATCCACT
pattern_5		8:95664858:T:C:A:wC	38	67	-	15.9048	1.61e-06	0.0234	AAAAAAATGGGTTTAAAAGAAAATGAATAA
pattern_3		10:81950326:C:T:R:wC	4	33	-	15.869	1.62e-06	0.00425	AAAAAAAAAAAAAAAAAAATTTATTGTAAA
pattern_3		2:65650864:G:T:A:wC	135	164	-	15.869	1.62e-06	0.00425	TCTCAAAGAAAAAAAAAAAAAAGCATAAAT
pattern_2		1:185401229:T:C:A:wC	65	94	+	-4.62195	1.62e-06	0.00443	TTTTTTATTGTTATTATTTTTGAGACAGGG
pattern_3		1:226448407:A:G:R:wC	19	48	-	15.8452	1.65e-06	0.00425	AAAAAAAAAAAAAAAAAAAAAAAAAACTCA
pattern_3		12:10597582:A:C:A:wC	31	60	-	15.8452	1.65e-06	0.00425	GTCTCAAAAAAAAAAAAAAAAAAAAAAAAT
pattern_3		14:32922842:G:C:R:wC	31	60	-	15.8452	1.65e-06	0.00425	AAAAAAAAAAAAAAAAAAAAAGAAAAGAAA
pattern_3		12:54124477:C:T:R:wC	31	60	-	15.8452	1.65e-06	0.00425	CTCAAAAAAATAAAAAAATAAAAAATAAAA
pattern_3		9:117413913:A:T:R:wC	100	129	-	15.8452	1.65e-06	0.00425	GTCTCAAAAAAAAAAAAAAAAAAAAAAAAT
pattern_3		10:27445726:G:A:R:wC	124	153	-	15.8452	1.65e-06	0.00425	TCAAAAAAAAAAAAAAAAAAATTCATAGCA
pattern_3		11:66840675:C:T:A:wC	167	196	+	15.8452	1.65e-06	0.00425	CTCTGTCAAAAAAAAAAAAAAAAAAAAAAA
pattern_3		2:219272294:G:T:R:wC	145	174	-	15.8452	1.65e-06	0.00425	AAAAAAAAAAAAAAAAAAAAAGAAAAGAAA
pattern_2		10:43928319:C:T:R:wC	29	58	+	-4.70732	1.66e-06	0.00451	GCTAATTTTTTTTTGTTTTTTGAGGCGGAG
pattern_0		6:15378223:G:C:R:wC	74	103	+	14.8571	1.66e-06	0.00174	GCCTCTGCCTCCGGGTTCAAGTGATTGTCC
pattern_3		3:156797365:A:G:A:wC	43	72	+	15.8333	1.66e-06	0.00425	TCCGAACAAATAAAAATAAAAATTATTTTT
pattern_3		19:53674839:G:A:A:wC	26	55	-	15.8333	1.66e-06	0.00425	GAAAAAAAAAAAAAAAATATATATATATAT
pattern_3		1:171719769:C:T:R:wC	48	77	-	15.8333	1.66e-06	0.00425	CAAAAAAAAAAAAAAAAAAAAAAAAGGATG
pattern_3		9:112520879:A:T:R:wC	81	110	-	15.8333	1.66e-06	0.00425	CTGCAAAAAATAATACAAATACATTATTAT
pattern_3		2:204649276:G:A:A:wC	121	150	+	15.8333	1.66e-06	0.00425	TCTTAAAAAAAAAAAAAAAAAAAGTTAACT
pattern_3		22:32795285:G:C:A:wC	98	127	-	15.8333	1.66e-06	0.00425	CAAAAATTAAAAAAAAAAAAAATTAGCGAG
pattern_3		17:64660752:T:C:A:wC	117	146	-	15.8333	1.66e-06	0.00425	CATTGCCAAAAAAAAAAAAAAAAAAAAAAA
pattern_5		15:65566674:G:A:R:wC	11	40	-	15.8571	1.68e-06	0.0241	ACACATCCACTTTCAAAAAAAAAAAAAAAA
pattern_4		19:46398959:G:A:R:wC	45	74	-	15.619	1.68e-06	0.17	TTTTCTCGTTAAAGAAAAAATGTTGTGCTG
pattern_3		17:28771495:T:C:R:wC	133	162	-	15.8095	1.7e-06	0.00431	AAAAAAAAAAAAAAAAAAAAAAAGTTACTA
pattern_3		2:42626124:C:T:A:wC	168	197	-	15.8095	1.7e-06	0.00431	CTGTCTCAAAAAAAAAAAAAAAAAAGAAAA
pattern_0		2:48019414:G:A:A:wC	30	59	+	14.7976	1.71e-06	0.0018	TCTCCAACTTCTGACCTCAGGTGATCTGCC
pattern_3		17:28771495:T:C:R:wC	135	164	-	15.7976	1.71e-06	0.00435	AAAAAAAAAAAAAAAAAAAAAAAAAGTTAC
pattern_5		3:24341264:A:T:A:wC	88	117	-	15.8214	1.73e-06	0.0245	ATAAATAAATAAATAAAAAAAAAAGCATAC
pattern_3		19:41343700:C:T:R:wC	12	41	+	15.7857	1.73e-06	0.00436	CTGTCTCAAAAAAAAAAAAAAAAAAAAAAT
pattern_3		16:29924422:A:T:R:wC	120	149	-	15.7857	1.73e-06	0.00436	CTGTCTCAAAAAAAAAAAAAAAAAAAAAAT
pattern_3		1:214177319:T:G:A:wC	134	163	-	15.7857	1.73e-06	0.00436	TGTCTAAGAAAAATAAGAAAAAAAAGAAAA
pattern_3		10:124015767:G:C:A:wC	135	164	-	15.7738	1.75e-06	0.00438	TTAAAAATACAAATAACAAATAACATATTT
pattern_3		4:189431946:G:A:R:wC	152	181	-	15.7738	1.75e-06	0.00438	CTCAAAAAAAAAAAAAAAAAAAAAAGGCTA
pattern_5		13:113352130:C:T:A:wC	22	51	-	15.8095	1.75e-06	0.0245	ACCCCATCTCTACTAAAAAAAAAAAAAAAA
pattern_1		1:148239834:G:T:R:wC	57	86	+	15.869	1.76e-06	0.0654	ATTTCAAAATATGATAAAAAATGTATTTTA
pattern_1		17:4335704:G:C:R:wC	76	105	-	15.869	1.76e-06	0.0654	TGTCTCGAAAAAAAAAAAATATTCTGAGGG
pattern_3		5:68680860:C:T:R:wC	13	42	-	15.7619	1.76e-06	0.0044	TTTCAAAAAAAAAAAAAAAAAGATTTTAAA
pattern_3		11:73488246:C:T:R:wC	57	86	+	15.7619	1.76e-06	0.0044	TCTCAACAAAAAATATAAACAACAACAAAA
pattern_2		16:84542617:G:C:R:wC	77	106	+	-4.9878	1.77e-06	0.00481	CTTTTTTTTTTTTTTTTTTCAAGGAAAGTG
pattern_3		1:35841258:C:T:A:wC	94	123	-	15.75	1.78e-06	0.00443	GATTACCAAAAATTAAGAAAAATAAAATTT
pattern_3		13:113352130:C:T:A:wC	9	38	-	15.7381	1.8e-06	0.00445	TAAAAAAAAAAAAAAAAAAAAAAAAAACTG
pattern_3		19:53674839:G:A:A:wC	33	62	-	15.7381	1.8e-06	0.00445	AAAAAAAGAAAAAAAAAAAAAAAATATATA
pattern_1		7:100702058:T:C:A:wC	117	146	-	15.8333	1.81e-06	0.0654	CTACAAATATATATTATAATATTTACTAAG
pattern_3		1:232271422:A:G:R:wC	20	49	+	15.7262	1.82e-06	0.00449	GGAAATTTGAAAATAATAATTTTAAAAATG
pattern_0		14:81914313:C:G:R:wC	74	103	-	14.6667	1.84e-06	0.00193	TCTGGAACTCCTGACCTCAGGTGATCCACC
pattern_1		1:35841258:C:T:A:wC	84	113	-	15.7976	1.87e-06	0.0654	AATTAAGAAAAATAAAATTTATTCTGAATA
pattern_4		7:96039267:G:T:R:wC	60	89	+	15.5	1.87e-06	0.17	CCGTAAATTTATTTAAAAACAATTTAAAAT
pattern_3		2:75120525:C:A:R:wC	14	43	-	15.6905	1.87e-06	0.0046	TGTTAAAATTTATTAATAATAGTTAACATC
pattern_3		2:42626124:C:T:A:wC	164	193	-	15.6905	1.87e-06	0.0046	CTCAAAAAAAAAAAAAAAAAAGAAAAGAAA
pattern_5		22:31991001:G:A:A:wC	62	91	-	15.7262	1.88e-06	0.0258	ATAAATAAATAAATAAATAAATTATTATTA
pattern_3		6:7388128:G:A:R:wC	62	91	+	15.6786	1.89e-06	0.0046	AAAATACAAAAAAAAAAAAAAAAAAAAATT
pattern_3		7:6079662:T:C:A:wC	130	159	-	15.6786	1.89e-06	0.0046	AAAAAAATAAAACTAAAAACATGAAAATTG
pattern_3		1:46883303:A:G:A:wC	150	179	-	15.6786	1.89e-06	0.0046	TCTTAATAAAAAAAAAAAAAAAAAAAAGAA
pattern_3		1:46883303:A:G:R:wC	150	179	-	15.6786	1.89e-06	0.0046	TCTTAATAAAAAAAAAAAAAAAAAAAAGAA
pattern_5		19:3418156:A:G:R:wC	25	54	-	15.6786	1.96e-06	0.0258	AAAAAAAAAAAAAGAAAAGAAAATTAAATT
pattern_5		8:70037558:G:A:R:wC	69	98	-	15.6786	1.96e-06	0.0258	AAGGTAAAAAGATGAAAAAAATATATTCCA
pattern_3		8:95853197:G:A:R:wC	34	63	-	15.631	1.96e-06	0.00476	TCAAAAAAAAAAAAAAAAATTATTATTCTC
pattern_3		2:146273266:T:A:A:wC	131	160	-	15.631	1.96e-06	0.00476	CCGTCTAAAAAAAAAAAAAAAAAAAAAAAA
pattern_0		10:103271262:G:A:R:wC	70	99	+	14.5357	1.97e-06	0.00207	CCTCAGACTCCCAAGTAGCTGGAACCACAT
pattern_3		19:4756166:T:C:A:wC	9	38	+	15.619	1.98e-06	0.00477	CTAAAAAAAAAAAAAAAAAATACAAAAAAT
pattern_3		18:48946262:A:G:A:wC	31	60	-	15.619	1.98e-06	0.00477	TCTCAAAAAAAAAAAAAAAAAAAAACAGAA
pattern_3		17:17678573:G:A:A:wC	36	65	-	15.619	1.98e-06	0.00477	CTCAAAAAAAAAAAAAAAAAAAATTACACA
pattern_2		1:203830556:C:A:A:wC	9	38	-	-5.47561	1.99e-06	0.00538	TTCTTTTCTTTTTTTTTTTTTGAGGCGAAG
pattern_1		16:19992996:G:A:A:wC	4	33	-	15.7143	2e-06	0.0655	TTTTTAAAAATTTTAAAAATAAAATGTTTT
pattern_1		16:19992996:G:A:R:wC	4	33	-	15.7143	2e-06	0.0655	TTTTTAAAAATTTTAAAAATAAAATGTTTT
pattern_6		13:34516164:T:A:R:wC	116	145	-	15.9762	2e-06	0.115	GTAGACAATATTTTAAAAATCAAATAGAAA
pattern_5		7:130445128:C:A:R:wC	57	86	-	15.6548	2e-06	0.0258	ACTCTGTCTCAAATAAATAAATAAAAACAA
pattern_5		2:32642798:T:C:R:wC	140	169	-	15.6548	2e-06	0.0258	CAAAAACAAAAAATAAAAATAAAAAAATAA
pattern_2		4:57813895:G:A:R:wC	155	184	-	-5.52439	2.01e-06	0.00543	TACTTTTTTTTTTTTTTTTTTGAAACGGAG
pattern_3		16:66536257:T:C:A:wC	8	37	+	15.5952	2.02e-06	0.00479	CTGTCTCTTAAAATAAATAAATGGAAAAAA
pattern_3		16:1471233:A:C:A:wC	36	65	-	15.5952	2.02e-06	0.00479	ACTAAACGGAAAAAAAAAAAAAAAAAAAAT
pattern_3		16:1471233:A:C:R:wC	36	65	-	15.5952	2.02e-06	0.00479	ACTAAACGGAAAAAAAAAAAAAAAAAAAAT
pattern_3		2:204649276:G:A:A:wC	122	151	+	15.5952	2.02e-06	0.00479	CTTAAAAAAAAAAAAAAAAAAAGTTAACTT
pattern_3		15:50312468:T:G:R:wC	93	122	-	15.5952	2.02e-06	0.00479	CTCCATCTAAAAAAAAAAAAAAACAAAAAA
pattern_3		9:139975755:G:A:R:wC	167	196	-	15.5952	2.02e-06	0.00479	TCTACTAAAAAAAAAAAAAAATACAAAAAA
pattern_3		7:130999270:G:C:R:wC	171	200	-	15.5952	2.02e-06	0.00479	TCTCTACTAAAAATACAAAAAATTAGCTAG
pattern_5		15:50312468:T:G:R:wC	100	129	-	15.6429	2.02e-06	0.0258	AGAAAAACTCCATCTAAAAAAAAAAAAAAA
pattern_0		19:33514078:C:T:R:wC	135	164	-	14.4881	2.02e-06	0.00212	TCTTGAACTCCTGACCTCAGGTGATCTACC
pattern_0		13:113352130:C:T:A:wC	74	103	+	14.4762	2.04e-06	0.00213	TCTCGAACTCCTGACCTCAGATGATCTGCC
pattern_5		1:67239462:T:C:R:wC	71	100	-	15.631	2.04e-06	0.0258	AGACAAAAAAAATTTTAAAAACAAACAAAA
pattern_5		1:2149292:C:T:R:wC	163	192	+	15.631	2.04e-06	0.0258	GAGATTCCGTCTTTAAAAAAAAAAACAAAA
pattern_3		12:11962839:C:T:A:wC	9	38	-	15.5595	2.08e-06	0.00488	TCTCCAAAAAAAAAAAAAAAAAAAAAAAAA
pattern_3		17:29073546:C:T:A:wC	19	48	-	15.5595	2.08e-06	0.00488	AAAAAGAAAAAAAAAAAAAAGAATATAAAT
pattern_3		3:24341264:A:T:A:wC	94	123	-	15.5595	2.08e-06	0.00488	AAAAAAATAAATAAATAAATAAAAAAAAAA
pattern_3		7:117372635:C:T:A:wC	167	196	+	15.5595	2.08e-06	0.00488	TCAAAAAAAAAAAAAAAAAAAAAAAGTCAG
pattern_6		1:90234055:C:A:R:wC	37	66	-	15.9167	2.08e-06	0.115	AAAATAGAAAAAATAAATAGAAAAAATAAA
pattern_6		1:90234055:C:A:A:wC	37	66	-	15.9167	2.08e-06	0.115	AAAATAGAAAAAATAAATAGAAAAAATAAA
pattern_5		2:219272294:G:T:R:wC	132	161	-	15.6071	2.08e-06	0.026	AAAAAAAAGAAAAGAAAAAAAAGAAAAAAA
pattern_0		2:242375013:G:A:R:wC	95	124	+	14.4286	2.09e-06	0.00218	GCTCCGCCTCCCGGGTTCACACCATTCTTC
pattern_0		14:73712711:G:C:A:wC	83	112	-	14.4286	2.09e-06	0.00218	TCCCGCCCCGCCGGAGCCCAGGGAGCCCAG
pattern_0		22:38450620:A:G:A:wC	156	185	-	14.4286	2.09e-06	0.00218	TCTCGAACTCCTGACCTCAGATGATCCACC
pattern_2		16:11221584:G:T:A:wC	67	96	-	-5.69512	2.09e-06	0.00564	GCTAATTTTTTATTTATACTAGACACGATG
pattern_1		18:14133319:T:C:A:wC	61	90	+	15.6548	2.09e-06	0.0666	GTCAACAAATAATTATAAATATTTTGGATC
pattern_3		1:221056390:A:T:A:wC	92	121	-	15.5476	2.1e-06	0.0049	TTAAGAAAAAGAATAAAATTAATTCAGCCA
pattern_3		9:117413913:A:T:R:wC	96	125	-	15.5476	2.1e-06	0.0049	CAAAAAAAAAAAAAAAAAAAAAAAATGTCT
pattern_3		4:176991793:C:T:A:wC	137	166	-	15.5476	2.1e-06	0.0049	TCTCTACGAAAAGTAAAAAAAAAAAAAATT
pattern_5		1:1548801:T:C:A:wC	8	37	-	15.5952	2.11e-06	0.026	AAAAATACAAAAATACAAAAAAAAAAAATA
pattern_3		6:139019622:A:C:R:wC	79	108	-	15.5357	2.12e-06	0.00492	GATAATAATAAATTATATAAATATATAAAT
pattern_3		17:64660752:T:C:A:wC	111	140	-	15.5357	2.12e-06	0.00492	CAAAAAAAAAAAAAAAAAAAAAAAAAACCA
pattern_3		16:81763386:A:C:A:wC	168	197	-	15.5238	2.14e-06	0.00496	CAAAAAAAAAAAAAAAAAAAAACAAAAAAC
pattern_5		8:22335170:C:T:A:wC	64	93	-	15.5714	2.15e-06	0.0263	ATCTCTAAAAAAATAAAATAAAATAAAATG
pattern_3		6:139019622:A:C:R:wC	84	113	-	15.5119	2.16e-06	0.00499	ATATAGATAATAATAAATTATATAAATATA
pattern_0		5:167680532:A:G:R:wC	80	109	+	14.3571	2.17e-06	0.00225	GCTCCGCCTCACGGGTTCACACCATTCTCC
pattern_0		19:33856214:C:T:A:wC	129	158	+	14.3571	2.17e-06	0.00225	CCTCAGTCTTCCAAGTAGCTGGGACCACAG
pattern_0		19:33856191:A:G:R:wC	152	181	+	14.3571	2.17e-06	0.00225	CCTCAGTCTTCCAAGTAGCTGGGACCACAG
pattern_4		22:31991001:G:A:A:wC	62	91	-	15.3333	2.17e-06	0.17	ATAAATAAATAAATAAATAAATTATTATTA
pattern_0		9:99224746:A:T:R:wC	124	153	-	14.3452	2.18e-06	0.00226	CCTCAGCCTCCTCAGTGGTTGAGATCACAG
pattern_0		9:99224746:A:T:A:wC	124	153	-	14.3452	2.18e-06	0.00226	CCTCAGCCTCCTCAGTGGTTGAGATCACAG
pattern_0		3:120143909:G:A:R:wC	4	33	-	14.3333	2.2e-06	0.00228	CCTTTTTCTCCTGAGCTCATTTGTTCCTCT
pattern_3		19:53674839:G:A:A:wC	35	64	-	15.4881	2.2e-06	0.00507	CTAAAAAAAGAAAAAAAAAAAAAAAATATA
pattern_3		9:117413913:A:T:R:wC	99	128	-	15.4881	2.2e-06	0.00507	TCTCAAAAAAAAAAAAAAAAAAAAAAAATG
pattern_3		5:14528587:G:A:R:wC	70	99	-	15.4762	2.22e-06	0.0051	CCGTCTCTAAAAATAAATAAATAAATTTTA
pattern_4		20:54356185:G:C:R:wC	164	193	-	15.2976	2.24e-06	0.17	AAAAATCTTGAAATAAAATAAACTTTATTT
pattern_3		6:139019622:A:C:R:wC	69	98	-	15.4643	2.24e-06	0.00513	AATTATATAAATATATAAATAGAAACACTT
pattern_3		1:35841258:C:T:A:wC	85	114	-	15.4643	2.24e-06	0.00513	AAATTAAGAAAAATAAAATTTATTCTGAAT
pattern_1		6:168177053:T:C:R:wC	79	108	+	15.5595	2.26e-06	0.0697	AATAAATAAATTAATTAAATATTCTGATTC
pattern_6		19:49508265:A:G:R:wC	37	66	+	15.7976	2.26e-06	0.116	CAAAAGGTTGTTGTAAAAATAAAAAATTAA
pattern_3		9:131683644:C:T:A:wC	12	41	-	15.4524	2.26e-06	0.00515	AATAAATAATAAATAAAAATACCAAAAACT
pattern_3		7:4807826:T:C:R:wC	20	49	-	15.4524	2.26e-06	0.00515	AAAAAAAAAAAAAAAAAAAAAAAGAAGTCA
pattern_3		2:111928231:C:G:A:wC	150	179	+	15.4524	2.26e-06	0.00515	AAAAAAAAAAAAAAAAAAAAAAAGAAGTCA
pattern_5		7:130445128:C:A:R:wC	12	41	-	15.5	2.29e-06	0.0276	AGAAAAAAACCTTTAAATTAAAGTGCTGTA
pattern_3		14:32922842:G:C:R:wC	33	62	-	15.4405	2.29e-06	0.00515	AAAAAAAAAAAAAAAAAAAAAAAGAAAAGA
pattern_3		20:30021688:A:G:R:wC	81	110	+	15.4405	2.29e-06	0.00515	AAGGAAAGAAAAAAAAAAAAAAAGAAACAT
pattern_3		2:219272294:G:T:R:wC	147	176	-	15.4405	2.29e-06	0.00515	AAAAAAAAAAAAAAAAAAAAAAAGAAAAGA
pattern_3		7:23227144:A:G:A:wC	167	196	-	15.4405	2.29e-06	0.00515	AAAAAAAAAAAAAAAAAAAAAAGTTGCTAT
pattern_2		5:149484429:A:T:A:wC	110	139	+	-6.09756	2.3e-06	0.00618	TCATTTGTTCTTTTTTTTTTTGAGATGGAG
pattern_3		12:11962839:C:T:A:wC	10	39	-	15.4286	2.31e-06	0.00518	CTCTCCAAAAAAAAAAAAAAAAAAAAAAAA
pattern_3		6:18161232:A:G:R:wC	11	40	-	15.4286	2.31e-06	0.00518	TCTCTACTAAAAATAAAAAAAAATCAACCA
pattern_3		12:10597582:A:C:A:wC	27	56	-	15.4167	2.33e-06	0.00519	CAAAAAAAAAAAAAAAAAAAAAAAATTAGT
pattern_3		19:53674839:G:A:A:wC	32	61	-	15.4167	2.33e-06	0.00519	AAAAAAGAAAAAAAAAAAAAAAATATATAT
pattern_3		5:76752546:A:C:A:wC	69	98	-	15.4167	2.33e-06	0.00519	AAAAAAAATAATAAAATAAAAATTTTTAAA
pattern_2		5:140582155:C:A:R:wC	132	161	+	-6.15854	2.33e-06	0.00625	TTCTTTTCTTTTCTTTTTTTTGATACAGAG
pattern_1		1:72819884:T:C:R:wC	74	103	+	15.5119	2.34e-06	0.0703	TTAAAATAACTTGTGAATATATTTTATAAG
pattern_3		11:572473:T:C:A:wC	69	98	-	15.4048	2.35e-06	0.00523	TAAAAAAAAAAAATACAAAAAATTAGCCGG
pattern_0		22:28558679:A:G:A:wC	98	127	-	14.2024	2.36e-06	0.00244	CCTCGGCTTTCCAAAGTGCTACAATTACGG
pattern_5		1:221028584:G:A:A:wC	149	178	-	15.4524	2.38e-06	0.0284	AAAAAAAAAAATTGAAAGAAAGAATTAGAC
pattern_3		22:31991001:G:A:A:wC	62	91	-	15.381	2.4e-06	0.00532	ATAAATAAATAAATAAATAAATTATTATTA
pattern_6		2:48572417:T:C:R:wC	18	47	+	15.7024	2.41e-06	0.116	AGTACTGGGATTTTAAAAAGAAATGATAAC
pattern_3		1:67239462:T:C:R:wC	69	98	-	15.369	2.42e-06	0.00536	ACAAAAAAAATTTTAAAAACAAACAAAACT
pattern_2		17:34898524:G:T:R:wC	115	144	-	-6.32927	2.42e-06	0.00649	TTAAACCTTTTTTTTTTTTTTGAGACGGAG
pattern_6		6:168177053:T:C:R:wC	81	110	+	15.6905	2.43e-06	0.116	TAAATAAATTAATTAAATATTCTGATTCTC
pattern_1		17:28771495:T:C:R:wC	131	160	-	15.4643	2.43e-06	0.0705	AAAAAAAAAAAAAAAAAAAAAGTTACTAGC
pattern_2		20:30021688:A:G:R:wC	66	95	-	-6.34146	2.43e-06	0.00649	TTTTTTTCTTTCCTTTTTTTTGAGATGGAG
pattern_0		14:96731829:G:A:R:wC	68	97	+	14.1429	2.43e-06	0.00251	CTTTGGTCTCCCATAGTGCTAGGATTATAG
pattern_3		3:196202508:G:A:A:wC	11	40	-	15.3571	2.44e-06	0.0054	CTCTATCTCAAAAAAAAAAAAAAAAGAAAA
pattern_2		5:76752546:A:C:A:wC	78	107	+	-6.36585	2.45e-06	0.00651	TTTTATTTTATTATTTTTTTTGCGACAGGG
pattern_0		19:51019404:C:T:A:wC	145	174	-	14.119	2.46e-06	0.00254	TTTCGAACTCCTAACCTCAGGTGATCCACT
pattern_2		16:89867731:G:A:A:wC	112	141	-	-6.40244	2.47e-06	0.00655	GGCTTTTTTTTTTTTTTTTTTGAGACAGAG
pattern_0		1:37931878:T:G:A:wC	156	185	-	14.1071	2.48e-06	0.00256	TCTTGAACTCCTGAGCTCAGGCAATCCAGC
pattern_3		3:37831176:C:T:R:wC	4	33	+	15.3333	2.49e-06	0.00548	CTCTACTAAAAAATACCAAAAAAAAAAAAA
pattern_3		7:95966546:G:A:A:wC	29	58	-	15.3333	2.49e-06	0.00548	CAATAAATAAATAAATAAATATAAATAAAT
pattern_0		8:21967075:G:T:A:wC	80	109	-	14.0952	2.49e-06	0.00257	CCCGTGCCCACCCAGTTCCAGGGCGGCCCC
pattern_0		10:99103492:A:G:R:wC	119	148	-	14.0952	2.49e-06	0.00257	TCTCGAACTCCTGATCTCAGGAGATCCACT
pattern_3		8:76755254:T:C:A:wC	49	78	-	15.3214	2.51e-06	0.00552	TTTACTAAAAAAAAAAAAAAAAAAATTATC
pattern_2		5:179137436:C:T:R:wC	67	96	-	-6.4878	2.52e-06	0.00666	CCAGCCTTTTTTTTTTTTTTTGAGATTGAG
pattern_4		5:76752546:A:C:A:wC	58	87	+	15.1667	2.52e-06	0.17	CTTTCACCATTTTTAAAAATTTTTATTTTA
pattern_0		12:3053028:G:C:A:wC	112	141	+	14.0714	2.53e-06	0.0026	CTTCAGCTTCCCGAGTAGCTGGGACTACAG
pattern_3		10:49911248:C:T:R:wC	67	96	-	15.3095	2.54e-06	0.00556	TCCAAAATAAATAAATAAATAAATAGCAAA
pattern_0		8:121857097:T:G:A:wC	30	59	+	14.0595	2.54e-06	0.00261	TTTCAAACTCCTGGGCTCAAGCAACTGCCC
pattern_0		22:28558679:A:G:R:wC	98	127	-	14.0595	2.54e-06	0.00261	CCTCGGCTTTCCAAAGTGCTACAATTATGG
pattern_4		16:66536257:T:C:A:wC	8	37	+	15.1548	2.54e-06	0.17	CTGTCTCTTAAAATAAATAAATGGAAAAAA
pattern_2		11:73488246:C:T:R:wC	52	81	-	-6.54878	2.55e-06	0.00674	TTGTTGTTTATATTTTTTGTTGAGAAGGGA
pattern_5		20:16559508:C:T:A:wC	43	72	+	15.369	2.56e-06	0.0298	ACAGTGTAAAGTTTAAAAATAGTTGTAAAT
pattern_5		5:140582155:C:A:R:wC	123	152	-	15.369	2.56e-06	0.0298	AAAAAAAAGAAAAGAAAAGAAAAAAAAAAG
pattern_0		19:15716243:G:C:A:wC	131	160	+	14.0476	2.56e-06	0.00262	CCTCAGCTTCTCAAGTAGCTGGGACTACAG
pattern_3		6:121788131:C:T:A:wC	1	30	-	15.2976	2.56e-06	0.0056	AAAAAAAAAAAAAAAAAAAAAAGTTAAAAG
pattern_0		8:48885436:T:A:A:wC	29	58	+	14.0357	2.57e-06	0.00264	CCTCGGCCTCACAAGGTGCTGGAAAAACAG
pattern_3		8:59338856:G:C:R:wC	1	30	-	15.2857	2.59e-06	0.00563	CTCAAAAAAAAAAAAAAAAAAAAAAGATTC
pattern_3		4:186580675:G:A:R:wC	160	189	-	15.2857	2.59e-06	0.00563	TCTCTACTAAAAATACAAAAAAAAAAATTA
pattern_0		5:98265807:G:T:R:wC	124	153	+	14.0238	2.59e-06	0.00265	TGTTGAACTCCTGAGCTCGAGCGATCCACC
pattern_1		10:81950326:C:T:R:wC	6	35	-	15.381	2.59e-06	0.0705	TCAAAAAAAAAAAAAAAAAAATTTATTGTA
pattern_0		7:117372635:C:T:A:wC	76	105	-	14.0119	2.61e-06	0.00266	GCTCCACCTCCTGGGTTCACACCATTCTCC
pattern_0		4:57813895:G:A:R:wC	79	108	-	14.0119	2.61e-06	0.00266	GCTCCGTCCCCCGGGTTCACGCCATGCTCC
pattern_1		16:19992996:G:A:A:wC	13	42	+	15.369	2.62e-06	0.0705	TATTTTTAAAATTTTTAAAAATGCATTTAC
pattern_1		16:19992996:G:A:R:wC	13	42	+	15.369	2.62e-06	0.0705	TATTTTTAAAATTTTTAAAAATGCATTTAC
pattern_3		2:219272294:G:T:R:wC	155	184	-	15.2619	2.63e-06	0.00573	TCGTCTCAAAAAAAAAAAAAAAAAAAAAAA
pattern_2		16:89577366:A:G:R:wC	143	172	+	-6.71951	2.65e-06	0.00699	TTTTGGGGGGTATTTTTTGTGGAGATGGGG
pattern_3		20:30566874:G:T:A:wC	160	189	+	15.25	2.66e-06	0.00577	TCTCAAAAAAAAAAAAAAATTGTTAAAATA
pattern_5		12:118682338:C:T:R:wC	43	72	+	15.3214	2.66e-06	0.0307	AAAAAAATTGTTCTAAAAAAAAGTTTAAAG
pattern_0		11:524397:T:C:A:wC	107	136	-	13.9643	2.67e-06	0.00273	TCTTGAACTCCCGACCTCAGGTGAACCACC
pattern_3		2:32642798:T:C:R:wC	146	175	-	15.2381	2.68e-06	0.00581	CTGTCTCAAAAACAAAAAATAAAAATAAAA
pattern_0		10:102416008:T:C:R:wC	13	42	-	13.9405	2.71e-06	0.00275	CCCCGGCGAACGAGACTCCCGCGAATCCTC
pattern_0		11:76365771:G:C:A:wC	52	81	+	13.9405	2.71e-06	0.00275	TCTCAGCCACCACAGCCCAACTGTTTCCAG
pattern_3		3:156797365:A:G:A:wC	40	69	+	15.2262	2.71e-06	0.00585	TTTTCCGAACAAATAAAAATAAAAATTATT
pattern_3		12:11962839:C:T:A:wC	5	34	-	15.2143	2.74e-06	0.00587	CAAAAAAAAAAAAAAAAAAAAAAAAAAGCA
pattern_3		5:68680860:C:T:R:wC	12	41	-	15.2143	2.74e-06	0.00587	TTCAAAAAAAAAAAAAAAAAGATTTTAAAA
pattern_3		1:1835016:C:T:A:wC	31	60	-	15.2143	2.74e-06	0.00587	CTCAAAAAAAAAAAAAAAAAAAAAGCCAAA
pattern_5		1:161126073:C:A:R:wC	170	199	+	15.2857	2.74e-06	0.0312	ACCCCATCTCTACTAAAAAAAAAAAAAATA
pattern_1		12:22763881:T:C:A:wC	158	187	-	15.3095	2.74e-06	0.072	TACATACATAATATATAAATATGTGCATAT
pattern_3		2:102326268:C:T:R:wC	142	171	-	15.2024	2.76e-06	0.00591	AAAAACTTAAGAATAAAATATAAGAAAAAT
pattern_2		13:49946894:C:A:A:wC	10	39	+	-6.91463	2.78e-06	0.0073	TTTTTGTTTTTGTTTTGTTTGGAGATGGAG
pattern_3		12:54124477:C:T:R:wC	21	50	-	15.1905	2.79e-06	0.00596	TAAAAAAATAAAAAATAAAAATAAAAAAAT
pattern_4		3:156797365:A:G:A:wC	46	75	+	15.0476	2.79e-06	0.17	GAACAAATAAAAATAAAAATTATTTTTTTT
pattern_4		12:66199734:G:A:A:wC	132	161	+	15.0476	2.79e-06	0.17	AAATAAAATAAAATAAAATAAATTTAAAAA
pattern_0		3:120143909:G:A:R:wC	23	52	-	13.881	2.79e-06	0.00284	CCTCGGCCTTCCATGCCCACCTTTTTCTCC
pattern_5		12:66199734:G:A:A:wC	141	170	+	15.2619	2.8e-06	0.0312	AAAATAAAATAAATTTAAAAAATAATAATA
pattern_6		1:185401229:T:C:A:wC	46	75	-	15.4643	2.82e-06	0.12	ACAATAAAAAATTTAAAAAAAGAAATAAAA
pattern_6		1:72819884:T:C:R:wC	139	168	+	15.4643	2.82e-06	0.12	TATATTTCAAGTATAAAATTTAATAATTTT
pattern_4		5:14528587:G:A:R:wC	66	95	-	15.0357	2.82e-06	0.17	CTCTAAAAATAAATAAATAAATTTTAATAC
pattern_2		12:94304792:C:A:R:wC	9	38	+	-7	2.83e-06	0.00742	TTTTGTTTTTGTTTTTTTTTTGAGATGGAG
pattern_3		17:19918630:C:T:A:wC	73	102	-	15.1667	2.84e-06	0.00604	CTATCTCAAAAAAAAAAAAAATTAAATTAA
pattern_6		12:66199734:G:A:A:wC	132	161	+	15.4524	2.84e-06	0.12	AAATAAAATAAAATAAAATAAATTTAAAAA
pattern_5		9:113038318:A:G:R:wC	41	70	+	15.2381	2.85e-06	0.0312	AGTAAAAGAAAAGGAAAAGAAAAAATAAAA
pattern_3		13:113352130:C:T:A:wC	16	45	-	15.1548	2.87e-06	0.00604	TCTCTACTAAAAAAAAAAAAAAAAAAAAAA
pattern_3		7:4807826:T:C:R:wC	25	54	-	15.1548	2.87e-06	0.00604	AAAAAAAAAAAAAAAAAAAAAAAAAAAAGA
pattern_3		14:32922842:G:C:R:wC	38	67	-	15.1548	2.87e-06	0.00604	AAAAAAAAAAAAAAAAAAAAAAAAAAAAGA
pattern_3		1:221056390:A:T:R:wC	92	121	-	15.1548	2.87e-06	0.00604	TTAAGAAAAAGAATAAAATTATTTCAGCCA
pattern_3		2:146273266:T:A:A:wC	125	154	-	15.1548	2.87e-06	0.00604	AAAAAAAAAAAAAAAAAAAAAAAAAAAAGA
pattern_3		17:36003551:G:A:A:wC	152	181	-	15.1548	2.87e-06	0.00604	TTCAAAAAAAAAAAAAAAAGATAAATAATG
pattern_5		3:105571631:A:G:R:wC	39	68	-	15.2262	2.88e-06	0.0312	AAAAAAAAAATACTGTATAAAAGATAAAAA
pattern_5		2:204649276:G:A:A:wC	111	140	+	15.2262	2.88e-06	0.0312	CGAGACTCCATCTTAAAAAAAAAAAAAAAA
pattern_3		19:4756166:T:C:A:wC	5	34	+	15.1429	2.89e-06	0.00607	TTTACTAAAAAAAAAAAAAAAAAATACAAA
pattern_3		1:89475842:A:G:A:wC	54	83	-	15.1429	2.89e-06	0.00607	TCAAAAAAAAAAAAAAAATTAGTTAATTAA
pattern_0		3:32210733:C:A:A:wC	168	197	+	13.8095	2.9e-06	0.00294	TCTCCAGCTCCTAACCGCGAGTGATCCGCC
pattern_5		1:232271422:A:G:R:wC	14	43	+	15.2143	2.91e-06	0.0312	ATAGAAGGAAATTTGAAAATAATAATTTTA
pattern_5		3:155547945:G:A:A:wC	139	168	+	15.2143	2.91e-06	0.0312	CTACTGAAAAATACAAAAAAAAAAAAAAAA
pattern_3		10:78342790:G:A:A:wC	17	46	-	15.131	2.92e-06	0.00609	AACAAACAAACAATAAATAAATAAATTATA
pattern_3		4:122278614:C:G:R:wC	48	77	+	15.131	2.92e-06	0.00609	AGATAAGGTAAAATAAAAAAAAATTTAAAG
pattern_3		3:52335756:C:T:A:wC	57	86	+	15.131	2.92e-06	0.00609	TCTCTACTAAAAATACAAAAAAAAAAAAAG
pattern_2		5:68680860:C:T:R:wC	18	47	+	-7.15854	2.94e-06	0.00768	AATCTTTTTTTTTTTTTTTTTGAAATGGAG
pattern_3		17:64660752:T:C:A:wC	113	142	-	15.119	2.95e-06	0.00613	GCCAAAAAAAAAAAAAAAAAAAAAAAAAAC
pattern_3		2:111928231:C:G:A:wC	145	174	+	15.119	2.95e-06	0.00613	CAAAAAAAAAAAAAAAAAAAAAAAAAAAGA
pattern_0		20:49078198:C:G:A:wC	158	187	+	13.7738	2.96e-06	0.003	CCTCAACCTTCCAAGTAGTTGGGACTACAG
pattern_3		7:121801416:C:A:A:wC	21	50	+	15.1071	2.98e-06	0.00615	AAAAAAAAAAAAAAAAAAAAAGAAAGAAAG
pattern_3		2:197074540:C:T:R:wC	39	68	-	15.1071	2.98e-06	0.00615	CTCAAAAAAAAAAAAAAAAGAAAGAAAGAA
pattern_3		3:55584998:C:T:A:wC	143	172	+	15.1071	2.98e-06	0.00615	CTCAAAAAAAAAAAAAAAAGAAAGAAAGAA
pattern_2		11:18338736:G:A:A:wC	96	125	-	-7.21951	2.98e-06	0.00777	TATCACTCTTTTTTTTTTTTTGAGATGGAG
pattern_0		6:138232479:T:A:R:wC	131	160	+	13.75	2.99e-06	0.00303	TCTTGAACTGCTGGCCTTAAGCAATCCTCC
pattern_0		6:138232479:T:A:A:wC	131	160	+	13.75	2.99e-06	0.00303	TCTTGAACTGCTGGCCTTAAGCAATCCTCC
pattern_2		19:11775886:T:C:R:wC	15	44	+	-7.2439	2.99e-06	0.00779	TTTTTTTTTATTTTGTATTTTGAGACAGAG
pattern_3		18:53373610:G:A:A:wC	10	39	-	15.0952	3e-06	0.00619	CAAAAAAAAAAAAAAAAAAAACAGAGAACA
pattern_0		15:28920910:T:A:R:wC	82	111	+	13.7381	3.01e-06	0.00304	GCTCCGCCTCCTGGGTTCTCGCCATTCCTC
pattern_5		12:54124477:C:T:R:wC	5	34	-	15.1667	3.03e-06	0.0321	AAAAATAAAAAAATAAAAAAATGTGGTACA
pattern_3		8:22466488:T:G:R:wC	167	196	-	15.0833	3.03e-06	0.00624	CTCAAAAAAAAAAAAAAAAGAAAAAAAAAG
pattern_3		5:68680860:C:T:R:wC	15	44	-	15.0714	3.06e-06	0.00625	CATTTCAAAAAAAAAAAAAAAAAGATTTTA
pattern_3		12:22763881:T:C:A:wC	76	105	-	15.0714	3.06e-06	0.00625	TAGGCGTTTATATTATAAATATATATTTAT
pattern_3		16:80659947:A:G:R:wC	170	199	+	15.0714	3.06e-06	0.00625	ACTCTCCTAAAAATACAAAAAAAAAAAAAT
pattern_3		6:51392548:C:A:R:wC	158	187	-	15.0714	3.06e-06	0.00625	AAAAAAAAAAAAAAAAAAAAAAAAAGAAGA
pattern_4		13:34516164:T:A:R:wC	105	134	-	14.9405	3.07e-06	0.17	TTTAAAAATCAAATAGAAATTTTATCTAAA
pattern_0		12:109974931:T:C:R:wC	40	69	+	13.7024	3.07e-06	0.0031	TCGCGAACTCAGGGGCTCAAGTGATCCGCC
pattern_0		7:130999270:G:C:R:wC	93	122	+	13.7024	3.07e-06	0.0031	GCTCCGCGTCCCAGGTTCACACCATTCTCC
pattern_6		5:76752546:A:C:A:wC	66	95	-	15.3333	3.08e-06	0.123	AAAAATAATAAAATAAAAATTTTTAAAAAT
pattern_3		7:95966546:G:A:A:wC	21	50	-	15.0595	3.09e-06	0.00626	AAATAAATAAATATAAATAAATGAAATCTA
pattern_3		15:91418297:T:A:R:wC	56	85	-	15.0595	3.09e-06	0.00626	CAAAAAAAAAAAAAAAAAAAAAAGTGTAAC
pattern_1		1:53592869:C:T:R:wC	3	32	+	15.1548	3.09e-06	0.0772	TTTTTAAAATATGAAAACATCTTTAAAGTT
pattern_0		14:24758151:G:C:R:wC	82	111	+	13.6786	3.11e-06	0.00313	CCTTAGCCTCCTGAGTAGGTGGGACCACAG
pattern_3		1:90234055:C:A:A:wC	11	40	-	15.0476	3.12e-06	0.00626	TAAAAAATAAAAAAAGAAATAAAAAATTAA
pattern_3		1:90234055:C:A:R:wC	11	40	-	15.0476	3.12e-06	0.00626	TAAAAAATAAAAAAAGAAATAAAAAATTAA
pattern_3		11:18338736:G:A:A:wC	160	189	-	15.0476	3.12e-06	0.00626	CTCAAAAAAAAAAAAAAAAAATTTATCAGG
pattern_3		6:121788131:C:T:A:wC	8	37	-	15.0357	3.15e-06	0.00626	ATCTCAAAAAAAAAAAAAAAAAAAAAAAAG
pattern_3		3:32982922:T:C:R:wC	22	51	-	15.0357	3.15e-06	0.00626	AAAAAAAAAAAAAAAAAAAAAAATGAAAAG
pattern_3		17:37191932:G:A:A:wC	54	83	-	15.0357	3.15e-06	0.00626	GTCTCAATTAAAAAAAAAAAAAAAAAAAAA
pattern_6		9:6177291:G:T:A:wC	15	44	-	15.2976	3.15e-06	0.123	AAAACTTAAAGTATAATAATAAAAAATAAA
pattern_2		15:50312468:T:G:R:wC	93	122	+	-7.4878	3.17e-06	0.00822	TTTTTTGTTTTTTTTTTTTTTTAGATGGAG
pattern_3		1:26377185:G:A:R:wC	66	95	-	15.0238	3.17e-06	0.00626	CAAAAAAAAAAAAAAAAAAAAAAGAGGCAG
pattern_3		15:75222225:C:T:A:wC	124	153	+	15.0238	3.17e-06	0.00626	TCTCTACTAAAAATACAAAAAATTAGCCAG
pattern_3		9:117413913:A:T:A:wC	96	125	-	15.0238	3.17e-06	0.00626	CAAAAAAAAAAAAAAAAAAAAAAAAAGTCT
pattern_3		12:120979394:A:C:A:wC	103	132	-	15.0238	3.17e-06	0.00626	TCTCTACTAAAAATACAAAAAATTAGCCAG
pattern_3		17:64660752:T:C:A:wC	108	137	-	15.0238	3.17e-06	0.00626	AAAAAAAAAAAAAAAAAAAAAAAACCAAAG
pattern_3		17:64660752:T:C:A:wC	116	145	-	15.0238	3.17e-06	0.00626	ATTGCCAAAAAAAAAAAAAAAAAAAAAAAA
pattern_3		3:183690945:C:T:R:wC	157	186	-	15.0238	3.17e-06	0.00626	TCTCTACTAAAAATACAAAAAATTAGCCAG
pattern_3		12:3053028:G:C:A:wC	158	187	-	15.0238	3.17e-06	0.00626	TCTCTACTAAAAATACAAAAAATTAGCCAG
pattern_3		3:49336926:C:G:A:wC	159	188	-	15.0238	3.17e-06	0.00626	TCTCTACTAAAAATACAAAAAATTAGCCAG
pattern_3		20:48533630:G:C:R:wC	164	193	-	15.0238	3.17e-06	0.00626	TCTCTACTAAAAATACAAAAAATTAGCCAG
pattern_3		1:90234055:C:A:R:wC	30	59	-	15.0119	3.2e-06	0.00627	AAAAAATAAATAGAAAAAATAAAAAATAAA
pattern_3		1:90234055:C:A:A:wC	30	59	-	15.0119	3.2e-06	0.00627	AAAAAATAAATAGAAAAAATAAAAAATAAA
pattern_3		7:117372635:C:T:A:wC	166	195	+	15.0119	3.2e-06	0.00627	CTCAAAAAAAAAAAAAAAAAAAAAAAGTCA
pattern_3		4:169659504:G:C:R:wC	166	195	-	15.0119	3.2e-06	0.00627	AAAAGAATAAAAATAAAAAATGAAAAGTAG
pattern_0		20:57247135:T:A:A:wC	126	155	-	13.619	3.21e-06	0.00323	TCTCGAACTGCTGACCTCAGGTGATCCATG
pattern_5		14:99726719:T:C:R:wC	82	111	-	15.0952	3.21e-06	0.0334	GTAAACCGAAGATTAAATTAAAAAAACCAA
pattern_4		17:27099061:C:A:R:wC	111	140	+	14.881	3.23e-06	0.17	CTCAAAATAGTAATAATAATAATTTTAAAA
pattern_2		12:11962839:C:T:A:wC	14	43	+	-7.57317	3.23e-06	0.00836	TTTTTTTTTTTTTTTTTTTTGGAGAGAGTC
pattern_3		17:37191932:G:A:A:wC	52	81	-	15	3.23e-06	0.00627	CTCAATTAAAAAAAAAAAAAAAAAAAAAAG
pattern_3		1:116460355:G:A:R:wC	163	192	+	15	3.23e-06	0.00627	CTCAAAAAAAAAAAAAAAAAAAAAAAAAGA
pattern_3		1:116460355:G:A:A:wC	163	192	+	15	3.23e-06	0.00627	CTCAAAAAAAAAAAAAAAAAAAAAAAAAGA
pattern_3		18:55129900:A:G:R:wC	154	183	-	15	3.23e-06	0.00627	CTCAAAAAAAAAAAAAAAAAAAAAAAAAGA
pattern_3		6:51392548:C:A:R:wC	161	190	-	15	3.23e-06	0.00627	CTCAAAAAAAAAAAAAAAAAAAAAAAAAGA
pattern_5		8:25418510:A:G:A:wC	22	51	-	15.0833	3.25e-06	0.0334	GAAAAAAAAAAAAGAAAAAAAGAAATTACT
pattern_5		8:25418510:A:G:R:wC	22	51	-	15.0833	3.25e-06	0.0334	GAAAAAAAAAAAAGAAAAAAAGAAATTACT
pattern_3		1:226448407:A:G:R:wC	16	45	-	14.9881	3.26e-06	0.00631	AAAAAAAAAAAAAAAAAAAAAAACTCATTT
pattern_3		10:104637508:T:C:R:wC	94	123	-	14.9881	3.26e-06	0.00631	TCTCAAAAAAAAAAAAAAAAAAAAAAGAAG
pattern_2		5:34500013:T:A:R:wC	110	139	+	-7.62195	3.26e-06	0.00843	TTATTTATTTTTTATTTTTCCAAGACAGAG
pattern_5		6:139019622:A:C:R:wC	75	104	-	15.0714	3.28e-06	0.0334	ATAATAAATTATATAAATATATAAATAGAA
pattern_2		15:84552515:G:T:R:wC	66	95	+	-7.64634	3.28e-06	0.00846	TTTTAAACTTTTTCTTTTGGAGAGATAGGA
pattern_1		12:8451233:G:A:A:wC	42	71	-	15.0714	3.29e-06	0.0772	TTCTAAAAAAAAAAAAAAAAATTTAATTAG
pattern_3		1:90234055:C:A:R:wC	4	33	-	14.9762	3.29e-06	0.00632	TAAAAAAAGAAATAAAAAATTAAAACAAAA
pattern_3		1:90234055:C:A:A:wC	4	33	-	14.9762	3.29e-06	0.00632	TAAAAAAAGAAATAAAAAATTAAAACAAAA
pattern_3		2:146273266:T:A:A:wC	118	147	-	14.9762	3.29e-06	0.00632	AAAAAAAAAAAAAAAAAAAAAGATTACATA
pattern_3		17:28771495:T:C:R:wC	138	167	-	14.9762	3.29e-06	0.00632	TCAAAAAAAAAAAAAAAAAAAAAAAAAAGT
pattern_0		11:68922244:C:T:R:wC	6	35	+	13.5595	3.31e-06	0.00332	CCACCACCGCCCAGCTCCATGCGTTCCCAT
pattern_0		11:18956196:C:T:R:wC	63	92	-	13.5595	3.31e-06	0.00332	GCTCTGGCTCCTGGGCTGCCGCATGCGCAG
pattern_2		19:20831268:T:C:A:wC	12	41	+	-7.69512	3.32e-06	0.00853	CTTCTTCTTTTTTTTTTTTCTGAGATGGAG
pattern_1		4:174060895:A:C:R:wC	40	69	-	15.0595	3.32e-06	0.0772	ACAAAGAATAAGAGAAAAATATTCACTTCT
pattern_3		7:4807826:T:C:R:wC	22	51	-	14.9643	3.32e-06	0.00636	AAAAAAAAAAAAAAAAAAAAAAAAAGAAGT
pattern_3		2:111928231:C:G:A:wC	148	177	+	14.9643	3.32e-06	0.00636	AAAAAAAAAAAAAAAAAAAAAAAAAGAAGT
pattern_0		9:139217489:C:T:R:wC	130	159	-	13.5476	3.33e-06	0.00334	TCTCCACCTCCGAGGGTTGCGGGAGGCTGA
pattern_3		1:226448407:A:G:R:wC	20	49	-	14.9524	3.36e-06	0.00639	AAAAAAAAAAAAAAAAAAAAAAAAAAACTC
pattern_3		9:117413913:A:T:A:wC	92	121	-	14.9524	3.36e-06	0.00639	AAAAAAAAAAAAAAAAAAAAAAGTCTCACA
pattern_5		16:77358417:A:G:R:wC	26	55	+	15.0357	3.38e-06	0.0334	AAGTTATAACCATTACATAAATATATACCA
pattern_5		14:32922842:G:C:R:wC	23	52	-	15.0357	3.38e-06	0.0334	AAAAAAAAAAAAAGAAAAGAAAAATTCTAT
pattern_5		13:113365480:G:A:R:wC	121	150	+	15.0357	3.38e-06	0.0334	AGCCAGAGCCATTTAAAAAAAAATGCTGAA
pattern_3		12:54124477:C:T:R:wC	15	44	-	14.9405	3.39e-06	0.00643	AATAAAAAATAAAAATAAAAAAATAAAAAA
pattern_3		16:84542617:G:C:R:wC	69	98	-	14.9405	3.39e-06	0.00643	TTGAAAAAAAAAAAAAAAAAAGAAAAATCT
pattern_4		13:93912671:A:T:R:wC	136	165	+	14.8214	3.4e-06	0.17	GGAAACTTTGAAATAAATATCTTTGGCTAA
pattern_0		22:36598187:G:C:R:wC	97	126	+	13.5	3.41e-06	0.00342	GCTGTGTCACCCAGGCTGCAGGGCTTTGAC
pattern_3		22:31991001:G:A:A:wC	49	78	+	14.9286	3.42e-06	0.00645	CATAATGAAGAAATAATAATAATTTATTTA
pattern_3		11:47241411:T:C:A:wC	22	51	-	14.9286	3.42e-06	0.00645	CATCTCAAAAAAATAAACAAATAAATAAAT
pattern_3		2:146273266:T:A:A:wC	130	159	-	14.9286	3.42e-06	0.00645	CGTCTAAAAAAAAAAAAAAAAAAAAAAAAA
pattern_3		7:17167825:C:T:R:wC	141	170	-	14.9167	3.45e-06	0.0065	TCTCAAAAAAAAAAAAAAAAAAAAAGTGTT
pattern_5		3:55584998:C:T:A:wC	149	178	+	15	3.48e-06	0.0341	AAAAAAAAAAAAAGAAAGAAAGAAATAACA
pattern_3		17:74481538:A:C:R:wC	53	82	+	14.9048	3.48e-06	0.00651	CTCAAAAAAAAAAAAAAAAAAAAAAGAGCT
pattern_3		17:74481538:A:C:A:wC	53	82	+	14.9048	3.48e-06	0.00651	CTCAAAAAAAAAAAAAAAAAAAAAAGAGCT
pattern_3		8:106513461:A:C:R:wC	45	74	-	14.9048	3.48e-06	0.00651	CCATCTCAAAAAAAAAAAAAAAAGAGAAAA
pattern_3		16:84542617:G:C:R:wC	67	96	-	14.9048	3.48e-06	0.00651	GAAAAAAAAAAAAAAAAAAGAAAAATCTTA
pattern_1		6:139019622:A:C:R:wC	85	114	-	14.9881	3.51e-06	0.0772	AATATAGATAATAATAAATTATATAAATAT
pattern_1		1:72819884:T:C:R:wC	146	175	+	14.9881	3.51e-06	0.0772	CAAGTATAAAATTTAATAATTTTTTATACA
pattern_3		12:28300347:A:G:A:wC	15	44	-	14.8929	3.51e-06	0.00654	CAAAAAAAAAAAAAAAAAAAAGAAAAAGAA
pattern_3		9:117413913:A:T:A:wC	98	127	-	14.8929	3.51e-06	0.00654	CTCAAAAAAAAAAAAAAAAAAAAAAAAAGT
pattern_3		22:51219704:G:A:R:wC	165	194	+	14.8929	3.51e-06	0.00654	CTCAAAAAAAAAAAAAAAAAAACTAAACCA
pattern_2		6:149910932:T:C:R:wC	100	129	+	-7.95122	3.52e-06	0.00902	TCATGTTTTGTTTTTGTTTTTGAGACAGGG
pattern_4		12:118682338:C:T:R:wC	43	72	+	14.7738	3.54e-06	0.17	AAAAAAATTGTTCTAAAAAAAAGTTTAAAG
pattern_3		15:40300214:G:C:R:wC	9	38	-	14.881	3.55e-06	0.00656	TATAAGAAACAAATATGAAAAAAAATTAAT
pattern_3		17:36003551:G:A:A:wC	153	182	-	14.881	3.55e-06	0.00656	TTTCAAAAAAAAAAAAAAAAGATAAATAAT
pattern_3		7:23227144:A:G:A:wC	171	200	-	14.881	3.55e-06	0.00656	TCAAAAAAAAAAAAAAAAAAAAAAAAGTTG
pattern_1		22:30251180:A:G:R:wC	30	59	-	14.9643	3.57e-06	0.0772	AAAAAAAAAAAAGAAAAAAAATTGTCTTGG
pattern_1		3:195707336:T:C:A:wC	100	129	+	14.9643	3.57e-06	0.0772	CATAATGAAAATTTTAAAATTTTTATGGAT
pattern_3		19:49508265:A:G:R:wC	48	77	+	14.869	3.58e-06	0.00656	TGTAAAAATAAAAAATTAAAAAAAAAAAAA
pattern_3		21:37511627:T:G:A:wC	150	179	-	14.869	3.58e-06	0.00656	CTCTGTCAAAAAAAAAAAAAAAAAAAGAAA
pattern_0		12:109974931:T:C:R:wC	72	101	+	13.4048	3.58e-06	0.00359	CCTTGGCTTCCCAAAGTGCTAAGATTACTG
pattern_3		12:11962839:C:T:A:wC	4	33	-	14.8571	3.61e-06	0.00656	AAAAAAAAAAAAAAAAAAAAAAAAAAGCAG
pattern_3		2:146273266:T:A:A:wC	119	148	-	14.8571	3.61e-06	0.00656	AAAAAAAAAAAAAAAAAAAAAAGATTACAT
pattern_3		20:30566874:G:T:A:wC	157	186	+	14.8571	3.61e-06	0.00656	CTGTCTCAAAAAAAAAAAAAAATTGTTAAA
pattern_3		10:27445726:G:A:R:wC	131	160	-	14.8571	3.61e-06	0.00656	CTCTATCTCAAAAAAAAAAAAAAAAAAATT
pattern_3		21:37511627:T:G:A:wC	143	172	-	14.8571	3.61e-06	0.00656	AAAAAAAAAAAAAAAAAAAGAAAAAGCAAG
pattern_0		19:20831268:T:C:A:wC	128	157	+	13.381	3.63e-06	0.00363	CATCAGCCTACCAAGTAGCTGGGACTACAG
pattern_2		18:51752453:C:T:R:wC	135	164	-	-8.09756	3.64e-06	0.0093	ATGACTTCTTTTTTTTTTTTTGAGACAGAG
pattern_3		9:33085462:T:G:A:wC	46	75	+	14.8452	3.65e-06	0.00656	CCGTCTCAAAAAAAAAAAAAAAAAAAAAAA
pattern_3		7:4807826:T:C:R:wC	33	62	-	14.8452	3.65e-06	0.00656	CCGTCTCAAAAAAAAAAAAAAAAAAAAAAA
pattern_3		17:37191932:G:A:A:wC	46	75	-	14.8452	3.65e-06	0.00656	TAAAAAAAAAAAAAAAAAAAAAAGCCAGTT
pattern_3		14:32922842:G:C:R:wC	56	85	-	14.8452	3.65e-06	0.00656	CCGTCTCAAAAAAAAAAAAAAAAAAAAAAA
pattern_3		10:94475111:G:A:R:wC	67	96	-	14.8452	3.65e-06	0.00656	CTCAAAAAAAAAAAAAAAAAAAGGGAAAAA
pattern_3		10:8125134:C:T:A:wC	139	168	+	14.8452	3.65e-06	0.00656	CCGTCTCAAAAAAAAAAAAAAAAAAAAAAA
pattern_3		2:111928231:C:G:A:wC	139	168	+	14.8452	3.65e-06	0.00656	CCGTCTCAAAAAAAAAAAAAAAAAAAAAAA
pattern_3		7:117372635:C:T:A:wC	162	191	+	14.8452	3.65e-06	0.00656	CCGTCTCAAAAAAAAAAAAAAAAAAAAAAA
pattern_3		1:40073011:G:C:R:wC	169	198	+	14.8452	3.65e-06	0.00656	CCGTCTCAAAAAAAAAAAAAAAAAAAAAAA
pattern_0		12:117076080:A:G:R:wC	85	114	+	13.3571	3.67e-06	0.00367	TCTCAAACTCCTGACATCAAGTGGTCCACC
pattern_3		17:17678573:G:A:A:wC	34	63	-	14.8333	3.68e-06	0.00659	CAAAAAAAAAAAAAAAAAAAATTACACATG
pattern_3		17:76923151:G:A:R:wC	43	72	-	14.8333	3.68e-06	0.00659	AAAAAAAAAAAAAAAAAAACAAAAAAAAAC
pattern_3		7:23227144:A:G:A:wC	168	197	-	14.8333	3.68e-06	0.00659	AAAAAAAAAAAAAAAAAAAAAAAGTTGCTA
pattern_1		5:34500013:T:A:R:wC	98	127	-	14.9048	3.74e-06	0.0772	AAAATAAAAAATAAATAAATAAATAAAAAC
pattern_0		10:27445726:G:A:R:wC	39	68	+	13.3214	3.74e-06	0.00374	TCTGGAGCTCCTGACCTCAGGTGACCCGCC
pattern_3		17:76923151:G:A:R:wC	40	69	-	14.8095	3.75e-06	0.00669	AAAAAAAAAAAAAAAACAAAAAAAAACAAG
pattern_3		10:104637508:T:C:R:wC	93	122	-	14.8095	3.75e-06	0.00669	CTCAAAAAAAAAAAAAAAAAAAAAAGAAGT
pattern_3		7:6079662:T:C:A:wC	143	172	-	14.7976	3.78e-06	0.00674	TTTCAAAAAAAATAAAAAAATAAAACTAAA
pattern_2		22:30929537:A:G:A:wC	140	169	-	-8.28049	3.79e-06	0.00967	GTATTCTTTTTTTTTTTTTTTGAGACAGTC
pattern_3		1:90234055:C:A:A:wC	14	43	-	14.7857	3.82e-06	0.00675	AAATAAAAAATAAAAAAAGAAATAAAAAAT
pattern_3		1:90234055:C:A:R:wC	14	43	-	14.7857	3.82e-06	0.00675	AAATAAAAAATAAAAAAAGAAATAAAAAAT
pattern_3		1:89475842:A:G:A:wC	58	87	-	14.7857	3.82e-06	0.00675	TGTCTCAAAAAAAAAAAAAAAATTAGTTAA
pattern_3		22:31991001:G:A:A:wC	68	97	-	14.7857	3.82e-06	0.00675	AAATAAATAAATAAATAAATAAATAAATTA
pattern_4		1:85525748:A:C:R:wC	10	39	-	14.6786	3.84e-06	0.17	TATTTGTTTCATATAAAGAATTTATGAAGT
pattern_3		7:121801416:C:A:A:wC	15	44	+	14.7738	3.85e-06	0.00676	ATCTCAAAAAAAAAAAAAAAAAAAAAAGAA
pattern_3		12:11962839:C:T:A:wC	3	32	-	14.7738	3.85e-06	0.00676	AAAAAAAAAAAAAAAAAAAAAAAAAGCAGA
pattern_3		11:7983846:G:A:A:wC	30	59	-	14.7738	3.85e-06	0.00676	ATCTCAAAAAAAAAAAAAAAAAAAAAAGAA
pattern_3		17:15758268:G:A:A:wC	65	94	-	14.7738	3.85e-06	0.00676	AAAAAGAAAAAAAAAAAAAAAAGAGTTAAA
pattern_3		10:104637508:T:C:R:wC	95	124	-	14.7738	3.85e-06	0.00676	ATCTCAAAAAAAAAAAAAAAAAAAAAAGAA
pattern_0		14:105191915:A:G:A:wC	10	39	-	13.2619	3.86e-06	0.00385	CCTGAGCCACACAGGGTGCTGGGCTGACTC
pattern_5		17:27099061:C:A:R:wC	123	152	+	14.869	3.87e-06	0.0373	ATAATAATAATTTTAAAATAAGGGGGAAAA
pattern_5		2:42626124:C:T:A:wC	141	170	-	14.869	3.87e-06	0.0373	AAAGAAAAAAAAAGAAAAGAAAAAAAGAAC
pattern_3		2:146273266:T:A:A:wC	133	162	-	14.7619	3.89e-06	0.00677	CTCCGTCTAAAAAAAAAAAAAAAAAAAAAA
pattern_3		2:219272294:G:T:R:wC	142	171	-	14.7619	3.89e-06	0.00677	AAAAAAAAAAAAAAAAAAGAAAAGAAAAAA
pattern_3		2:42626124:C:T:A:wC	161	190	-	14.7619	3.89e-06	0.00677	AAAAAAAAAAAAAAAAAAGAAAAGAAAAAA
pattern_2		13:31024008:G:A:R:wC	6	35	-	-8.39024	3.89e-06	0.00989	CTTTTCTCTTTAATTCCAGGAAAGACAGCA
pattern_0		16:21289626:C:G:A:wC	156	185	+	13.2381	3.91e-06	0.00389	GCCCAGCCTCCGGGGGCGGAGCAACCCCGC
pattern_1		6:33233389:C:T:A:wC	16	45	-	14.8452	3.91e-06	0.0772	TCTACAAAAAATTTAAAAATAAACTTAACC
pattern_1		12:22763881:T:C:A:wC	68	97	-	14.8452	3.91e-06	0.0772	TATATTATAAATATATATTTATGTATATAA
pattern_3		6:13330152:G:A:A:wC	13	42	+	14.75	3.92e-06	0.00677	ATCCAATAAAAACTAAAATAAATAAGTCAA
pattern_3		7:101516234:C:A:R:wC	12	41	-	14.75	3.92e-06	0.00677	GTCTCAAAAAAAATAAAAAATAAAAAAGCT
pattern_3		7:101516234:C:A:A:wC	12	41	-	14.75	3.92e-06	0.00677	GTCTCAAAAAAAATAAAAAATAAAAAAGCT
pattern_3		7:95966546:G:A:A:wC	27	56	-	14.75	3.92e-06	0.00677	ATAAATAAATAAATAAATATAAATAAATGA
pattern_3		3:49355005:T:C:A:wC	60	89	-	14.75	3.92e-06	0.00677	CTCAAAAAAAAAAAAAAAACAAACAAACAA
pattern_3		9:117413913:A:T:A:wC	95	124	-	14.75	3.92e-06	0.00677	AAAAAAAAAAAAAAAAAAAAAAAAAGTCTC
pattern_3		3:155547945:G:A:A:wC	140	169	+	14.75	3.92e-06	0.00677	TACTGAAAAATACAAAAAAAAAAAAAAAAT
pattern_0		16:85202399:G:A:A:wC	56	85	-	13.2262	3.93e-06	0.00391	CCCCCCACCCCAGGGCTGCAGTGAGGGCAG
pattern_2		1:218843336:C:T:R:wC	68	97	+	-8.46341	3.95e-06	0.01	TTGTTTTATGTTTTTTTTTTTGAGACGGAG
pattern_3		3:24341264:A:T:A:wC	88	117	-	14.7381	3.96e-06	0.00682	ATAAATAAATAAATAAAAAAAAAAGCATAC
pattern_1		1:72819884:T:C:R:wC	82	111	-	14.8214	3.98e-06	0.0772	TCAATAAACTTATAAAATATATTCACAAGT
pattern_1		9:117413913:A:T:R:wC	92	121	-	14.8214	3.98e-06	0.0772	AAAAAAAAAAAAAAAAAAAAATGTCTCACA
pattern_0		8:81405922:G:A:A:wC	2	31	-	13.1905	4.01e-06	0.00398	TCTCGAACTCCCGACCTCAGATGATCCATC
pattern_3		14:24158734:A:G:A:wC	15	44	-	14.7143	4.03e-06	0.00692	TTAAAGTATAATTTAAAAAAAAAAAACCAC
pattern_3		7:95966546:G:A:A:wC	23	52	-	14.7143	4.03e-06	0.00692	ATAAATAAATAAATATAAATAAATGAAATC
pattern_2		15:75299768:G:A:A:wC	58	87	+	-8.56098	4.04e-06	0.0102	GCAGTTTCTTTTTCTTTTTTTGAGACAGGG
pattern_2		19:36723492:C:A:A:wC	116	145	+	-8.57317	4.05e-06	0.0102	TTTCTTTTTTTTTTTTTTCCCGAGACATAG
pattern_0		21:40977763:C:T:A:wC	129	158	+	13.1667	4.05e-06	0.00403	CCTTGGCCTCTGAAAGCACTAGGATTGCAG
pattern_5		1:232271422:A:G:R:wC	15	44	+	14.8095	4.06e-06	0.0384	TAGAAGGAAATTTGAAAATAATAATTTTAA
pattern_3		6:121788131:C:T:A:wC	10	39	-	14.7024	4.07e-06	0.00695	CCATCTCAAAAAAAAAAAAAAAAAAAAAAA
pattern_3		3:32982922:T:C:R:wC	33	62	-	14.7024	4.07e-06	0.00695	CCATCTCAAAAAAAAAAAAAAAAAAAAAAA
pattern_3		6:51392548:C:A:R:wC	165	194	-	14.7024	4.07e-06	0.00695	CCATCTCAAAAAAAAAAAAAAAAAAAAAAA
pattern_2		9:99224746:A:T:R:wC	77	106	-	-8.59756	4.07e-06	0.0103	TGGCAATTTTTTTTTTTTTTAGAGACAGAG
pattern_1		7:95966546:G:A:A:wC	27	56	-	14.7857	4.09e-06	0.0772	ATAAATAAATAAATAAATATAAATAAATGA
pattern_1		12:66199734:G:A:A:wC	121	150	-	14.7857	4.09e-06	0.0772	ATTTTATTTTATTTTATTTTATTTACTTTT
pattern_3		6:21386879:A:G:R:wC	15	44	+	14.6905	4.1e-06	0.00698	TACCACAATAAAATAATAACACAAAACAAA
pattern_3		2:242375013:G:A:R:wC	4	33	-	14.6905	4.1e-06	0.00698	TCAAAAAAAAAAAAAAAAAAATTACAAATC
pattern_3		1:222829373:G:A:A:wC	27	56	-	14.6905	4.1e-06	0.00698	AAAAAAAAAAAAAAAAAAAAAAAAGGGAAA
pattern_4		19:53674839:G:A:A:wC	18	47	+	14.5952	4.12e-06	0.17	GTATATATATATATATATATATTTTTTTTT
pattern_1		3:128350038:C:T:A:wC	14	43	+	14.7738	4.12e-06	0.0772	TCTCCAAAAAAAAAAAAAATATATGGTTTA
pattern_3		1:1835016:C:T:A:wC	37	66	-	14.6786	4.14e-06	0.00701	CTCTGGCTCAAAAAAAAAAAAAAAAAAAAA
pattern_3		17:15758268:G:A:A:wC	68	97	-	14.6786	4.14e-06	0.00701	CTCAAAAAGAAAAAAAAAAAAAAAAGAGTT
pattern_3		16:84542617:G:C:R:wC	70	99	-	14.6786	4.14e-06	0.00701	CTTGAAAAAAAAAAAAAAAAAAGAAAAATC
pattern_4		10:104637508:T:C:R:wC	55	84	-	14.5833	4.16e-06	0.17	GGTTATATGATTATAAGTAATTTTTTTAAG
pattern_2		19:39237303:A:G:R:wC	66	95	-	-8.69512	4.16e-06	0.0105	GGCCTTTTTTTTTTTTTTTTTGAGATGGAG
pattern_3		12:28300347:A:G:A:wC	11	40	-	14.6667	4.18e-06	0.00701	AAAAAAAAAAAAAAAAAGAAAAAGAAAAAA
pattern_3		5:173363889:C:T:A:wC	22	51	-	14.6667	4.18e-06	0.00701	GGTTAGAGAAAAAAAAAAAAAAAGTATAAT
pattern_3		1:90234055:C:A:A:wC	26	55	-	14.6667	4.18e-06	0.00701	AATAAATAGAAAAAATAAAAAATAAAAAAA
pattern_3		1:90234055:C:A:R:wC	26	55	-	14.6667	4.18e-06	0.00701	AATAAATAGAAAAAATAAAAAATAAAAAAA
pattern_3		5:34500013:T:A:R:wC	96	125	-	14.6667	4.18e-06	0.00701	AATAAAAAATAAATAAATAAATAAAAACAG
pattern_3		2:42626124:C:T:A:wC	165	194	-	14.6667	4.18e-06	0.00701	TCTCAAAAAAAAAAAAAAAAAAGAAAAGAA
pattern_5		9:131683644:C:T:A:wC	27	56	-	14.7738	4.18e-06	0.0384	GTCTCAAAATAAATAAATAAATAATAAATA
pattern_5		20:30021688:A:G:R:wC	75	104	+	14.7738	4.18e-06	0.0384	AAAAAAAAGGAAAGAAAAAAAAAAAAAAAG
pattern_5		6:168177053:T:C:R:wC	77	106	+	14.7738	4.18e-06	0.0384	CAAATAAATAAATTAATTAAATATTCTGAT
pattern_1		19:53674839:G:A:A:wC	14	43	-	14.75	4.2e-06	0.0772	AAAAATATATATATATATATATATACACAC
pattern_1		12:22763881:T:C:A:wC	72	101	-	14.75	4.2e-06	0.0772	CGTTTATATTATAAATATATATTTATGTAT
pattern_4		16:19992996:G:A:R:wC	13	42	-	14.5714	4.2e-06	0.17	GTAAATGCATTTTTAAAAATTTTAAAAATA
pattern_4		16:19992996:G:A:A:wC	13	42	-	14.5714	4.2e-06	0.17	GTAAATGCATTTTTAAAAATTTTAAAAATA
pattern_3		16:3538625:T:C:R:wC	4	33	-	14.6548	4.22e-06	0.00701	CTCAAAAAAAAAAAAAAAAAAGAAAATACA
pattern_3		14:32922842:G:C:R:wC	28	57	-	14.6548	4.22e-06	0.00701	AAAAAAAAAAAAAAAAAAGAAAAGAAAAAT
pattern_3		12:8451233:G:A:A:wC	44	73	-	14.6548	4.22e-06	0.00701	ACTTCTAAAAAAAAAAAAAAAAATTTAATT
pattern_3		12:66199734:G:A:A:wC	123	152	+	14.6548	4.22e-06	0.00701	AAGTAAATAAAATAAAATAAAATAAAATAA
pattern_3		9:139975755:G:A:R:wC	168	197	-	14.6548	4.22e-06	0.00701	CTCTACTAAAAAAAAAAAAAAATACAAAAA
pattern_2		11:70175565:A:T:R:wC	85	114	+	-8.76829	4.23e-06	0.0106	ATTATTTATTTATTTATTTTTGAGACAGGA
pattern_4		2:75120525:C:A:R:wC	16	45	+	14.5595	4.25e-06	0.17	TGTTAACTATTATTAATAAATTTTAACATT
pattern_3		17:37191932:G:A:A:wC	49	78	-	14.6429	4.26e-06	0.00704	AATTAAAAAAAAAAAAAAAAAAAAAAGCCA
pattern_3		2:103147561:G:A:A:wC	54	83	-	14.6429	4.26e-06	0.00704	GTCTCAAAAAAAAAAAAAAAAAAGAATTTA
pattern_3		2:32642798:T:C:R:wC	143	172	-	14.6429	4.26e-06	0.00704	TCTCAAAAACAAAAAATAAAAATAAAAAAA
pattern_0		19:11201124:T:C:A:wC	73	102	+	13.0714	4.26e-06	0.00423	GGCCCGCCCCCCGAATTCCATTGGGTGCAG
pattern_5		9:6177291:G:T:A:wC	15	44	-	14.75	4.26e-06	0.0384	AAAACTTAAAGTATAATAATAAAAAATAAA
pattern_6		12:54124477:C:T:R:wC	34	63	-	14.8214	4.29e-06	0.161	CGTCTCAAAAAAATAAAAAAATAAAAAATA
pattern_3		5:68680860:C:T:R:wC	11	40	-	14.631	4.29e-06	0.00709	TCAAAAAAAAAAAAAAAAAGATTTTAAAAG
pattern_3		17:36003551:G:A:A:wC	154	183	-	14.631	4.29e-06	0.00709	GTTTCAAAAAAAAAAAAAAAAGATAAATAA
pattern_5		20:30566874:G:T:A:wC	167	196	+	14.7381	4.3e-06	0.0384	AAAAAAAAAAAATTGTTAAAATATGTAATA
pattern_0		2:111928231:C:G:A:wC	52	81	-	13.0476	4.31e-06	0.00427	CTTCGCCCCCCGGGGTTCACGCCATTCTCC
pattern_2		10:105488746:G:C:A:wC	2	31	+	-8.85366	4.31e-06	0.0108	TTTGTTTGTTTTTTTTTTTTTGAGACAAAG
pattern_3		16:3538625:T:C:R:wC	8	37	-	14.619	4.33e-06	0.0071	CCATCTCAAAAAAAAAAAAAAAAAAGAAAA
pattern_3		12:8451233:G:A:A:wC	43	72	-	14.619	4.33e-06	0.0071	CTTCTAAAAAAAAAAAAAAAAATTTAATTA
pattern_3		17:64660752:T:C:A:wC	112	141	-	14.619	4.33e-06	0.0071	CCAAAAAAAAAAAAAAAAAAAAAAAAAACC
pattern_3		2:32642798:T:C:R:wC	132	161	-	14.619	4.33e-06	0.0071	AAAAATAAAAATAAAAAAATAATTTCACTA
pattern_3		4:189431946:G:A:R:wC	149	178	-	14.619	4.33e-06	0.0071	AAAAAAAAAAAAAAAAAAAAAAGGCTAACA
pattern_5		19:33856214:C:T:A:wC	4	33	+	14.7262	4.34e-06	0.0384	AACTATTTTATTTTTAATTAATTATTGTAA
pattern_5		19:33856191:A:G:R:wC	27	56	+	14.7262	4.34e-06	0.0384	AACTATTTTATTTTTAATTAATTATTGTAA
pattern_5		8:22335170:C:T:A:wC	59	88	-	14.7262	4.34e-06	0.0384	TAAAAAAATAAAATAAAATAAAATGCCTAA
pattern_2		19:48267703:C:T:R:wC	63	92	+	-8.91463	4.37e-06	0.0109	CCCATGATTTTTTTTTTTTTTGAGACGGAG
pattern_4		13:99113166:A:G:R:wC	57	86	+	14.5238	4.37e-06	0.17	GTTTCTATTAAAAAAAAAAAAAGTTTTAAA
pattern_5		11:12418784:C:A:A:wC	77	106	-	14.7143	4.38e-06	0.0384	AAATAATAATAAATAAATGAAAGATATGAT
pattern_5		12:77035999:C:T:R:wC	123	152	-	14.7143	4.38e-06	0.0384	AAATAAGATGGTAGAAATGAAAAATCAAAA
pattern_0		3:49336926:C:G:A:wC	113	142	+	13.0119	4.39e-06	0.00435	CCTCAGCTGCCCGAGTAGCTGGGACTACAG
pattern_3		7:4807826:T:C:R:wC	19	48	-	14.5952	4.41e-06	0.0072	AAAAAAAAAAAAAAAAAAAAAAGAAGTCAG
pattern_3		2:111928231:C:G:A:wC	151	180	+	14.5952	4.41e-06	0.0072	AAAAAAAAAAAAAAAAAAAAAAGAAGTCAG
pattern_3		20:432686:T:C:R:wC	9	38	-	14.5833	4.45e-06	0.00723	AGTGAAAGAAAAATAAAATTTAAAAATGAA
pattern_3		11:7983846:G:A:A:wC	29	58	-	14.5833	4.45e-06	0.00723	TCTCAAAAAAAAAAAAAAAAAAAAAAGAAC
pattern_3		22:31991001:G:A:A:wC	60	89	-	14.5833	4.45e-06	0.00723	AAATAAATAAATAAATAAATTATTATTATT
pattern_1		19:53674839:G:A:A:wC	26	55	-	14.6667	4.47e-06	0.0772	GAAAAAAAAAAAAAAAATATATATATATAT
pattern_5		2:101625773:C:G:R:wC	16	45	+	14.6905	4.47e-06	0.0385	ACCCTGTCTCTATTAAAAATACAAAAAAAA
pattern_5		3:49355005:T:C:A:wC	71	100	-	14.6905	4.47e-06	0.0385	GAGACTGTTGTCTCAAAAAAAAAAAAAAAA
pattern_3		19:41343700:C:T:R:wC	17	46	+	14.5714	4.49e-06	0.00725	TCAAAAAAAAAAAAAAAAAAAAAATTCTAG
pattern_3		1:35841258:C:T:A:wC	88	117	-	14.5714	4.49e-06	0.00725	CAAAAATTAAGAAAAATAAAATTTATTCTG
pattern_3		12:66199734:G:A:A:wC	129	158	+	14.5714	4.49e-06	0.00725	ATAAAATAAAATAAAATAAAATAAATTTAA
pattern_3		1:200019951:C:T:A:wC	166	195	+	14.5714	4.49e-06	0.00725	TCTCAAAAATAAATAAATAAATAAATTGAT
pattern_1		7:96039267:G:T:R:wC	71	100	+	14.6548	4.51e-06	0.0772	TTTAAAAACAATTTAAAATTAAATTCCATG
pattern_3		19:4756166:T:C:A:wC	3	32	+	14.5595	4.53e-06	0.00727	TCTTTACTAAAAAAAAAAAAAAAAAATACA
pattern_3		9:117413913:A:T:R:wC	92	121	-	14.5595	4.53e-06	0.00727	AAAAAAAAAAAAAAAAAAAAATGTCTCACA
pattern_3		9:117413913:A:T:A:wC	97	126	-	14.5595	4.53e-06	0.00727	TCAAAAAAAAAAAAAAAAAAAAAAAAAGTC
pattern_3		4:176991793:C:T:A:wC	131	160	-	14.5595	4.53e-06	0.00727	CGAAAAGTAAAAAAAAAAAAAATTAGCCAA
pattern_1		5:92232539:A:G:R:wC	34	63	+	14.6429	4.55e-06	0.0772	ATTGTTGTTCTTTGTAAAATATTAACAATT
pattern_1		3:195707336:T:C:A:wC	100	129	-	14.6429	4.55e-06	0.0772	ATCCATAAAAATTTTAAAATTTTCATTATG
pattern_5		21:40977763:C:T:A:wC	38	67	-	14.6667	4.56e-06	0.0389	ATCTATGAAAAAATAAAAATAATAAAATTA
pattern_3		1:1835016:C:T:A:wC	32	61	-	14.5476	4.57e-06	0.00731	GCTCAAAAAAAAAAAAAAAAAAAAAGCCAA
pattern_3		13:95923213:G:A:R:wC	65	94	+	14.5476	4.57e-06	0.00731	TCTCTACTAAAAATACAAAAAATTAGCCTG
pattern_3		10:105488746:G:C:A:wC	166	195	-	14.5476	4.57e-06	0.00731	TCTCTACTAAAAATACAAAAAATTAGCCTG
pattern_6		2:243054736:T:C:A:wC	5	34	-	14.7143	4.59e-06	0.162	GCTACTGGCAAATTAAAAAAAAAAAGTTTA
pattern_6		12:66199734:G:A:A:wC	127	156	+	14.7024	4.62e-06	0.162	AAATAAAATAAAATAAAATAAAATAAATTT
pattern_1		1:161126073:C:A:R:wC	32	61	+	14.619	4.63e-06	0.0772	TAGAAAAATTAGGTAAACATATTAAGAAAA
pattern_1		12:8451233:G:A:A:wC	43	72	-	14.619	4.63e-06	0.0772	CTTCTAAAAAAAAAAAAAAAAATTTAATTA
pattern_5		1:2149292:C:T:R:wC	162	191	+	14.6429	4.64e-06	0.0393	AGAGATTCCGTCTTTAAAAAAAAAAACAAA
pattern_3		6:36653597:C:T:R:wC	162	191	-	14.5238	4.66e-06	0.00743	ATTAAAACACAAATAATAATTAAGACACAC
pattern_0		3:148821605:A:G:A:wC	104	133	-	12.8929	4.67e-06	0.00462	GCTCCGCCTCCAGGATTCACACCATTCTCC
pattern_0		19:49540266:G:A:R:wC	146	175	+	12.881	4.7e-06	0.00464	CCTCGGGCTCTCAAGGCTAGGCGAGGGTGT
pattern_3		15:29008373:A:G:A:wC	9	38	-	14.5119	4.7e-06	0.00746	CCGTCAAAAAAAAAAAAAAAAGTTAGATTA
pattern_3		6:7388128:G:A:R:wC	64	93	+	14.5119	4.7e-06	0.00746	AATACAAAAAAAAAAAAAAAAAAAAATTAG
pattern_3		10:94475111:G:A:R:wC	68	97	-	14.5119	4.7e-06	0.00746	TCTCAAAAAAAAAAAAAAAAAAAGGGAAAA
pattern_1		7:144547326:T:C:R:wC	102	131	+	14.5952	4.71e-06	0.0774	TGTGTTTTATTTTTTAAAAAATGTTTCTTT
pattern_5		12:8451233:G:A:A:wC	52	81	-	14.619	4.73e-06	0.0398	GAGATCTCACTTCTAAAAAAAAAAAAAAAA
pattern_3		18:48946262:A:G:A:wC	29	58	-	14.5	4.74e-06	0.00752	TCAAAAAAAAAAAAAAAAAAAAACAGAAGT
pattern_0		22:42969854:T:G:R:wC	112	141	+	12.8452	4.78e-06	0.00472	GCCCTGACCCCGGGGCCCATGGAGCTCCCT
pattern_0		19:4251431:C:A:A:wC	127	156	-	12.8452	4.78e-06	0.00472	TCTTGAACTTCTGACCTCAGGTGATCTGCC
pattern_3		7:101516234:C:A:A:wC	5	34	-	14.4881	4.78e-06	0.00753	AAAAAATAAAAAATAAAAAAGCTCAGAGAT
pattern_3		7:101516234:C:A:R:wC	5	34	-	14.4881	4.78e-06	0.00753	AAAAAATAAAAAATAAAAAAGCTCAGAGAT
pattern_3		14:32922842:G:C:R:wC	30	59	-	14.4881	4.78e-06	0.00753	AAAAAAAAAAAAAAAAAAAAGAAAAGAAAA
pattern_3		12:66199734:G:A:A:wC	113	142	+	14.4881	4.78e-06	0.00753	CTGTCTCAAAAAGTAAATAAAATAAAATAA
pattern_3		2:219272294:G:T:R:wC	144	173	-	14.4881	4.78e-06	0.00753	AAAAAAAAAAAAAAAAAAAAGAAAAGAAAA
pattern_3		19:41343700:C:T:R:wC	15	44	+	14.4762	4.83e-06	0.00758	TCTCAAAAAAAAAAAAAAAAAAAAAATTCT
pattern_4		11:12418784:C:A:A:wC	81	110	-	14.4048	4.83e-06	0.181	CTAAAAATAATAATAAATAAATGAAAGATA
pattern_3		17:17678573:G:A:A:wC	38	67	-	14.4643	4.87e-06	0.00763	GTCTCAAAAAAAAAAAAAAAAAAAATTACA
pattern_3		15:90241150:G:A:A:wC	49	78	-	14.4643	4.87e-06	0.00763	AAAAAAAAAAAAAAAAAAATTATAAAAGTG
pattern_6		5:95865526:G:A:A:wC	171	200	-	14.619	4.87e-06	0.165	AGACTGGGTAATTTATAAATAAGAGAGGTT
pattern_3		10:38015694:G:A:A:wC	44	73	-	14.4524	4.91e-06	0.00768	AAAAAAAAAAAAAAAAAAAAAAAATCAATC
pattern_3		9:117413913:A:T:R:wC	93	122	-	14.4524	4.91e-06	0.00768	AAAAAAAAAAAAAAAAAAAAAATGTCTCAC
pattern_5		17:76923151:G:A:R:wC	59	88	-	14.5714	4.92e-06	0.041	TGGGCAATTCTTTTTAAAAAAAAAAAAAAA
pattern_3		6:121788131:C:T:A:wC	9	38	-	14.4405	4.96e-06	0.00769	CATCTCAAAAAAAAAAAAAAAAAAAAAAAA
pattern_3		3:32982922:T:C:R:wC	32	61	-	14.4405	4.96e-06	0.00769	CATCTCAAAAAAAAAAAAAAAAAAAAAAAA
pattern_3		9:117413913:A:T:R:wC	97	126	-	14.4405	4.96e-06	0.00769	TCAAAAAAAAAAAAAAAAAAAAAAAATGTC
pattern_3		3:24341264:A:T:A:wC	104	133	-	14.4405	4.96e-06	0.00769	TGCTAAAAAAAAAAAAATAAATAAATAAAT
pattern_3		6:51392548:C:A:R:wC	164	193	-	14.4405	4.96e-06	0.00769	CATCTCAAAAAAAAAAAAAAAAAAAAAAAA
pattern_5		10:78342790:G:A:A:wC	13	42	-	14.5595	4.96e-06	0.041	AACAAACAATAAATAAATAAATTATAGAAA
pattern_3		10:27445726:G:A:R:wC	127	156	-	14.4286	5e-06	0.00773	ATCTCAAAAAAAAAAAAAAAAAAATTCATA
pattern_3		7:17167825:C:T:R:wC	139	168	-	14.4286	5e-06	0.00773	TCAAAAAAAAAAAAAAAAAAAAAGTGTTAG
pattern_0		1:37940438:C:A:A:wC	37	66	+	12.75	5.02e-06	0.00495	CCCCGGCCCGCCGGGCCTCAGGACCCCTCC
pattern_3		12:11962839:C:T:A:wC	1	30	-	14.4167	5.05e-06	0.00775	AAAAAAAAAAAAAAAAAAAAAAAGCAGAAG
pattern_3		17:17678573:G:A:A:wC	40	69	-	14.4167	5.05e-06	0.00775	CTGTCTCAAAAAAAAAAAAAAAAAAAATTA
pattern_3		5:177042154:T:C:R:wC	124	153	-	14.4167	5.05e-06	0.00775	ATAAAAATTATAGTAGAAATCAATAAAATA
pattern_3		14:38591046:C:T:R:wC	162	191	-	14.4167	5.05e-06	0.00775	AAAAAGAAATTTATAATAATCTGTACTTAA
pattern_3		2:42626124:C:T:A:wC	163	192	-	14.4167	5.05e-06	0.00775	TCAAAAAAAAAAAAAAAAAAGAAAAGAAAA
pattern_5		15:66020908:A:G:R:wC	1	30	-	14.5357	5.06e-06	0.0412	AAAAAAAAAAAAAGAAAAAGAAAAAAAGAA
pattern_5		17:19918630:C:T:A:wC	65	94	-	14.5357	5.06e-06	0.0412	AAAAAAAAAAAAATTAAATTAAAAAAGACA
pattern_2		5:67503533:T:A:A:wC	76	105	+	-9.58537	5.08e-06	0.0126	TCTTTTTCTTTTTCTTTTTTTGAGATGGAG
pattern_3		19:3418156:A:G:R:wC	33	62	-	14.4048	5.09e-06	0.00779	TCTCAAAAAAAAAAAAAAAAAGAAAAGAAA
pattern_3		11:66840675:C:T:A:wC	168	197	+	14.4048	5.09e-06	0.00779	TCTGTCAAAAAAAAAAAAAAAAAAAAAAAA
pattern_6		22:31991001:G:A:A:wC	49	78	+	14.5476	5.1e-06	0.168	CATAATGAAGAAATAATAATAATTTATTTA
pattern_5		17:36003551:G:A:A:wC	163	192	-	14.5238	5.1e-06	0.0412	AGAGACCTTGTTTCAAAAAAAAAAAAAAAA
pattern_3		2:75120525:C:A:R:wC	24	53	-	14.3929	5.14e-06	0.00782	TTTTGGAAAATGTTAAAATTTATTAATAAT
pattern_3		8:25418510:A:G:A:wC	32	61	-	14.3929	5.14e-06	0.00782	GTCTCAAGAAGAAAAAAAAAAAAGAAAAAA
pattern_3		8:25418510:A:G:R:wC	32	61	-	14.3929	5.14e-06	0.00782	GTCTCAAGAAGAAAAAAAAAAAAGAAAAAA
pattern_3		12:66199734:G:A:A:wC	128	157	+	14.3929	5.14e-06	0.00782	AATAAAATAAAATAAAATAAAATAAATTTA
pattern_5		3:148821605:A:G:A:wC	4	33	+	14.5119	5.15e-06	0.0413	ACCCCATCTCTACTAAAAAAAAAATACAAA
pattern_2		1:200019951:C:T:A:wC	161	190	-	-9.65854	5.16e-06	0.0128	TTTATTTATTTATTTATTTTTGAGATGGAG
pattern_3		4:40291480:C:G:R:wC	152	181	-	14.381	5.18e-06	0.00788	ATTGAGAACAAAATAATAACACTGATACTG
pattern_1		6:88112460:A:G:R:wC	25	54	-	14.4643	5.19e-06	0.0839	AATTTTTTAACTGTATAGATATATACATAT
pattern_3		15:50312468:T:G:R:wC	88	117	-	14.369	5.23e-06	0.00793	TCTAAAAAAAAAAAAAAACAAAAAACTCAT
pattern_0		5:167680532:A:G:R:wC	112	141	+	12.6667	5.24e-06	0.00515	CCTCAGCCCGCGGAGTAGCTGGAACTACAG
pattern_5		12:118682338:C:T:R:wC	42	71	+	14.4881	5.25e-06	0.0418	AAAAAAAATTGTTCTAAAAAAAAGTTTAAA
pattern_0		1:19638090:G:C:R:wC	29	58	-	12.6548	5.27e-06	0.00517	CCCCCGCCTCCAAACCTGCCAGGTGCCCAC
pattern_0		1:97604037:G:A:A:wC	140	169	-	12.6548	5.27e-06	0.00517	TCACCAGCTCGCAAGCTCACCGGATTATAT
pattern_4		1:185401229:T:C:A:wC	55	84	-	14.2976	5.28e-06	0.187	AAAATAATAACAATAAAAAATTTAAAAAAA
pattern_0		7:97613052:C:T:A:wC	158	187	-	12.6429	5.3e-06	0.0052	CTTCAGCTTCCTGAGTAGCTGGGACTACAG
pattern_5		2:48572417:T:C:R:wC	18	47	+	14.4762	5.3e-06	0.0419	AGTACTGGGATTTTAAAAAGAAATGATAAC
pattern_3		3:49355005:T:C:A:wC	64	93	-	14.3452	5.32e-06	0.00803	TTGTCTCAAAAAAAAAAAAAAAACAAACAA
pattern_3		10:32579691:T:C:R:wC	101	130	-	14.3452	5.32e-06	0.00803	AAAAAAAAAAAGATAAAAAAAGAAAAATAC
pattern_3		1:46883303:A:G:R:wC	147	176	-	14.3452	5.32e-06	0.00803	TAATAAAAAAAAAAAAAAAAAAAAGAACAA
pattern_3		1:46883303:A:G:A:wC	147	176	-	14.3452	5.32e-06	0.00803	TAATAAAAAAAAAAAAAAAAAAAAGAACAA
pattern_3		10:99103492:A:G:R:wC	10	39	+	14.3333	5.37e-06	0.00804	TCTCAAAAAAAAAAAAAAAAAGTAAAGTAA
pattern_3		10:104637508:T:C:R:wC	53	82	+	14.3333	5.37e-06	0.00804	CTCTTAAAAAAATTACTTATAATCATATAA
pattern_3		19:3418156:A:G:R:wC	32	61	-	14.3333	5.37e-06	0.00804	CTCAAAAAAAAAAAAAAAAAGAAAAGAAAA
pattern_3		2:103147561:G:A:A:wC	53	82	-	14.3333	5.37e-06	0.00804	TCTCAAAAAAAAAAAAAAAAAAGAATTTAG
pattern_3		11:18338736:G:A:A:wC	164	193	-	14.3333	5.37e-06	0.00804	CTCTCTCAAAAAAAAAAAAAAAAAATTTAT
pattern_0		6:7388128:G:A:R:wC	161	190	+	12.6071	5.4e-06	0.00529	CCCCGGAGGCAGAGCTTGCAGTGAGCCGAG
pattern_2		16:30646970:T:C:A:wC	21	50	+	-9.86585	5.4e-06	0.0134	AAATTCTTTGTAACTTTACTAAAAATTGGG
pattern_3		9:33085462:T:G:A:wC	48	77	+	14.3214	5.42e-06	0.00804	GTCTCAAAAAAAAAAAAAAAAAAAAAAAAG
pattern_3		1:222829373:G:A:A:wC	26	55	-	14.3214	5.42e-06	0.00804	AAAAAAAAAAAAAAAAAAAAAAAGGGAAAG
pattern_3		1:222829373:G:A:A:wC	32	61	-	14.3214	5.42e-06	0.00804	GTCTCAAAAAAAAAAAAAAAAAAAAAAAAG
pattern_3		1:171719769:C:T:R:wC	52	81	-	14.3214	5.42e-06	0.00804	GTCTCAAAAAAAAAAAAAAAAAAAAAAAAG
pattern_3		10:8125134:C:T:A:wC	141	170	+	14.3214	5.42e-06	0.00804	GTCTCAAAAAAAAAAAAAAAAAAAAAAAAG
pattern_3		21:37511627:T:G:A:wC	149	178	-	14.3214	5.42e-06	0.00804	TCTGTCAAAAAAAAAAAAAAAAAAAGAAAA
pattern_3		2:219272294:G:T:R:wC	153	182	-	14.3214	5.42e-06	0.00804	GTCTCAAAAAAAAAAAAAAAAAAAAAAAAG
pattern_2		11:67798000:G:C:R:wC	97	126	-	-9.89024	5.43e-06	0.0134	CTTTCTTTTGATTGGCTAGGAGAGACCGGC
pattern_4		1:232271422:A:G:R:wC	20	49	+	14.2619	5.44e-06	0.187	GGAAATTTGAAAATAATAATTTTAAAAATG
pattern_5		7:150382724:C:T:R:wC	26	55	-	14.4405	5.45e-06	0.0427	AAAATAAACAGTTTAAATGGAAAGTTAATC
pattern_0		10:105488746:G:C:A:wC	87	116	+	12.5833	5.46e-06	0.00535	CTCCCCCTCGCCGCGTTCAAGCGATTCTCC
pattern_3		12:28300347:A:G:A:wC	18	47	-	14.3095	5.47e-06	0.00808	TCTCAAAAAAAAAAAAAAAAAAAAGAAAAA
pattern_3		17:15758268:G:A:A:wC	64	93	-	14.3095	5.47e-06	0.00808	AAAAGAAAAAAAAAAAAAAAAGAGTTAAAT
pattern_5		2:197074540:C:T:R:wC	33	62	-	14.4286	5.5e-06	0.0428	AAAAAAAAAAAAAGAAAGAAAGAAAGAAAA
pattern_3		9:6177291:G:T:A:wC	1	30	-	14.2976	5.52e-06	0.00812	AATAATAAAAAATAAAAAATTAAAAAATTA
pattern_3		9:131683644:C:T:A:wC	19	48	-	14.2976	5.52e-06	0.00812	ATAAATAAATAAATAATAAATAAAAATACC
pattern_3		4:189431946:G:A:R:wC	151	180	-	14.2976	5.52e-06	0.00812	TCAAAAAAAAAAAAAAAAAAAAAAGGCTAA
pattern_6		1:90234055:C:A:R:wC	24	53	-	14.4167	5.53e-06	0.168	TAAATAGAAAAAATAAAAAATAAAAAAAGA
pattern_6		1:90234055:C:A:A:wC	24	53	-	14.4167	5.53e-06	0.168	TAAATAGAAAAAATAAAAAATAAAAAAAGA
pattern_0		2:87151342:G:A:R:wC	103	132	-	12.5595	5.53e-06	0.00541	CTTGGGAGTCAGAGGTTGCAGTGAGCCGAG
pattern_5		5:68680860:C:T:R:wC	23	52	-	14.4048	5.61e-06	0.043	CAAGACTCCATTTCAAAAAAAAAAAAAAAA
pattern_5		9:112520879:A:T:R:wC	64	93	-	14.4048	5.61e-06	0.043	AATACATTATTATTTAAAGAAATATTTGTC
pattern_3		14:32031245:C:T:A:wC	93	122	-	14.2738	5.62e-06	0.00824	AAAATAATAATAATAAAAAGCCATTTTAAA
pattern_3		7:100702058:T:C:A:wC	144	173	+	14.2738	5.62e-06	0.00824	TAGTAACTAAAAATAATAAAGCAATTTTAT
pattern_0		19:33856214:C:T:A:wC	97	126	+	12.5238	5.63e-06	0.0055	CCTTGACCTTCTAGGCTCAAGCCACCCTCC
pattern_4		17:62407974:C:T:A:wC	146	175	+	14.2143	5.66e-06	0.187	CATATTTTTTTAAGAAAAAAATGAAAACTA
pattern_0		3:101326815:C:T:A:wC	59	88	+	12.5119	5.66e-06	0.00553	GCTCCACCTCCCAGGTTCGTACCATTCTCC
pattern_3		8:59338856:G:C:R:wC	5	34	-	14.2619	5.67e-06	0.00827	CTGTCTCAAAAAAAAAAAAAAAAAAAAAAG
pattern_3		17:74481538:A:C:R:wC	49	78	+	14.2619	5.67e-06	0.00827	CTGTCTCAAAAAAAAAAAAAAAAAAAAAAG
pattern_3		17:74481538:A:C:A:wC	49	78	+	14.2619	5.67e-06	0.00827	CTGTCTCAAAAAAAAAAAAAAAAAAAAAAG
pattern_3		15:91418297:T:A:R:wC	55	84	-	14.2619	5.67e-06	0.00827	AAAAAAAAAAAAAAAAAAAAAAGTGTAACA
pattern_4		17:61106371:A:G:A:wC	55	84	+	14.2024	5.71e-06	0.187	AATTTTATTTATACAAAAAATGGTTTTACT
pattern_1		22:31991001:G:A:A:wC	62	91	-	14.3333	5.71e-06	0.0854	ATAAATAAATAAATAAATAAATTATTATTA
pattern_3		3:49355005:T:C:A:wC	59	88	-	14.25	5.72e-06	0.0083	TCAAAAAAAAAAAAAAAACAAACAAACAAA
pattern_3		1:185401229:T:C:A:wC	64	93	-	14.25	5.72e-06	0.0083	CCTGTCTCAAAAATAATAACAATAAAAAAT
pattern_1		2:177409387:A:T:A:wC	11	40	+	14.3214	5.76e-06	0.0854	TTTAAAGAAAAATGTAAAGTATTTCTCACC
pattern_0		19:22632854:A:G:R:wC	95	124	+	12.4762	5.77e-06	0.00562	CCTCGACCTCCCAGACTGCTGGAAAATTAC
pattern_0		6:514721:C:T:A:wC	84	113	-	12.4762	5.77e-06	0.00562	CCCTGGCCTCTGCATCCCTTGGGCTTCTCC
pattern_3		7:78022018:C:T:R:wC	27	56	-	14.2381	5.77e-06	0.0083	TATTCTCAAAAAATAAAAAAATAAGAATAC
pattern_3		7:6079662:T:C:A:wC	139	168	-	14.2381	5.77e-06	0.0083	AAAAAAAATAAAAAAATAAAACTAAAAACA
pattern_6		12:66199734:G:A:A:wC	141	170	-	14.3452	5.78e-06	0.168	TATTATTATTTTTTAAATTTATTTTATTTT
pattern_0		2:217973669:G:A:R:wC	117	146	+	12.4643	5.8e-06	0.00565	CCCATGGCTACCCTGGTCAAGGGTTTTCGC
pattern_3		15:91418297:T:A:R:wC	57	86	-	14.2262	5.82e-06	0.0083	TCAAAAAAAAAAAAAAAAAAAAAAGTGTAA
pattern_3		15:23880769:C:T:R:wC	163	192	+	14.2262	5.82e-06	0.0083	TCTCCACTAAAAATACAAAAAAAAATGAAC
pattern_0		6:15378223:G:C:R:wC	75	104	+	12.4524	5.84e-06	0.00568	CCTCTGCCTCCGGGTTCAAGTGATTGTCCT
pattern_1		16:19992996:G:A:A:wC	15	44	-	14.2976	5.86e-06	0.0854	AAGTAAATGCATTTTTAAAAATTTTAAAAA
pattern_1		16:19992996:G:A:R:wC	15	44	-	14.2976	5.86e-06	0.0854	AAGTAAATGCATTTTTAAAAATTTTAAAAA
pattern_6		12:89874125:G:A:A:wC	160	189	-	14.3214	5.86e-06	0.168	AAAAAAAAAGAATTATAAATTAGCTTTATA
pattern_3		19:41343700:C:T:R:wC	10	39	+	14.2143	5.87e-06	0.0083	CTCTGTCTCAAAAAAAAAAAAAAAAAAAAA
pattern_3		8:59338856:G:C:R:wC	7	36	-	14.2143	5.87e-06	0.0083	CTCTGTCTCAAAAAAAAAAAAAAAAAAAAA
pattern_3		17:74481538:A:C:A:wC	47	76	+	14.2143	5.87e-06	0.0083	CTCTGTCTCAAAAAAAAAAAAAAAAAAAAA
pattern_3		17:74481538:A:C:R:wC	47	76	+	14.2143	5.87e-06	0.0083	CTCTGTCTCAAAAAAAAAAAAAAAAAAAAA
pattern_3		9:131683644:C:T:A:wC	31	60	-	14.2143	5.87e-06	0.0083	CTCGGTCTCAAAATAAATAAATAAATAATA
pattern_3		12:10597582:A:C:A:wC	35	64	-	14.2143	5.87e-06	0.0083	CTCTGTCTCAAAAAAAAAAAAAAAAAAAAA
pattern_3		18:48946262:A:G:A:wC	36	65	-	14.2143	5.87e-06	0.0083	CTCTGTCTCAAAAAAAAAAAAAAAAAAAAA
pattern_3		1:222829373:G:A:A:wC	36	65	-	14.2143	5.87e-06	0.0083	CTCTGTCTCAAAAAAAAAAAAAAAAAAAAA
pattern_3		2:16129686:G:A:A:wC	69	98	+	14.2143	5.87e-06	0.0083	CTCTGTCTCAAAAAAAAAAAAAAAAAAAAA
pattern_3		1:171719769:C:T:R:wC	56	85	-	14.2143	5.87e-06	0.0083	CTCTGTCTCAAAAAAAAAAAAAAAAAAAAA
pattern_3		10:38015694:G:A:A:wC	74	103	-	14.2143	5.87e-06	0.0083	CTCTGTCTCAAAAAAAAAAAAAAAAAAAAA
pattern_3		9:117413913:A:T:R:wC	104	133	-	14.2143	5.87e-06	0.0083	CTCTGTCTCAAAAAAAAAAAAAAAAAAAAA
pattern_3		9:117413913:A:T:A:wC	104	133	-	14.2143	5.87e-06	0.0083	CTCTGTCTCAAAAAAAAAAAAAAAAAAAAA
pattern_3		2:68436423:G:A:A:wC	159	188	+	14.2143	5.87e-06	0.0083	CTCTGTCTCAAAAAAAAAAAAAAAAAAAAA
pattern_3		17:28771495:T:C:R:wC	145	174	-	14.2143	5.87e-06	0.0083	CTCTGTCTCAAAAAAAAAAAAAAAAAAAAA
pattern_3		7:17167825:C:T:R:wC	146	175	-	14.2143	5.87e-06	0.0083	CTCTGTCTCAAAAAAAAAAAAAAAAAAAAA
pattern_3		18:55129900:A:G:R:wC	160	189	-	14.2143	5.87e-06	0.0083	CTCTGTCTCAAAAAAAAAAAAAAAAAAAAA
pattern_5		5:94085085:T:C:R:wC	54	83	+	14.3452	5.87e-06	0.0444	ACTTTTGAAGAATGAAAGAAATATTTAAAA
pattern_5		15:43633366:T:G:A:wC	134	163	-	14.3452	5.87e-06	0.0444	AACACTTATACTTTACAATAAGTTTCAAAA
pattern_4		7:96039267:G:T:R:wC	58	87	-	14.1667	5.88e-06	0.187	TTTAAATTGTTTTTAAATAAATTTACGGGG
pattern_2		16:1471233:A:C:A:wC	145	174	-	-10.2561	5.88e-06	0.0145	TCCTCAGTGATAATTTTTGCAAAGGCGGTT
pattern_2		16:1471233:A:C:R:wC	145	174	-	-10.2561	5.88e-06	0.0145	TCCTCAGTGATAATTTTTGCAAAGGCGGTT
pattern_6		8:48885436:T:A:A:wC	50	79	-	14.3095	5.91e-06	0.168	TAAGAAAACAAAGTAAAAATACTGTTTTTC
pattern_1		4:122278614:C:G:R:wC	50	79	+	14.2857	5.91e-06	0.0854	ATAAGGTAAAATAAAAAAAAATTTAAAGCC
pattern_1		2:204649276:G:A:A:wC	123	152	+	14.2857	5.91e-06	0.0854	TTAAAAAAAAAAAAAAAAAAAGTTAACTTT
pattern_3		1:67481070:G:T:A:wC	12	41	+	14.2024	5.92e-06	0.00834	AACTAATTAAAATTAAATAGATTTATTTAC
pattern_3		14:32031245:C:T:A:wC	105	134	-	14.2024	5.92e-06	0.00834	AGACAACTTTAAAAAATAATAATAATAAAA
pattern_3		21:37511627:T:G:A:wC	148	177	-	14.2024	5.92e-06	0.00834	CTGTCAAAAAAAAAAAAAAAAAAAGAAAAA
pattern_5		22:30251180:A:G:R:wC	45	74	-	14.3333	5.93e-06	0.0445	AGCAACTCAGTCTTAAAAAAAAAAAAAGAA
pattern_1		1:148239834:G:T:R:wC	76	105	+	14.2738	5.97e-06	0.0854	AATGTATTTTAGGGTAAAATATTTGTATTT
pattern_3		17:19918630:C:T:A:wC	70	99	-	14.1905	5.97e-06	0.00841	TCTCAAAAAAAAAAAAAATTAAATTAAAAA
pattern_5		2:228720464:C:T:R:wC	105	134	-	14.3214	5.98e-06	0.0446	AACCTATAGACATGAAAAGAAAAAAATTCA
pattern_1		19:53674839:G:A:A:wC	24	53	-	14.2619	6.02e-06	0.0854	AAAAAAAAAAAAAAATATATATATATATAT
pattern_3		1:222829373:G:A:A:wC	24	53	-	14.1786	6.03e-06	0.00841	AAAAAAAAAAAAAAAAAAAAAGGGAAAGAA
pattern_3		2:103147561:G:A:A:wC	56	85	-	14.1786	6.03e-06	0.00841	CCGTCTCAAAAAAAAAAAAAAAAAAGAATT
pattern_3		5:177042154:T:C:R:wC	136	165	-	14.1786	6.03e-06	0.00841	AAAAGGATAGAAATAAAAATTATAGTAGAA
pattern_3		22:51219704:G:A:R:wC	166	195	+	14.1786	6.03e-06	0.00841	TCAAAAAAAAAAAAAAAAAAACTAAACCAG
pattern_3		17:76923151:G:A:R:wC	42	71	-	14.1667	6.08e-06	0.00841	AAAAAAAAAAAAAAAAAACAAAAAAAAACA
pattern_0		11:32718439:G:T:R:wC	150	179	+	12.369	6.09e-06	0.00591	CCTCAGCCTCCTGAGTAGCTAAGACTACAG
pattern_0		11:32718439:G:T:A:wC	150	179	+	12.369	6.09e-06	0.00591	CCTCAGCCTCCTGAGTAGCTAAGACTACAG
pattern_5		7:6079662:T:C:A:wC	154	183	-	14.2976	6.1e-06	0.0447	GAGGAAGACTGTTTCAAAAAAAATAAAAAA
pattern_1		16:19992996:G:A:A:wC	5	34	+	14.2381	6.12e-06	0.0854	AAACATTTTATTTTTAAAATTTTTAAAAAT
pattern_1		16:19992996:G:A:R:wC	5	34	+	14.2381	6.12e-06	0.0854	AAACATTTTATTTTTAAAATTTTTAAAAAT
pattern_0		1:46883303:A:G:R:wC	54	83	+	12.3571	6.12e-06	0.00592	CCTCGAACTCCTGACCTCATGATCTGCCTG
pattern_0		1:46883303:A:G:A:wC	54	83	+	12.3571	6.12e-06	0.00592	CCTCGAACTCCTGACCTCATGATCTGCCTG
pattern_0		3:150436676:G:A:A:wC	74	103	-	12.3571	6.12e-06	0.00592	TCTTGAACTCCCAACATCAGCTGATCCACC
pattern_0		12:57021006:T:C:R:wC	105	134	-	12.3571	6.12e-06	0.00592	ATTGAGCCTCCCAAAGTGCTGGGGTTACAG
pattern_6		22:32795285:G:C:A:wC	104	133	-	14.25	6.13e-06	0.168	TCTCTACAAAAATTAAAAAAAAAAAAAATT
pattern_3		1:90234055:C:A:R:wC	21	50	-	14.1548	6.13e-06	0.00841	ATAGAAAAAATAAAAAATAAAAAAAGAAAT
pattern_3		1:90234055:C:A:A:wC	21	50	-	14.1548	6.13e-06	0.00841	ATAGAAAAAATAAAAAATAAAAAAAGAAAT
pattern_3		12:10597582:A:C:A:wC	23	52	-	14.1548	6.13e-06	0.00841	AAAAAAAAAAAAAAAAAAAAATTAGTGCAT
pattern_3		3:32982922:T:C:R:wC	26	55	-	14.1548	6.13e-06	0.00841	AAAAAAAAAAAAAAAAAAAAAAAAAAATGA
pattern_3		17:28771495:T:C:R:wC	134	163	-	14.1548	6.13e-06	0.00841	AAAAAAAAAAAAAAAAAAAAAAAAGTTACT
pattern_3		7:130568456:T:C:A:wC	153	182	-	14.1548	6.13e-06	0.00841	CAGTCAAAAATATTAAATATATGAATTTCA
pattern_5		12:54124477:C:T:R:wC	34	63	-	14.2857	6.15e-06	0.0447	CGTCTCAAAAAAATAAAAAAATAAAAAATA
pattern_5		6:168177053:T:C:R:wC	68	97	+	14.2857	6.15e-06	0.0447	ATCCTGTCTCAAATAAATAAATTAATTAAA
pattern_2		6:168177053:T:C:R:wC	69	98	-	-10.4634	6.16e-06	0.0151	ATTTAATTAATTTATTTATTTGAGACAGGA
pattern_0		12:96240341:T:C:A:wC	13	42	-	12.3452	6.16e-06	0.00595	GCCTTGGCTTCCAAAGTGCTAGGATTACAA
pattern_2		12:11962839:C:T:A:wC	16	45	+	-10.4756	6.17e-06	0.0151	TTTTTTTTTTTTTTTTTTGGAGAGAGTCTT
pattern_1		12:6477378:C:T:R:wC	23	52	+	14.2262	6.18e-06	0.0854	AAAAGAAAAACTTTAAACAAATTAAATTTA
pattern_3		22:31991001:G:A:A:wC	52	81	+	14.1429	6.19e-06	0.00841	AATGAAGAAATAATAATAATTTATTTATTT
pattern_3		19:3418156:A:G:R:wC	30	59	-	14.1429	6.19e-06	0.00841	CAAAAAAAAAAAAAAAAAGAAAAGAAAATT
pattern_3		12:10597582:A:C:A:wC	32	61	-	14.1429	6.19e-06	0.00841	TGTCTCAAAAAAAAAAAAAAAAAAAAAAAA
pattern_3		1:222829373:G:A:A:wC	33	62	-	14.1429	6.19e-06	0.00841	TGTCTCAAAAAAAAAAAAAAAAAAAAAAAA
pattern_3		1:226448407:A:G:R:wC	33	62	-	14.1429	6.19e-06	0.00841	TGTCTCAAAAAAAAAAAAAAAAAAAAAAAA
pattern_3		1:171719769:C:T:R:wC	53	82	-	14.1429	6.19e-06	0.00841	TGTCTCAAAAAAAAAAAAAAAAAAAAAAAA
pattern_3		17:19918630:C:T:A:wC	68	97	-	14.1429	6.19e-06	0.00841	TCAAAAAAAAAAAAAATTAAATTAAAAAAG
pattern_3		10:38015694:G:A:A:wC	71	100	-	14.1429	6.19e-06	0.00841	TGTCTCAAAAAAAAAAAAAAAAAAAAAAAA
pattern_3		9:117413913:A:T:A:wC	101	130	-	14.1429	6.19e-06	0.00841	TGTCTCAAAAAAAAAAAAAAAAAAAAAAAA
pattern_3		9:117413913:A:T:R:wC	101	130	-	14.1429	6.19e-06	0.00841	TGTCTCAAAAAAAAAAAAAAAAAAAAAAAA
pattern_3		1:116460355:G:A:A:wC	160	189	+	14.1429	6.19e-06	0.00841	TGTCTCAAAAAAAAAAAAAAAAAAAAAAAA
pattern_3		1:116460355:G:A:R:wC	160	189	+	14.1429	6.19e-06	0.00841	TGTCTCAAAAAAAAAAAAAAAAAAAAAAAA
pattern_3		2:68436423:G:A:A:wC	162	191	+	14.1429	6.19e-06	0.00841	TGTCTCAAAAAAAAAAAAAAAAAAAAAAAA
pattern_3		17:28771495:T:C:R:wC	142	171	-	14.1429	6.19e-06	0.00841	TGTCTCAAAAAAAAAAAAAAAAAAAAAAAA
pattern_3		18:55129900:A:G:R:wC	157	186	-	14.1429	6.19e-06	0.00841	TGTCTCAAAAAAAAAAAAAAAAAAAAAAAA
pattern_2		15:91418297:T:A:R:wC	66	95	+	-10.5	6.21e-06	0.0152	TTTTTTTTTTTTTTTTTTTGAGAGGGAGTA
pattern_6		6:88112460:A:G:R:wC	140	169	-	14.2262	6.22e-06	0.168	TGTACTCTTGGTTTAAAATTTCTAATTTTT
pattern_3		19:49508265:A:G:R:wC	55	84	+	14.131	6.24e-06	0.00845	ATAAAAAATTAAAAAAAAAAAAACAGGAAA
pattern_3		17:15758268:G:A:A:wC	66	95	-	14.131	6.24e-06	0.00845	CAAAAAGAAAAAAAAAAAAAAAAGAGTTAA
pattern_3		11:18338736:G:A:A:wC	161	190	-	14.131	6.24e-06	0.00845	TCTCAAAAAAAAAAAAAAAAAATTTATCAG
pattern_5		1:1548801:T:C:A:wC	6	35	-	14.2619	6.27e-06	0.0447	AAATACAAAAATACAAAAAAAAAAAATATT
pattern_5		1:116460355:G:A:R:wC	152	181	+	14.2619	6.27e-06	0.0447	GGCGAGACTGTCTCAAAAAAAAAAAAAAAA
pattern_5		1:116460355:G:A:A:wC	152	181	+	14.2619	6.27e-06	0.0447	GGCGAGACTGTCTCAAAAAAAAAAAAAAAA
pattern_3		14:32922842:G:C:R:wC	34	63	-	14.119	6.3e-06	0.0085	AAAAAAAAAAAAAAAAAAAAAAAAGAAAAG
pattern_3		12:111978537:C:T:R:wC	57	86	-	14.119	6.3e-06	0.0085	ATCTCAAAAAAAAAAAAAAAAAAGACTTAG
pattern_3		2:219272294:G:T:R:wC	148	177	-	14.119	6.3e-06	0.0085	AAAAAAAAAAAAAAAAAAAAAAAAGAAAAG
pattern_3		22:30251180:A:G:R:wC	40	69	-	14.1071	6.35e-06	0.00855	CTCAGTCTTAAAAAAAAAAAAAGAAAAAAA
pattern_3		17:19918630:C:T:A:wC	69	98	-	14.1071	6.35e-06	0.00855	CTCAAAAAAAAAAAAAATTAAATTAAAAAA
pattern_5		10:104637508:T:C:R:wC	44	73	+	14.2381	6.38e-06	0.0447	AAACCCTATCTCTTAAAAAAATTACTTATA
pattern_5		12:118682338:C:T:R:wC	84	113	-	14.2381	6.38e-06	0.0447	AAAAAAAAAAAAAGAAAAAGAAAAAAGAAA
pattern_5		4:169659504:G:C:R:wC	158	187	-	14.2381	6.38e-06	0.0447	AAAAATAAAAAATGAAAAGTAGATAGAACA
pattern_3		7:17167825:C:T:R:wC	137	166	-	14.0952	6.41e-06	0.00861	AAAAAAAAAAAAAAAAAAAAAGTGTTAGTT
pattern_0		1:155857540:G:A:A:wC	117	146	+	12.2619	6.42e-06	0.00619	ACCTCCGCCTCCAGGTTCAAGCAATTCTCC
pattern_0		12:24416335:G:A:A:wC	134	163	-	12.2619	6.42e-06	0.00619	GCTCCGCCCTCTGGGTTCACGCCATTCTCA
pattern_0		1:26834960:G:A:A:wC	77	106	-	12.25	6.46e-06	0.00622	GCTCCGTCTCCCGAGTTCACGCCGTTTTCC
pattern_3		3:24341264:A:T:A:wC	105	134	-	14.0833	6.46e-06	0.00868	TTGCTAAAAAAAAAAAAATAAATAAATAAA
pattern_4		21:37477069:C:T:R:wC	27	56	-	14.0476	6.48e-06	0.2	AATAGCACTCAAATATAAAATTTTCTTTTT
pattern_3		11:95327412:A:G:R:wC	5	34	+	14.0714	6.52e-06	0.00871	TAAAAATAAAAAATAATATAAAGGTAGCAT
pattern_3		10:78342790:G:A:A:wC	13	42	-	14.0714	6.52e-06	0.00871	AACAAACAATAAATAAATAAATTATAGAAA
pattern_3		19:53674839:G:A:A:wC	24	53	-	14.0714	6.52e-06	0.00871	AAAAAAAAAAAAAAATATATATATATATAT
pattern_3		19:4080391:A:G:A:wC	74	103	+	14.0714	6.52e-06	0.00871	TTGTCTCAAAAACAAAAAATAAATAAGTAA
pattern_5		14:35819834:C:G:R:wC	61	90	+	14.2024	6.56e-06	0.0452	AGAAGAATTACATTAAAAAGAGAGAGAAAA
pattern_3		7:96039267:G:T:R:wC	71	100	+	14.0595	6.58e-06	0.00876	TTTAAAAACAATTTAAAATTAAATTCCATG
pattern_3		5:14528587:G:A:R:wC	66	95	-	14.0595	6.58e-06	0.00876	CTCTAAAAATAAATAAATAAATTTTAATAC
pattern_1		3:24341264:A:T:A:wC	98	127	-	14.131	6.62e-06	0.0885	AAAAAAAAAAATAAATAAATAAATAAAAAA
pattern_3		12:28300347:A:G:A:wC	16	45	-	14.0476	6.64e-06	0.00882	TCAAAAAAAAAAAAAAAAAAAAGAAAAAGA
pattern_3		9:33085462:T:G:A:wC	52	81	+	14.0476	6.64e-06	0.00882	CAAAAAAAAAAAAAAAAAAAAAAAAGGGCT
pattern_1		19:53674839:G:A:A:wC	16	45	-	14.119	6.67e-06	0.0885	AAAAAAATATATATATATATATATATACAC
pattern_5		16:19992996:G:A:R:wC	6	35	-	14.1786	6.68e-06	0.0452	CATTTTTAAAAATTTTAAAAATAAAATGTT
pattern_5		16:19992996:G:A:A:wC	6	35	-	14.1786	6.68e-06	0.0452	CATTTTTAAAAATTTTAAAAATAAAATGTT
pattern_3		6:51392548:C:A:R:wC	155	184	-	14.0357	6.69e-06	0.00886	AAAAAAAAAAAAAAAAAAAAAAGAAGAAGA
pattern_2		15:91546711:T:C:R:wC	56	85	+	-10.8659	6.72e-06	0.0164	ATTTATTTATTTATTTATTTAGAGATGGAG
pattern_5		16:19992996:G:A:A:wC	4	33	-	14.1667	6.75e-06	0.0452	TTTTTAAAAATTTTAAAAATAAAATGTTTT
pattern_5		16:19992996:G:A:R:wC	4	33	-	14.1667	6.75e-06	0.0452	TTTTTAAAAATTTTAAAAATAAAATGTTTT
pattern_3		7:121801416:C:A:A:wC	11	40	+	14.0238	6.75e-06	0.00886	CTCCATCTCAAAAAAAAAAAAAAAAAAAAA
pattern_3		6:121788131:C:T:A:wC	12	41	-	14.0238	6.75e-06	0.00886	CTCCATCTCAAAAAAAAAAAAAAAAAAAAA
pattern_3		5:68680860:C:T:R:wC	14	43	-	14.0238	6.75e-06	0.00886	ATTTCAAAAAAAAAAAAAAAAAGATTTTAA
pattern_3		11:7983846:G:A:A:wC	34	63	-	14.0238	6.75e-06	0.00886	CTCCATCTCAAAAAAAAAAAAAAAAAAAAA
pattern_3		3:32982922:T:C:R:wC	35	64	-	14.0238	6.75e-06	0.00886	CTCCATCTCAAAAAAAAAAAAAAAAAAAAA
pattern_3		2:16129686:G:A:A:wC	73	102	+	14.0238	6.75e-06	0.00886	GTCTCAAAAAAAAAAAAAAAAAAAAACAAG
pattern_3		10:104637508:T:C:R:wC	99	128	-	14.0238	6.75e-06	0.00886	CTCCATCTCAAAAAAAAAAAAAAAAAAAAA
pattern_3		7:148849502:G:A:A:wC	110	139	-	14.0238	6.75e-06	0.00886	TCTCTACTAAAAATAGAAAAAATTAGCCAG
pattern_3		6:51392548:C:A:R:wC	167	196	-	14.0238	6.75e-06	0.00886	CTCCATCTCAAAAAAAAAAAAAAAAAAAAA
pattern_1		1:232271422:A:G:R:wC	27	56	+	14.0952	6.79e-06	0.0885	TGAAAATAATAATTTTAAAAATGTTTTTTG
pattern_1		10:123191538:A:G:A:wC	4	33	-	14.0952	6.79e-06	0.0885	AAAAAAAAAAAAAGAAAAAAATTATACACA
pattern_4		19:11259528:G:A:A:wC	158	187	-	13.9881	6.8e-06	0.204	GTCTCTACAAAAATAAAAAAATTAGGTCAG
pattern_3		19:36723492:C:A:A:wC	106	135	-	14.0119	6.81e-06	0.00893	GGAAAAAAAAAAAAAAGAAAAAAGAAAAAA
pattern_0		7:37978666:T:C:R:wC	128	157	+	12.1429	6.82e-06	0.00656	CCTCAGACTCAAGAGTAGCTGGAAATACAG
pattern_3		18:48946262:A:G:A:wC	34	63	-	14	6.87e-06	0.00894	CTGTCTCAAAAAAAAAAAAAAAAAAAAACA
pattern_3		2:16129686:G:A:A:wC	71	100	+	14	6.87e-06	0.00894	CTGTCTCAAAAAAAAAAAAAAAAAAAAACA
pattern_3		9:117413913:A:T:R:wC	94	123	-	14	6.87e-06	0.00894	AAAAAAAAAAAAAAAAAAAAAAATGTCTCA
pattern_3		12:66199734:G:A:A:wC	124	153	+	14	6.87e-06	0.00894	AGTAAATAAAATAAAATAAAATAAAATAAA
pattern_3		17:28771495:T:C:R:wC	132	161	-	14	6.87e-06	0.00894	AAAAAAAAAAAAAAAAAAAAAAGTTACTAG
pattern_3		1:205001063:T:C:A:wC	158	187	-	14	6.87e-06	0.00894	CTGTAGTAAATAATACAAAAAATTAGCTGG
pattern_2		7:63971022:T:C:R:wC	44	73	+	-10.9756	6.88e-06	0.0168	GTTCTTTTTAATTTTCTAGCAGGTAAAAAA
pattern_1		1:72819884:T:C:R:wC	1	30	-	14.0714	6.9e-06	0.0885	ATTATAAACAAGTATAACATATTCCAGATT
pattern_1		12:66199734:G:A:A:wC	126	155	-	14.0714	6.9e-06	0.0885	AATTTATTTTATTTTATTTTATTTTATTTA
pattern_2		20:60780450:T:C:R:wC	69	98	+	-11	6.92e-06	0.0168	TTTCCATCTTTTTTTTTGGCGGCGGTGGGG
pattern_3		17:61106371:A:G:A:wC	41	70	+	13.9881	6.93e-06	0.00898	AAAGATATAATACTAATTTTATTTATACAA
pattern_3		7:96039267:G:T:R:wC	60	89	+	13.9881	6.93e-06	0.00898	CCGTAAATTTATTTAAAAACAATTTAAAAT
pattern_3		12:54711574:A:G:A:wC	78	107	+	13.9881	6.93e-06	0.00898	CTCAAAAAAAAAAAAAAAAAAGGAAGGATT
pattern_5		9:112520879:A:T:R:wC	64	93	+	14.131	6.93e-06	0.0452	GACAAATATTTCTTTAAATAATAATGTATT
pattern_5		16:1471233:A:C:A:wC	42	71	-	14.131	6.93e-06	0.0452	AAAAGAACTAAACGGAAAAAAAAAAAAAAA
pattern_5		16:1471233:A:C:R:wC	42	71	-	14.131	6.93e-06	0.0452	AAAAGAACTAAACGGAAAAAAAAAAAAAAA
pattern_5		22:30929537:A:G:A:wC	135	164	+	14.131	6.93e-06	0.0452	AGCAAGACTGTCTCAAAAAAAAAAAAAAAG
pattern_5		1:46883303:A:G:A:wC	157	186	-	14.131	6.93e-06	0.0452	AACTCCGTCTTAATAAAAAAAAAAAAAAAA
pattern_5		1:46883303:A:G:R:wC	157	186	-	14.131	6.93e-06	0.0452	AACTCCGTCTTAATAAAAAAAAAAAAAAAA
pattern_0		5:118656898:T:C:A:wC	21	50	-	12.1071	6.94e-06	0.00666	GCTCCGCCTCCCGGGTGCACACCATTCTCC
pattern_0		5:2094363:C:T:A:wC	25	54	-	12.1071	6.94e-06	0.00666	CCTCGGTCTGCCCACGTCAACGACACCCCG
pattern_3		3:196202508:G:A:A:wC	7	36	-	13.9762	6.99e-06	0.00902	ATCTCAAAAAAAAAAAAAAAAGAAAAAATA
pattern_3		6:33233389:C:T:A:wC	16	45	-	13.9762	6.99e-06	0.00902	TCTACAAAAAATTTAAAAATAAACTTAACC
pattern_3		18:48946262:A:G:A:wC	30	59	-	13.9762	6.99e-06	0.00902	CTCAAAAAAAAAAAAAAAAAAAAACAGAAG
pattern_3		12:115556307:T:G:R:wC	33	62	-	13.9762	6.99e-06	0.00902	GACTTCCGCAAAATAAAAAAAAAAAACTTT
pattern_0		1:46780007:C:A:R:wC	6	35	-	12.0833	7.02e-06	0.00674	CCTCAGCCTCCCAAGTAGCTGGTTCTACAA
pattern_3		15:66020908:A:G:R:wC	4	33	-	13.9643	7.05e-06	0.00907	CTCAAAAAAAAAAAAAGAAAAAGAAAAAAA
pattern_3		10:94475111:G:A:R:wC	66	95	-	13.9643	7.05e-06	0.00907	TCAAAAAAAAAAAAAAAAAAAGGGAAAAAC
pattern_2		19:44344928:C:T:R:wC	7	36	+	-11.1098	7.09e-06	0.0172	CTCTCTCTCTTTTTTTTTTTTGAGATGGAG
pattern_0		9:16739403:A:G:A:wC	104	133	-	12.0595	7.11e-06	0.0068	CCTCGGCTTTCCACAGTTTTGGGATTAGAG
pattern_0		19:3418156:A:G:R:wC	154	183	+	12.0595	7.11e-06	0.0068	CCTCAGCTCCCCGAGTAGCTGGAACTACAG
pattern_3		8:59338856:G:C:R:wC	3	32	-	13.9524	7.12e-06	0.00912	GTCTCAAAAAAAAAAAAAAAAAAAAAAGAT
pattern_3		19:3418156:A:G:R:wC	38	67	-	13.9524	7.12e-06	0.00912	CTATGTCTCAAAAAAAAAAAAAAAAAGAAA
pattern_3		6:7388128:G:A:R:wC	68	97	+	13.9524	7.12e-06	0.00912	CAAAAAAAAAAAAAAAAAAAAATTAGCTGG
pattern_5		17:62387091:C:T:R:wC	58	87	-	14.0952	7.13e-06	0.0462	ACAAATTAAAAAATAAAATAAAATTAGAGC
pattern_4		8:100141089:T:C:A:wC	68	97	+	13.9286	7.13e-06	0.208	AGATGGCAAGTTATAAAATACTTTAAGATA
pattern_1		11:18338736:G:A:A:wC	160	189	-	14.0238	7.14e-06	0.0888	CTCAAAAAAAAAAAAAAAAAATTTATCAGG
pattern_0		6:6737737:A:G:A:wC	22	51	+	12.0476	7.15e-06	0.00684	GCTCCTCATCACCCGTTCCTGTGATCTCAG
pattern_3		10:81950326:C:T:R:wC	8	37	-	13.9405	7.18e-06	0.00915	TCTCAAAAAAAAAAAAAAAAAAATTTATTG
pattern_3		2:54217148:G:C:R:wC	66	95	-	13.9405	7.18e-06	0.00915	CTCCATCTCAAAAAAAAAAAAAAAAGAAAA
pattern_3		16:89867731:G:A:A:wC	114	143	+	13.9405	7.18e-06	0.00915	CTGTCTCAAAAAAAAAAAAAAAAAAGCCAA
pattern_3		2:32642798:T:C:R:wC	142	171	-	13.9405	7.18e-06	0.00915	CTCAAAAACAAAAAATAAAAATAAAAAAAT
pattern_1		12:66199734:G:A:A:wC	144	173	+	14.0119	7.21e-06	0.0888	ATAAAATAAATTTAAAAAATAATAATAAAT
pattern_6		18:21120444:T:C:A:wC	24	53	+	13.9762	7.24e-06	0.173	CAGCTAAAGAAGTTAAAAAAAAAAAAAAAA
pattern_2		3:49355005:T:C:A:wC	66	95	+	-11.2073	7.24e-06	0.0175	GTTTGTTTTTTTTTTTTTTTTGAGACAACA
pattern_3		11:12418784:C:A:A:wC	84	113	-	13.9286	7.24e-06	0.00922	TCTCTAAAAATAATAATAAATAAATGAAAG
pattern_1		20:16559508:C:T:A:wC	43	72	+	14	7.27e-06	0.0888	ACAGTGTAAAGTTTAAAAATAGTTGTAAAT
pattern_1		1:200019951:C:T:A:wC	170	199	+	14	7.27e-06	0.0888	AAAAATAAATAAATAAATAAATTGATGTTA
pattern_3		1:155857540:G:A:A:wC	33	62	-	13.9167	7.3e-06	0.00928	CTCCATCTCAAAAAAAAAAAAAAAAAAAAT
pattern_3		2:213851410:T:C:R:wC	53	82	-	13.9167	7.3e-06	0.00928	CTCAAAAAGAAAAAAAAAAAAAAGAGAGAG
pattern_6		1:85525748:A:C:R:wC	1	30	+	13.9524	7.34e-06	0.173	AATGCAAAAACTTCATAAATTCTTTATATG
pattern_2		12:125311934:C:T:R:wC	30	59	-	-11.2805	7.35e-06	0.0177	AAACTTTTTGTTCTGTTAGCTGATGTATGT
pattern_3		1:1548801:T:C:A:wC	5	34	-	13.9048	7.37e-06	0.00933	AATACAAAAATACAAAAAAAAAAAATATTA
pattern_3		6:53443540:T:A:A:wC	18	47	-	13.9048	7.37e-06	0.00933	TTTTAACCATTTATAAAAAATTCTAGAAAA
pattern_3		5:98265807:G:T:R:wC	64	93	-	13.9048	7.37e-06	0.00933	CTACAAACATAAATAAAAAACAAAAATCAT
pattern_5		2:103147561:G:A:A:wC	30	59	-	14.0476	7.39e-06	0.0473	AATTTAGGTATTTTATATTTAAATCTGAAA
pattern_5		8:57291218:A:G:R:wC	144	173	-	14.0476	7.39e-06	0.0473	ATCATAAAACTCTTAAAGAAAAATGATGTA
pattern_1		22:31991001:G:A:A:wC	49	78	+	13.9762	7.39e-06	0.0893	CATAATGAAGAAATAATAATAATTTATTTA
pattern_0		12:64439316:A:G:R:wC	66	95	-	11.9762	7.41e-06	0.00707	CCTGGGAGGCCGAGGTTGCAGTGAGCCAAG
pattern_0		6:18161232:A:G:R:wC	101	130	+	11.9762	7.41e-06	0.00707	CCTCAGCCACCCAAAGTGCTGGGGATTACA
pattern_4		5:87978252:T:C:R:wC	26	55	-	13.881	7.41e-06	0.211	TGTAATTTTTTAATAAATATTTTCCTGTGC
pattern_3		6:7388128:G:A:R:wC	58	87	+	13.8929	7.43e-06	0.00939	ACTAAAAATACAAAAAAAAAAAAAAAAAAA
pattern_3		9:117413913:A:T:R:wC	98	127	-	13.8929	7.43e-06	0.00939	CTCAAAAAAAAAAAAAAAAAAAAAAAATGT
pattern_0		6:51004794:C:A:A:wC	130	159	-	11.9643	7.45e-06	0.0071	GATCTAACTGCAAGGCTGCAGCGAGGCTGG
pattern_3		1:90234055:C:A:R:wC	19	48	-	13.881	7.49e-06	0.00943	AGAAAAAATAAAAAATAAAAAAAGAAATAA
pattern_3		1:90234055:C:A:A:wC	19	48	-	13.881	7.49e-06	0.00943	AGAAAAAATAAAAAATAAAAAAAGAAATAA
pattern_3		12:28300347:A:G:A:wC	20	49	-	13.881	7.49e-06	0.00943	TATCTCAAAAAAAAAAAAAAAAAAAAGAAA
pattern_0		9:99224746:A:T:R:wC	155	184	-	11.9524	7.5e-06	0.00713	CCTCTGACTCCCAGATCAAGTGATTCTCAT
pattern_0		9:99224746:A:T:A:wC	155	184	-	11.9524	7.5e-06	0.00713	CCTCTGACTCCCAGATCAAGTGATTCTCAT
pattern_6		22:29431626:T:C:R:wC	22	51	-	13.9167	7.5e-06	0.173	AGAAAAAAAATTTTAAAATAAATAGACTGG
pattern_6		22:29431626:T:C:A:wC	22	51	-	13.9167	7.5e-06	0.173	AGAAAAAAAATTTTAAAATAAATAGACTGG
pattern_6		12:66199734:G:A:A:wC	137	166	+	13.9167	7.5e-06	0.173	AAATAAAATAAAATAAATTTAAAAAATAAT
pattern_5		15:65566674:G:A:R:wC	12	41	-	14.0238	7.53e-06	0.0479	CACACATCCACTTTCAAAAAAAAAAAAAAA
pattern_0		4:148263829:A:G:R:wC	171	200	-	11.9405	7.54e-06	0.00717	CCTCAGCGTCTCTAGTAGCTGGGACTACAG
pattern_2		5:24646058:C:T:A:wC	33	62	+	-11.4024	7.55e-06	0.0182	ATTATTATTATTTCTTTAGCAGATAAAAAT
pattern_3		12:54711574:A:G:A:wC	77	106	+	13.869	7.56e-06	0.0095	TCTCAAAAAAAAAAAAAAAAAAGGAAGGAT
pattern_5		5:61941491:G:C:R:wC	104	133	+	14.0119	7.59e-06	0.048	GATGCGGATTTTTTAAAAAGATATTTCTCT
pattern_3		12:28300347:A:G:A:wC	21	50	-	13.8571	7.63e-06	0.00953	CTATCTCAAAAAAAAAAAAAAAAAAAAGAA
pattern_3		20:30021688:A:G:R:wC	83	112	+	13.8571	7.63e-06	0.00953	GGAAAGAAAAAAAAAAAAAAAGAAACATAT
pattern_3		4:149672240:C:T:R:wC	74	103	-	13.8571	7.63e-06	0.00953	CTCGAAAAAAAAAAAAAAAAAATCAAAACC
pattern_3		5:34500013:T:A:R:wC	94	123	-	13.8571	7.63e-06	0.00953	TAAAAAATAAATAAATAAATAAAAACAGAT
pattern_3		6:51392548:C:A:R:wC	157	186	-	13.8571	7.63e-06	0.00953	AAAAAAAAAAAAAAAAAAAAAAAAGAAGAA
pattern_1		11:22220481:G:A:R:wC	149	178	-	13.9286	7.65e-06	0.091	AAGGGAAATGCTTGAAAAATATTAAACATC
pattern_6		9:131683644:C:T:A:wC	16	45	-	13.881	7.66e-06	0.173	AATAAATAAATAATAAATAAAAATACCAAA
pattern_0		12:48719452:G:A:R:wC	135	164	+	11.9048	7.67e-06	0.00728	GTTCGAGCTTCCCGGCTGCATTGTTTACCT
pattern_0		12:48719452:G:A:A:wC	135	164	+	11.9048	7.67e-06	0.00728	GTTCGAGCTTCCCGGCTGCATTGTTTACCT
pattern_3		3:196202508:G:A:A:wC	2	31	-	13.8452	7.69e-06	0.00957	AAAAAAAAAAAAAAAAGAAAAAATATTTAG
pattern_3		3:32982922:T:C:R:wC	18	47	-	13.8452	7.69e-06	0.00957	AAAAAAAAAAAAAAAAAAATGAAAAGACAA
pattern_3		17:62387091:C:T:R:wC	53	82	-	13.8452	7.69e-06	0.00957	TTAAAAAATAAAATAAAATTAGAGCTTAGA
pattern_3		1:111732711:G:A:R:wC	168	197	+	13.8452	7.69e-06	0.00957	CTGTCTCAAAAAAAAAAAAAAAAAAAACTA
pattern_1		19:11775886:T:C:R:wC	6	35	-	13.9167	7.71e-06	0.091	AAAATACAAAATAAAAAAAAAGATAGTACT
pattern_0		16:89867731:G:A:A:wC	43	72	+	11.8929	7.72e-06	0.00732	CCCCGGAGGCGGAGCTTGCAGTGAGCCGAG
pattern_3		2:178173955:A:G:R:wC	23	52	+	13.8333	7.76e-06	0.00961	TATAAAATGTAAATAATAATAGCAACACTG
pattern_3		8:76755254:T:C:A:wC	46	75	-	13.8333	7.76e-06	0.00961	ACTAAAAAAAAAAAAAAAAAAATTATCCGG
pattern_3		3:24341264:A:T:A:wC	86	115	-	13.8333	7.76e-06	0.00961	AAATAAATAAATAAAAAAAAAAGCATACTT
pattern_0		10:105488746:G:C:A:wC	119	148	+	11.881	7.77e-06	0.00735	TCTCAGCCTCCTGAGTAGGTGGGATTTACA
pattern_5		20:54356185:G:C:R:wC	169	198	-	13.9762	7.8e-06	0.0491	TCTTTAAAAATCTTGAAATAAAATAAACTT
pattern_3		10:99103492:A:G:R:wC	11	40	+	13.8214	7.83e-06	0.00966	CTCAAAAAAAAAAAAAAAAAGTAAAGTAAA
pattern_3		8:22335170:C:T:A:wC	23	52	+	13.8214	7.83e-06	0.00966	AAGATTAGAAGAATACAAAAATTACTGAAT
pattern_3		14:32031245:C:T:A:wC	102	131	-	13.8214	7.83e-06	0.00966	CAACTTTAAAAAATAATAATAATAAAAAGC
pattern_4		17:61106371:A:G:A:wC	49	78	-	13.8095	7.84e-06	0.217	ACCATTTTTTGTATAAATAAAATTAGTATT
pattern_5		7:6599034:G:C:R:wC	3	32	-	13.9643	7.87e-06	0.0492	AAACAAAACAAAACAAAAATAAAAACAAAA
pattern_3		12:28300347:A:G:A:wC	23	52	-	13.8095	7.89e-06	0.0097	CTCTATCTCAAAAAAAAAAAAAAAAAAAAG
pattern_3		7:95966546:G:A:A:wC	33	62	-	13.8095	7.89e-06	0.0097	GTCTCAATAAATAAATAAATAAATATAAAT
pattern_3		4:149672240:C:T:R:wC	73	102	-	13.8095	7.89e-06	0.0097	TCGAAAAAAAAAAAAAAAAAATCAAAACCA
pattern_3		10:27445726:G:A:R:wC	126	155	-	13.8095	7.89e-06	0.0097	TCTCAAAAAAAAAAAAAAAAAAATTCATAG
pattern_0		13:52263834:A:G:R:wC	102	131	+	11.8452	7.9e-06	0.00748	CCTCTGGGTTCCTGGGTGAAACAATGTCCC
pattern_5		2:28689345:C:T:R:wC	8	37	-	13.9524	7.95e-06	0.0492	GCTCATGAAAAATTTAAAAAAGATTTTGAA
pattern_3		17:57478069:C:G:A:wC	24	53	+	13.7976	7.96e-06	0.00976	CTAGAAAAGAAAATAAATAAAACCAAGTTA
pattern_3		1:89475842:A:G:A:wC	55	84	-	13.7976	7.96e-06	0.00976	CTCAAAAAAAAAAAAAAAATTAGTTAATTA
pattern_1		12:66199734:G:A:A:wC	154	183	+	13.869	7.98e-06	0.0929	TTTAAAAAATAATAATAAATAAATAAATCT
pattern_3		10:81950326:C:T:R:wC	9	38	-	13.7857	8.03e-06	0.00982	GTCTCAAAAAAAAAAAAAAAAAAATTTATT
pattern_3		17:19918630:C:T:A:wC	75	104	-	13.7857	8.03e-06	0.00982	CTCTATCTCAAAAAAAAAAAAAATTAAATT
pattern_2		1:148239834:G:T:R:wC	91	120	+	-11.6951	8.04e-06	0.0193	AAAATATTTGTATTTCTTTCAGGGCCTGCT
pattern_1		7:96039267:G:T:R:wC	58	87	-	13.8571	8.04e-06	0.0929	TTTAAATTGTTTTTAAATAAATTTACGGGG
pattern_3		12:11962839:C:T:A:wC	2	31	-	13.7738	8.1e-06	0.00989	AAAAAAAAAAAAAAAAAAAAAAAAGCAGAA
pattern_3		3:24341264:A:T:A:wC	95	124	-	13.7738	8.1e-06	0.00989	AAAAAAAATAAATAAATAAATAAAAAAAAA
pattern_6		9:113038318:A:G:R:wC	53	82	+	13.7857	8.11e-06	0.173	GGAAAAGAAAAAATAAAATAAAATTTCATC
pattern_0		22:32795285:G:C:A:wC	52	81	+	11.7857	8.14e-06	0.00769	TCTTAGCCTTCTGAGTAGCTGGGATTACTT
pattern_2		16:84377076:A:G:R:wC	115	144	+	-11.7561	8.15e-06	0.0195	AGTCTTTTTTTTCTTTTTTCTGAGACAGAG
pattern_5		22:29431626:T:C:R:wC	23	52	-	13.9167	8.16e-06	0.0492	AAGAAAAAAAATTTTAAAATAAATAGACTG
pattern_5		22:29431626:T:C:A:wC	23	52	-	13.9167	8.16e-06	0.0492	AAGAAAAAAAATTTTAAAATAAATAGACTG
pattern_5		1:232271422:A:G:R:wC	27	56	-	13.9167	8.16e-06	0.0492	CAAAAAACATTTTTAAAATTATTATTTTCA
pattern_5		10:99103492:A:G:R:wC	171	200	+	13.9167	8.16e-06	0.0492	ACCCCATCTCCACTAAAAAAAAAAAAAAAT
pattern_3		2:103147561:G:A:A:wC	49	78	-	13.7619	8.17e-06	0.00992	AAAAAAAAAAAAAAAAAAGAATTTAGGTAT
pattern_3		4:189431946:G:A:R:wC	150	179	-	13.7619	8.17e-06	0.00992	CAAAAAAAAAAAAAAAAAAAAAAGGCTAAC
pattern_3		8:138995451:G:A:R:wC	171	200	-	13.7619	8.17e-06	0.00992	AGGAGAAAAAAAAAAAAAAAAAAGACACTG
pattern_3		8:138995451:G:A:A:wC	171	200	-	13.7619	8.17e-06	0.00992	AGGAGAAAAAAAAAAAAAAAAAAGACACTG
pattern_0		1:115826112:G:A:A:wC	16	45	-	11.7738	8.19e-06	0.00772	CCCCGGCCTGGGAGACCGCAGGGTGCCTGA
pattern_0		12:65970419:G:C:A:wC	107	136	-	11.7738	8.19e-06	0.00772	CCCCACCCTCATGACCTCATCTAATCCTAA
pattern_6		6:139019622:A:C:R:wC	75	104	-	13.7619	8.23e-06	0.173	ATAATAAATTATATAAATATATAAATAGAA
pattern_0		9:140145308:G:A:A:wC	101	130	+	11.7619	8.24e-06	0.00776	CCCCTCCCTCCTACCCCCAGGGGGTCCTGG
pattern_5		4:76546789:A:G:R:wC	20	49	-	13.9048	8.24e-06	0.0492	AGATCTCATCGCTTCAAAAAAAAAGAAAAA
pattern_5		5:68680860:C:T:R:wC	24	53	-	13.9048	8.24e-06	0.0492	GCAAGACTCCATTTCAAAAAAAAAAAAAAA
pattern_5		8:76755254:T:C:A:wC	57	86	-	13.9048	8.24e-06	0.0492	ACCTCCTTTTTACTAAAAAAAAAAAAAAAA
pattern_2		15:65566674:G:A:R:wC	7	36	+	-11.8293	8.28e-06	0.0198	ATACTTTTTTTTTTTTTTTTGAAAGTGGAT
pattern_6		20:432686:T:C:R:wC	9	38	-	13.75	8.28e-06	0.173	AGTGAAAGAAAAATAAAATTTAAAAATGAA
pattern_6		5:34500013:T:A:R:wC	107	136	-	13.75	8.28e-06	0.173	TGTCTTGGAAAAATAAAAAATAAATAAATA
pattern_6		14:32031245:C:T:A:wC	109	138	-	13.75	8.28e-06	0.173	CGCCAGACAACTTTAAAAAATAATAATAAT
pattern_4		1:200019951:C:T:A:wC	170	199	+	13.7381	8.3e-06	0.217	AAAAATAAATAAATAAATAAATTGATGTTA
pattern_3		8:22466488:T:G:R:wC	169	198	-	13.7381	8.31e-06	0.0101	GTCTCAAAAAAAAAAAAAAAAGAAAAAAAA
pattern_1		2:75120525:C:A:R:wC	25	54	-	13.8095	8.32e-06	0.0944	ATTTTGGAAAATGTTAAAATTTATTAATAA
pattern_3		9:33085462:T:G:A:wC	47	76	+	13.7262	8.38e-06	0.0101	CGTCTCAAAAAAAAAAAAAAAAAAAAAAAA
pattern_3		7:4807826:T:C:R:wC	32	61	-	13.7262	8.38e-06	0.0101	CGTCTCAAAAAAAAAAAAAAAAAAAAAAAA
pattern_3		14:32922842:G:C:R:wC	55	84	-	13.7262	8.38e-06	0.0101	CGTCTCAAAAAAAAAAAAAAAAAAAAAAAA
pattern_3		10:8125134:C:T:A:wC	140	169	+	13.7262	8.38e-06	0.0101	CGTCTCAAAAAAAAAAAAAAAAAAAAAAAA
pattern_3		2:111928231:C:G:A:wC	140	169	+	13.7262	8.38e-06	0.0101	CGTCTCAAAAAAAAAAAAAAAAAAAAAAAA
pattern_3		1:40073011:G:C:R:wC	170	199	+	13.7262	8.38e-06	0.0101	CGTCTCAAAAAAAAAAAAAAAAAAAAAAAA
pattern_3		2:219272294:G:T:R:wC	154	183	-	13.7262	8.38e-06	0.0101	CGTCTCAAAAAAAAAAAAAAAAAAAAAAAA
pattern_0		9:96921402:T:C:R:wC	75	104	+	11.7262	8.38e-06	0.00789	GCCTCAGCCTCCAAAGTGCTGGAATTACAG
pattern_2		2:32642798:T:C:R:wC	148	177	+	-11.8902	8.39e-06	0.02	TTATTTTTATTTTTTGTTTTTGAGACAGAG
pattern_1		12:54124477:C:T:R:wC	11	40	-	13.7976	8.39e-06	0.0944	AAAAATAAAAATAAAAAAATAAAAAAATGT
pattern_6		7:150382724:C:T:R:wC	26	55	-	13.7262	8.4e-06	0.173	AAAATAAACAGTTTAAATGGAAAGTTAATC
pattern_2		12:54592103:G:A:A:wC	121	150	+	-11.9024	8.41e-06	0.02	TTTTTCTTTTTTGTTTTTTTTGAGGTGGAG
pattern_0		11:118514625:C:T:A:wC	81	110	+	11.7143	8.43e-06	0.00793	CCTCCTCCTCCCAGCTCAGTGTGGCTACCC
pattern_3		19:33856214:C:T:A:wC	7	36	-	13.7143	8.45e-06	0.0101	CTCTTACAATAATTAATTAAAAATAAAATA
pattern_3		3:196202508:G:A:A:wC	8	37	-	13.7143	8.45e-06	0.0101	TATCTCAAAAAAAAAAAAAAAAGAAAAAAT
pattern_3		19:33856191:A:G:R:wC	30	59	-	13.7143	8.45e-06	0.0101	CTCTTACAATAATTAATTAAAAATAAAATA
pattern_3		14:99726719:T:C:R:wC	77	106	-	13.7143	8.45e-06	0.0101	CCGAAGATTAAATTAAAAAAACCAAGAAGA
pattern_3		10:8125134:C:T:A:wC	142	171	+	13.7143	8.45e-06	0.0101	TCTCAAAAAAAAAAAAAAAAAAAAAAAAGA
pattern_3		2:219272294:G:T:R:wC	152	181	-	13.7143	8.45e-06	0.0101	TCTCAAAAAAAAAAAAAAAAAAAAAAAAGA
pattern_1		2:103147561:G:A:A:wC	49	78	-	13.7857	8.46e-06	0.0944	AAAAAAAAAAAAAAAAAAGAATTTAGGTAT
pattern_4		19:53674839:G:A:A:wC	20	49	+	13.7143	8.46e-06	0.217	ATATATATATATATATATATTTTTTTTTTT
pattern_4		4:122278614:C:G:R:wC	48	77	+	13.7143	8.46e-06	0.217	AGATAAGGTAAAATAAAAAAAAATTTAAAG
pattern_0		4:76546789:A:G:R:wC	144	173	+	11.7024	8.48e-06	0.00796	CCTCAGCCTCCTGAATAGCAAAGACTATAG
pattern_0		7:6780906:A:G:A:wC	146	175	-	11.7024	8.48e-06	0.00796	TCTCGAACTCCTGACCTCATGATCTGCCCG
pattern_3		17:19918630:C:T:A:wC	71	100	-	13.7024	8.53e-06	0.0101	ATCTCAAAAAAAAAAAAAATTAAATTAAAA
pattern_3		17:62407974:C:T:A:wC	118	147	+	13.7024	8.53e-06	0.0101	TCTCAAAAAAAAAAAAAAATTAGTAGCACA
pattern_3		2:204649276:G:A:A:wC	124	153	+	13.7024	8.53e-06	0.0101	TAAAAAAAAAAAAAAAAAAAGTTAACTTTT
pattern_3		1:200019951:C:T:A:wC	162	191	+	13.7024	8.53e-06	0.0101	TCCATCTCAAAAATAAATAAATAAATAAAT
pattern_3		1:116460355:G:A:A:wC	167	196	+	13.7024	8.53e-06	0.0101	AAAAAAAAAAAAAAAAAAAAAAAAGAACTA
pattern_3		1:116460355:G:A:R:wC	167	196	+	13.7024	8.53e-06	0.0101	AAAAAAAAAAAAAAAAAAAAAAAAGAACTA
pattern_1		12:118682338:C:T:R:wC	54	83	+	13.7738	8.53e-06	0.0944	TCTAAAAAAAAGTTTAAAGAATTTTGTTAA
pattern_0		17:1617608:T:C:R:wC	48	77	+	11.6905	8.53e-06	0.008	CCCCTGCCCTAGCGGCCCCTGGGGGCCCAG
pattern_0		14:105310498:T:C:R:wC	21	50	-	11.6786	8.58e-06	0.00803	GCTCGGCGAGAAGGGTTTCTGGAATTCGAG
pattern_0		1:244488415:G:A:R:wC	96	125	+	11.6786	8.58e-06	0.00803	CCCAGGCCAGAGCAGGCTCAGGGATTCCAG
pattern_0		19:46768753:A:G:A:wC	102	131	-	11.6786	8.58e-06	0.00803	GCTGGGTCTTCCAAAGGTCTGGGATTACAG
pattern_3		16:29924422:A:T:R:wC	113	142	-	13.6905	8.6e-06	0.0102	AAAAAAAAAAAAAAAAAAAAAATGGCCTCA
pattern_0		17:57549673:T:C:R:wC	66	95	-	11.6667	8.63e-06	0.00807	CCCCGGAGGCGGAGCTTGCAGCGAGCCGAG
pattern_3		3:32982922:T:C:R:wC	20	49	-	13.6786	8.67e-06	0.0103	AAAAAAAAAAAAAAAAAAAAATGAAAAGAC
pattern_3		10:81950326:C:T:R:wC	5	34	-	13.6667	8.75e-06	0.0103	CAAAAAAAAAAAAAAAAAAATTTATTGTAA
pattern_3		4:120381590:A:G:A:wC	77	106	-	13.6667	8.75e-06	0.0103	GTGCATCTAATAATACAAATAAGCAGTTTG
pattern_3		7:17167825:C:T:R:wC	140	169	-	13.6667	8.75e-06	0.0103	CTCAAAAAAAAAAAAAAAAAAAAAGTGTTA
pattern_6		16:19992996:G:A:R:wC	6	35	+	13.6548	8.76e-06	0.174	AACATTTTATTTTTAAAATTTTTAAAAATG
pattern_6		16:19992996:G:A:A:wC	6	35	+	13.6548	8.76e-06	0.174	AACATTTTATTTTTAAAATTTTTAAAAATG
pattern_0		9:16739403:A:G:A:wC	136	165	-	11.631	8.79e-06	0.00819	TCTCGAACTCCTGACTTTAGGTTATCTGCC
pattern_0		15:45758478:A:G:A:wC	166	195	-	11.631	8.79e-06	0.00819	TTTCAAACTCTTGACCTCAGGTGATCCGCC
pattern_1		15:42121538:C:G:A:wC	66	95	-	13.7262	8.82e-06	0.0953	TGTCTCAAAAAATATAAAGTATTTAACCAA
pattern_3		12:10597582:A:C:A:wC	22	51	-	13.6548	8.82e-06	0.0104	AAAAAAAAAAAAAAAAAAAATTAGTGCATA
pattern_3		15:90241150:G:A:A:wC	55	84	-	13.6548	8.82e-06	0.0104	CGTCTCAAAAAAAAAAAAAAAAAAATTATA
pattern_0		12:3053028:G:C:A:wC	80	109	+	11.619	8.84e-06	0.00823	GCTCCGCCTCCCGGGTTTACCCCACTCTCC
pattern_0		4:175296712:C:T:A:wC	74	103	+	11.6071	8.89e-06	0.00827	TCCTGAACTCCTGACCTCAGGTGTTCTGCC
pattern_1		8:95853197:G:A:R:wC	36	65	-	13.7143	8.9e-06	0.0953	TCTCAAAAAAAAAAAAAAAAATTATTATTC
pattern_3		1:1835016:C:T:A:wC	29	58	-	13.6429	8.9e-06	0.0104	CAAAAAAAAAAAAAAAAAAAAAGCCAAAAG
pattern_3		9:100763455:C:T:R:wC	109	138	-	13.6429	8.9e-06	0.0104	TAAAAAAAAAAAAAAAAAATTAAACCAGAA
pattern_3		9:100763455:C:T:A:wC	109	138	-	13.6429	8.9e-06	0.0104	TAAAAAAAAAAAAAAAAAATTAAACCAGAA
pattern_3		9:100763455:C:T:R:wC	116	145	-	13.6429	8.9e-06	0.0104	CTCCGTCTAAAAAAAAAAAAAAAAAATTAA
pattern_3		9:100763455:C:T:A:wC	116	145	-	13.6429	8.9e-06	0.0104	CTCCGTCTAAAAAAAAAAAAAAAAAATTAA
pattern_2		6:42989920:T:G:A:wC	21	50	+	-12.1829	8.93e-06	0.0212	TTTTTTTAATTTTTTTTTTTTGAGACGGAG
pattern_1		5:76752546:A:C:A:wC	58	87	-	13.7024	8.97e-06	0.0953	TAAAATAAAAATTTTTAAAAATGGTGAAAG
pattern_3		7:121801416:C:A:A:wC	23	52	+	13.631	8.98e-06	0.0104	AAAAAAAAAAAAAAAAAAAGAAAGAAAGAG
pattern_3		10:81950326:C:T:R:wC	7	36	-	13.631	8.98e-06	0.0104	CTCAAAAAAAAAAAAAAAAAAATTTATTGT
pattern_3		12:54124477:C:T:R:wC	18	47	-	13.631	8.98e-06	0.0104	AAAAATAAAAAATAAAAATAAAAAAATAAA
pattern_3		7:78022018:C:T:R:wC	25	54	-	13.631	8.98e-06	0.0104	TTCTCAAAAAATAAAAAAATAAGAATACAA
pattern_3		15:52369932:C:T:R:wC	47	76	-	13.631	8.98e-06	0.0104	CAAAAAAAAAAAGAAAAAAAAAAGATGATG
pattern_3		2:204649276:G:A:A:wC	119	148	+	13.631	8.98e-06	0.0104	CATCTTAAAAAAAAAAAAAAAAAAAGTTAA
pattern_1		21:40977763:C:T:A:wC	38	67	-	13.6905	9.05e-06	0.0953	ATCTATGAAAAAATAAAAATAATAAAATTA
pattern_3		12:11962839:C:T:A:wC	11	40	-	13.619	9.05e-06	0.0105	TCTCTCCAAAAAAAAAAAAAAAAAAAAAAA
pattern_3		1:226448407:A:G:R:wC	36	65	-	13.619	9.05e-06	0.0105	CACTGTCTCAAAAAAAAAAAAAAAAAAAAA
pattern_3		19:4080391:A:G:A:wC	78	107	+	13.619	9.05e-06	0.0105	CTCAAAAACAAAAAATAAATAAGTAAAAAG
pattern_3		15:90241150:G:A:A:wC	56	85	-	13.619	9.05e-06	0.0105	CCGTCTCAAAAAAAAAAAAAAAAAAATTAT
pattern_3		1:200641948:A:G:R:wC	158	187	-	13.619	9.05e-06	0.0105	CTCTACTAAAAAATATAAAAAATTAGCTGG
pattern_5		19:3418156:A:G:R:wC	43	72	-	13.7738	9.09e-06	0.0538	CGAGACTATGTCTCAAAAAAAAAAAAAAAA
pattern_1		1:72819884:T:C:R:wC	84	113	-	13.6786	9.12e-06	0.0953	CCTCAATAAACTTATAAAATATATTCACAA
pattern_3		6:121788131:C:T:A:wC	7	36	-	13.6071	9.13e-06	0.0105	TCTCAAAAAAAAAAAAAAAAAAAAAAAAGT
pattern_3		13:99113166:A:G:R:wC	58	87	+	13.6071	9.13e-06	0.0105	TTTCTATTAAAAAAAAAAAAAGTTTTAAAT
pattern_2		5:68518347:G:T:R:wC	152	181	+	-12.2927	9.14e-06	0.0216	TTTTTCTTCTTTTAAGTTGTAGAGAGGGAG
pattern_0		11:65785476:T:C:R:wC	66	95	-	11.5476	9.15e-06	0.0085	TCTGGAACTCCTGACCTCAAATGATCCACC
pattern_0		19:16435274:C:T:R:wC	96	125	+	11.5476	9.15e-06	0.0085	CGCCCCCGCTCCAGGTCCCCGGGATGCTCG
pattern_5		12:66199734:G:A:A:wC	117	146	+	13.7619	9.17e-06	0.0538	CTCAAAAAGTAAATAAAATAAAATAAAATA
pattern_5		12:66199734:G:A:A:wC	156	185	+	13.7619	9.17e-06	0.0538	TAAAAAATAATAATAAATAAATAAATCTAG
pattern_1		1:200019951:C:T:A:wC	164	193	+	13.6667	9.2e-06	0.0953	CATCTCAAAAATAAATAAATAAATAAATTG
pattern_6		2:32642798:T:C:R:wC	140	169	-	13.5714	9.21e-06	0.176	CAAAAACAAAAAATAAAAATAAAAAAATAA
pattern_3		12:28300347:A:G:A:wC	14	43	-	13.5952	9.21e-06	0.0106	AAAAAAAAAAAAAAAAAAAAGAAAAAGAAA
pattern_2		12:53440129:G:T:R:wC	72	101	-	-12.3293	9.21e-06	0.0218	ACGCCCAGCTAATTTTTTGTAGAGATGGGT
pattern_5		1:67481070:G:T:A:wC	12	41	+	13.75	9.25e-06	0.054	AACTAATTAAAATTAAATAGATTTATTTAC
pattern_1		17:62407974:C:T:A:wC	139	168	-	13.6548	9.27e-06	0.0953	CATTTTTTTCTTAAAAAAATATGTGCTACT
pattern_3		14:32922842:G:C:R:wC	29	58	-	13.5833	9.29e-06	0.0107	AAAAAAAAAAAAAAAAAAAGAAAAGAAAAA
pattern_3		10:27445726:G:A:R:wC	128	157	-	13.5833	9.29e-06	0.0107	TATCTCAAAAAAAAAAAAAAAAAAATTCAT
pattern_3		2:219272294:G:T:R:wC	143	172	-	13.5833	9.29e-06	0.0107	AAAAAAAAAAAAAAAAAAAGAAAAGAAAAA
pattern_3		1:147594032:C:T:R:wC	152	181	-	13.5833	9.29e-06	0.0107	TCTTTACGAAGAATACAAAAAATTAGGCAG
pattern_2		10:27445726:G:A:R:wC	133	162	+	-12.378	9.31e-06	0.0219	TTTTTTTTTTTTTTTTTTTGAGATAGAGTT
pattern_0		17:4890932:C:A:R:wC	49	78	+	11.5119	9.31e-06	0.00864	CTCTTACCTCCCGGGGTCCCGCGGGTGACG
pattern_1		19:53674839:G:A:A:wC	16	45	+	13.6429	9.35e-06	0.0953	GTGTATATATATATATATATATATTTTTTT
pattern_3		5:24646058:C:T:A:wC	20	49	-	13.5714	9.37e-06	0.0107	AAAGAAATAATAATAATAACAGCCCAAAAT
pattern_3		12:10597582:A:C:A:wC	26	55	-	13.5714	9.37e-06	0.0107	AAAAAAAAAAAAAAAAAAAAAAAATTAGTG
pattern_3		6:7388128:G:A:R:wC	56	85	+	13.5714	9.37e-06	0.0107	CTACTAAAAATACAAAAAAAAAAAAAAAAA
pattern_3		7:100702058:T:C:A:wC	138	167	+	13.5714	9.37e-06	0.0107	TATTTGTAGTAACTAAAAATAATAAAGCAA
pattern_0		12:53440129:G:T:R:wC	162	191	+	11.5	9.37e-06	0.00869	CCTGGGAGGCAGAGGTTGCAGTGAGCCGAG
pattern_6		22:31991001:G:A:A:wC	84	113	-	13.5357	9.4e-06	0.176	CAAGACTCCAACTTAAAAATAAATAAATAA
pattern_1		6:139019622:A:C:R:wC	75	104	-	13.631	9.43e-06	0.0953	ATAATAAATTATATAAATATATAAATAGAA
pattern_3		19:41343700:C:T:R:wC	13	42	+	13.5595	9.45e-06	0.0108	TGTCTCAAAAAAAAAAAAAAAAAAAAAATT
pattern_3		17:64660752:T:C:A:wC	104	133	-	13.5595	9.45e-06	0.0108	AAAAAAAAAAAAAAAAAAAACCAAAGCAAA
pattern_3		12:66199734:G:A:A:wC	134	163	+	13.5595	9.45e-06	0.0108	ATAAAATAAAATAAAATAAATTTAAAAAAT
pattern_5		1:179960369:T:C:R:wC	164	193	-	13.7143	9.5e-06	0.0551	AAAAAAAAAAAAAGAAAAGAAAGAAACCAC
pattern_3		17:64660752:T:C:A:wC	118	147	-	13.5476	9.53e-06	0.0108	ACATTGCCAAAAAAAAAAAAAAAAAAAAAA
pattern_3		22:51219704:G:A:R:wC	161	190	+	13.5476	9.53e-06	0.0108	CCGTCTCAAAAAAAAAAAAAAAAAAACTAA
pattern_3		2:42626124:C:T:A:wC	162	191	-	13.5476	9.53e-06	0.0108	CAAAAAAAAAAAAAAAAAAGAAAAGAAAAA
pattern_6		18:74253644:C:T:R:wC	109	138	+	13.5119	9.53e-06	0.176	TTCACATAATTTTTAAAAAATCACCATATG
pattern_6		16:84857345:A:G:R:wC	169	198	+	13.5119	9.53e-06	0.176	GACCATCATTTTTTAAAAATTATAAATTAT
pattern_0		5:34656290:A:C:A:wC	3	32	-	11.4643	9.53e-06	0.00882	TCTCCGCCCTCCAGCCCCCGGCGCATCTCC
pattern_0		11:702097:T:C:A:wC	89	118	+	11.4643	9.53e-06	0.00882	CCCCTGATGCCCGATGTCCAGTGAGGAACC
pattern_2		19:53674839:G:A:A:wC	41	70	+	-12.5122	9.58e-06	0.0225	TTTTTTTTTTTTTTCTTTTTTTAGACGGAG
pattern_0		1:16150840:G:A:A:wC	108	137	-	11.4524	9.59e-06	0.00887	ACCTCAGCCTCCAAAGTGCTGGGATTATAG
pattern_3		1:90234055:C:A:A:wC	15	44	-	13.5357	9.61e-06	0.0109	AAAATAAAAAATAAAAAAAGAAATAAAAAA
pattern_3		1:90234055:C:A:R:wC	15	44	-	13.5357	9.61e-06	0.0109	AAAATAAAAAATAAAAAAAGAAATAAAAAA
pattern_3		17:17678573:G:A:A:wC	31	60	-	13.5357	9.61e-06	0.0109	AAAAAAAAAAAAAAAAAATTACACATGAAT
pattern_3		4:149672240:C:T:R:wC	76	105	-	13.5357	9.61e-06	0.0109	GTCTCGAAAAAAAAAAAAAAAAAATCAAAA
pattern_0		12:108064292:G:A:R:wC	95	124	+	11.4405	9.65e-06	0.00891	TCCTGGCCTCCGGGTCTCACTCTGTTATCG
pattern_5		5:118869764:A:G:R:wC	56	85	-	13.6905	9.67e-06	0.0558	GGAAATAAATCTTTATAAAAAGTTTCAGTA
pattern_3		16:3538625:T:C:R:wC	5	34	-	13.5238	9.69e-06	0.0109	TCTCAAAAAAAAAAAAAAAAAAGAAAATAC
pattern_3		2:16129686:G:A:A:wC	74	103	+	13.5238	9.69e-06	0.0109	TCTCAAAAAAAAAAAAAAAAAAAAACAAGT
pattern_3		9:117413913:A:T:A:wC	93	122	-	13.5238	9.69e-06	0.0109	AAAAAAAAAAAAAAAAAAAAAAAGTCTCAC
pattern_3		22:51219704:G:A:R:wC	162	191	+	13.5238	9.69e-06	0.0109	CGTCTCAAAAAAAAAAAAAAAAAAACTAAA
pattern_3		2:204469679:C:G:A:wC	167	196	+	13.5238	9.69e-06	0.0109	CTCTGTCTCAAAAAAAAAAAAAAGAAGAAA
pattern_0		18:13448684:C:T:R:wC	40	69	-	11.4167	9.76e-06	0.009	CCTCCGCCCCCCAATCTCATCTTTACCTCA
pattern_3		17:74637022:T:C:R:wC	25	54	+	13.5119	9.77e-06	0.011	TTGAAACAGGAATTAAAAGAAATTAAAGAA
pattern_3		19:33856214:C:T:A:wC	170	199	-	13.5119	9.77e-06	0.011	TACAAAAAAAAATTAAAAATTAGCCGAGCA
pattern_4		5:92232539:A:G:R:wC	163	192	-	13.5238	9.83e-06	0.222	CAGATACTTCAAATAGAAAATTCATTCCAA
pattern_3		13:99113166:A:G:R:wC	57	86	+	13.5	9.85e-06	0.011	GTTTCTATTAAAAAAAAAAAAAGTTTTAAA
pattern_3		1:89475842:A:G:A:wC	57	86	-	13.5	9.85e-06	0.011	GTCTCAAAAAAAAAAAAAAAATTAGTTAAT
pattern_3		2:219272294:G:T:R:wC	129	158	-	13.5	9.85e-06	0.011	AAAAAGAAAAGAAAAAAAAGAAAAAAAGAA
pattern_3		20:30566874:G:T:A:wC	158	187	+	13.5	9.85e-06	0.011	TGTCTCAAAAAAAAAAAAAAATTGTTAAAA
pattern_3		4:169659504:G:C:R:wC	169	198	-	13.5	9.85e-06	0.011	CTCAAAAGAATAAAAATAAAAAATGAAAAG
pattern_0		7:130999270:G:C:R:wC	78	107	-	11.3929	9.87e-06	0.0091	CCTGGGACGCGGAGCTTGCAGTGAGCCGAG
pattern_1		7:73102318:C:T:R:wC	166	195	-	13.5595	9.91e-06	0.0974	TCTACTAAAAATATAAAAAAATTAGCTGGG
pattern_4		17:61106371:A:G:A:wC	45	74	-	13.5119	9.92e-06	0.222	TTTTTTGTATAAATAAAATTAGTATTATAT
pattern_5		5:87978252:T:C:R:wC	27	56	+	13.6548	9.93e-06	0.057	CACAGGAAAATATTTATTAAAAAATTACAC
pattern_0		16:5092904:C:G:R:wC	54	83	-	11.381	9.93e-06	0.00915	TCTCTGGTTCCCAGCTTACAGCTCTTCCCT
pattern_3		8:72435504:C:G:A:wC	2	31	-	13.4881	9.94e-06	0.0111	TCTCAAAAAAAAAAAAAAAAAGAAAAAGAA
pattern_3		12:8451233:G:A:A:wC	46	75	-	13.4881	9.94e-06	0.0111	TCACTTCTAAAAAAAAAAAAAAAAATTTAA
pattern_3		15:90241150:G:A:A:wC	54	83	-	13.4881	9.94e-06	0.0111	GTCTCAAAAAAAAAAAAAAAAAAATTATAA
pattern_1		12:10597582:A:C:A:wC	24	53	-	13.5476	9.99e-06	0.0974	AAAAAAAAAAAAAAAAAAAAAATTAGTGCA
pattern_3		1:232271422:A:G:R:wC	23	52	+	13.4762	1e-05	0.0111	AATTTGAAAATAATAATTTTAAAAATGTTT
pattern_3		8:25418510:A:G:R:wC	24	53	-	13.4762	1e-05	0.0111	AAGAAAAAAAAAAAAGAAAAAAAGAAATTA
pattern_3		8:25418510:A:G:A:wC	24	53	-	13.4762	1e-05	0.0111	AAGAAAAAAAAAAAAGAAAAAAAGAAATTA
pattern_3		11:7983846:G:A:A:wC	26	55	-	13.4762	1e-05	0.0111	CAAAAAAAAAAAAAAAAAAAAAAGAACAGG
pattern_3		2:54217148:G:C:R:wC	62	91	-	13.4762	1e-05	0.0111	ATCTCAAAAAAAAAAAAAAAAGAAAAGAAA
pattern_1		7:78022018:C:T:R:wC	44	73	+	13.5357	1.01e-05	0.0974	TTTTTTGAGAATAAATTTATATTTATTTCG
pattern_0		12:117289414:G:A:R:wC	2	31	-	11.3452	1.01e-05	0.0093	TCTTGAACTCTTGACCTCAGGTGACCCGCC
pattern_3		10:99103492:A:G:R:wC	9	38	+	13.4643	1.01e-05	0.0112	GTCTCAAAAAAAAAAAAAAAAAGTAAAGTA
pattern_3		12:66199734:G:A:A:wC	135	164	+	13.4643	1.01e-05	0.0112	TAAAATAAAATAAAATAAATTTAAAAAATA
pattern_3		18:9850212:G:A:R:wC	169	198	-	13.4643	1.01e-05	0.0112	ATCTCTAAAAATAAAAAAATAATAATAATC
pattern_6		18:74253644:C:T:R:wC	107	136	-	13.4048	1.01e-05	0.178	TATGGTGATTTTTTAAAAATTATGTGAAAA
pattern_1		2:163424167:C:T:A:wC	148	177	-	13.5238	1.02e-05	0.0974	ATTCTTGTTATTTGAAAATTATTTATTGAG
pattern_1		2:163424167:C:T:R:wC	148	177	-	13.5238	1.02e-05	0.0974	ATTCTTGTTATTTGAAAATTATTTATTGAG
pattern_3		10:105488746:G:C:A:wC	2	31	-	13.4524	1.02e-05	0.0112	CTTTGTCTCAAAAAAAAAAAAACAAACAAA
pattern_3		19:49508265:A:G:R:wC	44	73	+	13.4524	1.02e-05	0.0112	TTGTTGTAAAAATAAAAAATTAAAAAAAAA
pattern_4		5:95618560:G:A:R:wC	64	93	+	13.4762	1.02e-05	0.222	CTGAGGGTTCATAGAAAAAAAATTTGTTGG
pattern_4		5:95618560:G:A:A:wC	64	93	+	13.4762	1.02e-05	0.222	CTGAGGGTTCATAGAAAAAAAATTTGTTGG
pattern_4		1:72819884:T:C:R:wC	137	166	+	13.4762	1.02e-05	0.222	CATATATTTCAAGTATAAAATTTAATAATT
pattern_0		3:42418113:A:G:A:wC	153	182	-	11.3214	1.02e-05	0.0094	CCACAGCCACATAGGGCCAGGTGCTGCTCA
pattern_3		8:72435504:C:G:A:wC	1	30	-	13.4405	1.03e-05	0.0113	CTCAAAAAAAAAAAAAAAAAGAAAAAGAAA
pattern_5		11:77772619:G:A:A:wC	143	172	-	13.6071	1.03e-05	0.0584	AAAAAAAGAAAAAGAAAAAAATATTCTACT
pattern_5		11:77772619:G:A:R:wC	143	172	-	13.6071	1.03e-05	0.0584	AAAAAAAGAAAAAGAAAAAAATATTCTACT
pattern_0		13:49946894:C:A:A:wC	79	108	-	11.2976	1.03e-05	0.0095	CCCAGGAGTCGGAGCTTGCAGTGAGCCGAG
pattern_6		1:43425082:G:T:A:wC	8	37	-	13.369	1.04e-05	0.178	GTTCTAAACACTTTACAAATATTAACTCAC
pattern_3		19:49508265:A:G:R:wC	43	72	+	13.4286	1.04e-05	0.0114	GTTGTTGTAAAAATAAAAAATTAAAAAAAA
pattern_5		10:49911248:C:T:R:wC	69	98	-	13.5952	1.04e-05	0.0586	GCTCCAAAATAAATAAATAAATAAATAGCA
pattern_0		1:203028711:C:G:A:wC	80	109	+	11.2857	1.04e-05	0.00954	CCTCGCCCTCTTGGGGTGGTGAGGTGTTCC
pattern_3		19:49508265:A:G:R:wC	47	76	+	13.4167	1.05e-05	0.0115	TTGTAAAAATAAAAAATTAAAAAAAAAAAA
pattern_3		17:64660752:T:C:A:wC	106	135	-	13.4167	1.05e-05	0.0115	AAAAAAAAAAAAAAAAAAAAAACCAAAGCA
pattern_0		16:11297737:T:G:A:wC	78	107	-	11.2738	1.05e-05	0.00959	TCTTGAACTCCTGACCTCAGATGATCTGCC
pattern_4		19:50049882:T:G:A:wC	53	82	+	13.4405	1.05e-05	0.222	ACCCCGTCTCTACTAAAAATATTTAAAAAA
pattern_6		8:22335170:C:T:A:wC	54	83	-	13.3452	1.05e-05	0.178	AAATAAAATAAAATAAAATGCCTAATTAGA
pattern_1		10:81950326:C:T:R:wC	2	31	-	13.4762	1.05e-05	0.0974	AAAAAAAAAAAAAAAAATTTATTGTAAATT
pattern_1		11:77772619:G:A:R:wC	143	172	-	13.4762	1.05e-05	0.0974	AAAAAAAGAAAAAGAAAAAAATATTCTACT
pattern_1		11:77772619:G:A:A:wC	143	172	-	13.4762	1.05e-05	0.0974	AAAAAAAGAAAAAGAAAAAAATATTCTACT
pattern_2		2:65650864:G:T:A:wC	140	169	+	-12.9512	1.05e-05	0.0247	TGCTTTTTTTTTTTTTTCTTTGAGATGGAG
pattern_3		19:3418156:A:G:R:wC	31	60	-	13.4048	1.05e-05	0.0115	TCAAAAAAAAAAAAAAAAAGAAAAGAAAAT
pattern_3		8:22335170:C:T:A:wC	58	87	-	13.4048	1.05e-05	0.0115	AAAAAAATAAAATAAAATAAAATGCCTAAT
pattern_3		5:14528587:G:A:R:wC	65	94	-	13.4048	1.05e-05	0.0115	TCTAAAAATAAATAAATAAATTTTAATACA
pattern_5		14:24158734:A:G:A:wC	17	46	-	13.5714	1.06e-05	0.059	ACTTAAAGTATAATTTAAAAAAAAAAAACC
pattern_5		14:24758151:G:C:R:wC	135	164	-	13.5714	1.06e-05	0.059	AGCAAGACTCCATCTAAAAAAAAAAAAAAT
pattern_4		1:159808661:C:A:A:wC	130	159	-	13.4286	1.06e-05	0.222	TCCACATGAGAAATAAAAAAACTTGAACTG
pattern_1		7:23227144:A:G:A:wC	166	195	-	13.4643	1.06e-05	0.0974	AAAAAAAAAAAAAAAAAAAAAGTTGCTATC
pattern_2		6:7388128:G:A:R:wC	57	86	-	-12.9878	1.06e-05	0.0248	TTTTTTTTTTTTTTTTTTGTATTTTTAGTA
pattern_2		1:221028584:G:A:A:wC	160	189	+	-13	1.06e-05	0.0248	TCTTTCAATTTTTTTTTTTTTGAGACGGAG
pattern_3		19:11775886:T:C:R:wC	15	44	-	13.3929	1.06e-05	0.0116	CTCTGTCTCAAAATACAAAATAAAAAAAAA
pattern_0		6:43791897:T:C:A:wC	136	165	-	11.2381	1.06e-05	0.00975	CCCAGGCCTCCTGGAGGGCCTGGCTCCCAC
pattern_6		1:1548801:T:C:A:wC	6	35	-	13.3214	1.06e-05	0.178	AAATACAAAAATACAAAAAAAAAAAATATT
pattern_1		14:104033265:C:G:R:wC	72	101	-	13.4524	1.07e-05	0.0974	TGTCCAAAAAAGGGAAAAATATGGTTATTT
pattern_3		17:79911421:T:C:R:wC	10	39	-	13.381	1.07e-05	0.0117	TCTCTACTGAAAATACAAAAAATTAGCCAG
pattern_2		12:47197515:A:T:A:wC	155	184	-	-13.061	1.08e-05	0.0251	TTCTCTTTTTTTTTTTTTCAAGAGCTGACG
pattern_3		19:19709129:G:A:R:wC	69	98	-	13.369	1.08e-05	0.0117	TCTCAAAAAAAAAAAAAAAAAGGAAAGAAA
pattern_3		5:34500013:T:A:R:wC	104	133	-	13.369	1.08e-05	0.0117	CTTGGAAAAATAAAAAATAAATAAATAAAT
pattern_3		1:116460355:G:A:R:wC	170	199	+	13.369	1.08e-05	0.0117	AAAAAAAAAAAAAAAAAAAAAGAACTACAT
pattern_3		1:116460355:G:A:A:wC	170	199	+	13.369	1.08e-05	0.0117	AAAAAAAAAAAAAAAAAAAAAGAACTACAT
pattern_0		19:11430229:G:A:R:wC	52	81	-	11.2024	1.08e-05	0.00991	GCTCCGCCTCCCGGTTCAAGCGATTCTTCT
pattern_2		8:40036626:A:G:A:wC	47	76	-	-13.0976	1.08e-05	0.0252	AAACCTTGCAAACTATTGGTAGAGATGGGA
pattern_5		1:26834392:A:G:R:wC	108	137	+	13.5357	1.08e-05	0.0602	ACCCTGTCTCTACTAAAAAAAATACAAAAA
pattern_1		6:7388128:G:A:R:wC	68	97	+	13.4286	1.09e-05	0.0974	CAAAAAAAAAAAAAAAAAAAAATTAGCTGG
pattern_1		1:89475842:A:G:A:wC	58	87	-	13.4286	1.09e-05	0.0974	TGTCTCAAAAAAAAAAAAAAAATTAGTTAA
pattern_0		15:75299768:G:A:A:wC	92	121	+	11.1905	1.09e-05	0.00996	GCTCTGCCACCCGGGCTGGAGTGCAGTGGC
pattern_3		7:25929466:G:A:R:wC	56	85	+	13.3571	1.09e-05	0.0118	ACTTATATGAATATAAAACGAAACATATAA
pattern_3		14:99726719:T:C:R:wC	114	143	-	13.3571	1.09e-05	0.0118	CTGAAAAAGTTAATAAAAAAGCAAACAAAA
pattern_3		6:22412927:G:T:R:wC	166	195	-	13.3571	1.09e-05	0.0118	GAGAAAAAAAAATTGCAAATAAATCTCATA
pattern_5		16:15698462:T:C:R:wC	161	190	-	13.5238	1.09e-05	0.0604	GGTTTGGAAAGAATGAATGAAAAATAAAGA
pattern_1		7:95966546:G:A:A:wC	23	52	+	13.4167	1.09e-05	0.0974	GATTTCATTTATTTATATTTATTTATTTAT
pattern_1		7:95966546:G:A:A:wC	21	50	-	13.4167	1.09e-05	0.0974	AAATAAATAAATATAAATAAATGAAATCTA
pattern_4		11:66840675:C:T:A:wC	8	37	+	13.381	1.1e-05	0.222	TCTACTAAAAATATAAAAATTAGTTGGATG
pattern_3		3:196202508:G:A:A:wC	4	33	-	13.3452	1.1e-05	0.0118	TCAAAAAAAAAAAAAAAAGAAAAAATATTT
pattern_3		6:7388128:G:A:R:wC	66	95	+	13.3452	1.1e-05	0.0118	TACAAAAAAAAAAAAAAAAAAAAATTAGCT
pattern_3		2:103147561:G:A:A:wC	50	79	-	13.3452	1.1e-05	0.0118	CAAAAAAAAAAAAAAAAAAGAATTTAGGTA
pattern_3		15:50312468:T:G:R:wC	89	118	-	13.3452	1.1e-05	0.0118	ATCTAAAAAAAAAAAAAAACAAAAAACTCA
pattern_3		2:219272294:G:T:R:wC	141	170	-	13.3452	1.1e-05	0.0118	AAAAAAAAAAAAAAAAAGAAAAGAAAAAAA
pattern_3		2:42626124:C:T:A:wC	160	189	-	13.3452	1.1e-05	0.0118	AAAAAAAAAAAAAAAAAGAAAAGAAAAAAA
pattern_6		6:51378450:T:G:A:wC	14	43	+	13.2619	1.1e-05	0.178	ACTATTTCAGATTTAATAGTACATTTTTTC
pattern_6		8:9985314:T:C:R:wC	48	77	+	13.2619	1.1e-05	0.178	AAATAGGTAATTTTAAAATGCCAGAGTTTG
pattern_4		12:6477378:C:T:R:wC	14	43	+	13.369	1.11e-05	0.222	TTAATTGTTAAAAGAAAAACTTTAAACAAA
pattern_4		2:103147561:G:A:A:wC	30	59	+	13.369	1.11e-05	0.222	TTTCAGATTTAAATATAAAATACCTAAATT
pattern_3		19:41343700:C:T:R:wC	19	48	+	13.3333	1.11e-05	0.0119	AAAAAAAAAAAAAAAAAAAAAATTCTAGGA
pattern_3		12:11962839:C:T:A:wC	12	41	-	13.3333	1.11e-05	0.0119	CTCTCTCCAAAAAAAAAAAAAAAAAAAAAA
pattern_3		6:42989920:T:G:A:wC	21	50	-	13.3333	1.11e-05	0.0119	CTCCGTCTCAAAAAAAAAAAATTAAAAAAA
pattern_6		1:90234055:C:A:R:wC	17	46	-	13.25	1.11e-05	0.178	AAAAAATAAAAAATAAAAAAAGAAATAAAA
pattern_6		1:90234055:C:A:A:wC	17	46	-	13.25	1.11e-05	0.178	AAAAAATAAAAAATAAAAAAAGAAATAAAA
pattern_0		1:156049877:C:T:A:wC	93	122	-	11.1429	1.11e-05	0.0102	CTTCTGCCTCCGCATCAGATGGACTTGTCC
pattern_6		11:66840675:C:T:A:wC	8	37	+	13.2381	1.12e-05	0.178	TCTACTAAAAATATAAAAATTAGTTGGATG
pattern_3		19:53674839:G:A:A:wC	29	58	-	13.3214	1.12e-05	0.012	AAAGAAAAAAAAAAAAAAAATATATATATA
pattern_3		12:66199734:G:A:A:wC	125	154	+	13.3214	1.12e-05	0.012	GTAAATAAAATAAAATAAAATAAAATAAAT
pattern_4		10:81950326:C:T:R:wC	6	35	-	13.3571	1.12e-05	0.222	TCAAAAAAAAAAAAAAAAAAATTTATTGTA
pattern_2		16:29123330:G:A:R:wC	37	66	-	-13.2561	1.12e-05	0.026	TTTTTGTTTTTTGTTTTTTAAGAGATGAGG
pattern_2		16:29123330:G:A:A:wC	37	66	-	-13.2561	1.12e-05	0.026	TTTTTGTTTTTTGTTTTTTAAGAGATGAGG
pattern_0		16:85772739:C:T:A:wC	8	37	-	11.131	1.12e-05	0.0102	CTCCGCCCTCCCCTGTTCCTGGAAGCTCTG
pattern_0		16:85772739:C:T:R:wC	8	37	-	11.131	1.12e-05	0.0102	CTCCGCCCTCCCCTGTTCCTGGAAGCTCTG
pattern_0		1:85723733:T:C:A:wC	45	74	-	11.131	1.12e-05	0.0102	GCCTCAGCCTCCAAGTAGCTGGGATTACAG
pattern_0		10:30638515:C:T:A:wC	139	168	-	11.131	1.12e-05	0.0102	TCTCGAACCCGTAACGTCAGGAGATTCACC
pattern_1		12:66199734:G:A:A:wC	131	160	-	13.381	1.12e-05	0.099	TTTTAAATTTATTTTATTTTATTTTATTTT
pattern_5		5:68680860:C:T:R:wC	25	54	-	13.4881	1.12e-05	0.0611	AGCAAGACTCCATTTCAAAAAAAAAAAAAA
pattern_3		3:148821605:A:G:A:wC	15	44	+	13.3095	1.13e-05	0.012	ACTAAAAAAAAAATACAAAAAAATTAGCCG
pattern_3		9:6177291:G:T:A:wC	17	46	-	13.3095	1.13e-05	0.012	CTAAAACTTAAAGTATAATAATAAAAAATA
pattern_3		8:76755254:T:C:A:wC	52	81	-	13.3095	1.13e-05	0.012	CTTTTTACTAAAAAAAAAAAAAAAAAAATT
pattern_3		19:19709129:G:A:R:wC	70	99	-	13.3095	1.13e-05	0.012	GTCTCAAAAAAAAAAAAAAAAAGGAAAGAA
pattern_3		2:42626124:C:T:A:wC	153	182	-	13.3095	1.13e-05	0.012	AAAAAAAAAAGAAAAGAAAAAAAAAGAAAA
pattern_0		7:584072:A:C:A:wC	15	44	+	11.119	1.13e-05	0.0102	CTTCAGGCCCACAGGATGCTGGGAGTCAGG
pattern_0		19:45926916:C:A:R:wC	37	66	+	11.119	1.13e-05	0.0102	GCTCCGCCCCTCGCCCCCACCGGATTCTAT
pattern_5		7:144547326:T:C:R:wC	105	134	-	13.4762	1.13e-05	0.0611	ATAAAAGAAACATTTTTTAAAAAATAAAAC
pattern_3		8:25418510:A:G:R:wC	27	56	-	13.2976	1.14e-05	0.0121	AAGAAGAAAAAAAAAAAAGAAAAAAAGAAA
pattern_3		8:25418510:A:G:A:wC	27	56	-	13.2976	1.14e-05	0.0121	AAGAAGAAAAAAAAAAAAGAAAAAAAGAAA
pattern_3		5:156391818:C:T:R:wC	130	159	+	13.2976	1.14e-05	0.0121	TAAACTCAATGAATAAAAATATCCCCAAAA
pattern_3		2:146273266:T:A:A:wC	117	146	-	13.2976	1.14e-05	0.0121	AAAAAAAAAAAAAAAAAAAAGATTACATAC
pattern_2		6:135512779:A:G:A:wC	70	99	-	-13.3293	1.14e-05	0.0263	CTCCCTTTTTCTATTTCAATGGGGGTGGGG
pattern_4		12:123832937:G:A:R:wC	24	53	+	13.3333	1.14e-05	0.222	ACAATTCCTTTTTTAAAACATTTTTGTAGG
pattern_4		9:23073339:C:T:A:wC	42	71	-	13.3333	1.14e-05	0.222	TGAAACCTTCACTTAAAAAAATCTTGAAGA
pattern_1		22:38888478:T:C:A:wC	102	131	-	13.3571	1.14e-05	0.0998	CAAAAAAAAGAAAGAAAAATAAATAATATG
pattern_0		19:48267703:C:T:R:wC	147	176	+	11.0952	1.14e-05	0.0104	GCTCTGCTTCCCTGGTTCACGCCATTCTGC
pattern_5		9:112520879:A:T:R:wC	63	92	-	13.4643	1.14e-05	0.0611	ATACATTATTATTTAAAGAAATATTTGTCT
pattern_5		14:24758151:G:C:R:wC	134	163	-	13.4643	1.14e-05	0.0611	GCAAGACTCCATCTAAAAAAAAAAAAAATT
pattern_5		20:39821898:C:T:R:wC	136	165	-	13.4643	1.14e-05	0.0611	ATTAAAGATAACCTAAATAAATAGAAAGAT
pattern_3		17:76923151:G:A:R:wC	52	81	-	13.2857	1.15e-05	0.0121	TTCTTTTTAAAAAAAAAAAAAAAAAAAACA
pattern_3		17:39975164:C:T:R:wC	137	166	+	13.2857	1.15e-05	0.0121	CTGTCTCAAAAAAAAAAAAAAAAAAAGAAG
pattern_3		5:68518347:G:T:R:wC	138	167	-	13.2857	1.15e-05	0.0121	CTTAAAAGAAGAAAAAAAAGAAGTTTGAAA
pattern_0		1:225942686:G:A:R:wC	132	161	-	11.0833	1.15e-05	0.0104	CTCCGGGCTCCAGAGTCCAGGCTCTGCTCT
pattern_5		10:99103492:A:G:R:wC	19	48	+	13.4524	1.15e-05	0.0611	AAAAAAAAAAAAGTAAAGTAAAGAAAGGAA
pattern_5		1:67481070:G:T:A:wC	50	79	-	13.4524	1.15e-05	0.0611	GTATTATTAACATTAAAGTTAATTTTTAAT
pattern_5		3:176051150:G:A:A:wC	167	196	+	13.4524	1.15e-05	0.0611	AGAAAAAGCCAATGAAAAGAAGTTTAAATA
pattern_0		9:117413913:A:T:A:wC	138	167	+	11.0714	1.15e-05	0.0104	GCTCTGTCTCCCAGGCTGGAGTGCAGTGGC
pattern_0		9:117413913:A:T:R:wC	138	167	+	11.0714	1.15e-05	0.0104	GCTCTGTCTCCCAGGCTGGAGTGCAGTGGC
pattern_0		10:79670654:T:C:A:wC	98	127	+	11.0595	1.16e-05	0.0105	CCCGGAAGTCAGAGGTTGCAGTGAGCTGAG
pattern_0		5:82391784:C:T:R:wC	151	180	-	11.0595	1.16e-05	0.0105	CCCCTCCCTGCCACAGTAAGGGAACTATCC
pattern_5		12:28300347:A:G:A:wC	7	36	-	13.4405	1.16e-05	0.0613	AAAAAAAAAAAAAGAAAAAGAAAAAAGAAT
pattern_6		8:22335170:C:T:A:wC	59	88	-	13.1667	1.16e-05	0.18	TAAAAAAATAAAATAAAATAAAATGCCTAA
pattern_3		17:19918630:C:T:A:wC	74	103	-	13.2619	1.17e-05	0.0123	TCTATCTCAAAAAAAAAAAAAATTAAATTA
pattern_0		2:204469679:C:G:A:wC	133	162	-	11.0476	1.17e-05	0.0105	GCTCTGCCACCCAGGCTGGAGTGCAGTGGC
pattern_1		5:14528587:G:A:R:wC	66	95	-	13.3214	1.17e-05	0.0998	CTCTAAAAATAAATAAATAAATTTTAATAC
pattern_1		22:31991001:G:A:A:wC	68	97	-	13.3214	1.17e-05	0.0998	AAATAAATAAATAAATAAATAAATAAATTA
pattern_1		10:124015767:G:C:A:wC	129	158	-	13.3214	1.17e-05	0.0998	ATACAAATAACAAATAACATATTTTACAGA
pattern_4		13:99113166:A:G:R:wC	58	87	+	13.2976	1.17e-05	0.224	TTTCTATTAAAAAAAAAAAAAGTTTTAAAT
pattern_5		5:87978252:T:C:R:wC	30	59	-	13.4286	1.17e-05	0.0616	CCAGTGTAATTTTTTAATAAATATTTTCCT
pattern_3		10:81950326:C:T:R:wC	3	32	-	13.25	1.18e-05	0.0123	AAAAAAAAAAAAAAAAAATTTATTGTAAAT
pattern_3		11:10523519:G:A:A:wC	6	35	-	13.25	1.18e-05	0.0123	TTCATTATGATAATAAACACATTAAAAATA
pattern_3		10:81950326:C:T:R:wC	11	40	-	13.25	1.18e-05	0.0123	CCGTCTCAAAAAAAAAAAAAAAAAAATTTA
pattern_3		16:1471233:A:C:A:wC	35	64	-	13.25	1.18e-05	0.0123	CTAAACGGAAAAAAAAAAAAAAAAAAAATA
pattern_3		16:1471233:A:C:R:wC	35	64	-	13.25	1.18e-05	0.0123	CTAAACGGAAAAAAAAAAAAAAAAAAAATA
pattern_3		17:61106371:A:G:A:wC	39	68	-	13.25	1.18e-05	0.0123	GTATAAATAAAATTAGTATTATATCTTTAT
pattern_3		6:43129333:G:A:A:wC	155	184	-	13.25	1.18e-05	0.0123	TAAAAACAAAAACAAAAACAAAAAAACAAA
pattern_0		1:6450358:C:T:A:wC	146	175	-	11.0238	1.18e-05	0.0106	TCTCGAACTCCTGACCTTAGATGATCTGCC
pattern_5		6:7388128:G:A:R:wC	55	84	+	13.4167	1.18e-05	0.0618	TCTACTAAAAATACAAAAAAAAAAAAAAAA
pattern_3		2:197074540:C:T:R:wC	43	72	-	13.2381	1.19e-05	0.0124	CCGTCTCAAAAAAAAAAAAAAAAGAAAGAA
pattern_3		3:55584998:C:T:A:wC	139	168	+	13.2381	1.19e-05	0.0124	CCGTCTCAAAAAAAAAAAAAAAAGAAAGAA
pattern_3		11:117083373:T:C:A:wC	155	184	-	13.2381	1.19e-05	0.0124	CTCTGTCTCAAAAAAAAAAAAAAAAAGAAA
pattern_1		6:88112460:A:G:R:wC	32	61	+	13.2976	1.19e-05	0.101	TATATCTATACAGTTAAAAAATTATAAAGT
pattern_5		13:34516164:T:A:R:wC	109	138	-	13.4048	1.19e-05	0.062	ATATTTTAAAAATCAAATAGAAATTTTATC
pattern_0		3:148821605:A:G:A:wC	72	101	-	11	1.19e-05	0.0108	CCTCAGCCTCCAGAAGCCTCCCGAGTAGCT
pattern_3		17:6470564:G:A:R:wC	8	37	+	13.2262	1.2e-05	0.0124	AAGAAAAGAAAAATAACAACCAGAAGAACA
pattern_3		18:21120444:T:C:A:wC	24	53	+	13.2262	1.2e-05	0.0124	CAGCTAAAGAAGTTAAAAAAAAAAAAAAAA
pattern_3		15:66020908:A:G:R:wC	5	34	-	13.2262	1.2e-05	0.0124	TCTCAAAAAAAAAAAAAGAAAAAGAAAAAA
pattern_3		1:155857540:G:A:A:wC	31	60	-	13.2262	1.2e-05	0.0124	CCATCTCAAAAAAAAAAAAAAAAAAAATTA
pattern_3		12:118682338:C:T:R:wC	88	117	-	13.2262	1.2e-05	0.0124	TCTCAAAAAAAAAAAAAGAAAAAGAAAAAA
pattern_3		4:57813895:G:A:R:wC	162	191	+	13.2262	1.2e-05	0.0124	TCAAAAAAAAAAAAAAAAAAGTAGAGGAAT
pattern_2		17:19918630:C:T:A:wC	77	106	+	-13.5732	1.2e-05	0.0276	TTTAATTTTTTTTTTTTTTGAGATAGAGTA
pattern_2		17:4335704:G:C:R:wC	79	108	+	-13.5732	1.2e-05	0.0276	TCAGAATATTTTTTTTTTTTCGAGACAGAG
pattern_0		19:58363473:G:T:R:wC	102	131	+	10.9881	1.2e-05	0.0108	TCTCTAGCTTGTGGTGTCCTGGGACTCTTA
pattern_0		19:58363462:G:C:R:wC	113	142	+	10.9881	1.2e-05	0.0108	TCTCTAGCTTGTGGTGTCCTGGGACTCTTA
pattern_6		17:62387091:C:T:R:wC	53	82	-	13.1071	1.2e-05	0.18	TTAAAAAATAAAATAAAATTAGAGCTTAGA
pattern_3		1:228371551:G:A:R:wC	60	89	+	13.2143	1.21e-05	0.0125	CTGTCTCCAAAAAAAAAAAAAAAAAAGAAA
pattern_3		1:26377185:G:A:R:wC	72	101	-	13.2143	1.21e-05	0.0125	CCGTCTCAAAAAAAAAAAAAAAAAAAAAAG
pattern_3		4:189431946:G:A:R:wC	156	185	-	13.2143	1.21e-05	0.0125	CCGTCTCAAAAAAAAAAAAAAAAAAAAAAG
pattern_2		17:27128264:G:A:R:wC	2	31	-	-13.6098	1.21e-05	0.0277	CTGGTCTTTTTTTTTTTCTTTGAGACGGAG
pattern_2		10:74136946:C:G:A:wC	29	58	+	-13.622	1.21e-05	0.0277	CGTATCTTTCTTTTTTTTTTTGAGACAGAG
pattern_5		1:53592869:C:T:R:wC	113	142	-	13.381	1.21e-05	0.0625	GATCAATACATTTTCAATGAATAAGAAGCA
pattern_3		17:76923151:G:A:R:wC	51	80	-	13.2024	1.22e-05	0.0126	TCTTTTTAAAAAAAAAAAAAAAAAAAACAA
pattern_3		10:104637508:T:C:R:wC	92	121	-	13.2024	1.22e-05	0.0126	TCAAAAAAAAAAAAAAAAAAAAAAGAAGTT
pattern_2		3:194401202:G:A:R:wC	167	196	-	-13.6463	1.22e-05	0.0278	CTAATTTTTGTATTTTTTAAGTAGAGACGA
pattern_6		12:66199734:G:A:A:wC	150	179	+	13.0833	1.22e-05	0.18	TAAATTTAAAAAATAATAATAAATAAATAA
pattern_0		18:23805393:T:C:A:wC	104	133	-	10.9524	1.22e-05	0.011	CCTCAGATTCCCGAGTAGCTGGAACCACAG
pattern_5		16:3538625:T:C:R:wC	15	44	-	13.369	1.22e-05	0.0625	TGAGATTCCATCTCAAAAAAAAAAAAAAAA
pattern_5		15:23945684:C:A:R:wC	127	156	+	13.369	1.22e-05	0.0625	ACCCTGTCTCTATTAAAAATACAAAAAATT
pattern_3		12:28300347:A:G:A:wC	4	33	-	13.1905	1.23e-05	0.0126	AAAAAAAAAAGAAAAAGAAAAAAGAATTAA
pattern_3		7:117372635:C:T:A:wC	165	194	+	13.1905	1.23e-05	0.0126	TCTCAAAAAAAAAAAAAAAAAAAAAAAGTC
pattern_3		11:18338736:G:A:A:wC	162	191	-	13.1905	1.23e-05	0.0126	CTCTCAAAAAAAAAAAAAAAAAATTTATCA
pattern_1		11:70175565:A:T:R:wC	82	111	-	13.25	1.23e-05	0.103	TGTCTCAAAAATAAATAAATAAATAATAAT
pattern_3		5:14528587:G:A:R:wC	64	93	-	13.1786	1.24e-05	0.0127	CTAAAAATAAATAAATAAATTTTAATACAA
pattern_0		11:18338736:G:A:A:wC	12	41	-	10.9286	1.24e-05	0.0111	GCTCCGCCTCCCGGGTTCACACCGTTTTCC
pattern_0		16:2239402:C:T:R:wC	17	46	-	10.9286	1.24e-05	0.0111	CCCTTGGCCCCCAGTCTGAGATGCTGCTAC
pattern_2		9:131861275:A:C:R:wC	78	107	+	-13.7561	1.24e-05	0.0284	TAATTTTTTTCTTTTTCTTTTGAGACAGAG
pattern_5		2:75120525:C:A:R:wC	17	46	-	13.3452	1.25e-05	0.0625	AAATGTTAAAATTTATTAATAATAGTTAAC
pattern_3		16:29924422:A:T:R:wC	122	151	-	13.1667	1.25e-05	0.0128	CCCTGTCTCAAAAAAAAAAAAAAAAAAAAA
pattern_3		2:32642798:T:C:R:wC	137	166	-	13.1667	1.25e-05	0.0128	AAACAAAAAATAAAAATAAAAAAATAATTT
pattern_2		11:66840675:C:T:A:wC	167	196	-	-13.7805	1.25e-05	0.0285	TTTTTTTTTTTTTTTTTTTTTTTGACAGAG
pattern_2		9:99224746:A:T:A:wC	77	106	-	-13.7927	1.25e-05	0.0285	TGGCAAATTTTTTTTTTTTTAGAGACAGAG
pattern_5		19:33856214:C:T:A:wC	7	36	-	13.3333	1.26e-05	0.0625	CTCTTACAATAATTAATTAAAAATAAAATA
pattern_5		19:53674839:G:A:A:wC	20	49	-	13.3333	1.26e-05	0.0625	AAAAAAAAAAATATATATATATATATATAT
pattern_5		19:53674839:G:A:A:wC	22	51	-	13.3333	1.26e-05	0.0625	AAAAAAAAAAAAATATATATATATATATAT
pattern_5		19:33856191:A:G:R:wC	30	59	-	13.3333	1.26e-05	0.0625	CTCTTACAATAATTAATTAAAAATAAAATA
pattern_5		12:111978537:C:T:R:wC	66	95	-	13.3333	1.26e-05	0.0625	AGTGACTCCATCTCAAAAAAAAAAAAAAAA
pattern_3		8:95853197:G:A:R:wC	36	65	-	13.1548	1.26e-05	0.0129	TCTCAAAAAAAAAAAAAAAAATTATTATTC
pattern_1		2:75120525:C:A:R:wC	14	43	-	13.2143	1.26e-05	0.105	TGTTAAAATTTATTAATAATAGTTAACATC
pattern_2		7:128422527:A:G:R:wC	137	166	+	-13.8171	1.26e-05	0.0286	CCCATTTCTGGTTTTTTAGAAAGTCTGGGT
pattern_3		10:32579691:T:C:R:wC	95	124	-	13.1429	1.27e-05	0.013	AAAAAGATAAAAAAAGAAAAATACATATAT
pattern_5		16:66536257:T:C:A:wC	18	47	+	13.3214	1.27e-05	0.0625	AAATAAATAAATGGAAAAAAAAAAGAACAG
pattern_5		17:62387091:C:T:R:wC	70	99	-	13.3214	1.27e-05	0.0625	AAAATACCTAACACAAATTAAAAAATAAAA
pattern_4		21:40977763:C:T:A:wC	38	67	-	13.1905	1.27e-05	0.239	ATCTATGAAAAAATAAAAATAATAAAATTA
pattern_0		9:113187049:G:A:R:wC	72	101	-	10.869	1.27e-05	0.0114	CCTCAGAGGCGGAGGTTGCAGTGAGCTGAG
pattern_2		15:65172582:C:T:A:wC	57	86	-	-13.8659	1.27e-05	0.0287	GGCCTATTTATTTGTTTATTTGAGACGGAG
pattern_2		15:65172582:C:T:R:wC	57	86	-	-13.8659	1.27e-05	0.0287	GGCCTATTTATTTGTTTATTTGAGACGGAG
pattern_3		10:38015694:G:A:A:wC	43	72	-	13.131	1.28e-05	0.0131	AAAAAAAAAAAAAAAAAAAAAAATCAATCG
pattern_3		10:101905203:T:C:R:wC	115	144	-	13.131	1.28e-05	0.0131	TCTCTACTAAAAATACAAAAAATTAGCCCG
pattern_3		2:32642798:T:C:R:wC	139	168	-	13.131	1.28e-05	0.0131	AAAAACAAAAAATAAAAATAAAAAAATAAT
pattern_3		8:22466488:T:G:R:wC	168	197	-	13.131	1.28e-05	0.0131	TCTCAAAAAAAAAAAAAAAAGAAAAAAAAA
pattern_0		9:139625380:G:A:A:wC	151	180	-	10.8571	1.28e-05	0.0114	TCTCAAACTCCCGACCTCAGGTGATACGCC
pattern_1		19:53674839:G:A:A:wC	20	49	+	13.1786	1.29e-05	0.107	ATATATATATATATATATATTTTTTTTTTT
pattern_5		1:67481070:G:T:A:wC	72	101	+	13.2976	1.29e-05	0.063	AATAATACACTAATACAAAAATAAAATCTA
pattern_5		1:200019951:C:T:A:wC	170	199	+	13.2976	1.29e-05	0.063	AAAAATAAATAAATAAATAAATTGATGTTA
pattern_0		8:26253610:G:C:R:wC	83	112	-	10.8333	1.29e-05	0.0116	GTTCGAGCTTCCCGGCTGCTCTGTTTACCT
pattern_1		2:204469679:C:G:A:wC	4	33	+	13.1667	1.3e-05	0.107	AAAATACAAAAAAAAAAAAAAATTAGCCCG
pattern_3		1:171719769:C:T:R:wC	50	79	-	13.1071	1.3e-05	0.0132	CTCAAAAAAAAAAAAAAAAAAAAAAAAGGA
pattern_3		15:90241150:G:A:A:wC	50	79	-	13.1071	1.3e-05	0.0132	CAAAAAAAAAAAAAAAAAAATTATAAAAGT
pattern_3		19:36723492:C:A:A:wC	109	138	-	13.1071	1.3e-05	0.0132	TCGGGAAAAAAAAAAAAAAGAAAAAAGAAA
pattern_3		8:22466488:T:G:R:wC	170	199	-	13.1071	1.3e-05	0.0132	TGTCTCAAAAAAAAAAAAAAAAGAAAAAAA
pattern_5		15:91546711:T:C:R:wC	52	81	-	13.2857	1.3e-05	0.0632	ATCTCTAAATAAATAAATAAATAAATGCAT
pattern_0		8:11540724:T:A:A:wC	134	163	-	10.8214	1.3e-05	0.0116	TCTGCGCCTCCCAGGGCCAGGTGGAGCACG
pattern_6		4:122278614:C:G:R:wC	48	77	+	12.9643	1.31e-05	0.18	AGATAAGGTAAAATAAAAAAAAATTTAAAG
pattern_0		20:62532982:G:C:A:wC	93	122	-	10.8095	1.31e-05	0.0117	ACTCCCTCTGCTGAGCTGCAGTGACTCCTC
pattern_3		8:25418510:A:G:A:wC	19	48	-	13.0952	1.31e-05	0.0133	AAAAAAAAAAGAAAAAAAGAAATTACTGAA
pattern_3		8:25418510:A:G:R:wC	19	48	-	13.0952	1.31e-05	0.0133	AAAAAAAAAAGAAAAAAAGAAATTACTGAA
pattern_3		2:146273266:T:A:A:wC	116	145	-	13.0952	1.31e-05	0.0133	AAAAAAAAAAAAAAAAAAAGATTACATACA
pattern_0		3:192618469:C:T:R:wC	133	162	-	10.7976	1.32e-05	0.0117	TCTCGAACTCCTGACCTCGTGCTCTGCTCG
pattern_3		10:123191545:A:G:R:wC	6	35	-	13.0833	1.32e-05	0.0133	AAGTGCCTCAAAAAAAAAAAAAGAAAAAAA
pattern_3		10:123191538:A:G:A:wC	13	42	-	13.0833	1.32e-05	0.0133	AAGTGCCTCAAAAAAAAAAAAAGAAAAAAA
pattern_3		3:156797365:A:G:A:wC	51	80	-	13.0833	1.32e-05	0.0133	CCTACAAAAAAAATAATTTTTATTTTTATT
pattern_3		9:117413913:A:T:A:wC	94	123	-	13.0833	1.32e-05	0.0133	AAAAAAAAAAAAAAAAAAAAAAAAGTCTCA
pattern_3		19:58511682:T:C:A:wC	167	196	-	13.0833	1.32e-05	0.0133	TACTAAAACAAAATACAAAAAATTAGCTGG
pattern_0		1:943968:C:T:R:wC	104	133	-	10.7857	1.32e-05	0.0118	CCTGGGAGGCGGAGGTTGCAGTGAGCCGAG
pattern_3		7:121801416:C:A:A:wC	13	42	+	13.0714	1.33e-05	0.0134	CCATCTCAAAAAAAAAAAAAAAAAAAAAAG
pattern_3		11:7983846:G:A:A:wC	32	61	-	13.0714	1.33e-05	0.0134	CCATCTCAAAAAAAAAAAAAAAAAAAAAAG
pattern_3		10:104637508:T:C:R:wC	97	126	-	13.0714	1.33e-05	0.0134	CCATCTCAAAAAAAAAAAAAAAAAAAAAAG
pattern_5		15:40300214:G:C:R:wC	6	35	-	13.25	1.33e-05	0.0645	AAGAAACAAATATGAAAAAAAATTAATCGG
pattern_4		22:29431626:T:C:R:wC	34	63	-	13.119	1.34e-05	0.243	TCCGTCTCAAAAAGAAAAAAAATTTTAAAA
pattern_4		22:29431626:T:C:A:wC	34	63	-	13.119	1.34e-05	0.243	TCCGTCTCAAAAAGAAAAAAAATTTTAAAA
pattern_3		18:53373610:G:A:A:wC	14	43	-	13.0595	1.34e-05	0.0135	ATCTCAAAAAAAAAAAAAAAAAAAACAGAG
pattern_3		17:17678573:G:A:A:wC	42	71	-	13.0595	1.34e-05	0.0135	CCCTGTCTCAAAAAAAAAAAAAAAAAAAAT
pattern_3		1:85723733:T:C:A:wC	169	198	+	13.0595	1.34e-05	0.0135	TCAAAAAAAAAGAAAAAAAAAAAGAAAAAG
pattern_0		3:32982922:T:C:R:wC	119	148	+	10.75	1.35e-05	0.012	GCTCCGCCTCCCGGATTCACACCATTTTTC
pattern_6		3:195707336:T:C:A:wC	101	130	+	12.9048	1.35e-05	0.18	ATAATGAAAATTTTAAAATTTTTATGGATT
pattern_3		8:25418510:A:G:A:wC	30	59	-	13.0476	1.35e-05	0.0135	CTCAAGAAGAAAAAAAAAAAAGAAAAAAAG
pattern_3		8:25418510:A:G:R:wC	30	59	-	13.0476	1.35e-05	0.0135	CTCAAGAAGAAAAAAAAAAAAGAAAAAAAG
pattern_3		2:54217148:G:C:R:wC	61	90	-	13.0476	1.35e-05	0.0135	TCTCAAAAAAAAAAAAAAAAGAAAAGAAAA
pattern_3		22:31991001:G:A:A:wC	64	93	-	13.0476	1.35e-05	0.0135	AAATAAATAAATAAATAAATAAATTATTAT
pattern_3		12:66199734:G:A:A:wC	160	189	+	13.0476	1.35e-05	0.0135	AAATAATAATAAATAAATAAATCTAGCACT
pattern_5		12:125311934:C:T:R:wC	120	149	-	13.2262	1.36e-05	0.0653	AAAATAATAATAATAATAATAATATTAACC
pattern_3		17:19918630:C:T:A:wC	64	93	-	13.0357	1.36e-05	0.0136	AAAAAAAAAAAATTAAATTAAAAAAGACAG
pattern_3		3:24341264:A:T:A:wC	99	128	-	13.0357	1.36e-05	0.0136	AAAAAAAAAAAATAAATAAATAAATAAAAA
pattern_3		9:100763455:C:T:R:wC	108	137	-	13.0357	1.36e-05	0.0136	AAAAAAAAAAAAAAAAAATTAAACCAGAAA
pattern_3		9:100763455:C:T:A:wC	108	137	-	13.0357	1.36e-05	0.0136	AAAAAAAAAAAAAAAAAATTAAACCAGAAA
pattern_5		19:49508265:A:G:R:wC	37	66	+	13.2143	1.37e-05	0.0653	CAAAAGGTTGTTGTAAAAATAAAAAATTAA
pattern_5		5:92232539:A:G:R:wC	124	153	+	13.2143	1.37e-05	0.0653	AGATTCCATGAATTGAATGAAAAAACAATC
pattern_1		6:151775259:C:A:R:wC	1	30	-	13.0833	1.37e-05	0.11	TTTCTAAGTCAATTTTAATTATTTTCAAAA
pattern_1		2:242375013:G:A:R:wC	4	33	-	13.0833	1.37e-05	0.11	TCAAAAAAAAAAAAAAAAAAATTACAAATC
pattern_1		5:75964507:C:T:A:wC	31	60	-	13.0833	1.37e-05	0.11	ACAAAACAATAAGTTAATATATTATTAAAG
pattern_3		9:6177291:G:T:A:wC	5	34	-	13.0238	1.38e-05	0.0136	GTATAATAATAAAAAATAAAAAATTAAAAA
pattern_3		2:28689345:C:T:R:wC	7	36	-	13.0238	1.38e-05	0.0136	CTCATGAAAAATTTAAAAAAGATTTTGAAT
pattern_3		10:81950326:C:T:R:wC	10	39	-	13.0238	1.38e-05	0.0136	CGTCTCAAAAAAAAAAAAAAAAAAATTTAT
pattern_3		1:155857540:G:A:A:wC	26	55	-	13.0238	1.38e-05	0.0136	TCAAAAAAAAAAAAAAAAAAAATTAGCGGG
pattern_3		18:48946262:A:G:A:wC	27	56	-	13.0238	1.38e-05	0.0136	AAAAAAAAAAAAAAAAAAAAACAGAAGTTG
pattern_3		19:3418156:A:G:R:wC	34	63	-	13.0238	1.38e-05	0.0136	GTCTCAAAAAAAAAAAAAAAAAGAAAAGAA
pattern_3		7:6079662:T:C:A:wC	141	170	-	13.0238	1.38e-05	0.0136	TCAAAAAAAATAAAAAAATAAAACTAAAAA
pattern_2		8:76755254:T:C:A:wC	53	82	+	-14.2683	1.38e-05	0.0312	ATTTTTTTTTTTTTTTTTTTAGTAAAAAGG
pattern_6		5:14528587:G:A:R:wC	57	86	+	12.8571	1.39e-05	0.18	TTCCGGGTTGTATTAAAATTTATTTATTTA
pattern_3		15:91546711:T:C:R:wC	56	85	-	13.0119	1.39e-05	0.0137	CTCCATCTCTAAATAAATAAATAAATAAAT
pattern_3		1:89475842:A:G:A:wC	56	85	-	13.0119	1.39e-05	0.0137	TCTCAAAAAAAAAAAAAAAATTAGTTAATT
pattern_3		3:56859614:T:C:A:wC	76	105	-	13.0119	1.39e-05	0.0137	TACAAGATAAAACTAAACAAACAGAAAATG
pattern_3		4:120381590:A:G:R:wC	77	106	-	13.0119	1.39e-05	0.0137	GTGCATTTAATAATACAAATAAGCAGTTTG
pattern_3		2:42626124:C:T:A:wC	148	177	-	13.0119	1.39e-05	0.0137	AAAAAGAAAAGAAAAAAAAAGAAAAGAAAA
pattern_2		7:130999270:G:C:R:wC	9	38	+	-14.2927	1.39e-05	0.0313	CATTTTTGTTTGTTTGTTTTTGAGATGGAG
pattern_5		9:24112926:G:C:R:wC	37	66	-	13.1905	1.39e-05	0.0658	AATTAGACTACATTAAAATTAAGAAGTTCC
pattern_5		17:28771495:T:C:R:wC	150	179	-	13.1905	1.39e-05	0.0658	AGAAGCTCTGTCTCAAAAAAAAAAAAAAAA
pattern_6		2:231268342:C:T:R:wC	168	197	-	12.8452	1.4e-05	0.18	AGGAAAAAAAATTTAATAATATATGTTTGC
pattern_3		16:15698462:T:C:R:wC	150	179	-	13	1.4e-05	0.0138	AATGAATGAAAAATAAAGAGAATGATGCAA
pattern_0		15:20644221:G:A:R:wC	137	166	+	10.6667	1.4e-05	0.0125	CCACTGAGTCAGGGAGTGCAGCGTGTGCAG
pattern_4		6:134189834:T:C:R:wC	46	75	-	13.0595	1.4e-05	0.246	GGGAAAATACATATAAAATCTGCTTTGGAG
pattern_4		4:119376994:C:G:R:wC	103	132	-	13.0595	1.4e-05	0.246	ATGATTCCACTTATATAAAATGTTCATAAT
pattern_5		3:196202508:G:A:A:wC	16	45	-	13.1786	1.4e-05	0.0661	CGAGACTCTATCTCAAAAAAAAAAAAAAAA
pattern_6		4:187641571:A:C:R:wC	14	43	-	12.8333	1.4e-05	0.18	CTTGACTATGACTTAAATAATCTTATTAAA
pattern_6		4:187641571:A:C:A:wC	14	43	-	12.8333	1.4e-05	0.18	CTTGACTATGACTTAAATAATCTTATTAAA
pattern_6		16:19992996:G:A:A:wC	39	68	-	12.8333	1.4e-05	0.18	TTCTCTATCAATTTAAAAATAGACAAGTAA
pattern_6		16:19992996:G:A:R:wC	39	68	-	12.8333	1.4e-05	0.18	TTCTCTATCAATTTAAAAATAGACAAGTAA
pattern_6		17:53363838:C:T:R:wC	168	197	-	12.8333	1.4e-05	0.18	CCTAAGGAAGGTTTAAAATTCCAAAACCAA
pattern_2		9:140142684:G:A:A:wC	76	105	+	-14.3415	1.41e-05	0.0315	GAATTTTGTTCTTTTTTTGTACAGAAAGGA
pattern_3		9:131683644:C:T:A:wC	15	44	-	12.9881	1.41e-05	0.0138	ATAAATAAATAATAAATAAAAATACCAAAA
pattern_3		1:226448407:A:G:R:wC	15	44	-	12.9881	1.41e-05	0.0138	AAAAAAAAAAAAAAAAAAAAAACTCATTTG
pattern_3		9:19069485:G:A:R:wC	132	161	+	12.9881	1.41e-05	0.0138	TCTCTACTAAAAATACAAAAATTACCCAAG
pattern_6		22:29431626:T:C:R:wC	17	46	-	12.8214	1.41e-05	0.18	AAAAATTTTAAAATAAATAGACTGGACATA
pattern_6		22:29431626:T:C:A:wC	17	46	-	12.8214	1.41e-05	0.18	AAAAATTTTAAAATAAATAGACTGGACATA
pattern_5		3:63888935:G:C:R:wC	58	87	+	13.1667	1.42e-05	0.0661	ACCCCGTCTCTATTAAAAATACAAAAAAAT
pattern_5		5:140582155:C:A:R:wC	128	157	-	13.1667	1.42e-05	0.0661	GTATCAAAAAAAAGAAAAGAAAAGAAAAAA
pattern_0		12:111978537:C:T:R:wC	93	122	+	10.6429	1.42e-05	0.0126	ACTCTGTCGCCCAAGCTGGAGTGATGTGGC
pattern_3		9:112520879:A:T:R:wC	84	113	-	12.9762	1.42e-05	0.0139	CCACTGCAAAAAATAATACAAATACATTAT
pattern_2		1:228371551:G:A:R:wC	56	85	-	-14.4146	1.43e-05	0.0318	TTTTTTTTTTTTTTTTTTGGAGACAGAGTC
pattern_2		1:26834960:G:A:A:wC	161	190	-	-14.4146	1.43e-05	0.0318	GACTCTTTTTTTTTCTTTTTTGAGACGAAG
pattern_5		19:11775886:T:C:R:wC	8	37	-	13.1548	1.43e-05	0.0663	TCAAAATACAAAATAAAAAAAAAGATAGTA
pattern_2		7:130584684:C:G:R:wC	3	32	-	-14.4268	1.43e-05	0.0319	TCTAATCTTTTACTACCTGTAGGGACAGGT
pattern_6		7:100702058:T:C:A:wC	23	52	+	12.7976	1.43e-05	0.18	AAACACCTGTATTTAAATATAGAGCATTTA
pattern_6		3:105571631:A:G:R:wC	35	64	-	12.7976	1.43e-05	0.18	AAAAAATACTGTATAAAAGATAAAAATGGA
pattern_3		10:123191538:A:G:A:wC	5	34	-	12.9643	1.43e-05	0.014	CAAAAAAAAAAAAAGAAAAAAATTATACAC
pattern_3		17:61106371:A:G:A:wC	35	64	+	12.9643	1.43e-05	0.014	TATGATAAAGATATAATACTAATTTTATTT
pattern_3		3:49355005:T:C:A:wC	56	85	-	12.9643	1.43e-05	0.014	AAAAAAAAAAAAAAACAAACAAACAAAAAA
pattern_3		13:34516164:T:A:R:wC	105	134	-	12.9643	1.43e-05	0.014	TTTAAAAATCAAATAGAAATTTTATCTAAA
pattern_3		21:37511627:T:G:A:wC	145	174	-	12.9643	1.43e-05	0.014	TCAAAAAAAAAAAAAAAAAAAGAAAAAGCA
pattern_5		2:163424167:C:T:A:wC	150	179	+	13.1429	1.44e-05	0.0663	CAATAAATAATTTTCAAATAACAAGAATAA
pattern_5		2:163424167:C:T:R:wC	150	179	+	13.1429	1.44e-05	0.0663	CAATAAATAATTTTCAAATAACAAGAATAA
pattern_1		10:81894877:A:G:A:wC	158	187	-	13.0119	1.44e-05	0.113	CTACTAAAAATACAAAAAAAATTTAGCCGG
pattern_3		21:40977763:C:T:A:wC	35	64	-	12.9524	1.45e-05	0.0141	TATGAAAAAATAAAAATAATAAAATTAGCT
pattern_3		19:53674839:G:A:A:wC	37	66	-	12.9524	1.45e-05	0.0141	GTCTAAAAAAAGAAAAAAAAAAAAAAAATA
pattern_3		4:149672240:C:T:R:wC	75	104	-	12.9524	1.45e-05	0.0141	TCTCGAAAAAAAAAAAAAAAAAATCAAAAC
pattern_3		1:85723733:T:C:A:wC	170	199	+	12.9524	1.45e-05	0.0141	CAAAAAAAAAGAAAAAAAAAAAGAAAAAGA
pattern_5		12:54124477:C:T:R:wC	18	47	-	13.131	1.45e-05	0.0666	AAAAATAAAAAATAAAAATAAAAAAATAAA
pattern_1		12:54124477:C:T:R:wC	25	54	-	13	1.45e-05	0.113	AAAATAAAAAAATAAAAAATAAAAATAAAA
pattern_1		3:12396779:C:T:A:wC	114	143	-	13	1.45e-05	0.113	TCTCTATAAAAATTACAAAAATTTGCTGGG
pattern_4		2:163424167:C:T:R:wC	140	169	+	13.0119	1.45e-05	0.247	AGTAAGTGCTCAATAAATAATTTTCAAATA
pattern_4		2:163424167:C:T:A:wC	140	169	+	13.0119	1.45e-05	0.247	AGTAAGTGCTCAATAAATAATTTTCAAATA
pattern_3		12:10597582:A:C:A:wC	21	50	-	12.9405	1.46e-05	0.0141	AAAAAAAAAAAAAAAAAAATTAGTGCATAT
pattern_3		7:95966546:G:A:A:wC	35	64	-	12.9405	1.46e-05	0.0141	CCGTCTCAATAAATAAATAAATAAATATAA
pattern_3		11:70175565:A:T:R:wC	72	101	-	12.9405	1.46e-05	0.0141	ATAAATAAATAAATAATAATGTCCTCAAAA
pattern_3		1:116460355:G:A:A:wC	157	186	+	12.9405	1.46e-05	0.0141	GACTGTCTCAAAAAAAAAAAAAAAAAAAAA
pattern_3		1:116460355:G:A:R:wC	157	186	+	12.9405	1.46e-05	0.0141	GACTGTCTCAAAAAAAAAAAAAAAAAAAAA
pattern_3		2:219272294:G:T:R:wC	140	169	-	12.9405	1.46e-05	0.0141	AAAAAAAAAAAAAAAAGAAAAGAAAAAAAA
pattern_3		2:42626124:C:T:A:wC	159	188	-	12.9405	1.46e-05	0.0141	AAAAAAAAAAAAAAAAGAAAAGAAAAAAAA
pattern_0		16:75256251:A:G:R:wC	101	130	+	10.5833	1.46e-05	0.0129	CGTGGGCCAGTGGAGCTCACGTGGTTCTGC
pattern_0		16:75256251:A:G:A:wC	101	130	+	10.5833	1.46e-05	0.0129	CGTGGGCCAGTGGAGCTCACGTGGTTCTGC
pattern_6		22:40759308:A:G:R:wC	55	84	-	12.7619	1.46e-05	0.18	GTTTAAGGCAATTTAAAATACTTCTTTTTC
pattern_2		7:37978666:T:C:R:wC	12	41	+	-14.5366	1.46e-05	0.0325	TGACCAATTTTTTTTTTTTTTGAGATGGAG
pattern_5		2:42626124:C:T:A:wC	151	180	-	13.119	1.46e-05	0.0669	AAAAAAAAGAAAAGAAAAAAAAAGAAAAGA
pattern_3		5:177042154:T:C:R:wC	31	60	-	12.9286	1.47e-05	0.0142	TAGAAAAAAGAAATAAAAACAGTACTTTCA
pattern_3		5:98265807:G:T:R:wC	63	92	-	12.9286	1.47e-05	0.0142	TACAAACATAAATAAAAAACAAAAATCATT
pattern_3		11:572473:T:C:A:wC	75	104	-	12.9286	1.47e-05	0.0142	CTCTGCTAAAAAAAAAAAATACAAAAAATT
pattern_6		6:130367539:C:T:A:wC	141	170	-	12.75	1.47e-05	0.18	TATTTGCCTGATTTAATAATAAATCATTAG
pattern_0		15:70552313:G:A:R:wC	10	39	+	10.5595	1.47e-05	0.013	CCTTGGGCTTCTAACTCCCACCGTCTACCG
pattern_0		15:67367972:G:T:R:wC	153	182	-	10.5595	1.47e-05	0.013	TCTCAAACTCTTGACCTCAGGTGATCCATC
pattern_0		15:67367972:G:T:A:wC	153	182	-	10.5595	1.47e-05	0.013	TCTCAAACTCTTGACCTCAGGTGATCCATC
pattern_5		18:55129900:A:G:R:wC	139	168	-	13.1071	1.48e-05	0.0671	AAAAAAAAAAAAAGAAAGAAAATAACATAG
pattern_3		2:242375013:G:A:R:wC	7	36	-	12.9167	1.48e-05	0.0143	GTCTCAAAAAAAAAAAAAAAAAAATTACAA
pattern_6		18:9850212:G:A:R:wC	163	192	-	12.7381	1.48e-05	0.18	AAAAATAAAAAAATAATAATAATCTACAAA
pattern_0		19:33751852:G:C:R:wC	116	145	-	10.5476	1.48e-05	0.0131	CCCCAGCAGCCCGGTGGCCAGGGAAGACAG
pattern_1		12:54124477:C:T:R:wC	34	63	-	12.9643	1.49e-05	0.113	CGTCTCAAAAAAATAAAAAAATAAAAAATA
pattern_1		15:90241150:G:A:A:wC	51	80	-	12.9643	1.49e-05	0.113	TCAAAAAAAAAAAAAAAAAAATTATAAAAG
pattern_6		4:189377071:C:T:R:wC	50	79	+	12.7262	1.49e-05	0.18	GGTCTGAACAGTTTAAAAGAATAACCTGGG
pattern_6		13:52263834:A:G:R:wC	154	183	-	12.7262	1.49e-05	0.18	ATTCTTGTTTGTTTATAATTATGAAAAGAG
pattern_0		1:25364652:T:C:A:wC	17	46	+	10.5357	1.49e-05	0.0132	GCTCATGTGCCGGAGTTCCAGGAATTACAG
pattern_2		22:27735210:T:G:A:wC	139	168	+	-14.6341	1.49e-05	0.0331	ATTCTGTTTTTCCTGCTTGTAGATATTGAT
pattern_3		12:33562535:G:A:A:wC	5	34	-	12.9048	1.49e-05	0.0143	CTCAAAAAAAAAAAAAGAAAAGAAATCAAT
pattern_3		13:113352130:C:T:A:wC	17	46	-	12.9048	1.49e-05	0.0143	ATCTCTACTAAAAAAAAAAAAAAAAAAAAA
pattern_3		1:228371551:G:A:R:wC	67	96	+	12.9048	1.49e-05	0.0143	CAAAAAAAAAAAAAAAAAAGAAACGTCATA
pattern_3		6:168177053:T:C:R:wC	89	118	-	12.9048	1.49e-05	0.0143	AGAAAGAAGAGAATCAGAATATTTAATTAA
pattern_1		6:121788131:C:T:A:wC	1	30	-	12.9524	1.5e-05	0.113	AAAAAAAAAAAAAAAAAAAAAAGTTAAAAG
pattern_1		1:185401229:T:C:A:wC	56	85	-	12.9524	1.5e-05	0.113	AAAAATAATAACAATAAAAAATTTAAAAAA
pattern_1		12:66199734:G:A:A:wC	150	179	+	12.9524	1.5e-05	0.113	TAAATTTAAAAAATAATAATAAATAAATAA
pattern_3		5:151175202:G:C:R:wC	126	155	+	12.8929	1.51e-05	0.0144	AATTACCTCAAAATAATAATTTCTCAGAAG
pattern_3		2:111928231:C:G:A:wC	154	183	+	12.8929	1.51e-05	0.0144	AAAAAAAAAAAAAAAAAAAGAAGTCAGATT
pattern_3		2:65650864:G:T:A:wC	136	165	-	12.8929	1.51e-05	0.0144	ATCTCAAAGAAAAAAAAAAAAAAGCATAAA
pattern_3		16:81763386:A:C:A:wC	167	196	-	12.8929	1.51e-05	0.0144	AAAAAAAAAAAAAAAAAAAAACAAAAAACC
pattern_0		16:89043454:T:C:R:wC	57	86	-	10.5119	1.51e-05	0.0133	CCCGCGTCACATGAGCCCCAGGGCTCCCAC
pattern_0		15:77327571:T:C:A:wC	73	102	+	10.5	1.52e-05	0.0134	GCTACAGCTTCGGGGGTTCTAGGATCCCCC
pattern_0		10:74124340:C:T:A:wC	110	139	+	10.5	1.52e-05	0.0134	CTCCTGGCTCCCAAGCTGCCGTGCCTGCTT
pattern_3		5:24646058:C:T:A:wC	23	52	-	12.881	1.52e-05	0.0145	GCTAAAGAAATAATAATAATAACAGCCCAA
pattern_2		12:8451233:G:A:A:wC	51	80	+	-14.7317	1.52e-05	0.0337	TTTTTTTTTTTTTTTTTAGAAGTGAGATCT
pattern_1		17:62387091:C:T:R:wC	57	86	-	12.9286	1.52e-05	0.113	CAAATTAAAAAATAAAATAAAATTAGAGCT
pattern_0		8:106513461:A:C:R:wC	81	110	+	10.4881	1.53e-05	0.0134	GCTCTGTCGCCCAGGTTGCAGTGCAGTGGC
pattern_5		19:39237303:A:G:R:wC	61	90	+	13.0595	1.53e-05	0.068	CAAAACTCCATCTCAAAAAAAAAAAAAAAA
pattern_3		16:1471233:A:C:A:wC	30	59	-	12.869	1.53e-05	0.0146	CGGAAAAAAAAAAAAAAAAAAAATAGGGCG
pattern_3		16:1471233:A:C:R:wC	30	59	-	12.869	1.53e-05	0.0146	CGGAAAAAAAAAAAAAAAAAAAATAGGGCG
pattern_3		3:24341264:A:T:A:wC	103	132	-	12.869	1.53e-05	0.0146	GCTAAAAAAAAAAAAATAAATAAATAAATA
pattern_3		1:179960369:T:C:R:wC	169	198	-	12.869	1.53e-05	0.0146	AAAAAAAAAAAAAAAAAAGAAAAGAAAGAA
pattern_2		12:117289414:G:A:R:wC	56	85	-	-14.7561	1.53e-05	0.0338	CTAATTTTTGTATTTTTTAGTAAAGAGGGG
pattern_5		7:95966546:G:A:A:wC	17	46	-	13.0476	1.54e-05	0.068	AAATAAATATAAATAAATGAAATCTATAAA
pattern_5		7:78022018:C:T:R:wC	35	64	-	13.0476	1.54e-05	0.068	TATAAATTTATTCTCAAAAAATAAAAAAAT
pattern_5		17:14395793:C:T:R:wC	65	94	-	13.0476	1.54e-05	0.068	ACATTAAACACAAGAAATAAAAAAATAGAT
pattern_5		11:32718439:G:T:A:wC	66	95	-	13.0476	1.54e-05	0.068	CACTACACTGTTTCAAAAAAAAAAAAAAAA
pattern_5		11:32718439:G:T:R:wC	66	95	-	13.0476	1.54e-05	0.068	CACTACACTGTTTCAAAAAAAAAAAAAAAA
pattern_5		7:130568456:T:C:A:wC	153	182	-	13.0476	1.54e-05	0.068	CAGTCAAAAATATTAAATATATGAATTTCA
pattern_6		2:103147561:G:A:A:wC	26	55	+	12.6667	1.54e-05	0.18	TGGCTTTCAGATTTAAATATAAAATACCTA
pattern_6		4:122278614:C:G:R:wC	43	72	+	12.6667	1.54e-05	0.18	AACAGAGATAAGGTAAAATAAAAAAAAATT
pattern_6		8:95664858:T:C:A:wC	38	67	-	12.6667	1.54e-05	0.18	AAAAAAATGGGTTTAAAAGAAAATGAATAA
pattern_3		14:52117174:C:T:A:wC	31	60	-	12.8571	1.54e-05	0.0146	CTCAAAAAAAAAAAAAAAAAAAAAACTGCC
pattern_3		22:29431626:T:C:R:wC	31	60	-	12.8571	1.54e-05	0.0146	GTCTCAAAAAGAAAAAAAATTTTAAAATAA
pattern_3		22:29431626:T:C:A:wC	31	60	-	12.8571	1.54e-05	0.0146	GTCTCAAAAAGAAAAAAAATTTTAAAATAA
pattern_3		1:90234055:C:A:R:wC	36	65	-	12.8571	1.54e-05	0.0146	AAATAGAAAAAATAAATAGAAAAAATAAAA
pattern_3		1:90234055:C:A:A:wC	36	65	-	12.8571	1.54e-05	0.0146	AAATAGAAAAAATAAATAGAAAAAATAAAA
pattern_3		6:7388128:G:A:R:wC	67	96	+	12.8571	1.54e-05	0.0146	ACAAAAAAAAAAAAAAAAAAAAATTAGCTG
pattern_3		17:37191932:G:A:A:wC	45	74	-	12.8571	1.54e-05	0.0146	AAAAAAAAAAAAAAAAAAAAAAGCCAGTTA
pattern_3		10:124015767:G:C:A:wC	138	167	-	12.8571	1.54e-05	0.0146	CTTTTAAAAATACAAATAACAAATAACATA
pattern_3		1:179960369:T:C:R:wC	171	200	-	12.8571	1.54e-05	0.0146	AAAAAAAAAAAAAAAAAAAAGAAAAGAAAG
pattern_4		17:1335942:G:A:R:wC	58	87	+	12.9286	1.55e-05	0.255	TCTCTACTAAAAATATAAAAAATTAGCCAG
pattern_2		22:42940318:T:C:A:wC	1	30	-	-14.8171	1.55e-05	0.0342	TTAGAACTTTTTTTTTTTTTTGAGACAAGT
pattern_3		15:91418297:T:A:R:wC	54	83	-	12.8452	1.56e-05	0.0147	AAAAAAAAAAAAAAAAAAAAAGTGTAACAG
pattern_3		15:81028554:T:G:R:wC	114	143	+	12.8452	1.56e-05	0.0147	CTTAGTATAATGCTAAAAAATTTTCCAAAT
pattern_6		15:43633366:T:G:A:wC	134	163	-	12.6429	1.56e-05	0.18	AACACTTATACTTTACAATAAGTTTCAAAA
pattern_4		18:9850212:G:A:R:wC	171	200	-	12.9167	1.56e-05	0.255	TCATCTCTAAAAATAAAAAAATAATAATAA
pattern_5		10:99103492:A:G:R:wC	24	53	+	13.0238	1.57e-05	0.0684	AAAAAAAGTAAAGTAAAGAAAGGAAAAGAA
pattern_5		17:19918630:C:T:A:wC	80	109	-	13.0238	1.57e-05	0.0684	CAATACTCTATCTCAAAAAAAAAAAAAATT
pattern_3		12:118682338:C:T:R:wC	81	110	-	12.8333	1.57e-05	0.0147	AAAAAAAAAAGAAAAAGAAAAAAGAAATTA
pattern_3		17:64660752:T:C:A:wC	105	134	-	12.8333	1.57e-05	0.0147	AAAAAAAAAAAAAAAAAAAAACCAAAGCAA
pattern_2		10:44370872:T:C:R:wC	47	76	+	-14.9024	1.58e-05	0.0346	TTTGTTTTGTTTTGTTTTTAAAATACAGTG
pattern_2		1:67481070:G:T:A:wC	100	129	+	-14.9024	1.58e-05	0.0346	TAATTTTCTCTGTTTTTTTTTGAGTCAGGA
pattern_5		4:57813895:G:A:R:wC	149	178	+	13.0119	1.58e-05	0.0684	GCAAGACTCCGTTTCAAAAAAAAAAAAAAA
pattern_1		7:130568456:T:C:A:wC	153	182	-	12.869	1.59e-05	0.113	CAGTCAAAAATATTAAATATATGAATTTCA
pattern_0		1:34295619:G:A:A:wC	68	97	-	10.4048	1.59e-05	0.0139	GTTCGAGCTTCCCAGCTGCTTTGTTTACCT
pattern_6		7:6599034:G:C:R:wC	3	32	-	12.6071	1.59e-05	0.18	AAACAAAACAAAACAAAAATAAAAACAAAA
pattern_6		1:1548801:T:C:A:wC	14	43	-	12.6071	1.59e-05	0.18	TCTACTAAAAATACAAAAATACAAAAAAAA
pattern_5		7:95966546:G:A:A:wC	31	60	-	13	1.59e-05	0.0684	CTCAATAAATAAATAAATAAATATAAATAA
pattern_3		12:10597582:A:C:A:wC	20	49	-	12.8095	1.59e-05	0.0149	AAAAAAAAAAAAAAAAAATTAGTGCATATA
pattern_3		14:52117174:C:T:A:wC	35	64	-	12.8095	1.59e-05	0.0149	CCGTCTCAAAAAAAAAAAAAAAAAAAAAAC
pattern_3		17:76923151:G:A:R:wC	41	70	-	12.8095	1.59e-05	0.0149	AAAAAAAAAAAAAAAAACAAAAAAAAACAA
pattern_1		9:6177291:G:T:A:wC	3	32	-	12.8571	1.6e-05	0.113	ATAATAATAAAAAATAAAAAATTAAAAAAT
pattern_1		22:29431626:T:C:R:wC	33	62	-	12.8571	1.6e-05	0.113	CCGTCTCAAAAAGAAAAAAAATTTTAAAAT
pattern_1		22:29431626:T:C:A:wC	33	62	-	12.8571	1.6e-05	0.113	CCGTCTCAAAAAGAAAAAAAATTTTAAAAT
pattern_6		2:142902921:T:G:A:wC	3	32	+	12.5952	1.6e-05	0.18	TATGTATATAATTTACAAAGATGCTTTCAG
pattern_5		15:65566674:G:A:R:wC	169	198	+	12.9881	1.61e-05	0.0684	AACAAACAAACAACAAAAAAAAATTATCCA
pattern_5		10:124015767:G:C:A:wC	147	176	-	12.9881	1.61e-05	0.0684	CGGGTGGCACTTTTAAAAATACAAATAACA
pattern_3		20:48533630:G:C:R:wC	2	31	-	12.7976	1.61e-05	0.0149	CTCCGTCTCAAAAAAAAAAAAAAAAAAAAA
pattern_3		9:33085462:T:G:A:wC	44	73	+	12.7976	1.61e-05	0.0149	CTCCGTCTCAAAAAAAAAAAAAAAAAAAAA
pattern_3		17:72688065:C:T:A:wC	33	62	-	12.7976	1.61e-05	0.0149	GTCTCAAAAAAAAAAAAAAAAATGGCATAA
pattern_3		17:72688065:C:T:R:wC	33	62	-	12.7976	1.61e-05	0.0149	GTCTCAAAAAAAAAAAAAAAAATGGCATAA
pattern_3		7:4807826:T:C:R:wC	35	64	-	12.7976	1.61e-05	0.0149	CTCCGTCTCAAAAAAAAAAAAAAAAAAAAA
pattern_3		14:52117174:C:T:A:wC	37	66	-	12.7976	1.61e-05	0.0149	CTCCGTCTCAAAAAAAAAAAAAAAAAAAAA
pattern_3		8:95853197:G:A:R:wC	41	70	-	12.7976	1.61e-05	0.0149	CTCCATCTCAAAAAAAAAAAAAAAAATTAT
pattern_3		17:37191932:G:A:A:wC	56	85	-	12.7976	1.61e-05	0.0149	CTGTCTCAATTAAAAAAAAAAAAAAAAAAA
pattern_3		14:32922842:G:C:R:wC	58	87	-	12.7976	1.61e-05	0.0149	CTCCGTCTCAAAAAAAAAAAAAAAAAAAAA
pattern_3		1:26377185:G:A:R:wC	74	103	-	12.7976	1.61e-05	0.0149	CTCCGTCTCAAAAAAAAAAAAAAAAAAAAA
pattern_3		16:69684040:T:A:R:wC	83	112	-	12.7976	1.61e-05	0.0149	TATGTCAAAAAAATAATTTTCATTACAAAA
pattern_3		10:8125134:C:T:A:wC	137	166	+	12.7976	1.61e-05	0.0149	CTCCGTCTCAAAAAAAAAAAAAAAAAAAAA
pattern_3		2:111928231:C:G:A:wC	137	166	+	12.7976	1.61e-05	0.0149	CTCCGTCTCAAAAAAAAAAAAAAAAAAAAA
pattern_3		7:117372635:C:T:A:wC	160	189	+	12.7976	1.61e-05	0.0149	CTCCGTCTCAAAAAAAAAAAAAAAAAAAAA
pattern_3		1:40073011:G:C:R:wC	167	196	+	12.7976	1.61e-05	0.0149	CTCCGTCTCAAAAAAAAAAAAAAAAAAAAA
pattern_3		4:189431946:G:A:R:wC	158	187	-	12.7976	1.61e-05	0.0149	CTCCGTCTCAAAAAAAAAAAAAAAAAAAAA
pattern_1		19:53674839:G:A:A:wC	30	59	-	12.8452	1.61e-05	0.113	AAAAGAAAAAAAAAAAAAAAATATATATAT
pattern_1		19:50049882:T:G:A:wC	61	90	-	12.8452	1.61e-05	0.113	CAGGCTAATTTTTTAAATATTTTTAGTAGA
pattern_2		20:10617160:A:C:A:wC	100	129	+	-15.0122	1.61e-05	0.0353	CCTTTTTTTTTTTTTTTTCTTGGCACAAAA
pattern_4		11:75118589:C:A:A:wC	22	51	-	12.869	1.62e-05	0.255	CCGTCTCAAAAAATAAAAATAATAAAAAAT
pattern_3		22:31991001:G:A:A:wC	53	82	-	12.7857	1.62e-05	0.015	TAAATAAATAAATTATTATTATTTCTTCAT
pattern_3		12:89874125:G:A:A:wC	169	198	-	12.7857	1.62e-05	0.015	CTATAAAAAAAAAAAAAAGAATTATAAATT
pattern_5		19:4756166:T:C:A:wC	16	45	+	12.9762	1.62e-05	0.0684	AAAAAAAAAAAAATACAAAAAATTAGCCAG
pattern_5		19:53674839:G:A:A:wC	39	68	-	12.9762	1.62e-05	0.0684	CCGTCTAAAAAAAGAAAAAAAAAAAAAAAA
pattern_5		6:139019622:A:C:R:wC	80	109	-	12.9762	1.62e-05	0.0684	AGATAATAATAAATTATATAAATATATAAA
pattern_0		19:50322111:T:C:A:wC	55	84	+	10.3571	1.62e-05	0.0143	GCCCGGATTCCTGGGTCCGAGGGAGGAGGG
pattern_1		22:31991001:G:A:A:wC	76	105	-	12.8333	1.62e-05	0.113	CAACTTAAAAATAAATAAATAAATAAATAA
pattern_1		22:21969640:T:C:A:wC	133	162	+	12.8333	1.62e-05	0.113	TCTTTACTAAAAATAAAAAAAATTAGCCGA
pattern_3		2:42626124:C:T:A:wC	145	174	-	12.7738	1.63e-05	0.0151	AAGAAAAGAAAAAAAAAGAAAAGAAAAAAA
pattern_5		7:37406443:G:C:A:wC	46	75	-	12.9643	1.63e-05	0.0684	TGTTAATATTTTTGAAATGAATAAAGAATC
pattern_3		14:32922842:G:C:R:wC	27	56	-	12.7619	1.65e-05	0.0152	AAAAAAAAAAAAAAAAAGAAAAGAAAAATT
pattern_3		9:117413913:A:T:R:wC	95	124	-	12.7619	1.65e-05	0.0152	AAAAAAAAAAAAAAAAAAAAAAAATGTCTC
pattern_5		3:37831176:C:T:R:wC	7	36	+	12.9524	1.65e-05	0.0684	TACTAAAAAATACCAAAAAAAAAAAAAATG
pattern_5		17:74481538:A:C:A:wC	42	71	+	12.9524	1.65e-05	0.0684	CAAAACTCTGTCTCAAAAAAAAAAAAAAAA
pattern_5		17:74481538:A:C:R:wC	42	71	+	12.9524	1.65e-05	0.0684	CAAAACTCTGTCTCAAAAAAAAAAAAAAAA
pattern_5		11:12418784:C:A:A:wC	81	110	-	12.9524	1.65e-05	0.0684	CTAAAAATAATAATAAATAAATGAAAGATA
pattern_5		18:55129900:A:G:R:wC	165	194	-	12.9524	1.65e-05	0.0684	CAAAACTCTGTCTCAAAAAAAAAAAAAAAA
pattern_3		2:85551779:G:A:A:wC	65	94	+	12.75	1.66e-05	0.0152	ACTTAGCGGAAAAAAAAAAAAAAGAGTGTT
pattern_3		22:25464565:G:A:A:wC	98	127	-	12.75	1.66e-05	0.0152	TCTCTACTAAAAATATAAAAAATTAGCTGG
pattern_3		17:57549673:T:C:R:wC	159	188	-	12.75	1.66e-05	0.0152	TCTCTACTAAAAATATAAAAAATTAGCTGG
pattern_0		13:95248566:C:T:R:wC	15	44	-	10.3095	1.66e-05	0.0146	CCTCTGGCTGCTCTGTTAACGTGTCCCGCG
pattern_5		14:35819834:C:G:R:wC	56	85	+	12.9405	1.66e-05	0.0687	GAAAAAGAAGAATTACATTAAAAAGAGAGA
pattern_4		10:102075479:G:A:A:wC	2	31	+	12.8333	1.66e-05	0.255	GGTAAAAATTTAATAAATATATTACCAGTC
pattern_4		10:102075479:G:A:R:wC	2	31	+	12.8333	1.66e-05	0.255	GGTAAAAATTTAATAAATATATTACCAGTC
pattern_2		7:5089389:G:C:R:wC	63	92	+	-15.1585	1.66e-05	0.0363	TGTTTCTTTTTTTCTTTTTTTGAGATAGGG
pattern_1		10:102075479:G:A:R:wC	10	39	-	12.7976	1.66e-05	0.113	GAAAATCAGACTGGTAATATATTTATTAAA
pattern_1		10:102075479:G:A:A:wC	10	39	-	12.7976	1.66e-05	0.113	GAAAATCAGACTGGTAATATATTTATTAAA
pattern_1		12:22763881:T:C:A:wC	148	177	+	12.7976	1.66e-05	0.113	TATAAAATATATATGCACATATTTATATAT
pattern_2		10:43686833:C:T:R:wC	62	91	+	-15.1829	1.67e-05	0.0364	TTTTTTTTTTTTTTTTTTGAGGAGGAGTCT
pattern_3		9:131683644:C:T:A:wC	23	52	-	12.7381	1.67e-05	0.0153	CAAAATAAATAAATAAATAATAAATAAAAA
pattern_3		10:27445726:G:A:R:wC	129	158	-	12.7381	1.67e-05	0.0153	CTATCTCAAAAAAAAAAAAAAAAAAATTCA
pattern_5		8:95853197:G:A:R:wC	46	75	-	12.9286	1.68e-05	0.069	CAATACTCCATCTCAAAAAAAAAAAAAAAA
pattern_1		9:112520879:A:T:R:wC	63	92	-	12.7857	1.68e-05	0.113	ATACATTATTATTTAAAGAAATATTTGTCT
pattern_1		6:139019622:A:C:R:wC	79	108	-	12.7857	1.68e-05	0.113	GATAATAATAAATTATATAAATATATAAAT
pattern_6		2:75259915:A:G:R:wC	6	35	-	12.5119	1.68e-05	0.184	CATAATGGTATTTTACATTTACAGCACATC
pattern_2		3:128350038:C:T:A:wC	7	36	-	-15.2195	1.68e-05	0.0366	TATATTTTTTTTTTTTTTGGAGACAGAGTC
pattern_3		5:34500013:T:A:R:wC	105	134	-	12.7262	1.69e-05	0.0154	TCTTGGAAAAATAAAAAATAAATAAATAAA
pattern_3		4:189431946:G:A:R:wC	153	182	-	12.7262	1.69e-05	0.0154	TCTCAAAAAAAAAAAAAAAAAAAAAAGGCT
pattern_3		2:219272294:G:T:R:wC	157	186	-	12.7262	1.69e-05	0.0154	CCTCGTCTCAAAAAAAAAAAAAAAAAAAAA
pattern_0		19:8425778:A:G:A:wC	16	45	-	10.2738	1.69e-05	0.0148	TCTCAAACTCCTAAGCTTAGGCTATCCACC
pattern_6		19:11775886:T:C:R:wC	8	37	-	12.5	1.69e-05	0.184	TCAAAATACAAAATAAAAAAAAAGATAGTA
pattern_5		13:34516164:T:A:R:wC	121	150	-	12.9167	1.69e-05	0.069	AAAAAGTAGACAATATTTTAAAAATCAAAT
pattern_5		17:36003551:G:A:A:wC	164	193	-	12.9167	1.69e-05	0.069	GAGAGACCTTGTTTCAAAAAAAAAAAAAAA
pattern_1		19:41343700:C:T:R:wC	20	49	+	12.7738	1.69e-05	0.113	AAAAAAAAAAAAAAAAAAAAATTCTAGGAC
pattern_1		18:20314196:G:A:A:wC	58	87	-	12.7738	1.69e-05	0.113	TTTCAAGAAACTTTTTACATATACACAAAA
pattern_1		12:66199734:G:A:A:wC	131	160	+	12.7738	1.69e-05	0.113	AAAATAAAATAAAATAAAATAAATTTAAAA
pattern_0		1:35685383:C:T:R:wC	92	121	-	10.2619	1.7e-05	0.0149	TCTCGATCTCCTGACCTCGTGGTCTGCCCG
pattern_6		15:90241150:G:A:A:wC	13	42	-	12.4881	1.7e-05	0.184	GATCAAGTGGGTATAAAAGTCCTAAATGTT
pattern_3		10:8125134:C:T:A:wC	149	178	+	12.7143	1.7e-05	0.0155	AAAAAAAAAAAAAAAAAAAAAGAATGAAAC
pattern_3		2:65650864:G:T:A:wC	138	167	-	12.7143	1.7e-05	0.0155	CCATCTCAAAGAAAAAAAAAAAAAAGCATA
pattern_4		4:188862039:A:C:R:wC	20	49	+	12.7976	1.71e-05	0.255	CCTCTAAGTTATATATATATTTTTTTGAGA
pattern_6		2:103147561:G:A:A:wC	30	59	-	12.4762	1.71e-05	0.184	AATTTAGGTATTTTATATTTAAATCTGAAA
pattern_3		20:30021688:A:G:R:wC	82	111	+	12.7024	1.71e-05	0.0156	AGGAAAGAAAAAAAAAAAAAAAGAAACATA
pattern_3		3:183179413:C:T:A:wC	56	85	-	12.7024	1.71e-05	0.0156	TTAAACTAAGAAATACATATAATTTCAAAT
pattern_1		12:54124477:C:T:R:wC	13	42	-	12.75	1.72e-05	0.113	TAAAAAATAAAAATAAAAAAATAAAAAAAT
pattern_1		12:54124477:C:T:R:wC	19	48	-	12.75	1.72e-05	0.113	AAAAAATAAAAAATAAAAATAAAAAAATAA
pattern_1		22:40759308:A:G:R:wC	56	85	-	12.75	1.72e-05	0.113	AGTTTAAGGCAATTTAAAATACTTCTTTTT
pattern_1		3:39167458:T:C:R:wC	91	120	-	12.75	1.72e-05	0.113	ATATTAAGGTGTATAAAAATATGATCCTTG
pattern_0		9:99224746:A:T:R:wC	170	199	+	10.2381	1.72e-05	0.015	TCTGGGAGTCAGAGGCTGCAGTGAGCTGAG
pattern_0		9:99224746:A:T:A:wC	170	199	+	10.2381	1.72e-05	0.015	TCTGGGAGTCAGAGGCTGCAGTGAGCTGAG
pattern_5		16:1471233:A:C:A:wC	41	70	-	12.8929	1.72e-05	0.0696	AAAGAACTAAACGGAAAAAAAAAAAAAAAA
pattern_5		16:1471233:A:C:R:wC	41	70	-	12.8929	1.72e-05	0.0696	AAAGAACTAAACGGAAAAAAAAAAAAAAAA
pattern_3		1:232271422:A:G:R:wC	29	58	+	12.6905	1.73e-05	0.0157	AAAATAATAATTTTAAAAATGTTTTTTGTA
pattern_3		8:64283169:T:C:A:wC	3	32	-	12.6905	1.73e-05	0.0157	AAAGATAAAGCAATAAAAAAATTCAGCCAA
pattern_3		7:117372635:C:T:A:wC	171	200	+	12.6905	1.73e-05	0.0157	AAAAAAAAAAAAAAAAAAAAAGTCAGGCAC
pattern_1		17:17678573:G:A:A:wC	34	63	-	12.7381	1.73e-05	0.113	CAAAAAAAAAAAAAAAAAAAATTACACATG
pattern_5		4:57813895:G:A:R:wC	150	179	+	12.881	1.73e-05	0.07	CAAGACTCCGTTTCAAAAAAAAAAAAAAAA
pattern_2		5:137818916:G:T:R:wC	114	143	+	-15.3659	1.73e-05	0.0377	TTTTCTCTTTTTTTCTTTTTTGAGACGGAG
pattern_4		10:124015767:G:C:A:wC	43	72	+	12.7738	1.74e-05	0.255	AGAAAACAGGTAAGAAAAAAAGCTTATAAC
pattern_4		6:139019622:A:C:R:wC	79	108	+	12.7738	1.74e-05	0.255	ATTTATATATTTATATAATTTATTATTATC
pattern_3		14:24158734:A:G:A:wC	22	51	-	12.6786	1.74e-05	0.0158	CTAAAACTTAAAGTATAATTTAAAAAAAAA
pattern_3		8:48885436:T:A:A:wC	50	79	-	12.6786	1.74e-05	0.0158	TAAGAAAACAAAGTAAAAATACTGTTTTTC
pattern_5		16:11221584:G:T:A:wC	68	97	+	12.869	1.75e-05	0.0703	ATCGTGTCTAGTATAAATAAAAAATTAGCC
pattern_4		2:243054736:T:C:A:wC	1	30	-	12.7619	1.75e-05	0.255	CTGGCAAATTAAAAAAAAAAAGTTTAACAA
pattern_0		12:1609593:C:A:A:wC	117	146	-	10.1905	1.76e-05	0.0153	CCCCCTGCAGCCAGCCCCATGGGAGTGCCC
pattern_3		11:47241411:T:C:A:wC	20	49	-	12.6667	1.76e-05	0.0159	TCTCAAAAAAATAAACAAATAAATAAATAA
pattern_3		14:52117174:C:T:A:wC	29	58	-	12.6667	1.76e-05	0.0159	CAAAAAAAAAAAAAAAAAAAAAACTGCCCT
pattern_3		16:84542617:G:C:R:wC	74	103	-	12.6667	1.76e-05	0.0159	TTTCCTTGAAAAAAAAAAAAAAAAAAGAAA
pattern_3		4:57813895:G:A:R:wC	160	189	+	12.6667	1.76e-05	0.0159	TTTCAAAAAAAAAAAAAAAAAAGTAGAGGA
pattern_3		7:23227144:A:G:A:wC	166	195	-	12.6667	1.76e-05	0.0159	AAAAAAAAAAAAAAAAAAAAAGTTGCTATC
pattern_1		17:62387091:C:T:R:wC	49	78	+	12.7143	1.76e-05	0.113	ATTTTCTAAGCTCTAATTTTATTTTATTTT
pattern_1		11:12418784:C:A:A:wC	72	101	-	12.7143	1.76e-05	0.113	ATAATAAATAAATGAAAGATATGATTAAAT
pattern_5		8:22466488:T:G:R:wC	161	190	-	12.8571	1.76e-05	0.0706	AAAAAAAAAAAAAGAAAAAAAAAGGGTTAA
pattern_4		11:66840675:C:T:A:wC	6	35	+	12.75	1.77e-05	0.255	TCTCTACTAAAAATATAAAAATTAGTTGGA
pattern_4		17:6559040:G:A:R:wC	21	50	+	12.75	1.77e-05	0.255	GCTTTCTCTATTTTAAAAAACGTTTCAACC
pattern_3		1:67481070:G:T:A:wC	6	35	+	12.6548	1.77e-05	0.016	TGGTCAAACTAATTAAAATTAAATAGATTT
pattern_1		4:188862039:A:C:R:wC	18	47	+	12.7024	1.77e-05	0.113	CACCTCTAAGTTATATATATATTTTTTTGA
pattern_1		3:24341264:A:T:A:wC	106	135	-	12.7024	1.77e-05	0.113	TTTGCTAAAAAAAAAAAAATAAATAAATAA
pattern_0		10:71263605:C:T:A:wC	38	67	-	10.1667	1.78e-05	0.0155	GCCCTAACTCACAGGCTGCCGCGGGCACTT
pattern_2		21:37511627:T:G:A:wC	150	179	+	-15.4878	1.78e-05	0.0385	TTTCTTTTTTTTTTTTTTTTTTTGACAGAG
pattern_2		2:26400468:C:T:A:wC	10	39	+	-15.5	1.78e-05	0.0386	ATTTCATTTTTTGTGTTTTTAGAGATGGTC
pattern_3		9:113038318:A:G:R:wC	55	84	+	12.6429	1.78e-05	0.0161	AAAAGAAAAAATAAAATAAAATTTCATCAA
pattern_1		12:8451233:G:A:A:wC	38	67	-	12.6905	1.79e-05	0.113	AAAAAAAAAAAAAAAAATTTAATTAGCTGG
pattern_0		11:116663128:C:T:R:wC	48	77	+	10.1548	1.79e-05	0.0155	CCTCTGCCCCAGCTGCTCACCTGCTCACGT
pattern_0		17:21279486:G:A:R:wC	36	65	-	10.1548	1.79e-05	0.0155	GCACGACTTCCCGGGGACATGCGCGCACAC
pattern_0		17:40805844:T:G:A:wC	114	143	+	10.1548	1.79e-05	0.0155	CTTTCGCCAGCGCGTCTGCAGCGGTTCCCA
pattern_0		5:68806965:G:A:R:wC	118	147	+	10.1548	1.79e-05	0.0155	GCTACGCCTCCTGGGTTCACACCATTCTCC
pattern_5		2:219272294:G:T:R:wC	123	152	-	12.8333	1.79e-05	0.0715	AAAAGAAAAAAAAGAAAAAAAGAAAGGCCA
pattern_0		4:4291983:C:G:R:wC	28	57	+	10.1429	1.8e-05	0.0156	CCACGCCCCCCCCAGTGGAAGTGACGCCAA
pattern_0		19:51380815:G:T:R:wC	36	65	-	10.1429	1.8e-05	0.0156	CCTCTGCTCCCCCAGGTGCCGCAGGGCTCT
pattern_0		9:131861275:A:C:R:wC	112	141	+	10.1429	1.8e-05	0.0156	GCTCTGTCACCCAGGCTGGAGCAATGGAAC
pattern_0		11:34460231:C:T:A:wC	94	123	-	10.1429	1.8e-05	0.0156	CCCCGCCGGCCCGGGGTGCCCGGAATAGCC
pattern_3		2:204469679:C:G:A:wC	4	33	+	12.631	1.8e-05	0.0161	AAAATACAAAAAAAAAAAAAAATTAGCCCG
pattern_3		12:11962839:C:T:A:wC	6	35	-	12.631	1.8e-05	0.0161	CCAAAAAAAAAAAAAAAAAAAAAAAAAAGC
pattern_3		3:105933487:C:A:A:wC	6	35	-	12.631	1.8e-05	0.0161	ATGCTTCATATAATACCAATATAAAATAAT
pattern_3		1:90234055:C:A:R:wC	20	49	-	12.631	1.8e-05	0.0161	TAGAAAAAATAAAAAATAAAAAAAGAAATA
pattern_3		1:90234055:C:A:A:wC	20	49	-	12.631	1.8e-05	0.0161	TAGAAAAAATAAAAAATAAAAAAAGAAATA
pattern_3		1:171719769:C:T:R:wC	44	73	-	12.631	1.8e-05	0.0161	AAAAAAAAAAAAAAAAAAAAAGGATGGAAT
pattern_3		20:30021688:A:G:R:wC	78	107	+	12.631	1.8e-05	0.0161	AAAAAGGAAAGAAAAAAAAAAAAAAAGAAA
pattern_3		15:91418297:T:A:R:wC	60	89	-	12.631	1.8e-05	0.0161	CTCTCAAAAAAAAAAAAAAAAAAAAAAGTG
pattern_3		12:66199734:G:A:A:wC	154	183	+	12.631	1.8e-05	0.0161	TTTAAAAAATAATAATAAATAAATAAATCT
pattern_1		6:88112460:A:G:R:wC	7	36	+	12.6786	1.8e-05	0.113	ATGTATGTATATGTGTATATATGTATATAT
pattern_5		2:197074540:C:T:R:wC	29	58	-	12.8214	1.81e-05	0.0715	AAAAAAAAAGAAAGAAAGAAAGAAAAACCA
pattern_5		19:11430229:G:A:R:wC	160	189	+	12.8214	1.81e-05	0.0715	AAACAAAACAAAACAAAAAAACAAAAAAAG
pattern_3		3:53592864:G:A:A:wC	52	81	-	12.619	1.81e-05	0.0162	AATTGCTAAAAACTAAAGACAATGAAAAAA
pattern_5		10:14660888:C:G:A:wC	31	60	+	12.8095	1.82e-05	0.0719	GAGTGAGACTGCTTAAAAAAAAAATAGTCA
pattern_1		10:81950326:C:T:R:wC	4	33	-	12.6548	1.83e-05	0.113	AAAAAAAAAAAAAAAAAAATTTATTGTAAA
pattern_1		13:93912671:A:T:R:wC	62	91	+	12.6548	1.83e-05	0.113	TCTATAAAGAGTATATAAATTTGTAAAATT
pattern_1		18:9850212:G:A:R:wC	169	198	-	12.6548	1.83e-05	0.113	ATCTCTAAAAATAAAAAAATAATAATAATC
pattern_3		16:29924422:A:T:R:wC	116	145	-	12.6071	1.83e-05	0.0163	CTCAAAAAAAAAAAAAAAAAAAAAATGGCC
pattern_6		3:156797365:A:G:A:wC	46	75	+	12.3452	1.84e-05	0.191	GAACAAATAAAAATAAAAATTATTTTTTTT
pattern_3		16:77337844:G:C:R:wC	11	40	+	12.5952	1.84e-05	0.0164	TCTCTACTAAAAATATTAAAAAACAAGCCA
pattern_3		16:77337795:T:C:R:wC	60	89	+	12.5952	1.84e-05	0.0164	TCTCTACTAAAAATATTAAAAAACAAGCCA
pattern_3		16:19992996:G:A:R:wC	39	68	-	12.5952	1.84e-05	0.0164	TTCTCTATCAATTTAAAAATAGACAAGTAA
pattern_3		16:19992996:G:A:A:wC	39	68	-	12.5952	1.84e-05	0.0164	TTCTCTATCAATTTAAAAATAGACAAGTAA
pattern_3		10:60384870:C:T:R:wC	53	82	-	12.5952	1.84e-05	0.0164	CAGAGCCGAAGAATAAAAAGTACTATTACA
pattern_3		18:21509668:A:C:R:wC	97	126	-	12.5952	1.84e-05	0.0164	TTAGGGCTCATTTTAAAAATAAAACCTCAA
pattern_3		2:146273266:T:A:A:wC	121	150	-	12.5952	1.84e-05	0.0164	AAAAAAAAAAAAAAAAAAAAAAAAGATTAC
pattern_0		17:19281828:T:G:R:wC	39	68	-	10.0833	1.85e-05	0.016	GCCCCGCCTCCCAAGGCCACGCTCCCTCCA
pattern_0		19:57019430:G:C:A:wC	102	131	-	10.0833	1.85e-05	0.016	CCTCCGCCCCGCAGACTCGAGTACGCGCGC
pattern_6		10:44370872:T:C:R:wC	15	44	+	12.3333	1.85e-05	0.191	TTTCTTCGTGTTTTAAAAATCAATGATCAA
pattern_6		16:19992996:G:A:A:wC	13	42	-	12.3333	1.85e-05	0.191	GTAAATGCATTTTTAAAAATTTTAAAAATA
pattern_6		16:19992996:G:A:R:wC	13	42	-	12.3333	1.85e-05	0.191	GTAAATGCATTTTTAAAAATTTTAAAAATA
pattern_5		17:61106371:A:G:A:wC	9	38	+	12.7857	1.85e-05	0.0728	AGTGAAATAATATTGATAAAAAGATATATG
pattern_2		16:66536257:T:C:A:wC	6	35	-	-15.6951	1.85e-05	0.04	TTTTCCATTTATTTATTTTAAGAGACAGGG
pattern_0		10:47667568:A:C:R:wC	118	147	+	10.0714	1.86e-05	0.016	GCCCTGCCTCTTGGAGCAAGTTGCTCACCT
pattern_1		8:64283169:T:C:A:wC	3	32	-	12.631	1.86e-05	0.113	AAAGATAAAGCAATAAAAAAATTCAGCCAA
pattern_1		13:99113166:A:G:R:wC	58	87	+	12.631	1.86e-05	0.113	TTTCTATTAAAAAAAAAAAAAGTTTTAAAT
pattern_1		12:22763881:T:C:A:wC	64	93	+	12.631	1.86e-05	0.113	TTTGTTATATACATAAATATATATTTATAA
pattern_3		1:67481070:G:T:A:wC	46	75	+	12.5833	1.86e-05	0.0164	CTTTATTAAAAATTAACTTTAATGTTAATA
pattern_3		2:16129686:G:A:A:wC	75	104	+	12.5833	1.86e-05	0.0164	CTCAAAAAAAAAAAAAAAAAAAAACAAGTG
pattern_3		9:100116833:G:C:A:wC	94	123	-	12.5833	1.86e-05	0.0164	AACAATCTGAAAATAATCAAAGAGAAATAA
pattern_3		20:30566874:G:T:A:wC	167	196	+	12.5833	1.86e-05	0.0164	AAAAAAAAAAAATTGTTAAAATATGTAATA
pattern_3		16:81763386:A:C:A:wC	166	195	-	12.5833	1.86e-05	0.0164	AAAAAAAAAAAAAAAAAAAACAAAAAACCT
pattern_1		20:30566874:G:T:A:wC	158	187	+	12.619	1.87e-05	0.113	TGTCTCAAAAAAAAAAAAAAATTGTTAAAA
pattern_3		1:90234055:C:A:A:wC	37	66	-	12.5714	1.87e-05	0.0165	AAAATAGAAAAAATAAATAGAAAAAATAAA
pattern_3		1:90234055:C:A:R:wC	37	66	-	12.5714	1.87e-05	0.0165	AAAATAGAAAAAATAAATAGAAAAAATAAA
pattern_3		2:16129686:G:A:A:wC	72	101	+	12.5714	1.87e-05	0.0165	TGTCTCAAAAAAAAAAAAAAAAAAAAACAA
pattern_3		12:66199734:G:A:A:wC	120	149	+	12.5714	1.87e-05	0.0165	AAAAAGTAAATAAAATAAAATAAAATAAAA
pattern_6		14:96932075:G:A:R:wC	3	32	+	12.3095	1.87e-05	0.191	TATGTAAAAGGATTAAAATAAAATCCTTTT
pattern_0		21:37399433:T:C:R:wC	31	60	+	10.0476	1.88e-05	0.0162	TCTGGAACTCCTGGCCTCAAGTGATACGCC
pattern_0		21:37399433:T:C:A:wC	31	60	+	10.0476	1.88e-05	0.0162	TCTGGAACTCCTGGCCTCAAGTGATACGCC
pattern_5		9:97677556:A:G:A:wC	107	136	-	12.7619	1.88e-05	0.0737	ATTAGAGCAGAAAGAAAAGAAAAAATAAAA
pattern_1		19:4756166:T:C:A:wC	8	37	+	12.6071	1.89e-05	0.113	ACTAAAAAAAAAAAAAAAAAATACAAAAAA
pattern_1		9:131683644:C:T:A:wC	22	51	-	12.6071	1.89e-05	0.113	AAAATAAATAAATAAATAATAAATAAAAAT
pattern_3		20:432686:T:C:R:wC	12	41	-	12.5595	1.89e-05	0.0166	TACAGTGAAAGAAAAATAAAATTTAAAAAT
pattern_3		2:33754336:C:A:R:wC	154	183	+	12.5595	1.89e-05	0.0166	TCTCTACTAAAAATACAAAAAAATTAGCTT
pattern_0		11:702097:T:C:R:wC	89	118	+	10.0357	1.89e-05	0.0163	CCCCTGATGCCTGATGTCCAGTGAGGAACC
pattern_2		11:18338736:G:A:A:wC	166	195	+	-15.8049	1.9e-05	0.0409	AAATTTTTTTTTTTTTTTTTTGAGAGAGTC
pattern_0		17:37191932:G:A:A:wC	142	171	+	10.0238	1.9e-05	0.0163	CTGCCACTGCCCGGGTTCAAGCGATTCTCA
pattern_2		21:40977763:C:T:A:wC	42	71	+	-15.8171	1.9e-05	0.0409	TTTATTATTTTTATTTTTTCATAGATACGA
pattern_3		16:3538625:T:C:R:wC	2	31	-	12.5476	1.9e-05	0.0167	CAAAAAAAAAAAAAAAAAAGAAAATACACT
pattern_3		16:3538625:T:C:R:wC	10	39	-	12.5476	1.9e-05	0.0167	TTCCATCTCAAAAAAAAAAAAAAAAAAGAA
pattern_3		5:76752546:A:C:A:wC	58	87	+	12.5476	1.9e-05	0.0167	CTTTCACCATTTTTAAAAATTTTTATTTTA
pattern_3		7:135667353:C:G:R:wC	96	125	-	12.5476	1.9e-05	0.0167	TGTGAAAGGAAAATAAAAACAACTCGAGTT
pattern_3		17:28771495:T:C:R:wC	131	160	-	12.5476	1.9e-05	0.0167	AAAAAAAAAAAAAAAAAAAAAGTTACTAGC
pattern_6		16:49885062:C:T:R:wC	99	128	-	12.2738	1.91e-05	0.192	TTCAAATTCTGTTTAAAAATAAAACAACGG
pattern_0		2:25105921:C:T:A:wC	30	59	+	10.0119	1.91e-05	0.0164	CCCGGGAGGCAGAGGTTGCAGTGAGCCGAG
pattern_0		18:77796239:G:T:R:wC	49	78	+	10.0119	1.91e-05	0.0164	TCTCCAACTCCAGACGTACTGTGTGGATCA
pattern_0		18:77224810:G:A:R:wC	109	138	+	10.0119	1.91e-05	0.0164	CCTCAGCCTCGCCAGTAGCTGGGGACACAA
pattern_0		4:149672240:C:T:R:wC	148	177	-	10.0119	1.91e-05	0.0164	CCCGGGAGGCAGAGGTTGCAGTGAGCCGAG
pattern_1		18:14133319:T:C:A:wC	61	90	-	12.5833	1.92e-05	0.113	GATCCAAAATATTTATAATTATTTGTTGAC
pattern_1		13:34516164:T:A:R:wC	117	146	+	12.5833	1.92e-05	0.113	TTCTATTTGATTTTTAAAATATTGTCTACT
pattern_3		18:53373610:G:A:A:wC	8	37	-	12.5357	1.92e-05	0.0168	AAAAAAAAAAAAAAAAAAACAGAGAACATG
pattern_3		1:26834392:A:G:R:wC	117	146	+	12.5357	1.92e-05	0.0168	CTACTAAAAAAAATACAAAAAATTAGCTGG
pattern_2		14:38591046:C:T:R:wC	26	55	-	-15.8659	1.92e-05	0.0411	CTGTTTACTTGATTTTTATTAGATAGAAAG
pattern_2		8:81405922:G:A:A:wC	60	89	-	-15.8659	1.92e-05	0.0411	TTTTTTTTTGTTTTGTTTTTAAATTAGAGA
pattern_0		5:80597374:T:C:A:wC	100	129	+	10	1.92e-05	0.0164	CCTGTGACGCCGGAAGTGACGCGCTCTCGG
pattern_0		17:43669704:C:A:R:wC	143	172	-	10	1.92e-05	0.0164	CCCTTGCCTGCGGGACTTCTGCTAGCACTG
pattern_5		10:103271262:G:A:R:wC	8	37	-	12.7262	1.93e-05	0.075	GTGAGATCATGTTTAAAAAGAAAAGAAAAA
pattern_5		17:60385840:A:G:A:wC	77	106	-	12.7262	1.93e-05	0.075	AATATACGTGGTTTTAAAAAAGTAAACGCA
pattern_2		2:70094137:C:T:R:wC	37	66	+	-15.8902	1.93e-05	0.0412	TCTTTTCTTTCTTTTTTTTTTGAGACAGAG
pattern_4		12:54124477:C:T:R:wC	5	34	-	12.631	1.93e-05	0.263	AAAAATAAAAAAATAAAAAAATGTGGTACA
pattern_4		5:118869764:A:G:R:wC	58	87	+	12.631	1.93e-05	0.263	CTGAAACTTTTTATAAAGATTTATTTCCAT
pattern_4		8:9225847:A:G:R:wC	88	117	+	12.631	1.93e-05	0.263	GTTGACCTGTTAATAAAATAAGATTAAAGG
pattern_1		10:27445726:G:A:R:wC	124	153	-	12.5714	1.93e-05	0.113	TCAAAAAAAAAAAAAAAAAAATTCATAGCA
pattern_3		7:95966546:G:A:A:wC	30	59	-	12.5238	1.93e-05	0.0169	TCAATAAATAAATAAATAAATATAAATAAA
pattern_3		17:17678573:G:A:A:wC	37	66	-	12.5238	1.93e-05	0.0169	TCTCAAAAAAAAAAAAAAAAAAAATTACAC
pattern_3		8:106513461:A:C:R:wC	41	70	-	12.5238	1.93e-05	0.0169	CTCAAAAAAAAAAAAAAAAGAGAAAAGTAA
pattern_6		1:67481070:G:T:A:wC	12	41	+	12.25	1.93e-05	0.192	AACTAATTAAAATTAAATAGATTTATTTAC
pattern_6		17:19918630:C:T:A:wC	64	93	-	12.25	1.93e-05	0.192	AAAAAAAAAAAATTAAATTAAAAAAGACAG
pattern_0		6:106348246:A:G:R:wC	47	76	+	9.97619	1.94e-05	0.0166	CCCCCAGCTCCTAATTCAAAGGAAAGTCTC
pattern_0		6:106348246:A:G:A:wC	47	76	+	9.97619	1.94e-05	0.0166	CCCCCAGCTCCTAATTCAAAGGAAAGTCTC
pattern_0		17:17678573:G:A:A:wC	111	140	-	9.97619	1.94e-05	0.0166	CCTGGGAGGTCCAGGCTGCAGTGAGCAGAG
pattern_0		1:156564640:G:A:A:wC	161	190	-	9.97619	1.94e-05	0.0166	CCTCAAAGACCAGGGTTGATGCAGGTCTGC
pattern_1		19:3418156:A:G:R:wC	24	53	-	12.5595	1.95e-05	0.113	AAAAAAAAAAAAGAAAAGAAAATTAAATTT
pattern_1		22:31991001:G:A:A:wC	66	95	-	12.5595	1.95e-05	0.113	ATAAATAAATAAATAAATAAATAAATTATT
pattern_3		16:29674033:T:C:A:wC	2	31	+	12.5119	1.95e-05	0.0169	CCTTAAAAAAAAAAAAAAAGATTCCCACAT
pattern_3		2:242375013:G:A:R:wC	2	31	-	12.5119	1.95e-05	0.0169	AAAAAAAAAAAAAAAAAAATTACAAATCCA
pattern_3		17:15758268:G:A:A:wC	67	96	-	12.5119	1.95e-05	0.0169	TCAAAAAGAAAAAAAAAAAAAAAAGAGTTA
pattern_3		22:32795285:G:C:A:wC	103	132	-	12.5119	1.95e-05	0.0169	CTCTACAAAAATTAAAAAAAAAAAAAATTA
pattern_3		9:100763455:C:T:A:wC	110	139	-	12.5119	1.95e-05	0.0169	CTAAAAAAAAAAAAAAAAAATTAAACCAGA
pattern_3		9:100763455:C:T:R:wC	110	139	-	12.5119	1.95e-05	0.0169	CTAAAAAAAAAAAAAAAAAATTAAACCAGA
pattern_0		16:2008297:G:C:A:wC	77	106	-	9.96429	1.95e-05	0.0166	CCCCCAGTCCGTGGGCTCCTGTGCGGCCCG
pattern_2		6:36918347:T:G:A:wC	69	98	+	-15.9512	1.95e-05	0.0417	GTCCCTGCTTTTTTTTTTTTTAAGATGGAG
pattern_3		11:95327412:A:G:R:wC	2	31	+	12.5	1.97e-05	0.017	AAATAAAAATAAAAAATAATATAAAGGTAG
pattern_3		1:85723733:T:C:A:wC	168	197	+	12.5	1.97e-05	0.017	CTCAAAAAAAAAGAAAAAAAAAAAGAAAAA
pattern_5		18:10039453:G:A:R:wC	110	139	+	12.6905	1.98e-05	0.0766	ACCCTGTCTCTATTAAAAATACAAAAATTA
pattern_3		9:131683644:C:T:A:wC	6	35	-	12.4881	1.98e-05	0.0171	TAATAAATAAAAATACCAAAAACTAGCCGA
pattern_3		12:28300347:A:G:A:wC	10	39	-	12.4881	1.98e-05	0.0171	AAAAAAAAAAAAAAAAGAAAAAGAAAAAAG
pattern_3		6:7388128:G:A:R:wC	65	94	+	12.4881	1.98e-05	0.0171	ATACAAAAAAAAAAAAAAAAAAAAATTAGC
pattern_3		16:81763386:A:C:A:wC	165	194	-	12.4881	1.98e-05	0.0171	AAAAAAAAAAAAAAAAAAACAAAAAACCTC
pattern_0		12:65277530:A:T:A:wC	115	144	-	9.92857	1.99e-05	0.0169	GCTTGGGCTCCCAGATTTTATGGAACTTGG
pattern_0		11:63751818:C:T:A:wC	144	173	-	9.92857	1.99e-05	0.0169	TCTCGAACTCCCAACCTCAGGTATCCGCCT
pattern_5		11:65785476:T:C:R:wC	118	147	+	12.6786	1.99e-05	0.0769	ACCCTGTCTCTACTAAAAAAATATACACAC
pattern_3		19:16328991:G:A:A:wC	11	40	+	12.4762	2e-05	0.0172	ATTTGCATATAATTAAAAGTCAGTATAAAT
pattern_3		17:29073546:C:T:A:wC	18	47	-	12.4762	2e-05	0.0172	AAAAGAAAAAAAAAAAAAAGAATATAAATG
pattern_3		11:7983846:G:A:A:wC	27	56	-	12.4762	2e-05	0.0172	TCAAAAAAAAAAAAAAAAAAAAAAGAACAG
pattern_3		7:87110017:G:A:R:wC	28	57	-	12.4762	2e-05	0.0172	GCAAAGACAAAATAAATAAAAATGAGATCA
pattern_3		7:78022018:C:T:R:wC	35	64	-	12.4762	2e-05	0.0172	TATAAATTTATTCTCAAAAAATAAAAAAAT
pattern_3		12:118682338:C:T:R:wC	75	104	-	12.4762	2e-05	0.0172	AAAAGAAAAAGAAAAAAGAAATTAACAAAA
pattern_2		12:66199734:G:A:A:wC	111	140	-	-16.0854	2.01e-05	0.0427	ATTTTATTTTATTTACTTTTTGAGACAGAG
pattern_6		17:27099061:C:A:R:wC	121	150	-	12.1786	2.01e-05	0.197	TTCCCCCTTATTTTAAAATTATTATTATTA
pattern_3		11:66840675:C:T:A:wC	8	37	+	12.4643	2.01e-05	0.0172	TCTACTAAAAATATAAAAATTAGTTGGATG
pattern_3		17:17481353:G:T:A:wC	71	100	+	12.4643	2.01e-05	0.0172	CCGTCTCAAAAAAAAAAAAAAAAAAGCACT
pattern_3		12:111978537:C:T:R:wC	59	88	-	12.4643	2.01e-05	0.0172	CCATCTCAAAAAAAAAAAAAAAAAAGACTT
pattern_3		15:68589371:G:A:R:wC	166	195	-	12.4643	2.01e-05	0.0172	AAAAATACCAAAATAAAAAGAATTAGCTGG
pattern_6		22:47358892:A:G:A:wC	149	178	+	12.1667	2.02e-05	0.197	TCTACTAAAAATACAAAAAAAAAAAAATTA
pattern_1		8:76755254:T:C:A:wC	46	75	-	12.5	2.02e-05	0.117	ACTAAAAAAAAAAAAAAAAAAATTATCCGG
pattern_5		12:10597582:A:C:A:wC	40	69	-	12.6548	2.03e-05	0.0777	GGAGACTCTGTCTCAAAAAAAAAAAAAAAA
pattern_3		10:123191545:A:G:R:wC	1	30	-	12.4524	2.03e-05	0.0173	CCTCAAAAAAAAAAAAAGAAAAAAATTATA
pattern_3		10:123191538:A:G:A:wC	8	37	-	12.4524	2.03e-05	0.0173	CCTCAAAAAAAAAAAAAGAAAAAAATTATA
pattern_3		18:14133319:T:C:A:wC	61	90	+	12.4524	2.03e-05	0.0173	GTCAACAAATAATTATAAATATTTTGGATC
pattern_3		1:46883303:A:G:A:wC	151	180	-	12.4524	2.03e-05	0.0173	GTCTTAATAAAAAAAAAAAAAAAAAAAAGA
pattern_3		1:46883303:A:G:R:wC	151	180	-	12.4524	2.03e-05	0.0173	GTCTTAATAAAAAAAAAAAAAAAAAAAAGA
pattern_3		7:100702058:T:C:A:wC	159	188	-	12.4524	2.03e-05	0.0173	ACCATGAAAATTGTAATAAAATTGCTTTAT
pattern_0		7:97613052:C:T:A:wC	24	53	-	9.88095	2.03e-05	0.0173	ACTCAGCCTCCCAAAGTGTTGCGATAACAG
pattern_4		12:118682338:C:T:R:wC	41	70	-	12.5595	2.03e-05	0.263	TTAAACTTTTTTTTAGAACAATTTTTTTTT
pattern_1		16:84857345:A:G:R:wC	168	197	-	12.4881	2.04e-05	0.117	TAATTTATAATTTTTAAAAAATGATGGTCC
pattern_5		19:19709129:G:A:R:wC	56	85	-	12.6429	2.04e-05	0.0777	AAAAAAAAGGAAAGAAAAGAAAAAGAAAAG
pattern_5		1:85723733:T:C:A:wC	157	186	+	12.6429	2.04e-05	0.0777	CGAAATGCTGTCTCAAAAAAAAAGAAAAAA
pattern_5		3:101326815:C:T:A:wC	143	172	-	12.6429	2.04e-05	0.0777	ACCCCGTCTCTATTAAAAATACAAAAAATT
pattern_3		19:41343700:C:T:R:wC	14	43	+	12.4405	2.05e-05	0.0173	GTCTCAAAAAAAAAAAAAAAAAAAAAATTC
pattern_3		8:95853197:G:A:R:wC	33	62	-	12.4405	2.05e-05	0.0173	CAAAAAAAAAAAAAAAAATTATTATTCTCT
pattern_3		1:90234055:C:A:A:wC	40	69	-	12.4405	2.05e-05	0.0173	TAGAAAATAGAAAAAATAAATAGAAAAAAT
pattern_3		1:90234055:C:A:R:wC	40	69	-	12.4405	2.05e-05	0.0173	TAGAAAATAGAAAAAATAAATAGAAAAAAT
pattern_3		17:19918630:C:T:A:wC	72	101	-	12.4405	2.05e-05	0.0173	TATCTCAAAAAAAAAAAAAATTAAATTAAA
pattern_3		4:149672240:C:T:R:wC	78	107	-	12.4405	2.05e-05	0.0173	CCGTCTCGAAAAAAAAAAAAAAAAAATCAA
pattern_3		18:55129900:A:G:R:wC	144	173	-	12.4405	2.05e-05	0.0173	AAAAAAAAAAAAAAAAAAGAAAGAAAATAA
pattern_2		22:32795285:G:C:A:wC	103	132	+	-16.1829	2.05e-05	0.0435	TAATTTTTTTTTTTTTTAATTTTTGTAGAG
pattern_1		18:9850212:G:A:R:wC	163	192	-	12.4762	2.06e-05	0.117	AAAAATAAAAAAATAATAATAATCTACAAA
pattern_5		21:45512094:G:A:A:wC	132	161	-	12.631	2.06e-05	0.0781	GATTTAATTCTTCTAAAAAGAAGAATTCAT
pattern_3		17:74481538:A:C:A:wC	51	80	+	12.4286	2.06e-05	0.0174	GTCTCAAAAAAAAAAAAAAAAAAAAAAGAG
pattern_3		17:74481538:A:C:R:wC	51	80	+	12.4286	2.06e-05	0.0174	GTCTCAAAAAAAAAAAAAAAAAAAAAAGAG
pattern_3		2:75120525:C:A:R:wC	27	56	-	12.4286	2.06e-05	0.0174	TTATTTTGGAAAATGTTAAAATTTATTAAT
pattern_3		1:26377185:G:A:R:wC	70	99	-	12.4286	2.06e-05	0.0174	GTCTCAAAAAAAAAAAAAAAAAAAAAAGAG
pattern_3		9:139975755:G:A:R:wC	162	191	-	12.4286	2.06e-05	0.0174	TAAAAAAAAAAAAAAATACAAAAAAATGAG
pattern_3		12:89874125:G:A:A:wC	167	196	-	12.4286	2.06e-05	0.0174	ATAAAAAAAAAAAAAAGAATTATAAATTAG
pattern_6		19:7549386:C:T:R:wC	7	36	-	12.131	2.06e-05	0.197	AATACATATGGTTTACATAAACAGTGCTTT
pattern_6		7:95966546:G:A:A:wC	27	56	-	12.131	2.06e-05	0.197	ATAAATAAATAAATAAATATAAATAAATGA
pattern_4		12:8451233:G:A:A:wC	42	71	-	12.5357	2.07e-05	0.263	TTCTAAAAAAAAAAAAAAAAATTTAATTAG
pattern_1		1:200019951:C:T:A:wC	170	199	-	12.4643	2.07e-05	0.118	TAACATCAATTTATTTATTTATTTATTTTT
pattern_5		20:30021688:A:G:R:wC	70	99	+	12.619	2.08e-05	0.0784	ATCTCAAAAAAAAGGAAAGAAAAAAAAAAA
pattern_3		7:78022018:C:T:R:wC	29	58	-	12.4167	2.08e-05	0.0175	TTTATTCTCAAAAAATAAAAAAATAAGAAT
pattern_3		16:84542617:G:C:R:wC	72	101	-	12.4167	2.08e-05	0.0175	TCCTTGAAAAAAAAAAAAAAAAAAGAAAAA
pattern_3		1:248113436:C:T:R:wC	73	102	-	12.4167	2.08e-05	0.0175	CTGGAAAATAAATTGACAATAATAAAATTG
pattern_4		1:185401229:T:C:A:wC	48	77	+	12.5238	2.09e-05	0.263	TTATTTCTTTTTTTAAATTTTTTATTGTTA
pattern_4		18:20314196:G:A:A:wC	58	87	+	12.5238	2.09e-05	0.263	TTTTGTGTATATGTAAAAAGTTTCTTGAAA
pattern_4		1:90234055:C:A:A:wC	67	96	-	12.5238	2.09e-05	0.263	GCAAAGTTAGGAATAAAAAATTGGTTGTAG
pattern_4		1:90234055:C:A:R:wC	67	96	-	12.5238	2.09e-05	0.263	GCAAAGTTAGGAATAAAAAATTGGTTGTAG
pattern_0		15:89252178:C:G:R:wC	5	34	+	9.82143	2.09e-05	0.0177	TTCCTGCCACGCCGCCTCAGGGGATGAGCT
pattern_0		3:156797365:A:G:A:wC	96	125	-	9.82143	2.09e-05	0.0177	TCCTGGGCTCCTGAGCAACTGGGACCATGG
pattern_1		22:47358892:A:G:A:wC	154	183	+	12.4524	2.09e-05	0.118	TAAAAATACAAAAAAAAAAAAATTAGCTGG
pattern_6		4:153705431:G:C:R:wC	153	182	+	12.1071	2.09e-05	0.198	ATTCTTTATGAGACAAAAGTATTTATTTTC
pattern_5		4:189431946:G:A:R:wC	113	142	+	12.6071	2.09e-05	0.0785	AATTTATTCCAACTAAATGAAAAAGTGTTA
pattern_5		6:121805330:C:T:R:wC	163	192	-	12.6071	2.09e-05	0.0785	TGTACTAAAAATCCAAAAAAAAAAAAAATT
pattern_3		17:57478069:C:G:A:wC	25	54	+	12.4048	2.09e-05	0.0176	TAGAAAAGAAAATAAATAAAACCAAGTTAA
pattern_3		3:49355005:T:C:A:wC	63	92	-	12.4048	2.09e-05	0.0176	TGTCTCAAAAAAAAAAAAAAAACAAACAAA
pattern_3		19:11259528:G:A:A:wC	158	187	-	12.4048	2.09e-05	0.0176	GTCTCTACAAAAATAAAAAAATTAGGTCAG
pattern_3		17:36003551:G:A:A:wC	158	187	-	12.4048	2.09e-05	0.0176	CCTTGTTTCAAAAAAAAAAAAAAAAGATAA
pattern_2		11:75118589:C:A:A:wC	24	53	+	-16.3049	2.1e-05	0.0445	TTTTTATTATTTTTATTTTTTGAGACGGAG
pattern_3		17:74481538:A:C:A:wC	55	84	+	12.3929	2.11e-05	0.0176	CAAAAAAAAAAAAAAAAAAAAAAGAGCTGG
pattern_3		17:74481538:A:C:R:wC	55	84	+	12.3929	2.11e-05	0.0176	CAAAAAAAAAAAAAAAAAAAAAAGAGCTGG
pattern_3		2:197074540:C:T:R:wC	38	67	-	12.3929	2.11e-05	0.0176	TCAAAAAAAAAAAAAAAAGAAAGAAAGAAA
pattern_3		9:100763455:C:T:R:wC	115	144	-	12.3929	2.11e-05	0.0176	TCCGTCTAAAAAAAAAAAAAAAAAATTAAA
pattern_3		3:55584998:C:T:A:wC	144	173	+	12.3929	2.11e-05	0.0176	TCAAAAAAAAAAAAAAAAGAAAGAAAGAAA
pattern_3		9:100763455:C:T:A:wC	115	144	-	12.3929	2.11e-05	0.0176	TCCGTCTAAAAAAAAAAAAAAAAAATTAAA
pattern_3		10:27445726:G:A:R:wC	125	154	-	12.3929	2.11e-05	0.0176	CTCAAAAAAAAAAAAAAAAAAATTCATAGC
pattern_3		17:2242494:G:A:A:wC	160	189	+	12.3929	2.11e-05	0.0176	TACTGAAAAAAACAAAAAATACAAAAATTA
pattern_2		16:2019356:A:T:R:wC	77	106	-	-16.3537	2.12e-05	0.0448	TATTTATTGATTTATTTTTATGAGACGGAG
pattern_1		22:32795285:G:C:A:wC	97	126	-	12.4286	2.12e-05	0.118	AAAAATTAAAAAAAAAAAAAATTAGCGAGG
pattern_0		19:3418156:A:G:R:wC	72	101	+	9.78571	2.12e-05	0.018	GCTCTGTCACCCAAGCTGGAGTGCGGTGAC
pattern_3		8:72435504:C:G:A:wC	4	33	-	12.381	2.13e-05	0.0177	CGTCTCAAAAAAAAAAAAAAAAAGAAAAAG
pattern_3		3:157265066:G:T:R:wC	21	50	-	12.381	2.13e-05	0.0177	TTCCTCAAAAAACTAAAAATAGAACTACTA
pattern_3		7:6079662:T:C:A:wC	146	175	-	12.381	2.13e-05	0.0177	CTGTTTCAAAAAAAATAAAAAAATAAAACT
pattern_1		2:102326268:C:T:R:wC	17	46	+	12.4167	2.14e-05	0.118	TTGAAAAAACAAAGCAAAATATGTTATCTT
pattern_1		8:70037558:G:A:R:wC	65	94	-	12.4167	2.14e-05	0.118	TAAAAAGATGAAAAAAATATATTCCATGTA
pattern_4		7:100702058:T:C:A:wC	121	150	+	12.4881	2.14e-05	0.263	GTAAATATTATAATATATATTTGTAGTAAC
pattern_6		17:62387091:C:T:R:wC	58	87	-	12.0595	2.14e-05	0.201	ACAAATTAAAAAATAAAATAAAATTAGAGC
pattern_5		2:102326268:C:T:R:wC	137	166	-	12.5714	2.14e-05	0.0801	CTTAAGAATAAAATATAAGAAAAATACTCT
pattern_3		10:38015694:G:A:A:wC	42	71	-	12.369	2.14e-05	0.0178	AAAAAAAAAAAAAAAAAAAAAATCAATCGG
pattern_3		7:130445128:C:A:R:wC	47	76	-	12.369	2.14e-05	0.0178	AAATAAATAAATAAAAACAAAAACATAAAA
pattern_3		1:89475842:A:G:A:wC	59	88	-	12.369	2.14e-05	0.0178	CTGTCTCAAAAAAAAAAAAAAAATTAGTTA
pattern_3		1:179960369:T:C:R:wC	168	197	-	12.369	2.14e-05	0.0178	AAAAAAAAAAAAAAAAAGAAAAGAAAGAAA
pattern_1		11:66840675:C:T:A:wC	8	37	+	12.4048	2.15e-05	0.118	TCTACTAAAAATATAAAAATTAGTTGGATG
pattern_1		19:49508265:A:G:R:wC	52	81	+	12.4048	2.15e-05	0.118	AAAATAAAAAATTAAAAAAAAAAAAACAGG
pattern_4		18:14133319:T:C:A:wC	61	90	+	12.4762	2.16e-05	0.263	GTCAACAAATAATTATAAATATTTTGGATC
pattern_3		17:37191932:G:A:A:wC	47	76	-	12.3571	2.16e-05	0.0178	TTAAAAAAAAAAAAAAAAAAAAAAGCCAGT
pattern_3		15:91418297:T:A:R:wC	62	91	-	12.3571	2.16e-05	0.0178	CCCTCTCAAAAAAAAAAAAAAAAAAAAAAG
pattern_3		12:66199734:G:A:A:wC	118	147	+	12.3571	2.16e-05	0.0178	TCAAAAAGTAAATAAAATAAAATAAAATAA
pattern_3		9:97677556:A:G:A:wC	99	128	-	12.3571	2.16e-05	0.0178	AGAAAGAAAAGAAAAAATAAAATGATGACA
pattern_3		1:2149292:C:T:R:wC	169	198	+	12.3571	2.16e-05	0.0178	CCGTCTTTAAAAAAAAAAACAAAAAAAAAA
pattern_3		2:42626124:C:T:A:wC	166	195	-	12.3571	2.16e-05	0.0178	GTCTCAAAAAAAAAAAAAAAAAAGAAAAGA
pattern_1		17:27099061:C:A:R:wC	122	151	+	12.3929	2.17e-05	0.119	AATAATAATAATTTTAAAATAAGGGGGAAA
pattern_2		21:30462771:A:G:A:wC	28	57	+	-16.4878	2.18e-05	0.046	TTGTTTTGTTGTTTTTTTTTTGAGACAGAG
pattern_3		12:8451233:G:A:A:wC	40	69	-	12.3452	2.18e-05	0.018	CTAAAAAAAAAAAAAAAAATTTAATTAGCT
pattern_3		16:29924422:A:T:R:wC	115	144	-	12.3452	2.18e-05	0.018	TCAAAAAAAAAAAAAAAAAAAAAATGGCCT
pattern_2		19:53304563:T:C:R:wC	50	79	+	-16.5	2.18e-05	0.046	ATTATTTCCATACTTATTAGAAATATGGGT
pattern_0		6:126111800:G:A:R:wC	76	105	+	9.72619	2.18e-05	0.0185	CCCAGGCCCCCGCAACCGCTGTGAGGCGCA
pattern_0		1:19638090:G:C:R:wC	55	84	-	9.72619	2.18e-05	0.0185	CCCATCGCTTCCCACCTCCATTGATGCCCC
pattern_2		17:76923151:G:A:R:wC	54	83	+	-16.5244	2.19e-05	0.0461	TTTTTTTTTTTTTTTTTTTTAAAAAGAATT
pattern_6		17:76923151:G:A:R:wC	58	87	-	12.0119	2.2e-05	0.203	GGGCAATTCTTTTTAAAAAAAAAAAAAAAA
pattern_6		12:66199734:G:A:A:wC	117	146	+	12.0119	2.2e-05	0.203	CTCAAAAAGTAAATAAAATAAAATAAAATA
pattern_3		10:104637508:T:C:R:wC	86	115	-	12.3333	2.2e-05	0.0181	AAAAAAAAAAAAAAAAAAGAAGTTATCACT
pattern_3		12:118682338:C:T:R:wC	87	116	-	12.3333	2.2e-05	0.0181	CTCAAAAAAAAAAAAAGAAAAAGAAAAAAG
pattern_4		19:49508265:A:G:R:wC	43	72	+	12.4524	2.2e-05	0.263	GTTGTTGTAAAAATAAAAAATTAAAAAAAA
pattern_4		12:22763881:T:C:A:wC	137	166	+	12.4524	2.2e-05	0.263	TACATACATAATATAAAATATATATGCACA
pattern_2		15:65566674:G:A:R:wC	13	42	+	-16.5488	2.2e-05	0.0462	TTTTTTTTTTTTTTGAAAGTGGATGTGTGA
pattern_0		6:139019622:A:C:R:wC	7	36	+	9.70238	2.21e-05	0.0186	CCCTCCCCTCCCAGGCCAGATCAAGTCTCC
pattern_0		11:12418784:C:A:A:wC	142	171	+	9.70238	2.21e-05	0.0186	ACTTGAATTCTTGGGCTCAAGCAATCCCTC
pattern_2		19:53304563:T:C:R:wC	55	84	-	-16.5732	2.21e-05	0.0464	CCAAAACCCATATTTCTAATAAGTATGGAA
pattern_3		9:113038318:A:G:R:wC	49	78	+	12.3214	2.21e-05	0.0182	AAAAGGAAAAGAAAAAATAAAATAAAATTT
pattern_3		1:43704656:G:A:A:wC	81	110	-	12.3214	2.21e-05	0.0182	TTGATGATAATGATAATAAGAGTAACCACA
pattern_5		1:214177319:T:G:A:wC	140	169	-	12.5238	2.22e-05	0.0822	GAAGAGTGTCTAAGAAAAATAAGAAAAAAA
pattern_5		10:81894877:A:G:A:wC	167	196	-	12.5238	2.22e-05	0.0822	ACCTCATGTCTACTAAAAATACAAAAAAAA
pattern_4		6:51378450:T:G:A:wC	27	56	-	12.4405	2.22e-05	0.263	TGGGCTCTGGAAAGAAAAAATGTACTATTA
pattern_4		7:73102318:C:T:R:wC	166	195	-	12.4405	2.22e-05	0.263	TCTACTAAAAATATAAAAAAATTAGCTGGG
pattern_1		3:183179413:C:T:A:wC	52	81	+	12.3571	2.22e-05	0.119	TTTAATTTGAAATTATATGTATTTCTTAGT
pattern_1		3:24341264:A:T:A:wC	96	125	+	12.3571	2.22e-05	0.119	TTTTTTTTATTTATTTATTTATTTTTTTTT
pattern_0		19:3762698:C:T:A:wC	121	150	-	9.67857	2.23e-05	0.0188	CCCCAGCCGGCCCACGTCCGGGTAGCCCCG
pattern_3		4:38443544:G:A:R:wC	51	80	-	12.3095	2.23e-05	0.0183	TCATAAAAGATAAAAAATAAATTGAGCTTT
pattern_5		5:87978252:T:C:R:wC	28	57	+	12.5119	2.23e-05	0.0823	ACAGGAAAATATTTATTAAAAAATTACACT
pattern_5		8:40036626:A:G:A:wC	20	49	-	12.5119	2.23e-05	0.0823	GGAATGGCAGTTATAAAATAATTACAAGAA
pattern_4		15:102034919:G:A:R:wC	163	192	-	12.4286	2.24e-05	0.263	TAGGATCTAGATATAAAGAGAGTTTAAGCA
pattern_1		1:43425082:G:T:A:wC	8	37	-	12.3452	2.24e-05	0.119	GTTCTAAACACTTTACAAATATTAACTCAC
pattern_1		19:53674839:G:A:A:wC	12	41	-	12.3452	2.24e-05	0.119	AAATATATATATATATATATATACACACAC
pattern_1		7:23227144:A:G:A:wC	167	196	-	12.3452	2.24e-05	0.119	AAAAAAAAAAAAAAAAAAAAAAGTTGCTAT
pattern_6		16:19992996:G:A:A:wC	89	118	-	11.9762	2.24e-05	0.205	TGTAGATGTACTTCAAAATATCATTTCATA
pattern_0		12:118682338:C:T:R:wC	127	156	+	9.66667	2.24e-05	0.0189	GCTCTGTCACCCAGGCTGGAGTGCAGCGGC
pattern_3		6:82680878:A:G:A:wC	33	62	+	12.2976	2.25e-05	0.0184	TTCAGAAGATGAGTAATAAAAAACTACAAT
pattern_3		12:54124477:C:T:R:wC	7	36	-	12.2976	2.25e-05	0.0184	ATAAAAATAAAAAAATAAAAAAATGTGGTA
pattern_3		5:173363889:C:T:A:wC	21	50	-	12.2976	2.25e-05	0.0184	GTTAGAGAAAAAAAAAAAAAAAGTATAATG
pattern_3		12:7347534:G:A:R:wC	54	83	+	12.2976	2.25e-05	0.0184	ATGAGCAGACTAATGATAATAACTAACATT
pattern_3		8:81405922:G:A:A:wC	68	97	+	12.2976	2.25e-05	0.0184	TTAAAAACAAAACAAAAAAAAAAAACCGAG
pattern_3		15:91546711:T:C:R:wC	52	81	-	12.2976	2.25e-05	0.0184	ATCTCTAAATAAATAAATAAATAAATGCAT
pattern_3		2:42626124:C:T:A:wC	150	179	-	12.2976	2.25e-05	0.0184	AAAAAAAGAAAAGAAAAAAAAAGAAAAGAA
pattern_5		6:36918347:T:G:A:wC	74	103	-	12.5	2.25e-05	0.0823	CGACACTCCATCTTAAAAAAAAAAAAAGCA
pattern_4		5:14528587:G:A:R:wC	57	86	+	12.4167	2.25e-05	0.263	TTCCGGGTTGTATTAAAATTTATTTATTTA
pattern_6		3:107308283:C:T:R:wC	150	179	+	11.9524	2.27e-05	0.206	GGTTACTTGAAAATAAAAATACAGCAGAGA
pattern_3		12:110950376:T:C:A:wC	15	44	+	12.2857	2.27e-05	0.0184	AATAAAAATATATTAACAAAAGAAGAACAA
pattern_3		19:41343700:C:T:R:wC	20	49	+	12.2857	2.27e-05	0.0184	AAAAAAAAAAAAAAAAAAAAATTCTAGGAC
pattern_3		1:90234055:C:A:R:wC	24	53	-	12.2857	2.27e-05	0.0184	TAAATAGAAAAAATAAAAAATAAAAAAAGA
pattern_3		1:90234055:C:A:A:wC	24	53	-	12.2857	2.27e-05	0.0184	TAAATAGAAAAAATAAAAAATAAAAAAAGA
pattern_3		13:99113166:A:G:R:wC	60	89	+	12.2857	2.27e-05	0.0184	TCTATTAAAAAAAAAAAAAGTTTTAAATAA
pattern_5		10:27445726:G:A:R:wC	136	165	-	12.4881	2.27e-05	0.0823	TGAAACTCTATCTCAAAAAAAAAAAAAAAA
pattern_4		22:31991001:G:A:A:wC	49	78	+	12.4048	2.27e-05	0.263	CATAATGAAGAAATAATAATAATTTATTTA
pattern_3		14:52117174:C:T:A:wC	33	62	-	12.2738	2.28e-05	0.0185	GTCTCAAAAAAAAAAAAAAAAAAAAAACTG
pattern_3		6:168177053:T:C:R:wC	77	106	+	12.2738	2.28e-05	0.0185	CAAATAAATAAATTAATTAAATATTCTGAT
pattern_5		18:53373610:G:A:A:wC	23	52	-	12.4762	2.29e-05	0.0823	CAAGACTCCATCTCAAAAAAAAAAAAAAAA
pattern_5		7:87110017:G:A:R:wC	29	58	-	12.4762	2.29e-05	0.0823	GGCAAAGACAAAATAAATAAAAATGAGATC
pattern_5		3:32982922:T:C:R:wC	40	69	-	12.4762	2.29e-05	0.0823	CAAGACTCCATCTCAAAAAAAAAAAAAAAA
pattern_5		8:106513461:A:C:R:wC	52	81	-	12.4762	2.29e-05	0.0823	CAAGACTCCATCTCAAAAAAAAAAAAAAAA
pattern_5		2:54217148:G:C:R:wC	71	100	-	12.4762	2.29e-05	0.0823	CAAGACTCCATCTCAAAAAAAAAAAAAAAA
pattern_1		7:95966546:G:A:A:wC	23	52	-	12.3095	2.29e-05	0.119	ATAAATAAATAAATATAAATAAATGAAATC
pattern_1		17:17678573:G:A:A:wC	35	64	-	12.3095	2.29e-05	0.119	TCAAAAAAAAAAAAAAAAAAAATTACACAT
pattern_1		22:31991001:G:A:A:wC	70	99	+	12.3095	2.29e-05	0.119	ATTTATTTATTTATTTATTTATTTATTTTT
pattern_1		4:57813895:G:A:R:wC	160	189	+	12.3095	2.29e-05	0.119	TTTCAAAAAAAAAAAAAAAAAAGTAGAGGA
pattern_0		17:79911421:T:C:R:wC	97	126	+	9.61905	2.29e-05	0.0193	CATTGGCCTCCCAAAGTGCTGAGATAACAG
pattern_0		19:16315727:C:T:A:wC	81	110	-	9.61905	2.29e-05	0.0193	CCCGGGAGGCAGAGCTTGCAGTGAGCCCAG
pattern_3		6:139019622:A:C:R:wC	75	104	-	12.2619	2.3e-05	0.0187	ATAATAAATTATATAAATATATAAATAGAA
pattern_3		11:70175565:A:T:R:wC	84	113	-	12.2619	2.3e-05	0.0187	CCTGTCTCAAAAATAAATAAATAAATAATA
pattern_3		7:23227144:A:G:A:wC	169	198	-	12.2619	2.3e-05	0.0187	AAAAAAAAAAAAAAAAAAAAAAAAGTTGCT
pattern_0		5:34656290:A:C:A:wC	65	94	-	9.60714	2.3e-05	0.0194	CCCCAAATTCCGCGAGTCAGGTGACCCGGC
pattern_5		11:32718439:G:T:A:wC	67	96	-	12.4643	2.31e-05	0.0824	CCACTACACTGTTTCAAAAAAAAAAAAAAA
pattern_5		11:32718439:G:T:R:wC	67	96	-	12.4643	2.31e-05	0.0824	CCACTACACTGTTTCAAAAAAAAAAAAAAA
pattern_4		6:22412927:G:T:R:wC	143	172	-	12.381	2.31e-05	0.264	TCTCATAATGTTTTAAGAAAATTTATGAAT
pattern_3		7:101516234:C:A:R:wC	11	40	-	12.25	2.32e-05	0.0187	TCTCAAAAAAAATAAAAAATAAAAAAGCTC
pattern_3		7:101516234:C:A:A:wC	11	40	-	12.25	2.32e-05	0.0187	TCTCAAAAAAAATAAAAAATAAAAAAGCTC
pattern_3		9:131683644:C:T:A:wC	26	55	-	12.25	2.32e-05	0.0187	TCTCAAAATAAATAAATAAATAATAAATAA
pattern_3		8:25418510:A:G:A:wC	26	55	-	12.25	2.32e-05	0.0187	AGAAGAAAAAAAAAAAAGAAAAAAAGAAAT
pattern_3		8:25418510:A:G:R:wC	26	55	-	12.25	2.32e-05	0.0187	AGAAGAAAAAAAAAAAAGAAAAAAAGAAAT
pattern_3		13:93912671:A:T:R:wC	62	91	+	12.25	2.32e-05	0.0187	TCTATAAAGAGTATATAAATTTGTAAAATT
pattern_3		1:111732711:G:A:R:wC	171	200	+	12.25	2.32e-05	0.0187	TCTCAAAAAAAAAAAAAAAAAAAACTACCT
pattern_3		6:51392548:C:A:R:wC	153	182	-	12.25	2.32e-05	0.0187	AAAAAAAAAAAAAAAAAAAAGAAGAAGAAG
pattern_0		15:51068028:A:G:A:wC	164	193	-	9.58333	2.33e-05	0.0196	GCTCTGCCACCCAGACTGGAGTGCAGTGGC
pattern_6		7:95966546:G:A:A:wC	21	50	-	11.8929	2.34e-05	0.21	AAATAAATAAATATAAATAAATGAAATCTA
pattern_3		10:99103492:A:G:R:wC	5	34	+	12.2381	2.34e-05	0.0188	CTCTGTCTCAAAAAAAAAAAAAAAAAGTAA
pattern_3		2:242375013:G:A:R:wC	8	37	-	12.2381	2.34e-05	0.0188	CGTCTCAAAAAAAAAAAAAAAAAAATTACA
pattern_3		12:66199734:G:A:A:wC	119	148	+	12.2381	2.34e-05	0.0188	CAAAAAGTAAATAAAATAAAATAAAATAAA
pattern_1		15:91546711:T:C:R:wC	48	77	-	12.2738	2.34e-05	0.119	CTAAATAAATAAATAAATAAATGCATGAGT
pattern_1		12:66199734:G:A:A:wC	152	181	+	12.2738	2.34e-05	0.119	AATTTAAAAAATAATAATAAATAAATAAAT
pattern_2		3:195707336:T:C:A:wC	106	135	+	-16.878	2.35e-05	0.0492	GAAAATTTTAAAATTTTTATGGATTTTGTT
pattern_4		10:90751340:A:G:A:wC	68	97	-	12.3571	2.35e-05	0.264	TTCTGTGTGACAATAAAAAACGGTAAACAA
pattern_6		8:22335170:C:T:A:wC	64	93	-	11.881	2.35e-05	0.21	ATCTCTAAAAAAATAAAATAAAATAAAATG
pattern_3		13:113352130:C:T:A:wC	8	37	-	12.2262	2.36e-05	0.0189	AAAAAAAAAAAAAAAAAAAAAAAAAACTGG
pattern_3		5:34500013:T:A:R:wC	99	128	-	12.2262	2.36e-05	0.0189	AAAAATAAAAAATAAATAAATAAATAAAAA
pattern_1		1:248113436:C:T:R:wC	74	103	+	12.2619	2.36e-05	0.119	AATTTTATTATTGTCAATTTATTTTCCAGT
pattern_1		3:24341264:A:T:A:wC	100	129	-	12.2619	2.36e-05	0.119	AAAAAAAAAAAAATAAATAAATAAATAAAA
pattern_5		7:96039267:G:T:R:wC	71	100	+	12.4286	2.36e-05	0.0841	TTTAAAAACAATTTAAAATTAAATTCCATG
pattern_3		19:41343700:C:T:R:wC	18	47	+	12.2143	2.38e-05	0.019	CAAAAAAAAAAAAAAAAAAAAAATTCTAGG
pattern_3		2:242375013:G:A:R:wC	11	40	-	12.2143	2.38e-05	0.019	CTCCGTCTCAAAAAAAAAAAAAAAAAAATT
pattern_3		10:81950326:C:T:R:wC	13	42	-	12.2143	2.38e-05	0.019	CTCCGTCTCAAAAAAAAAAAAAAAAAAATT
pattern_3		1:222829373:G:A:A:wC	29	58	-	12.2143	2.38e-05	0.019	TCAAAAAAAAAAAAAAAAAAAAAAAAGGGA
pattern_3		15:90241150:G:A:A:wC	58	87	-	12.2143	2.38e-05	0.019	CTCCGTCTCAAAAAAAAAAAAAAAAAAATT
pattern_3		4:169659504:G:C:R:wC	125	154	-	12.2143	2.38e-05	0.019	ATTAAAACAAAATAAAAATTATCGAACATT
pattern_1		9:131683644:C:T:A:wC	23	52	+	12.25	2.38e-05	0.119	TTTTTATTTATTATTTATTTATTTATTTTG
pattern_1		22:29431626:T:C:R:wC	23	52	+	12.25	2.38e-05	0.119	CAGTCTATTTATTTTAAAATTTTTTTTCTT
pattern_1		22:29431626:T:C:A:wC	23	52	+	12.25	2.38e-05	0.119	CAGTCTATTTATTTTAAAATTTTTTTTCTT
pattern_1		12:93912196:G:T:R:wC	1	30	-	12.25	2.38e-05	0.119	AAAATAATAACAATAATAATAATTCTCACT
pattern_5		19:19709129:G:A:R:wC	61	90	-	12.4167	2.38e-05	0.0841	AAAAAAAAAAAAAGGAAAGAAAAGAAAAAG
pattern_5		6:41521110:T:C:R:wC	158	187	-	12.4167	2.38e-05	0.0841	AAATAAGTGCAATTAAAAGAAAGGCAGAAA
pattern_0		2:59169043:G:A:A:wC	10	39	-	9.53571	2.38e-05	0.02	GCCCCTCCCCCCAACATGTGGGGATTACAA
pattern_6		5:139924715:C:T:A:wC	81	110	+	11.8571	2.38e-05	0.211	TGCATTACTGTATTAAAAATTCACAGTTGC
pattern_3		19:33856214:C:T:A:wC	3	32	-	12.2024	2.4e-05	0.019	TACAATAATTAATTAAAAATAAAATAGTTC
pattern_3		19:53674839:G:A:A:wC	18	47	-	12.2024	2.4e-05	0.019	AAAAAAAAATATATATATATATATATATAC
pattern_3		19:33856191:A:G:R:wC	26	55	-	12.2024	2.4e-05	0.019	TACAATAATTAATTAAAAATAAAATAGTTC
pattern_3		14:35819834:C:G:R:wC	61	90	+	12.2024	2.4e-05	0.019	AGAAGAATTACATTAAAAAGAGAGAGAAAA
pattern_3		12:22763881:T:C:A:wC	68	97	+	12.2024	2.4e-05	0.019	TTATATACATAAATATATATTTATAATATA
pattern_3		8:76755254:T:C:A:wC	47	76	-	12.2024	2.4e-05	0.019	TACTAAAAAAAAAAAAAAAAAAATTATCCG
pattern_3		11:77860033:T:C:A:wC	62	91	-	12.2024	2.4e-05	0.019	CCCTGTCTCAAAAAAAAAAAAAAGATCTTA
pattern_3		9:139975755:G:A:R:wC	159	188	-	12.2024	2.4e-05	0.019	AAAAAAAAAAAAATACAAAAAAATGAGCCG
pattern_3		12:89874125:G:A:A:wC	171	200	-	12.2024	2.4e-05	0.019	CTCTATAAAAAAAAAAAAAAGAATTATAAA
pattern_5		22:36598187:G:C:R:wC	61	90	-	12.4048	2.4e-05	0.0841	GTTTATTAAAAATGAAATGAAAATGGTGAT
pattern_5		5:68518347:G:T:R:wC	149	178	-	12.4048	2.4e-05	0.0841	CCTCTCTACAACTTAAAAGAAGAAAAAAAA
pattern_0		19:33896432:A:C:R:wC	17	46	-	9.5119	2.41e-05	0.0202	GCTGCACATCGGAGTCTGCAGTGCTTCTGC
pattern_6		12:6477378:C:T:R:wC	9	38	+	11.8333	2.41e-05	0.212	ATTATTTAATTGTTAAAAGAAAAACTTTAA
pattern_4		6:42989920:T:G:A:wC	22	51	-	12.3214	2.41e-05	0.264	ACTCCGTCTCAAAAAAAAAAAATTAAAAAA
pattern_4		17:60261283:C:T:R:wC	72	101	+	12.3214	2.41e-05	0.264	TGCATACTGCTTATAAAAATAGTGGATTCC
pattern_3		5:118869764:A:G:R:wC	54	83	-	12.1905	2.41e-05	0.0191	AAATAAATCTTTATAAAAAGTTTCAGTAAT
pattern_3		16:29924422:A:T:R:wC	112	141	-	12.1905	2.41e-05	0.0191	AAAAAAAAAAAAAAAAAAAAATGGCCTCAG
pattern_5		5:87978252:T:C:R:wC	26	55	+	12.3929	2.42e-05	0.0841	GCACAGGAAAATATTTATTAAAAAATTACA
pattern_5		20:54356185:G:C:R:wC	168	197	-	12.3929	2.42e-05	0.0841	CTTTAAAAATCTTGAAATAAAATAAACTTT
pattern_0		16:85595360:G:C:R:wC	160	189	+	9.5	2.42e-05	0.0203	GCTCGGCCTGTGGGGGCCGCTGGGTTCTAT
pattern_3		3:49355005:T:C:A:wC	66	95	-	12.1786	2.43e-05	0.0192	TGTTGTCTCAAAAAAAAAAAAAAAACAAAC
pattern_3		13:92005134:A:G:R:wC	159	188	+	12.1786	2.43e-05	0.0192	TCTCTACTAAAAATATAAAAAATTAGCCGG
pattern_3		1:111732711:G:A:R:wC	166	195	+	12.1786	2.43e-05	0.0192	CTCTGTCTCAAAAAAAAAAAAAAAAAAAAC
pattern_4		1:67239462:T:C:R:wC	71	100	+	12.3095	2.43e-05	0.264	TTTTGTTTGTTTTTAAAATTTTTTTTGTCT
pattern_4		5:177042154:T:C:R:wC	136	165	-	12.3095	2.43e-05	0.264	AAAAGGATAGAAATAAAAATTATAGTAGAA
pattern_0		21:41156516:A:G:R:wC	123	152	+	9.4881	2.43e-05	0.0204	CCCTGCCCACCCCATTCACAGTAAGTCCAG
pattern_5		12:117076080:A:G:R:wC	33	62	-	12.381	2.44e-05	0.0841	ACGTCATCTCTATTAAAAATACAAAAATCA
pattern_5		6:138234778:C:T:A:wC	159	188	-	12.381	2.44e-05	0.0841	AATAAATCAACAAGAAAAAAACAAATAACC
pattern_2		10:123191545:A:G:R:wC	6	35	+	-17.0854	2.45e-05	0.0511	TTTTTTTCTTTTTTTTTTTTTGAGGCACTT
pattern_2		10:123191538:A:G:A:wC	13	42	+	-17.0854	2.45e-05	0.0511	TTTTTTTCTTTTTTTTTTTTTGAGGCACTT
pattern_3		7:135667353:C:G:R:wC	61	90	-	12.1667	2.45e-05	0.0193	TGCTAAAAGAAAAAAAAAATTAAGCTGAAA
pattern_3		16:29924422:A:T:R:wC	114	143	-	12.1667	2.45e-05	0.0193	CAAAAAAAAAAAAAAAAAAAAAATGGCCTC
pattern_6		11:75118589:C:A:A:wC	16	45	-	11.7976	2.46e-05	0.212	CAAAAAATAAAAATAATAAAAAATAATTTG
pattern_6		10:89468953:G:A:R:wC	47	76	+	11.7976	2.46e-05	0.212	AGAATATGTGTTTTATTAATTAATACTGTG
pattern_5		12:3053028:G:C:A:wC	1	30	-	12.369	2.46e-05	0.0841	CAAGACTCTGTCTCAAAAAAAAAAAAAAAA
pattern_5		1:89475842:A:G:A:wC	66	95	-	12.369	2.46e-05	0.0841	CAAGACTCTGTCTCAAAAAAAAAAAAAAAA
pattern_5		16:89867731:G:A:A:wC	107	136	+	12.369	2.46e-05	0.0841	CAAGACTCTGTCTCAAAAAAAAAAAAAAAA
pattern_5		11:117083373:T:C:A:wC	160	189	-	12.369	2.46e-05	0.0841	CAAGACTCTGTCTCAAAAAAAAAAAAAAAA
pattern_2		15:82436504:G:A:R:wC	35	64	+	-17.122	2.47e-05	0.0512	ACAAACATTAAAAAGTTAGCAGGGAATGGT
pattern_2		15:50312468:T:G:R:wC	95	124	+	-17.122	2.47e-05	0.0512	TTTTGTTTTTTTTTTTTTTTAGATGGAGTT
pattern_3		6:42989920:T:G:A:wC	16	45	-	12.1548	2.47e-05	0.0194	TCTCAAAAAAAAAAAATTAAAAAAACAAAG
pattern_3		9:113038318:A:G:R:wC	53	82	+	12.1548	2.47e-05	0.0194	GGAAAAGAAAAAATAAAATAAAATTTCATC
pattern_3		22:24280687:C:T:R:wC	38	67	-	12.1548	2.47e-05	0.0194	ATAAACACACGACTAAAAATAATCCTTATC
pattern_3		19:36723492:C:A:A:wC	108	137	-	12.1548	2.47e-05	0.0194	CGGGAAAAAAAAAAAAAAGAAAAAAGAAAA
pattern_3		3:155547945:G:A:A:wC	142	171	+	12.1548	2.47e-05	0.0194	CTGAAAAATACAAAAAAAAAAAAAAAATAG
pattern_3		16:88073835:C:G:R:wC	122	151	-	12.1548	2.47e-05	0.0194	AAATGATGGAAAAAAAAAAAAAAAAGGATT
pattern_1		7:95966546:G:A:A:wC	19	48	+	12.1905	2.47e-05	0.119	TATAGATTTCATTTATTTATATTTATTTAT
pattern_1		7:78022018:C:T:R:wC	48	77	+	12.1905	2.47e-05	0.119	TTGAGAATAAATTTATATTTATTTCGCTCC
pattern_0		7:44197583:G:T:A:wC	148	177	-	9.45238	2.48e-05	0.0207	CCTCTTCTTCCCAGGCCCTTCTGTTCCTCT
pattern_4		7:95966546:G:A:A:wC	21	50	-	12.2857	2.48e-05	0.266	AAATAAATAAATATAAATAAATGAAATCTA
pattern_5		22:30251180:A:G:R:wC	31	60	-	12.3571	2.48e-05	0.0845	AAAAAAAAAAAAAGAAAAAAAATTGTCTTG
pattern_2		7:78022018:C:T:R:wC	32	61	+	-17.1585	2.49e-05	0.0515	CTTATTTTTTTATTTTTTGAGAATAAATTT
pattern_0		22:51219704:G:A:R:wC	125	154	-	9.44048	2.49e-05	0.0208	GCTCTGTCCCCCAGGCTGGAGTGCAGTGAC
pattern_0		15:41696932:A:G:A:wC	142	171	-	9.44048	2.49e-05	0.0208	CCCGGGAGGCGGGGGTTGCAGTGAGCCGAG
pattern_1		22:31991001:G:A:A:wC	62	91	+	12.1786	2.49e-05	0.119	TAATAATAATTTATTTATTTATTTATTTAT
pattern_1		4:169659504:G:C:R:wC	158	187	-	12.1786	2.49e-05	0.119	AAAAATAAAAAATGAAAAGTAGATAGAACA
pattern_3		8:95853197:G:A:R:wC	38	67	-	12.1429	2.49e-05	0.0195	CATCTCAAAAAAAAAAAAAAAAATTATTAT
pattern_3		16:30730679:G:A:R:wC	117	146	-	12.1429	2.49e-05	0.0195	TCTCTACTAAAAATACAAAACATTAGCCAG
pattern_3		22:51219704:G:A:R:wC	163	192	+	12.1429	2.49e-05	0.0195	GTCTCAAAAAAAAAAAAAAAAAAACTAAAC
pattern_3		17:36003551:G:A:A:wC	150	179	-	12.1429	2.49e-05	0.0195	CAAAAAAAAAAAAAAAAGATAAATAATGAC
pattern_5		11:7983846:G:A:A:wC	39	68	-	12.3452	2.5e-05	0.0847	CGAAACTCCATCTCAAAAAAAAAAAAAAAA
pattern_5		12:7953089:C:T:R:wC	78	107	-	12.3452	2.5e-05	0.0847	AAAAGTCGGTCACTAAATAAATAAAAACTT
pattern_0		16:89249301:T:C:R:wC	160	189	-	9.42857	2.5e-05	0.0209	TCTCAAACTCCTGACCTCAGGTGATACGCC
pattern_1		19:4756166:T:C:A:wC	6	35	+	12.1667	2.51e-05	0.119	TTACTAAAAAAAAAAAAAAAAAATACAAAA
pattern_1		3:24341264:A:T:A:wC	96	125	-	12.1667	2.51e-05	0.119	AAAAAAAAATAAATAAATAAATAAAAAAAA
pattern_3		12:50507179:C:T:A:wC	1	30	-	12.131	2.51e-05	0.0196	GTCTCAAAAAAAAAAAAAAAAAATTGCGTA
pattern_3		22:31991001:G:A:A:wC	73	102	-	12.131	2.51e-05	0.0196	CTTAAAAATAAATAAATAAATAAATAAATA
pattern_3		9:100763455:C:T:R:wC	114	143	-	12.131	2.51e-05	0.0196	CCGTCTAAAAAAAAAAAAAAAAAATTAAAC
pattern_3		9:100763455:C:T:A:wC	114	143	-	12.131	2.51e-05	0.0196	CCGTCTAAAAAAAAAAAAAAAAAATTAAAC
pattern_5		1:85723733:T:C:A:wC	167	196	+	12.3333	2.52e-05	0.0851	TCTCAAAAAAAAAGAAAAAAAAAAAGAAAA
pattern_2		2:3635238:A:C:R:wC	143	172	+	-17.2317	2.52e-05	0.0522	TCATCTTCTGTTCTCTTTGTAGAAATTTGT
pattern_0		6:73984720:T:C:R:wC	122	151	+	9.40476	2.53e-05	0.0211	GTCCTGTCCCCAGTCCACAAGGGATTCTCT
pattern_0		7:97991125:A:G:R:wC	136	165	+	9.40476	2.53e-05	0.0211	CCACACACTCCTGAGTAGCTGGGACTACAG
pattern_0		7:97991125:A:G:A:wC	136	165	+	9.40476	2.53e-05	0.0211	CCACACACTCCTGAGTAGCTGGGACTACAG
pattern_0		17:44304910:G:C:R:wC	161	190	+	9.40476	2.53e-05	0.0211	GACTTGGCCTCCCAAGTGCTGGGATTACAG
pattern_3		19:49508265:A:G:R:wC	45	74	+	12.119	2.53e-05	0.0197	TGTTGTAAAAATAAAAAATTAAAAAAAAAA
pattern_3		19:19709129:G:A:R:wC	68	97	-	12.119	2.53e-05	0.0197	CTCAAAAAAAAAAAAAAAAAGGAAAGAAAA
pattern_3		5:34500013:T:A:R:wC	98	127	-	12.119	2.53e-05	0.0197	AAAATAAAAAATAAATAAATAAATAAAAAC
pattern_5		17:14395793:C:T:R:wC	61	90	-	12.3214	2.54e-05	0.0851	TAAACACAAGAAATAAAAAAATAGATAAAT
pattern_5		11:12418784:C:A:A:wC	72	101	-	12.3214	2.54e-05	0.0851	ATAATAAATAAATGAAAGATATGATTAAAT
pattern_0		19:8500819:T:G:R:wC	137	166	+	9.39286	2.54e-05	0.0211	CCTCAGCTTCCTGAGTAGCTAGTATTACAG
pattern_0		11:75110589:A:G:R:wC	155	184	-	9.39286	2.54e-05	0.0211	CCTCGACCCGCGCGGCGCCGTCGTTCTCCG
pattern_1		1:232271422:A:G:R:wC	14	43	+	12.1429	2.55e-05	0.119	ATAGAAGGAAATTTGAAAATAATAATTTTA
pattern_3		9:139975755:G:A:R:wC	166	195	-	12.1071	2.55e-05	0.0198	CTACTAAAAAAAAAAAAAAATACAAAAAAA
pattern_6		17:27099061:C:A:R:wC	108	137	+	11.7262	2.55e-05	0.218	TGTCTCAAAATAGTAATAATAATAATTTTA
pattern_0		17:5323125:C:A:R:wC	61	90	-	9.38095	2.56e-05	0.0212	CCTTCGCCCCCCGACCTGGCACGAGCCTCT
pattern_5		13:38290705:C:G:A:wC	65	94	+	12.3095	2.56e-05	0.0851	AGTTATTCTTTTTCAAAATAAAGTTGAACT
pattern_5		22:32795285:G:C:A:wC	105	134	-	12.3095	2.56e-05	0.0851	GTCTCTACAAAAATTAAAAAAAAAAAAAAT
pattern_5		1:214177319:T:G:A:wC	131	160	-	12.3095	2.56e-05	0.0851	CTAAGAAAAATAAGAAAAAAAAGAAAAGAA
pattern_3		7:117372635:C:T:A:wC	163	192	+	12.0952	2.57e-05	0.02	CGTCTCAAAAAAAAAAAAAAAAAAAAAAAG
pattern_0		17:32308935:G:A:R:wC	139	168	-	9.36905	2.57e-05	0.0213	CCTCAACCTTCCGGTTGGTGCCAATTCTCC
pattern_2		1:155857540:G:A:A:wC	35	64	+	-17.3293	2.57e-05	0.0529	TTTTTTTTTTTTTTTTTTTGAGATGGAGTT
pattern_2		11:7983846:G:A:A:wC	36	65	+	-17.3293	2.57e-05	0.0529	TTTTTTTTTTTTTTTTTTTGAGATGGAGTT
pattern_2		6:51392548:C:A:R:wC	169	198	+	-17.3293	2.57e-05	0.0529	TTTTTTTTTTTTTTTTTTTGAGATGGAGTT
pattern_4		10:43686833:C:T:R:wC	1	30	-	12.2262	2.58e-05	0.27	CATCTGCTGGATTTAAAAAATTCAATTATT
pattern_1		1:53592869:C:T:R:wC	3	32	-	12.119	2.59e-05	0.119	AACTTTAAAGATGTTTTCATATTTTAAAAA
pattern_1		10:31146615:T:C:R:wC	57	86	-	12.119	2.59e-05	0.119	GCAAATTCAAATATAAAAATATGCTTTTGC
pattern_1		8:70037558:G:A:R:wC	67	96	-	12.119	2.59e-05	0.119	GGTAAAAAGATGAAAAAAATATATTCCATG
pattern_3		16:29123330:G:A:A:wC	45	74	+	12.0833	2.59e-05	0.02	CTTAAAAAACAAAAAACAAAAAACAAACAA
pattern_3		16:29123330:G:A:R:wC	45	74	+	12.0833	2.59e-05	0.02	CTTAAAAAACAAAAAACAAAAAACAAACAA
pattern_3		9:33085462:T:G:A:wC	49	78	+	12.0833	2.59e-05	0.02	TCTCAAAAAAAAAAAAAAAAAAAAAAAAGG
pattern_3		1:222829373:G:A:A:wC	31	60	-	12.0833	2.59e-05	0.02	TCTCAAAAAAAAAAAAAAAAAAAAAAAAGG
pattern_3		1:228371551:G:A:R:wC	65	94	+	12.0833	2.59e-05	0.02	TCCAAAAAAAAAAAAAAAAAAGAAACGTCA
pattern_3		1:171719769:C:T:R:wC	51	80	-	12.0833	2.59e-05	0.02	TCTCAAAAAAAAAAAAAAAAAAAAAAAAGG
pattern_3		9:117413913:A:T:A:wC	91	120	-	12.0833	2.59e-05	0.02	AAAAAAAAAAAAAAAAAAAAAGTCTCACAG
pattern_3		4:153705431:G:C:R:wC	167	196	-	12.0833	2.59e-05	0.02	AGGAAAAAGAAAAAGAAAATAAATACTTTT
pattern_5		15:91546711:T:C:R:wC	60	89	-	12.2857	2.6e-05	0.0859	AAGACTCCATCTCTAAATAAATAAATAAAT
pattern_5		6:168177053:T:C:R:wC	80	109	-	12.2857	2.6e-05	0.0859	AGAATCAGAATATTTAATTAATTTATTTAT
pattern_1		1:90234055:C:A:R:wC	7	36	-	12.1071	2.61e-05	0.119	AAATAAAAAAAGAAATAAAAAATTAAAACA
pattern_1		1:90234055:C:A:A:wC	7	36	-	12.1071	2.61e-05	0.119	AAATAAAAAAAGAAATAAAAAATTAAAACA
pattern_1		22:30251180:A:G:R:wC	31	60	-	12.1071	2.61e-05	0.119	AAAAAAAAAAAAAGAAAAAAAATTGTCTTG
pattern_1		12:66199734:G:A:A:wC	142	171	+	12.1071	2.61e-05	0.119	AAATAAAATAAATTTAAAAAATAATAATAA
pattern_3		11:47241411:T:C:A:wC	14	43	-	12.0714	2.61e-05	0.0201	AAAAATAAACAAATAAATAAATAAAGAGAC
pattern_3		10:78342790:G:A:A:wC	23	52	-	12.0714	2.61e-05	0.0201	TCTCAAAACAAACAAACAATAAATAAATAA
pattern_3		7:73102318:C:T:R:wC	168	197	-	12.0714	2.61e-05	0.0201	TCTCTACTAAAAATATAAAAAAATTAGCTG
pattern_0		19:39644139:C:T:R:wC	109	138	-	9.33333	2.61e-05	0.0217	CCTGGGAGGCGAAGGTTGCAGTGAGCCGAG
pattern_5		7:78022018:C:T:R:wC	27	56	-	12.2738	2.62e-05	0.0863	TATTCTCAAAAAATAAAAAAATAAGAATAC
pattern_4		2:75120525:C:A:R:wC	14	43	-	12.2024	2.63e-05	0.27	TGTTAAAATTTATTAATAATAGTTAACATC
pattern_3		19:49508265:A:G:R:wC	56	85	+	12.0595	2.63e-05	0.0202	TAAAAAATTAAAAAAAAAAAAACAGGAAAG
pattern_3		9:131683644:C:T:A:wC	27	56	-	12.0595	2.63e-05	0.0202	GTCTCAAAATAAATAAATAAATAATAAATA
pattern_3		17:36003551:G:A:A:wC	155	184	-	12.0595	2.63e-05	0.0202	TGTTTCAAAAAAAAAAAAAAAAGATAAATA
pattern_6		10:32579691:T:C:R:wC	101	130	-	11.6667	2.63e-05	0.223	AAAAAAAAAAAGATAAAAAAAGAAAAATAC
pattern_2		5:143075183:C:T:A:wC	21	50	+	-17.4512	2.64e-05	0.0541	TTAGTTTTTTTTTTTTTTGGGGGGGGTCGG
pattern_5		10:32579691:T:C:R:wC	115	144	-	12.2619	2.64e-05	0.0867	GCAAGACTCCATCTAAAAAAAAAAAGATAA
pattern_1		2:75120525:C:A:R:wC	25	54	+	12.0833	2.65e-05	0.119	TTATTAATAAATTTTAACATTTTCCAAAAT
pattern_1		12:66199734:G:A:A:wC	154	183	-	12.0833	2.65e-05	0.119	AGATTTATTTATTTATTATTATTTTTTAAA
pattern_3		3:128350038:C:T:A:wC	14	43	+	12.0476	2.65e-05	0.0203	TCTCCAAAAAAAAAAAAAATATATGGTTTA
pattern_3		8:106513461:A:C:R:wC	47	76	-	12.0476	2.65e-05	0.0203	CTCCATCTCAAAAAAAAAAAAAAAAGAGAA
pattern_3		3:49355005:T:C:A:wC	58	87	-	12.0476	2.65e-05	0.0203	CAAAAAAAAAAAAAAAACAAACAAACAAAA
pattern_3		17:2242494:G:A:A:wC	156	185	+	12.0476	2.65e-05	0.0203	TCTCTACTGAAAAAAACAAAAAATACAAAA
pattern_5		2:54217148:G:C:R:wC	54	83	-	12.25	2.66e-05	0.0871	AAAAAAAAAAAAAGAAAAGAAAAGAAAAGG
pattern_6		1:1548801:T:C:A:wC	8	37	-	11.6429	2.66e-05	0.224	AAAAATACAAAAATACAAAAAAAAAAAATA
pattern_1		19:41343700:C:T:R:wC	19	48	+	12.0714	2.67e-05	0.119	AAAAAAAAAAAAAAAAAAAAAATTCTAGGA
pattern_1		4:122278614:C:G:R:wC	49	78	+	12.0714	2.67e-05	0.119	GATAAGGTAAAATAAAAAAAAATTTAAAGC
pattern_1		7:100702058:T:C:A:wC	117	146	+	12.0714	2.67e-05	0.119	CTTAGTAAATATTATAATATATATTTGTAG
pattern_1		12:125311934:C:T:R:wC	117	146	-	12.0714	2.67e-05	0.119	ATAATAATAATAATAATAATATTAACCCCT
pattern_1		11:30390132:A:G:A:wC	159	188	+	12.0714	2.67e-05	0.119	TAAGAAGCACAAAGAAAAATATTTCAATAA
pattern_0		10:81894877:A:G:A:wC	30	59	+	9.28571	2.67e-05	0.0221	GCTCTGTCTCCCAGGCTGGAGTGCAGTGGT
pattern_0		22:24971781:T:C:A:wC	58	87	+	9.28571	2.67e-05	0.0221	GCTCTGTCTCCCAGGCTGGAGTGCAGTGGT
pattern_0		1:40073011:G:C:R:wC	83	112	-	9.28571	2.67e-05	0.0221	CTTCCGCTTTCCCGGTTCACGCCATTCTCC
pattern_0		5:149600076:G:A:A:wC	133	162	-	9.28571	2.67e-05	0.0221	GGCCTTCACCAGGGGCTGCTGTAATTACCG
pattern_3		16:29924422:A:T:R:wC	119	148	-	12.0357	2.67e-05	0.0205	TGTCTCAAAAAAAAAAAAAAAAAAAAAATG
pattern_5		12:11962839:C:T:A:wC	19	48	-	12.2381	2.68e-05	0.0873	AGCAAGACTCTCTCCAAAAAAAAAAAAAAA
pattern_5		6:43129333:G:A:A:wC	150	179	-	12.2381	2.68e-05	0.0873	ACAAAAACAAAAACAAAAAAACAAAACAAA
pattern_0		10:61469538:T:C:A:wC	91	120	+	9.27381	2.69e-05	0.0221	CTTTCGCCTCCTCCTCCCCGGGGTTTTCCC
pattern_0		5:67503533:T:A:A:wC	110	139	+	9.27381	2.69e-05	0.0221	GCCCTGTCGCCCAGGCTGAAGTGCAGTGGC
pattern_1		8:95853197:G:A:R:wC	37	66	-	12.0595	2.69e-05	0.119	ATCTCAAAAAAAAAAAAAAAAATTATTATT
pattern_1		14:32031245:C:T:A:wC	102	131	-	12.0595	2.69e-05	0.119	CAACTTTAAAAAATAATAATAATAAAAAGC
pattern_1		20:30566874:G:T:A:wC	160	189	+	12.0595	2.69e-05	0.119	TCTCAAAAAAAAAAAAAAATTGTTAAAATA
pattern_2		14:84285998:C:T:A:wC	13	42	-	-17.5488	2.69e-05	0.055	CCATTTTTTTGGCATTGTGTGAAGGTGTTG
pattern_3		3:196202508:G:A:A:wC	6	35	-	12.0238	2.69e-05	0.0206	TCTCAAAAAAAAAAAAAAAAGAAAAAATAT
pattern_3		2:197074540:C:T:R:wC	41	70	-	12.0238	2.69e-05	0.0206	GTCTCAAAAAAAAAAAAAAAAGAAAGAAAG
pattern_3		1:67481070:G:T:A:wC	72	101	+	12.0238	2.69e-05	0.0206	AATAATACACTAATACAAAAATAAAATCTA
pattern_3		3:55584998:C:T:A:wC	141	170	+	12.0238	2.69e-05	0.0206	GTCTCAAAAAAAAAAAAAAAAGAAAGAAAG
pattern_3		1:46883303:A:G:R:wC	154	183	-	12.0238	2.69e-05	0.0206	TCCGTCTTAATAAAAAAAAAAAAAAAAAAA
pattern_3		1:46883303:A:G:A:wC	154	183	-	12.0238	2.69e-05	0.0206	TCCGTCTTAATAAAAAAAAAAAAAAAAAAA
pattern_6		4:76546789:A:G:R:wC	19	48	-	11.619	2.7e-05	0.224	GATCTCATCGCTTCAAAAAAAAAGAAAAAA
pattern_5		22:21969640:T:C:A:wC	127	156	+	12.2262	2.71e-05	0.0877	ACCCTGTCTTTACTAAAAATAAAAAAAATT
pattern_2		4:26331471:A:G:A:wC	134	163	-	-17.5854	2.71e-05	0.0553	TTTTCTTTTTTTTTTTTTGGAGACAGAGTC
pattern_1		3:183179413:C:T:A:wC	48	77	+	12.0476	2.71e-05	0.119	TTGGTTTAATTTGAAATTATATGTATTTCT
pattern_3		12:54711574:A:G:A:wC	74	103	+	12.0119	2.71e-05	0.0207	CCATCTCAAAAAAAAAAAAAAAAAAGGAAG
pattern_3		7:17167825:C:T:R:wC	138	167	-	12.0119	2.71e-05	0.0207	CAAAAAAAAAAAAAAAAAAAAAGTGTTAGT
pattern_4		12:54124477:C:T:R:wC	13	42	-	12.1548	2.72e-05	0.27	TAAAAAATAAAAATAAAAAAATAAAAAAAT
pattern_1		22:29431626:T:C:R:wC	24	53	+	12.0357	2.73e-05	0.119	AGTCTATTTATTTTAAAATTTTTTTTCTTT
pattern_1		22:29431626:T:C:A:wC	24	53	+	12.0357	2.73e-05	0.119	AGTCTATTTATTTTAAAATTTTTTTTCTTT
pattern_1		12:6477378:C:T:R:wC	1	30	-	12.0357	2.73e-05	0.119	TTTCTTTTAACAATTAAATAATGTACATTC
pattern_1		1:185401229:T:C:A:wC	46	75	-	12.0357	2.73e-05	0.119	ACAATAAAAAATTTAAAAAAAGAAATAAAA
pattern_1		8:70037558:G:A:R:wC	69	98	-	12.0357	2.73e-05	0.119	AAGGTAAAAAGATGAAAAAAATATATTCCA
pattern_1		9:100763455:C:T:R:wC	111	140	-	12.0357	2.73e-05	0.119	TCTAAAAAAAAAAAAAAAAAATTAAACCAG
pattern_1		9:100763455:C:T:A:wC	111	140	-	12.0357	2.73e-05	0.119	TCTAAAAAAAAAAAAAAAAAATTAAACCAG
pattern_6		20:432686:T:C:R:wC	46	75	+	11.5952	2.73e-05	0.224	TGATACTCTGCTTTAAATGTTAAAAGTGTA
pattern_3		17:72688065:C:T:A:wC	32	61	-	12	2.74e-05	0.0208	TCTCAAAAAAAAAAAAAAAAATGGCATAAC
pattern_3		17:72688065:C:T:R:wC	32	61	-	12	2.74e-05	0.0208	TCTCAAAAAAAAAAAAAAAAATGGCATAAC
pattern_4		13:99113166:A:G:R:wC	68	97	-	12.1429	2.74e-05	0.27	CGCCCAGTTTATTTAAAACTTTTTTTTTTT
pattern_4		17:27099061:C:A:R:wC	121	150	-	12.1429	2.74e-05	0.27	TTCCCCCTTATTTTAAAATTATTATTATTA
pattern_0		1:110187031:C:T:A:wC	59	88	-	9.22619	2.75e-05	0.0226	CCCGGGAGGCGGAGCTTGCAGTGATCCGAG
pattern_6		2:48572417:T:C:R:wC	1	30	+	11.5833	2.75e-05	0.224	AGAATGCAGAGTTTAAAAGTACTGGGATTT
pattern_2		20:57575102:C:T:A:wC	113	142	-	-17.6585	2.75e-05	0.056	GGTAGTTTGTTTTTTTTTTTTGAGACGGAG
pattern_5		7:144547326:T:C:R:wC	104	133	-	12.2024	2.75e-05	0.0884	TAAAAGAAACATTTTTTAAAAAATAAAACA
pattern_3		7:95966546:G:A:A:wC	17	46	-	11.9881	2.76e-05	0.0209	AAATAAATATAAATAAATGAAATCTATAAA
pattern_3		18:53373610:G:A:A:wC	18	47	-	11.9881	2.76e-05	0.0209	CTCCATCTCAAAAAAAAAAAAAAAAAAAAC
pattern_3		15:91418297:T:A:R:wC	64	93	-	11.9881	2.76e-05	0.0209	CTCCCTCTCAAAAAAAAAAAAAAAAAAAAA
pattern_3		2:146273266:T:A:A:wC	132	161	-	11.9881	2.76e-05	0.0209	TCCGTCTAAAAAAAAAAAAAAAAAAAAAAA
pattern_3		21:37511627:T:G:A:wC	144	173	-	11.9881	2.76e-05	0.0209	CAAAAAAAAAAAAAAAAAAAGAAAAAGCAA
pattern_6		2:26941482:C:T:R:wC	79	108	-	11.5714	2.76e-05	0.224	AAAAAAGTGTATTCACATATACATTTTGTA
pattern_6		3:24341264:A:T:A:wC	100	129	-	11.5714	2.76e-05	0.224	AAAAAAAAAAAAATAAATAAATAAATAAAA
pattern_1		4:163560740:A:G:R:wC	21	50	-	12.0119	2.77e-05	0.119	ATTAGTTATGCATAATAAATAATTACAATC
pattern_1		5:76752546:A:C:A:wC	56	85	+	12.0119	2.77e-05	0.119	GTCTTTCACCATTTTTAAAAATTTTTATTT
pattern_1		6:7388128:G:A:R:wC	69	98	+	12.0119	2.77e-05	0.119	AAAAAAAAAAAAAAAAAAAAATTAGCTGGG
pattern_5		7:73102318:C:T:R:wC	10	39	-	12.1905	2.77e-05	0.0884	AGAGCCTCCATCTCAAAAAAAAAAAAACAA
pattern_5		5:156391818:C:T:R:wC	42	71	+	12.1905	2.77e-05	0.0884	GGAGAGGAAATTACTAAAGAAATAATAAAG
pattern_5		22:41042570:C:T:A:wC	58	87	+	12.1905	2.77e-05	0.0884	AACAAAAAGATTTTGTTTTAAAAACAAAAA
pattern_5		16:84189541:A:C:A:wC	129	158	-	12.1905	2.77e-05	0.0884	CGAAACTCTATATCAAAAAAAAAAAGTCCT
pattern_0		6:43791897:T:C:A:wC	143	172	+	9.20238	2.78e-05	0.0228	CCAGGCCCTCCAGGAGGCCTGGGCTCCCCC
pattern_3		2:110316208:G:A:R:wC	17	46	+	11.9762	2.78e-05	0.021	TTGAAATAATTAATATAAAATGTTAAGATC
pattern_3		22:30251180:A:G:R:wC	34	63	-	11.9762	2.78e-05	0.021	CTTAAAAAAAAAAAAAGAAAAAAAATTGTC
pattern_3		8:76755254:T:C:A:wC	57	86	-	11.9762	2.78e-05	0.021	ACCTCCTTTTTACTAAAAAAAAAAAAAAAA
pattern_2		3:105571631:A:G:R:wC	52	81	+	-17.7195	2.78e-05	0.0566	TACAGTATTTTTTTTTTTGTCCAGGCTGGA
pattern_1		9:6177291:G:T:A:wC	4	33	-	12	2.79e-05	0.119	TATAATAATAAAAAATAAAAAATTAAAAAA
pattern_1		3:32982922:T:C:R:wC	21	50	-	12	2.79e-05	0.119	AAAAAAAAAAAAAAAAAAAAAATGAAAAGA
pattern_1		22:31991001:G:A:A:wC	64	93	-	12	2.79e-05	0.119	AAATAAATAAATAAATAAATAAATTATTAT
pattern_5		8:64283169:T:C:A:wC	3	32	-	12.1786	2.79e-05	0.0886	AAAGATAAAGCAATAAAAAAATTCAGCCAA
pattern_5		17:37191932:G:A:A:wC	60	89	-	12.1786	2.79e-05	0.0886	GACTCTGTCTCAATTAAAAAAAAAAAAAAA
pattern_3		19:53674839:G:A:A:wC	16	45	-	11.9643	2.8e-05	0.0211	AAAAAAATATATATATATATATATATACAC
pattern_3		19:5890655:T:C:R:wC	23	52	-	11.9643	2.8e-05	0.0211	CTCAAAAAAAAAAAAAAAGAAAATACCTCA
pattern_3		2:54217148:G:C:R:wC	57	86	-	11.9643	2.8e-05	0.0211	AAAAAAAAAAAAAAAAGAAAAGAAAAGAAA
pattern_3		16:84542617:G:C:R:wC	68	97	-	11.9643	2.8e-05	0.0211	TGAAAAAAAAAAAAAAAAAAGAAAAATCTT
pattern_3		1:221056390:A:T:A:wC	98	127	-	11.9643	2.8e-05	0.0211	TTAAATTTAAGAAAAAGAATAAAATTAATT
pattern_3		7:117372635:C:T:A:wC	164	193	+	11.9643	2.8e-05	0.0211	GTCTCAAAAAAAAAAAAAAAAAAAAAAAGT
pattern_3		12:89874125:G:A:A:wC	160	189	-	11.9643	2.8e-05	0.0211	AAAAAAAAAGAATTATAAATTAGCTTTATA
pattern_0		7:6052556:G:A:R:wC	52	81	-	9.17857	2.81e-05	0.0231	CCACTGACTTCCGGGTGGAACAGAGTTCAG
pattern_1		19:50049882:T:G:A:wC	61	90	+	11.9881	2.81e-05	0.119	TCTACTAAAAATATTTAAAAAATTAGCCTG
pattern_5		8:6733773:C:T:R:wC	17	46	-	12.1667	2.81e-05	0.089	GCCCATGTTTTTTTAAAGGAATAGAAAATA
pattern_0		19:54024214:A:G:A:wC	45	74	+	9.16667	2.82e-05	0.0232	CCTCTGGGTCACGGCTCCATTTGCGCCGTG
pattern_0		3:124441457:T:G:A:wC	78	107	-	9.16667	2.82e-05	0.0232	CCCCAGGCTCATCATCATCTGGGATTCCTT
pattern_3		12:54124477:C:T:R:wC	17	46	-	11.9524	2.82e-05	0.0212	AAAATAAAAAATAAAAATAAAAAAATAAAA
pattern_3		7:148866173:T:C:R:wC	35	64	-	11.9524	2.82e-05	0.0212	TATGACAGATAACTAATAATGTAGACCAAA
pattern_1		22:31991001:G:A:A:wC	70	99	-	11.9762	2.83e-05	0.119	AAAAATAAATAAATAAATAAATAAATAAAT
pattern_1		7:100702058:T:C:A:wC	115	144	+	11.9762	2.83e-05	0.119	TCCTTAGTAAATATTATAATATATATTTGT
pattern_4		15:90241150:G:A:A:wC	52	81	-	12.0952	2.84e-05	0.27	CTCAAAAAAAAAAAAAAAAAAATTATAAAA
pattern_5		12:66199734:G:A:A:wC	141	170	-	12.1548	2.84e-05	0.0895	TATTATTATTTTTTAAATTTATTTTATTTT
pattern_3		8:95853197:G:A:R:wC	29	58	+	11.9405	2.84e-05	0.0213	TTAGAGAGAATAATAATTTTTTTTTTTTTT
pattern_3		8:8136410:C:T:R:wC	10	39	-	11.9405	2.84e-05	0.0213	AAGTAGAGTAAATTAAAAGAAATTCAACAC
pattern_3		5:118869764:A:G:R:wC	43	72	+	11.9405	2.84e-05	0.0213	TGTAAAATAATATTACTGAAACTTTTTATA
pattern_3		5:24646058:C:T:A:wC	26	55	-	11.9405	2.84e-05	0.0213	TCTGCTAAAGAAATAATAATAATAACAGCC
pattern_3		17:19918630:C:T:A:wC	62	91	-	11.9405	2.84e-05	0.0213	AAAAAAAAAATTAAATTAAAAAAGACAGAA
pattern_3		3:55584998:C:T:A:wC	145	174	+	11.9405	2.84e-05	0.0213	CAAAAAAAAAAAAAAAAGAAAGAAAGAAAT
pattern_3		7:6079662:T:C:A:wC	138	167	-	11.9405	2.84e-05	0.0213	AAAAAAATAAAAAAATAAAACTAAAAACAT
pattern_6		7:6079662:T:C:A:wC	153	182	-	11.5119	2.85e-05	0.229	AGGAAGACTGTTTCAAAAAAAATAAAAAAA
pattern_1		19:33856191:A:G:R:wC	21	50	-	11.9643	2.85e-05	0.119	TAATTAATTAAAAATAAAATAGTTCTGAGA
pattern_1		22:32795285:G:C:A:wC	104	133	-	11.9643	2.85e-05	0.119	TCTCTACAAAAATTAAAAAAAAAAAAAATT
pattern_3		2:213851410:T:C:R:wC	55	84	-	11.9286	2.87e-05	0.0214	ATCTCAAAAAGAAAAAAAAAAAAAAGAGAG
pattern_3		6:139019622:A:C:R:wC	67	96	-	11.9286	2.87e-05	0.0214	TTATATAAATATATAAATAGAAACACTTAA
pattern_3		7:100702058:T:C:A:wC	121	150	+	11.9286	2.87e-05	0.0214	GTAAATATTATAATATATATTTGTAGTAAC
pattern_2		7:128422527:A:G:R:wC	136	165	+	-17.878	2.87e-05	0.0582	CCCCATTTCTGGTTTTTTAGAAAGTCTGGG
pattern_1		17:28771495:T:C:R:wC	132	161	-	11.9524	2.88e-05	0.119	AAAAAAAAAAAAAAAAAAAAAAGTTACTAG
pattern_4		3:156797365:A:G:A:wC	57	86	-	12.0714	2.88e-05	0.27	GCCATACCTACAAAAAAAATAATTTTTATT
pattern_4		13:92005134:A:G:R:wC	159	188	+	12.0714	2.88e-05	0.27	TCTCTACTAAAAATATAAAAAATTAGCCGG
pattern_3		7:121801416:C:A:A:wC	12	41	+	11.9167	2.89e-05	0.0214	TCCATCTCAAAAAAAAAAAAAAAAAAAAAA
pattern_3		5:118869764:A:G:R:wC	37	66	+	11.9167	2.89e-05	0.0214	AATACCTGTAAAATAATATTACTGAAACTT
pattern_3		6:121788131:C:T:A:wC	11	40	-	11.9167	2.89e-05	0.0214	TCCATCTCAAAAAAAAAAAAAAAAAAAAAA
pattern_3		11:7983846:G:A:A:wC	33	62	-	11.9167	2.89e-05	0.0214	TCCATCTCAAAAAAAAAAAAAAAAAAAAAA
pattern_3		3:32982922:T:C:R:wC	34	63	-	11.9167	2.89e-05	0.0214	TCCATCTCAAAAAAAAAAAAAAAAAAAAAA
pattern_3		17:62387091:C:T:R:wC	55	84	-	11.9167	2.89e-05	0.0214	AATTAAAAAATAAAATAAAATTAGAGCTTA
pattern_3		10:104637508:T:C:R:wC	98	127	-	11.9167	2.89e-05	0.0214	TCCATCTCAAAAAAAAAAAAAAAAAAAAAA
pattern_3		6:51392548:C:A:R:wC	166	195	-	11.9167	2.89e-05	0.0214	TCCATCTCAAAAAAAAAAAAAAAAAAAAAA
pattern_0		17:80710615:C:T:A:wC	9	38	-	9.10714	2.9e-05	0.0238	CTTCTGCACCCCGCCTCCCGGGGAGGCCGC
pattern_5		20:10617160:A:C:A:wC	102	131	-	12.119	2.9e-05	0.0906	GCTTTTGTGCCAAGAAAAAAAAAAAAAAAA
pattern_4		3:24341264:A:T:A:wC	109	138	-	12.0595	2.91e-05	0.27	ATGTTTGCTAAAAAAAAAAAAATAAATAAA
pattern_3		12:54124477:C:T:R:wC	11	40	-	11.9048	2.91e-05	0.0216	AAAAATAAAAATAAAAAAATAAAAAAATGT
pattern_3		9:100116833:G:C:R:wC	94	123	-	11.9048	2.91e-05	0.0216	AACAATCTGAAAATAATCAAAGACAAATAA
pattern_3		7:17167825:C:T:R:wC	144	173	-	11.9048	2.91e-05	0.0216	CTGTCTCAAAAAAAAAAAAAAAAAAAAAGT
pattern_0		1:20096176:G:T:A:wC	101	130	-	9.09524	2.91e-05	0.0239	CCACCAGCTCCTCTCTGCCAGGGCTTCCCT
pattern_0		1:20096176:G:T:R:wC	101	130	-	9.09524	2.91e-05	0.0239	CCACCAGCTCCTCTCTGCCAGGGCTTCCCT
pattern_1		15:40300214:G:C:R:wC	6	35	-	11.9286	2.92e-05	0.12	AAGAAACAAATATGAAAAAAAATTAATCGG
pattern_1		22:31991001:G:A:A:wC	74	103	+	11.9286	2.92e-05	0.12	ATTTATTTATTTATTTATTTATTTTTAAGT
pattern_3		15:66020908:A:G:R:wC	7	36	-	11.8929	2.93e-05	0.0217	TGTCTCAAAAAAAAAAAAAGAAAAAGAAAA
pattern_3		12:118682338:C:T:R:wC	90	119	-	11.8929	2.93e-05	0.0217	TGTCTCAAAAAAAAAAAAAGAAAAAGAAAA
pattern_2		3:58208294:C:T:A:wC	76	105	-	-18.0122	2.94e-05	0.0597	CTTCCATATTTATTGGTAAAAGAGATAACG
pattern_0		6:42989920:T:G:A:wC	98	127	+	9.07143	2.95e-05	0.0241	GCGCCGCCTCCCGGGTTCACGCCATTCTGC
pattern_0		1:84972465:C:A:R:wC	80	109	-	9.07143	2.95e-05	0.0241	TCCCCGCCCGCCCGGCTCCGCTGGGTACGC
pattern_5		16:19992996:G:A:R:wC	15	44	-	12.0952	2.95e-05	0.0906	AAGTAAATGCATTTTTAAAAATTTTAAAAA
pattern_5		16:19992996:G:A:A:wC	15	44	-	12.0952	2.95e-05	0.0906	AAGTAAATGCATTTTTAAAAATTTTAAAAA
pattern_5		16:84542617:G:C:R:wC	80	109	-	12.0952	2.95e-05	0.0906	GTGCACTTTCCTTGAAAAAAAAAAAAAAAA
pattern_3		20:10617160:A:C:A:wC	94	123	-	11.881	2.96e-05	0.0218	GCCAAGAAAAAAAAAAAAAAAAGGTGAATG
pattern_3		22:32795285:G:C:A:wC	102	131	-	11.881	2.96e-05	0.0218	TCTACAAAAATTAAAAAAAAAAAAAATTAG
pattern_3		1:221056390:A:T:A:wC	104	133	-	11.881	2.96e-05	0.0218	CAGTTCTTAAATTTAAGAAAAAGAATAAAA
pattern_3		1:221056390:A:T:R:wC	104	133	-	11.881	2.96e-05	0.0218	CAGTTCTTAAATTTAAGAAAAAGAATAAAA
pattern_3		5:176681393:G:A:R:wC	105	134	-	11.881	2.96e-05	0.0218	CTCTGTCGCAGATTAAAAAGAAAAAAAACA
pattern_3		7:23227144:A:G:A:wC	170	199	-	11.881	2.96e-05	0.0218	CAAAAAAAAAAAAAAAAAAAAAAAAGTTGC
pattern_4		22:30251180:A:G:R:wC	40	69	-	12.0357	2.96e-05	0.27	CTCAGTCTTAAAAAAAAAAAAAGAAAAAAA
pattern_4		21:37511627:T:G:A:wC	115	144	-	12.0357	2.96e-05	0.27	AGCACATTTTTAATAAAAACCACAGTTCTA
pattern_4		12:125311934:C:T:R:wC	123	152	-	12.0357	2.96e-05	0.27	GTTAAAATAATAATAATAATAATAATATTA
pattern_0		3:136535024:G:A:R:wC	77	106	+	9.05952	2.96e-05	0.0242	GCTCCACCTTCTGGGTTCACGCCGGTCTCC
pattern_2		11:32718439:G:T:R:wC	35	64	+	-18.061	2.97e-05	0.06	ACTACTTTTTTGTTGATAAAAAACACAAGG
pattern_2		11:32718439:G:T:A:wC	35	64	+	-18.061	2.97e-05	0.06	ACTACTTTTTTGTTGATAAAAAACACAAGG
pattern_5		9:6177291:G:T:A:wC	17	46	-	12.0833	2.97e-05	0.0906	CTAAAACTTAAAGTATAATAATAAAAAATA
pattern_5		17:1335942:G:A:R:wC	52	81	+	12.0833	2.97e-05	0.0906	ACCTCATCTCTACTAAAAATATAAAAAATT
pattern_5		1:226448407:A:G:R:wC	41	70	-	12.0833	2.97e-05	0.0906	CAAGACACTGTCTCAAAAAAAAAAAAAAAA
pattern_0		12:49543397:C:A:A:wC	73	102	+	9.04762	2.98e-05	0.0243	CCTCCGCCTCCCTGGTTCAAGGATTATACT
pattern_3		15:29008373:A:G:A:wC	7	36	-	11.869	2.98e-05	0.0219	GTCAAAAAAAAAAAAAAAAGTTAGATTAAC
pattern_3		19:3418156:A:G:R:wC	29	58	-	11.869	2.98e-05	0.0219	AAAAAAAAAAAAAAAAAGAAAAGAAAATTA
pattern_3		8:95853197:G:A:R:wC	35	64	-	11.869	2.98e-05	0.0219	CTCAAAAAAAAAAAAAAAAATTATTATTCT
pattern_3		18:55129900:A:G:R:wC	150	179	-	11.869	2.98e-05	0.0219	AAAAAAAAAAAAAAAAAAAAAAAAGAAAGA
pattern_3		6:51392548:C:A:R:wC	152	181	-	11.869	2.98e-05	0.0219	AAAAAAAAAAAAAAAAAAAGAAGAAGAAGA
pattern_4		1:72819884:T:C:R:wC	83	112	-	12.0238	2.98e-05	0.27	CTCAATAAACTTATAAAATATATTCACAAG
pattern_4		5:111059962:T:A:R:wC	110	139	-	12.0238	2.98e-05	0.27	CAGTATTTTCAAACAAAATTATGTTACATT
pattern_4		1:72819884:T:C:R:wC	157	186	-	12.0238	2.98e-05	0.27	AGTTATATGCCTGTATAAAAAATTATTAAA
pattern_0		7:97846435:G:A:A:wC	4	33	+	9.03571	2.99e-05	0.0244	GCTCTGCTGCCCCAGGGCCGGCGTTCCCGG
pattern_0		1:752894:T:C:R:wC	126	155	-	9.03571	2.99e-05	0.0244	CCCACAACCACCGAGTCCCAGGAAGCCCAG
pattern_5		18:6729258:C:T:R:wC	19	48	+	12.0714	3e-05	0.0906	GGAGTGAGAAAAGGAAAAAAAAAGAAACAA
pattern_5		9:100763455:C:T:A:wC	122	151	-	12.0714	3e-05	0.0906	GCGAGACTCCGTCTAAAAAAAAAAAAAAAA
pattern_5		9:100763455:C:T:R:wC	122	151	-	12.0714	3e-05	0.0906	GCGAGACTCCGTCTAAAAAAAAAAAAAAAA
pattern_5		2:146273266:T:A:A:wC	139	168	-	12.0714	3e-05	0.0906	GCGAGACTCCGTCTAAAAAAAAAAAAAAAA
pattern_5		7:30749443:G:C:A:wC	163	192	-	12.0714	3e-05	0.0906	GAACTATATTTCTGAAATAAAGAGAAAGAA
pattern_3		11:73488246:C:T:R:wC	59	88	+	11.8571	3e-05	0.0219	TCAACAAAAAATATAAACAACAACAAAAAA
pattern_3		3:156797365:A:G:A:wC	54	83	-	11.8571	3e-05	0.0219	ATACCTACAAAAAAAATAATTTTTATTTTT
pattern_3		16:84542617:G:C:R:wC	64	93	-	11.8571	3e-05	0.0219	AAAAAAAAAAAAAAAAGAAAAATCTTAGTA
pattern_3		17:44304910:G:C:R:wC	74	103	-	11.8571	3e-05	0.0219	TATCTACTAAAAATAACAAAAAATTAGTCG
pattern_3		17:27099061:C:A:R:wC	115	144	-	11.8571	3e-05	0.0219	CTTATTTTAAAATTATTATTATTACTATTT
pattern_3		4:57813895:G:A:R:wC	161	190	+	11.8571	3e-05	0.0219	TTCAAAAAAAAAAAAAAAAAAGTAGAGGAA
pattern_3		7:117372635:C:T:A:wC	170	199	+	11.8571	3e-05	0.0219	AAAAAAAAAAAAAAAAAAAAAAGTCAGGCA
pattern_4		22:25464565:G:A:A:wC	98	127	-	12.0119	3.01e-05	0.27	TCTCTACTAAAAATATAAAAAATTAGCTGG
pattern_4		17:57549673:T:C:R:wC	159	188	-	12.0119	3.01e-05	0.27	TCTCTACTAAAAATATAAAAAATTAGCTGG
pattern_4		11:18338736:G:A:A:wC	160	189	-	12.0119	3.01e-05	0.27	CTCAAAAAAAAAAAAAAAAAATTTATCAGG
pattern_1		15:40300214:G:C:R:wC	5	34	-	11.881	3.01e-05	0.123	AGAAACAAATATGAAAAAAAATTAATCGGT
pattern_6		2:163424167:C:T:A:wC	151	180	+	11.4048	3.01e-05	0.233	AATAAATAATTTTCAAATAACAAGAATAAT
pattern_6		2:163424167:C:T:R:wC	151	180	+	11.4048	3.01e-05	0.233	AATAAATAATTTTCAAATAACAAGAATAAT
pattern_2		13:49946894:C:A:A:wC	12	41	+	-18.1341	3.02e-05	0.0608	TTTGTTTTTGTTTTGTTTGGAGATGGAGTC
pattern_5		4:147070882:G:A:A:wC	103	132	-	12.0595	3.02e-05	0.0906	AAGAAAAAATAATTGAAAAGATGAATACCC
pattern_3		18:21120444:T:C:A:wC	33	62	+	11.8452	3.02e-05	0.022	AAGTTAAAAAAAAAAAAAAAAGGAAGTCAT
pattern_3		6:18161232:A:G:R:wC	10	39	-	11.8452	3.02e-05	0.022	CTCTACTAAAAATAAAAAAAAATCAACCAG
pattern_3		12:54124477:C:T:R:wC	12	41	-	11.8452	3.02e-05	0.022	AAAAAATAAAAATAAAAAAATAAAAAAATG
pattern_3		12:118682338:C:T:R:wC	43	72	+	11.8452	3.02e-05	0.022	AAAAAAATTGTTCTAAAAAAAAGTTTAAAG
pattern_0		17:62407974:C:T:A:wC	44	73	+	9.0119	3.03e-05	0.0246	CCTAGGAGGCAGAGGTTGCAGTGAGCTGAG
pattern_6		1:72819884:T:C:R:wC	85	114	+	11.3929	3.03e-05	0.233	TGTGAATATATTTTATAAGTTTATTGAGGA
pattern_1		10:38015694:G:A:A:wC	42	71	-	11.869	3.03e-05	0.123	AAAAAAAAAAAAAAAAAAAAAATCAATCGG
pattern_1		12:22763881:T:C:A:wC	74	103	-	11.869	3.03e-05	0.123	GGCGTTTATATTATAAATATATATTTATGT
pattern_1		12:66199734:G:A:A:wC	136	165	-	11.869	3.03e-05	0.123	TTATTTTTTAAATTTATTTTATTTTATTTT
pattern_4		1:90234055:C:A:A:wC	5	34	-	12	3.03e-05	0.27	ATAAAAAAAGAAATAAAAAATTAAAACAAA
pattern_4		1:90234055:C:A:R:wC	5	34	-	12	3.03e-05	0.27	ATAAAAAAAGAAATAAAAAATTAAAACAAA
pattern_2		9:100116833:G:C:A:wC	107	136	+	-18.1707	3.04e-05	0.061	ATTATTTTCAGATTGTTTTCAGAGGGAGGC
pattern_2		9:100116833:G:C:R:wC	107	136	+	-18.1707	3.04e-05	0.061	ATTATTTTCAGATTGTTTTCAGAGGGAGGC
pattern_0		4:176991793:C:T:A:wC	38	67	-	9	3.04e-05	0.0248	CCTGGGAGTTCAAGGCTGCAGTGAGCCATG
pattern_5		16:66536257:T:C:A:wC	12	41	+	12.0476	3.04e-05	0.0906	CTCTTAAAATAAATAAATGGAAAAAAAAAA
pattern_5		1:200641948:A:G:R:wC	1	30	-	12.0476	3.04e-05	0.0906	AGAGACTCCGTCTCAAAAAAAAAAAAAAAA
pattern_5		16:3538625:T:C:R:wC	17	46	-	12.0476	3.04e-05	0.0906	AATGAGATTCCATCTCAAAAAAAAAAAAAA
pattern_5		15:90241150:G:A:A:wC	63	92	-	12.0476	3.04e-05	0.0906	AGAGACTCCGTCTCAAAAAAAAAAAAAAAA
pattern_5		6:130367539:C:T:A:wC	99	128	+	12.0476	3.04e-05	0.0906	GTATTGAAGGTAATAAAATGAAAATAACCT
pattern_5		9:69499956:C:T:A:wC	118	147	+	12.0476	3.04e-05	0.0906	ACTTCGTCTCTACTAAAAATACAAAAAAAT
pattern_5		1:1811942:G:A:R:wC	169	198	+	12.0476	3.04e-05	0.0906	AGAGACTCCATCTCAAAAAAAAAATATATA
pattern_6		3:155547945:G:A:A:wC	139	168	+	11.381	3.05e-05	0.233	CTACTGAAAAATACAAAAAAAAAAAAAAAA
pattern_3		20:30021688:A:G:R:wC	79	108	+	11.8333	3.05e-05	0.0222	AAAAGGAAAGAAAAAAAAAAAAAAAGAAAC
pattern_3		12:125311934:C:T:R:wC	114	143	-	11.8333	3.05e-05	0.0222	ATAATAATAATAATAATATTAACCCCTGAC
pattern_5		4:152606975:T:G:A:wC	149	178	+	12.0357	3.07e-05	0.0907	ACCCTGTCTCTACTAAAAAGAAAATACAAA
pattern_3		8:72435504:C:G:A:wC	7	36	-	11.8214	3.07e-05	0.0222	CTCCGTCTCAAAAAAAAAAAAAAAAAGAAA
pattern_3		19:3418156:A:G:R:wC	28	57	-	11.8214	3.07e-05	0.0222	AAAAAAAAAAAAAAAAGAAAAGAAAATTAA
pattern_3		1:185401229:T:C:A:wC	40	69	-	11.8214	3.07e-05	0.0222	AAAAATTTAAAAAAAGAAATAAAAAGAAAG
pattern_3		12:8451233:G:A:A:wC	41	70	-	11.8214	3.07e-05	0.0222	TCTAAAAAAAAAAAAAAAAATTTAATTAGC
pattern_3		12:66199734:G:A:A:wC	130	159	+	11.8214	3.07e-05	0.0222	TAAAATAAAATAAAATAAAATAAATTTAAA
pattern_3		1:111732711:G:A:R:wC	170	199	+	11.8214	3.07e-05	0.0222	GTCTCAAAAAAAAAAAAAAAAAAAACTACC
pattern_0		13:114057197:A:G:R:wC	34	63	+	8.97619	3.08e-05	0.025	CCTGGGCGTCTGAGGCTGGAGGAAGCTCTG
pattern_1		4:163560740:A:G:R:wC	11	40	+	11.8452	3.08e-05	0.124	TGGCTTAAAGGATTGTAATTATTTATTATG
pattern_1		6:139019622:A:C:R:wC	69	98	-	11.8452	3.08e-05	0.124	AATTATATAAATATATAAATAGAAACACTT
pattern_4		15:90241150:G:A:A:wC	51	80	-	11.9762	3.08e-05	0.272	TCAAAAAAAAAAAAAAAAAAATTATAAAAG
pattern_6		17:61106371:A:G:A:wC	49	78	-	11.3571	3.08e-05	0.233	ACCATTTTTTGTATAAATAAAATTAGTATT
pattern_5		19:33856214:C:T:A:wC	3	32	-	12.0238	3.09e-05	0.0907	TACAATAATTAATTAAAAATAAAATAGTTC
pattern_5		19:33856191:A:G:R:wC	26	55	-	12.0238	3.09e-05	0.0907	TACAATAATTAATTAAAAATAAAATAGTTC
pattern_5		16:84542617:G:C:R:wC	81	110	-	12.0238	3.09e-05	0.0907	TGTGCACTTTCCTTGAAAAAAAAAAAAAAA
pattern_5		10:32579691:T:C:R:wC	116	145	-	12.0238	3.09e-05	0.0907	AGCAAGACTCCATCTAAAAAAAAAAAGATA
pattern_3		9:6177291:G:T:A:wC	6	35	-	11.8095	3.09e-05	0.0224	AGTATAATAATAAAAAATAAAAAATTAAAA
pattern_3		5:68680860:C:T:R:wC	18	47	-	11.8095	3.09e-05	0.0224	CTCCATTTCAAAAAAAAAAAAAAAAAGATT
pattern_3		4:119376994:C:G:R:wC	87	116	-	11.8095	3.09e-05	0.0224	AAAATGTTCATAATAAGAAAATACACAGAA
pattern_2		16:84542617:G:C:R:wC	76	105	+	-18.2683	3.1e-05	0.062	TCTTTTTTTTTTTTTTTTTTCAAGGAAAGT
pattern_6		5:98265807:G:T:R:wC	57	86	-	11.3452	3.1e-05	0.233	CATAAATAAAAAACAAAAATCATTAACCTT
pattern_4		2:178173955:A:G:R:wC	10	39	+	11.9643	3.11e-05	0.272	CAATGTCCTCATTTATAAAATGTAAATAAT
pattern_0		10:118429872:G:A:A:wC	133	162	+	8.95238	3.11e-05	0.0253	CCCCTCCCTCCCTGTCTCCTGTTAGGAGGG
pattern_2		10:104637508:T:C:R:wC	47	76	-	-18.2927	3.11e-05	0.0621	GATTATAAGTAATTTTTTTAAGAGATAGGG
pattern_2		15:100500445:T:C:A:wC	117	146	+	-18.2927	3.11e-05	0.0621	TTTTTTTGTTTTTGTGTTTTTGAGACAGAG
pattern_5		7:95966546:G:A:A:wC	27	56	-	12.0119	3.12e-05	0.0907	ATAAATAAATAAATAAATATAAATAAATGA
pattern_5		13:99113166:A:G:R:wC	70	99	+	12.0119	3.12e-05	0.0907	AAAAAAAAAGTTTTAAATAAACTGGGCGTG
pattern_5		11:12418784:C:A:A:wC	60	89	-	12.0119	3.12e-05	0.0907	TGAAAGATATGATTAAATAAATTATCTTTC
pattern_3		7:121801416:C:A:A:wC	18	47	+	11.7976	3.12e-05	0.0224	TCAAAAAAAAAAAAAAAAAAAAAAGAAAGA
pattern_3		12:120991456:T:G:A:wC	10	39	-	11.7976	3.12e-05	0.0224	TCTCTACTAAAAATACAAAAACAAAATTAG
pattern_3		18:48946262:A:G:A:wC	28	57	-	11.7976	3.12e-05	0.0224	CAAAAAAAAAAAAAAAAAAAAACAGAAGTT
pattern_3		2:54217148:G:C:R:wC	60	89	-	11.7976	3.12e-05	0.0224	CTCAAAAAAAAAAAAAAAAGAAAAGAAAAG
pattern_3		2:204649276:G:A:A:wC	120	149	+	11.7976	3.12e-05	0.0224	ATCTTAAAAAAAAAAAAAAAAAAAGTTAAC
pattern_3		10:32579691:T:C:R:wC	109	138	-	11.7976	3.12e-05	0.0224	CTCCATCTAAAAAAAAAAAGATAAAAAAAG
pattern_3		3:155547945:G:A:A:wC	148	177	+	11.7976	3.12e-05	0.0224	AATACAAAAAAAAAAAAAAAATAGCCGGAT
pattern_6		1:90234055:C:A:A:wC	5	34	-	11.3333	3.12e-05	0.233	ATAAAAAAAGAAATAAAAAATTAAAACAAA
pattern_6		1:90234055:C:A:R:wC	5	34	-	11.3333	3.12e-05	0.233	ATAAAAAAAGAAATAAAAAATTAAAACAAA
pattern_6		14:32031245:C:T:A:wC	93	122	-	11.3333	3.12e-05	0.233	AAAATAATAATAATAAAAAGCCATTTTAAA
pattern_1		19:53674839:G:A:A:wC	14	43	+	11.8214	3.12e-05	0.124	GTGTGTATATATATATATATATATATTTTT
pattern_1		22:25464565:G:A:A:wC	98	127	-	11.8214	3.12e-05	0.124	TCTCTACTAAAAATATAAAAAATTAGCTGG
pattern_1		1:72819884:T:C:R:wC	146	175	-	11.8214	3.12e-05	0.124	TGTATAAAAAATTATTAAATTTTATACTTG
pattern_1		17:57549673:T:C:R:wC	159	188	-	11.8214	3.12e-05	0.124	TCTCTACTAAAAATATAAAAAATTAGCTGG
pattern_4		5:94085085:T:C:R:wC	64	93	-	11.9524	3.13e-05	0.272	CGATAAGATGTTTTAAATATTTCTTTCATT
pattern_6		6:7388128:G:A:R:wC	55	84	+	11.3214	3.14e-05	0.233	TCTACTAAAAATACAAAAAAAAAAAAAAAA
pattern_6		5:118453771:T:G:A:wC	116	145	-	11.3214	3.14e-05	0.233	CTTAAAATAAAAGCAAAAATCAATTACATA
pattern_2		12:115556307:T:G:R:wC	36	65	+	-18.3415	3.14e-05	0.0626	GTTTTTTTTTTTTATTTTGCGGAAGTCTGG
pattern_3		9:6177291:G:T:A:wC	7	36	-	11.7857	3.14e-05	0.0226	AAGTATAATAATAAAAAATAAAAAATTAAA
pattern_3		17:17678573:G:A:A:wC	32	61	-	11.7857	3.14e-05	0.0226	AAAAAAAAAAAAAAAAAAATTACACATGAA
pattern_3		10:135211021:C:T:A:wC	59	88	-	11.7857	3.14e-05	0.0226	CTCTGCCTCAAAAAAAAAAAAAGAAAATAA
pattern_0		14:73712711:G:C:A:wC	82	111	+	8.92857	3.14e-05	0.0255	CCTGGGCTCCCTGGGCTCCGGCGGGGCGGG
pattern_0		12:121163518:C:A:A:wC	125	154	+	8.91667	3.16e-05	0.0256	GCCCCGCCCCCTGGCCGCGAGCGCACCTCG
pattern_5		3:141234523:T:C:A:wC	8	37	-	11.9881	3.17e-05	0.0916	AATAATATCACTTTCAATAAAGTTAATGAA
pattern_5		1:150748803:T:C:A:wC	142	171	-	11.9881	3.17e-05	0.0916	AAATAAGAAAGTTCAAAGAAAAGGAACTTA
pattern_3		12:94304792:C:A:R:wC	9	38	-	11.7738	3.17e-05	0.0227	CTCCATCTCAAAAAAAAAACAAAAACAAAA
pattern_3		18:48946262:A:G:A:wC	32	61	-	11.7738	3.17e-05	0.0227	GTCTCAAAAAAAAAAAAAAAAAAAAACAGA
pattern_3		4:149672240:C:T:R:wC	72	101	-	11.7738	3.17e-05	0.0227	CGAAAAAAAAAAAAAAAAAATCAAAACCAA
pattern_3		22:30929537:A:G:A:wC	142	171	+	11.7738	3.17e-05	0.0227	CTGTCTCAAAAAAAAAAAAAAAGAATACAC
pattern_3		4:176991793:C:T:A:wC	130	159	-	11.7738	3.17e-05	0.0227	GAAAAGTAAAAAAAAAAAAAATTAGCCAAG
pattern_1		15:32938057:T:C:A:wC	57	86	-	11.7976	3.17e-05	0.124	TCTCAAAAAGAAGAAAAAAAAATTGCTATG
pattern_1		4:186580675:G:A:R:wC	155	184	-	11.7976	3.17e-05	0.124	ACTAAAAATACAAAAAAAAAAATTAGCTGG
pattern_0		12:10597582:A:C:A:wC	103	132	-	8.90476	3.18e-05	0.0257	ACCAGGGGTCGGAGGTTGCAGTGAGCCGAG
pattern_6		2:75120525:C:A:R:wC	14	43	-	11.2976	3.18e-05	0.234	TGTTAAAATTTATTAATAATAGTTAACATC
pattern_2		10:31157085:G:A:R:wC	10	39	+	-18.4024	3.18e-05	0.0631	TTAAAGAATTTTTTTTTTTTTGAGACGGAG
pattern_2		10:31157085:G:A:A:wC	10	39	+	-18.4024	3.18e-05	0.0631	TTAAAGAATTTTTTTTTTTTTGAGACGGAG
pattern_5		5:54513508:C:T:A:wC	56	85	+	11.9762	3.19e-05	0.092	GGAGGTTTCATATTGATTAAATAAATCATT
pattern_3		8:95853197:G:A:R:wC	39	68	-	11.7619	3.19e-05	0.0228	CCATCTCAAAAAAAAAAAAAAAAATTATTA
pattern_3		16:84542617:G:C:R:wC	75	104	-	11.7619	3.19e-05	0.0228	CTTTCCTTGAAAAAAAAAAAAAAAAAAGAA
pattern_3		3:24341264:A:T:A:wC	90	119	-	11.7619	3.19e-05	0.0228	AAATAAATAAATAAATAAAAAAAAAAGCAT
pattern_3		6:43129333:G:A:A:wC	145	174	-	11.7619	3.19e-05	0.0228	AACAAAAACAAAAAAACAAAACAAACAAAA
pattern_1		9:24112926:G:C:R:wC	95	124	+	11.7857	3.19e-05	0.124	TTGTTGTTTGTTTGGAAAATATTTCTTAAC
pattern_0		11:75118589:C:A:A:wC	108	137	+	8.88095	3.21e-05	0.026	GCCCCGCCTCCCTGGTTCACACCATCCTAC
pattern_6		22:31991001:G:A:A:wC	60	89	+	11.2738	3.22e-05	0.235	AATAATAATAATTTATTTATTTATTTATTT
pattern_3		10:31157085:G:A:A:wC	10	39	-	11.75	3.22e-05	0.0229	CTCCGTCTCAAAAAAAAAAAAATTCTTTAA
pattern_3		10:31157085:G:A:R:wC	10	39	-	11.75	3.22e-05	0.0229	CTCCGTCTCAAAAAAAAAAAAATTCTTTAA
pattern_3		13:99113166:A:G:R:wC	61	90	+	11.75	3.22e-05	0.0229	CTATTAAAAAAAAAAAAAGTTTTAAATAAA
pattern_3		17:37191932:G:A:A:wC	44	73	-	11.75	3.22e-05	0.0229	AAAAAAAAAAAAAAAAAAAAAGCCAGTTAC
pattern_3		12:8451233:G:A:A:wC	45	74	-	11.75	3.22e-05	0.0229	CACTTCTAAAAAAAAAAAAAAAAATTTAAT
pattern_3		16:89867731:G:A:A:wC	116	145	+	11.75	3.22e-05	0.0229	GTCTCAAAAAAAAAAAAAAAAAAGCCAATG
pattern_1		12:54124477:C:T:R:wC	32	61	-	11.7738	3.22e-05	0.124	TCTCAAAAAAATAAAAAAATAAAAAATAAA
pattern_2		12:22763881:T:C:A:wC	163	192	+	-18.4756	3.22e-05	0.0639	CACATATTTATATATTATGTATGTATAATA
pattern_4		9:29713169:C:T:R:wC	15	44	-	11.9048	3.24e-05	0.275	AGTTGTATTAAACTAAAAACACTTAAGAGG
pattern_5		9:114841961:A:C:R:wC	23	52	-	11.9524	3.24e-05	0.0927	AAAACTTTGTCTCGAAAAAAAAAAAAAAAG
pattern_5		17:28771495:T:C:R:wC	67	96	-	11.9524	3.24e-05	0.0927	GTATTTAGCAAATTAAAAGAACGAGAAATG
pattern_5		3:107308283:C:T:R:wC	145	174	+	11.9524	3.24e-05	0.0927	CAGATGGTTACTTGAAAATAAAAATACAGC
pattern_3		21:41156516:A:G:R:wC	21	50	+	11.7381	3.24e-05	0.0229	AATTAAATAAGTATATTAAAAGTTTCTGTG
pattern_3		1:90234055:C:A:R:wC	7	36	-	11.7381	3.24e-05	0.0229	AAATAAAAAAAGAAATAAAAAATTAAAACA
pattern_3		1:90234055:C:A:A:wC	7	36	-	11.7381	3.24e-05	0.0229	AAATAAAAAAAGAAATAAAAAATTAAAACA
pattern_3		8:95853197:G:A:R:wC	40	69	-	11.7381	3.24e-05	0.0229	TCCATCTCAAAAAAAAAAAAAAAAATTATT
pattern_3		1:26377185:G:A:R:wC	64	93	-	11.7381	3.24e-05	0.0229	AAAAAAAAAAAAAAAAAAAAAGAGGCAGAT
pattern_3		18:21509668:A:C:A:wC	97	126	-	11.7381	3.24e-05	0.0229	TTAGGGCTCATTTTAAAAATAAAACCGCAA
pattern_3		11:66840675:C:T:A:wC	166	195	+	11.7381	3.24e-05	0.0229	ACTCTGTCAAAAAAAAAAAAAAAAAAAAAA
pattern_3		1:110187031:C:T:A:wC	152	181	-	11.7381	3.24e-05	0.0229	CCGTCTCTAAAAATACAAAAAATTAGCTGG
pattern_1		8:22335170:C:T:A:wC	57	86	-	11.7619	3.24e-05	0.124	AAAAAATAAAATAAAATAAAATGCCTAATT
pattern_0		19:44344928:C:T:R:wC	76	105	-	8.85714	3.25e-05	0.0262	CCTGGGAGGCAGAGCTTGCAGTGAGCCGAG
pattern_0		2:103147561:G:A:A:wC	127	156	-	8.85714	3.25e-05	0.0262	CCTGGGAGGCAGAGCTTGCAGTGAGCCGAG
pattern_0		5:67503533:T:A:A:wC	145	174	-	8.85714	3.25e-05	0.0262	CCTGGGAGGCAGAGCTTGCAGTGAGCCGAG
pattern_3		14:52117174:C:T:A:wC	34	63	-	11.7262	3.27e-05	0.023	CGTCTCAAAAAAAAAAAAAAAAAAAAAACT
pattern_3		19:53674839:G:A:A:wC	38	67	-	11.7262	3.27e-05	0.023	CGTCTAAAAAAAGAAAAAAAAAAAAAAAAT
pattern_3		17:19918630:C:T:A:wC	59	88	-	11.7262	3.27e-05	0.023	AAAAAAATTAAATTAAAAAAGACAGAATAT
pattern_3		4:189431946:G:A:R:wC	148	177	-	11.7262	3.27e-05	0.023	AAAAAAAAAAAAAAAAAAAAAGGCTAACAT
pattern_1		17:14407103:C:T:R:wC	62	91	-	11.75	3.27e-05	0.124	TTTTTAAAAACTGATATAATATGATAAAAG
pattern_1		17:34163387:G:C:R:wC	102	131	+	11.75	3.27e-05	0.124	TTGCTAAATTTGTTGAATATATGAAGATTT
pattern_1		11:18338736:G:A:A:wC	161	190	-	11.75	3.27e-05	0.124	TCTCAAAAAAAAAAAAAAAAAATTTATCAG
pattern_4		16:49884056:G:A:R:wC	59	88	-	11.8929	3.27e-05	0.275	TACACTCAGTAAATAAAAATACTTTACCGC
pattern_4		7:148849502:G:A:A:wC	110	139	-	11.8929	3.27e-05	0.275	TCTCTACTAAAAATAGAAAAAATTAGCCAG
pattern_2		19:39237303:A:G:R:wC	64	93	-	-18.5732	3.29e-05	0.065	CCTTTTTTTTTTTTTTTTTGAGATGGAGTT
pattern_1		17:34163387:G:C:R:wC	110	139	-	11.7381	3.29e-05	0.124	AAGGAATAAAATCTTCATATATTCAACAAA
pattern_3		2:197074540:C:T:R:wC	42	71	-	11.7143	3.29e-05	0.0231	CGTCTCAAAAAAAAAAAAAAAAGAAAGAAA
pattern_3		17:15758268:G:A:A:wC	62	91	-	11.7143	3.29e-05	0.0231	AAGAAAAAAAAAAAAAAAAGAGTTAAATCC
pattern_3		2:3634425:G:A:R:wC	132	161	+	11.7143	3.29e-05	0.0231	TCTCTACTAAAAATACAAAAAATTAGCTGG
pattern_3		3:55584998:C:T:A:wC	140	169	+	11.7143	3.29e-05	0.0231	CGTCTCAAAAAAAAAAAAAAAAGAAAGAAA
pattern_3		1:178982289:C:G:A:wC	143	172	+	11.7143	3.29e-05	0.0231	TCTCTACTAAAAATACAAAAAATTAGCTGG
pattern_3		8:76755254:T:C:A:wC	145	174	+	11.7143	3.29e-05	0.0231	AACTCAATAAGTATAAAACTAAACCCTTTA
pattern_3		7:150495470:C:A:A:wC	153	182	-	11.7143	3.29e-05	0.0231	TCTCTACTAAAAATACAAAAAATTAGCTGG
pattern_3		15:41760617:A:G:R:wC	158	187	-	11.7143	3.29e-05	0.0231	TCTCTACTAAAAATACAAAAAATTAGCTGG
pattern_5		10:97794477:A:T:R:wC	59	88	+	11.9286	3.29e-05	0.0939	AGATCAAGTATTTTAAATGGACATATTGCT
pattern_4		15:98873449:G:A:R:wC	169	198	+	11.881	3.29e-05	0.275	GTCTATGCACTTACAAATAAATTTTGTGAT
pattern_0		1:2501338:C:T:R:wC	50	79	-	8.82143	3.3e-05	0.0266	CCTGTGAGTCCCAGGGGCCGGGGGTCCACA
pattern_1		22:31991001:G:A:A:wC	66	95	+	11.7262	3.31e-05	0.124	AATAATTTATTTATTTATTTATTTATTTAT
pattern_3		22:42940318:T:C:A:wC	1	30	+	11.7024	3.32e-05	0.0232	ACTTGTCTCAAAAAAAAAAAAAAGTTCTAA
pattern_3		6:121805330:C:T:R:wC	165	194	-	11.7024	3.32e-05	0.0232	TGTGTACTAAAAATCCAAAAAAAAAAAAAA
pattern_0		9:138016676:C:T:A:wC	144	173	+	8.80952	3.32e-05	0.0267	AGTCAGGCTCTGAGACACCAGCAATTTCCC
pattern_2		12:11962839:C:T:A:wC	12	41	+	-18.622	3.32e-05	0.0655	TTTTTTTTTTTTTTTTTTTTTTGGAGAGAG
pattern_0		2:27243001:C:T:A:wC	149	178	-	8.79762	3.33e-05	0.0269	CTTCAGCCTTATCTCCTACTTTGATTCCCC
pattern_1		11:75118589:C:A:A:wC	11	40	-	11.7143	3.34e-05	0.124	AATAAAAATAATAAAAAATAATTTGCGGAT
pattern_1		12:110950376:T:C:A:wC	14	43	-	11.7143	3.34e-05	0.124	TGTTCTTCTTTTGTTAATATATTTTTATTG
pattern_1		1:155857540:G:A:A:wC	26	55	-	11.7143	3.34e-05	0.124	TCAAAAAAAAAAAAAAAAAAAATTAGCGGG
pattern_1		2:204649276:G:A:A:wC	122	151	+	11.7143	3.34e-05	0.124	CTTAAAAAAAAAAAAAAAAAAAGTTAACTT
pattern_3		2:242375013:G:A:R:wC	9	38	-	11.6905	3.34e-05	0.0233	CCGTCTCAAAAAAAAAAAAAAAAAAATTAC
pattern_3		1:155857540:G:A:A:wC	30	59	-	11.6905	3.34e-05	0.0233	CATCTCAAAAAAAAAAAAAAAAAAAATTAG
pattern_3		1:232271422:A:G:R:wC	42	71	-	11.6905	3.34e-05	0.0233	CCCACAAAAAAATTACAAAAAACATTTTTA
pattern_2		17:28771495:T:C:R:wC	147	176	+	-18.6585	3.34e-05	0.0657	TTTTTTTTTTTTTTTTTTTGAGACAGAGCT
pattern_5		12:28300347:A:G:A:wC	28	57	-	11.9048	3.34e-05	0.0951	TGAGACTCTATCTCAAAAAAAAAAAAAAAA
pattern_4		12:6477378:C:T:R:wC	27	56	+	11.8571	3.35e-05	0.275	GAAAAACTTTAAACAAATTAAATTTAACTT
pattern_2		15:65566674:G:A:R:wC	6	35	+	-18.6707	3.35e-05	0.0657	CATACTTTTTTTTTTTTTTTTGAAAGTGGA
pattern_2		15:65566674:G:A:R:wC	148	177	-	-18.6707	3.35e-05	0.0657	TTGTTTGTTTTGTTTTGTGGAGATGCGGTT
pattern_0		6:51004794:C:A:A:wC	67	96	+	8.78571	3.35e-05	0.027	GTTCGAGCTTCTGGGCCGCTTTGTTTACCT
pattern_0		19:17385502:A:G:R:wC	119	148	-	8.78571	3.35e-05	0.027	TGTCCTGCGCCCAGGTTCAAGTGGCTGTAG
pattern_1		8:95853197:G:A:R:wC	33	62	-	11.7024	3.36e-05	0.124	CAAAAAAAAAAAAAAAAATTATTATTCTCT
pattern_1		7:78022018:C:T:R:wC	46	75	-	11.7024	3.36e-05	0.124	AGCGAAATAAATATAAATTTATTCTCAAAA
pattern_1		1:89475842:A:G:A:wC	54	83	-	11.7024	3.36e-05	0.124	TCAAAAAAAAAAAAAAAATTAGTTAATTAA
pattern_2		10:94475111:G:A:R:wC	74	103	+	-18.6951	3.37e-05	0.0659	CTTTTTTTTTTTTTTTTTTTGAGACCGAGT
pattern_5		6:51392548:C:A:R:wC	111	140	-	11.8929	3.37e-05	0.0956	GGTAAGCAATAATTAAAATGAGGATTTACT
pattern_6		1:165659714:C:T:A:wC	33	62	+	11.1786	3.37e-05	0.243	ATCTTTAAGACTATAAAAAGTTTAACTATC
pattern_0		11:118992502:T:G:R:wC	132	161	+	8.7619	3.39e-05	0.0272	CCTTAGCGTGAAGGATTCCGGGAAGCCTGC
pattern_1		10:31146615:T:C:R:wC	55	84	+	11.6905	3.39e-05	0.124	AAGCAAAAGCATATTTTTATATTTGAATTT
pattern_1		12:66199734:G:A:A:wC	132	161	+	11.6905	3.39e-05	0.124	AAATAAAATAAAATAAAATAAATTTAAAAA
pattern_1		2:131635369:T:C:R:wC	114	143	-	11.6905	3.39e-05	0.124	AGAAGTGATGAATGATAAATAATTACATGT
pattern_1		13:34516164:T:A:R:wC	127	156	-	11.6905	3.39e-05	0.124	TTAGAGAAAAAGTAGACAATATTTTAAAAA
pattern_2		17:29074239:T:C:A:wC	37	66	+	-18.7317	3.39e-05	0.0663	TAGTTCTTTTTTTTCTTTTTTGAGATGGAG
pattern_3		19:53674839:G:A:A:wC	18	47	+	11.6667	3.39e-05	0.0236	GTATATATATATATATATATATTTTTTTTT
pattern_3		7:101516234:C:A:R:wC	14	43	-	11.6667	3.39e-05	0.0236	CCGTCTCAAAAAAAATAAAAAATAAAAAAG
pattern_3		14:24158734:A:G:A:wC	14	43	-	11.6667	3.39e-05	0.0236	TAAAGTATAATTTAAAAAAAAAAAACCACA
pattern_3		7:101516234:C:A:A:wC	14	43	-	11.6667	3.39e-05	0.0236	CCGTCTCAAAAAAAATAAAAAATAAAAAAG
pattern_3		1:26377185:G:A:R:wC	62	91	-	11.6667	3.39e-05	0.0236	AAAAAAAAAAAAAAAAAAAGAGGCAGATTA
pattern_6		1:67481070:G:T:A:wC	39	68	+	11.1667	3.39e-05	0.243	TACAAGGCTTTATTAAAAATTAACTTTAAT
pattern_5		15:68589371:G:A:R:wC	171	200	-	11.881	3.39e-05	0.096	CTACAAAAAATACCAAAATAAAAAGAATTA
pattern_4		5:177042154:T:C:R:wC	31	60	-	11.8333	3.4e-05	0.275	TAGAAAAAAGAAATAAAAACAGTACTTTCA
pattern_4		16:84857345:A:G:R:wC	169	198	+	11.8333	3.4e-05	0.275	GACCATCATTTTTTAAAAATTATAAATTAT
pattern_2		19:4756166:T:C:A:wC	1	30	-	-18.7561	3.41e-05	0.0665	TATTTTTTTTTTTTTTTTTTAGTAAAGACG
pattern_0		17:29073546:C:T:A:wC	63	92	+	8.75	3.41e-05	0.0273	GCTCTGTCACCCAGGCTGGAGTGCAGTGAC
pattern_6		10:78342790:G:A:A:wC	11	40	+	11.1548	3.41e-05	0.243	TGTTTCTATAATTTATTTATTTATTGTTTG
pattern_6		19:11430229:G:A:R:wC	160	189	+	11.1548	3.41e-05	0.243	AAACAAAACAAAACAAAAAAACAAAAAAAG
pattern_2		4:147070882:G:A:A:wC	123	152	+	-18.7683	3.41e-05	0.0665	ATTTTTTCTTTTTGTCTTTCAGATTTGGAA
pattern_3		11:32718439:G:T:A:wC	55	84	-	11.6548	3.42e-05	0.0238	TTCAAAAAAAAAAAAAAAATCCTTGTGTTT
pattern_3		11:32718439:G:T:R:wC	55	84	-	11.6548	3.42e-05	0.0238	TTCAAAAAAAAAAAAAAAATCCTTGTGTTT
pattern_3		6:88112460:A:G:R:wC	133	162	+	11.6548	3.42e-05	0.0238	GTGCTGAAAAAATTAGAAATTTTAAACCAA
pattern_5		1:203830556:C:A:A:wC	18	47	+	11.869	3.42e-05	0.096	AAAAAAAAAAAAAGAAAAGAAATTGGAGAC
pattern_5		19:33856214:C:T:A:wC	16	45	-	11.869	3.42e-05	0.096	AGACCCTATCTCTTACAATAATTAATTAAA
pattern_5		19:33856191:A:G:R:wC	39	68	-	11.869	3.42e-05	0.096	AGACCCTATCTCTTACAATAATTAATTAAA
pattern_2		16:67453634:T:A:R:wC	49	78	+	-18.7805	3.42e-05	0.0665	CCTTCCTTCTCTTTGTTAGAGGAGGTAGTA
pattern_1		9:113038318:A:G:R:wC	54	83	+	11.6667	3.44e-05	0.124	GAAAAGAAAAAATAAAATAAAATTTCATCA
pattern_1		12:118682338:C:T:R:wC	66	95	-	11.6667	3.44e-05	0.124	AGAAAAAAGAAATTAACAAAATTCTTTAAA
pattern_1		6:36653597:C:T:R:wC	165	194	-	11.6667	3.44e-05	0.124	TAAATTAAAACACAAATAATAATTAAGACA
pattern_0		19:39238319:C:G:A:wC	79	108	+	8.72619	3.44e-05	0.0276	CCTCGGCCATCCACAGTCAACGTGTCTCCT
pattern_0		17:19808445:T:C:A:wC	80	109	+	8.72619	3.44e-05	0.0276	CGCTGGCGCCACGTGGTCAACGGAGTGTGC
pattern_3		19:53674839:G:A:A:wC	14	43	+	11.6429	3.44e-05	0.0238	GTGTGTATATATATATATATATATATTTTT
pattern_3		3:55584998:C:T:A:wC	147	176	+	11.6429	3.44e-05	0.0238	AAAAAAAAAAAAAAAGAAAGAAAGAAATAA
pattern_3		16:88073835:C:G:R:wC	119	148	-	11.6429	3.44e-05	0.0238	TGATGGAAAAAAAAAAAAAAAAGGATTTCC
pattern_3		13:31024008:G:A:R:wC	158	187	+	11.6429	3.44e-05	0.0238	TCTCTACTAAGAATACAAAAAAAAAAAAGT
pattern_3		6:51392548:C:A:R:wC	154	183	-	11.6429	3.44e-05	0.0238	AAAAAAAAAAAAAAAAAAAAAGAAGAAGAA
pattern_3		12:89874125:G:A:A:wC	168	197	-	11.6429	3.44e-05	0.0238	TATAAAAAAAAAAAAAAGAATTATAAATTA
pattern_5		16:66536257:T:C:A:wC	3	32	+	11.8571	3.45e-05	0.0963	AGACCCTGTCTCTTAAAATAAATAAATGGA
pattern_5		6:139019622:A:C:R:wC	69	98	-	11.8571	3.45e-05	0.0963	AATTATATAAATATATAAATAGAAACACTT
pattern_6		6:139019622:A:C:R:wC	79	108	-	11.131	3.45e-05	0.244	GATAATAATAAATTATATAAATATATAAAT
pattern_1		6:168177053:T:C:R:wC	72	101	+	11.6548	3.47e-05	0.124	TGTCTCAAATAAATAAATTAATTAAATATT
pattern_1		5:76752546:A:C:A:wC	68	97	-	11.6548	3.47e-05	0.124	AAAAAAATAATAAAATAAAAATTTTTAAAA
pattern_1		1:72819884:T:C:R:wC	148	177	-	11.6548	3.47e-05	0.124	CCTGTATAAAAAATTATTAAATTTTATACT
pattern_3		16:3538625:T:C:R:wC	1	30	-	11.631	3.47e-05	0.024	AAAAAAAAAAAAAAAAAAGAAAATACACTG
pattern_3		19:3418156:A:G:R:wC	37	66	-	11.631	3.47e-05	0.024	TATGTCTCAAAAAAAAAAAAAAAAAGAAAA
pattern_3		15:91418297:T:A:R:wC	59	88	-	11.631	3.47e-05	0.024	TCTCAAAAAAAAAAAAAAAAAAAAAAGTGT
pattern_5		9:139975755:G:A:R:wC	159	188	-	11.8452	3.47e-05	0.0968	AAAAAAAAAAAAATACAAAAAAATGAGCCG
pattern_0		10:88373843:A:G:A:wC	145	174	+	8.70238	3.48e-05	0.0278	GCCCCGCCTCCCCTCGTCCTGCTACGTTAT
pattern_0		10:88373843:A:G:R:wC	145	174	+	8.70238	3.48e-05	0.0278	GCCCCGCCTCCCCTCGTCCTGCTACGTTAT
pattern_0		12:75916811:G:A:R:wC	154	183	+	8.70238	3.48e-05	0.0278	GTTCGAGCTTCCTGGCTGCTTTGTTTACCT
pattern_0		8:23398955:T:A:R:wC	165	194	+	8.70238	3.48e-05	0.0278	CCTTTGTCTCAGGGTCCCCACGGTGCCCAT
pattern_1		6:33233389:C:T:A:wC	16	45	+	11.6429	3.49e-05	0.124	GGTTAAGTTTATTTTTAAATTTTTTGTAGA
pattern_1		3:32982922:T:C:R:wC	20	49	-	11.6429	3.49e-05	0.124	AAAAAAAAAAAAAAAAAAAAATGAAAAGAC
pattern_1		7:100702058:T:C:A:wC	129	158	-	11.6429	3.49e-05	0.124	TATTTTTAGTTACTACAAATATATATTATA
pattern_2		8:95853197:G:A:R:wC	43	72	+	-18.8902	3.5e-05	0.0677	AATTTTTTTTTTTTTTTTTGAGATGGAGTA
pattern_2		1:110187031:C:T:A:wC	154	183	+	-18.8902	3.5e-05	0.0677	AGCTAATTTTTTGTATTTTTAGAGACGGGG
pattern_3		17:29074239:T:C:A:wC	32	61	-	11.619	3.5e-05	0.0241	TCTCAAAAAAGAAAAAAAAGAACTAATAAC
pattern_3		19:39644139:C:T:R:wC	37	66	-	11.619	3.5e-05	0.0241	TGTTTCAAAAAAATAAAACAACAACAACAA
pattern_3		3:49355005:T:C:A:wC	62	91	-	11.619	3.5e-05	0.0241	GTCTCAAAAAAAAAAAAAAAACAAACAAAC
pattern_3		1:221028584:G:A:A:wC	69	98	-	11.619	3.5e-05	0.0241	GTACATTTAAAAATAACTAAAAGGTTATAA
pattern_0		15:100332919:T:C:A:wC	63	92	-	8.69048	3.5e-05	0.0279	CCACAAGCTCCTGGGGGGCTGGGGCTCCTG
pattern_0		15:100332919:T:C:R:wC	63	92	-	8.69048	3.5e-05	0.0279	CCACAAGCTCCTGGGGGGCTGGGGCTCCTG
pattern_5		14:96932075:G:A:R:wC	3	32	+	11.8333	3.5e-05	0.0972	TATGTAAAAGGATTAAAATAAAATCCTTTT
pattern_1		3:128350038:C:T:A:wC	12	41	+	11.631	3.52e-05	0.124	TGTCTCCAAAAAAAAAAAAAATATATGGTT
pattern_1		2:146273266:T:A:A:wC	118	147	-	11.631	3.52e-05	0.124	AAAAAAAAAAAAAAAAAAAAAGATTACATA
pattern_1		12:22763881:T:C:A:wC	148	177	-	11.631	3.52e-05	0.124	ATATATAAATATGTGCATATATATTTTATA
pattern_0		10:134324792:T:C:A:wC	61	90	-	8.67857	3.52e-05	0.028	CTTCCTCCTCCTCTGGCCATGTGACGTGCC
pattern_0		10:134324792:T:C:R:wC	61	90	-	8.67857	3.52e-05	0.028	CTTCCTCCTCCTCTGGCCATGTGACGTGCC
pattern_0		19:2754576:C:G:A:wC	171	200	-	8.67857	3.52e-05	0.028	CCTCCAACCCCAAACCTCGAGAAAACCCCC
pattern_3		9:131683644:C:T:A:wC	21	50	-	11.6071	3.52e-05	0.0242	AAATAAATAAATAAATAATAAATAAAAATA
pattern_3		10:94475111:G:A:R:wC	69	98	-	11.6071	3.52e-05	0.0242	GTCTCAAAAAAAAAAAAAAAAAAAGGGAAA
pattern_3		11:572473:T:C:A:wC	79	108	-	11.6071	3.52e-05	0.0242	CTGTCTCTGCTAAAAAAAAAAAATACAAAA
pattern_3		4:147070882:G:A:A:wC	107	136	-	11.6071	3.52e-05	0.0242	CAAAAAGAAAAAATAATTGAAAAGATGAAT
pattern_3		7:6079662:T:C:A:wC	133	162	-	11.6071	3.52e-05	0.0242	AATAAAAAAATAAAACTAAAAACATGAAAA
pattern_5		6:53443540:T:A:A:wC	140	169	+	11.8214	3.53e-05	0.0977	AATAGTATTTCATTATATAAATGTGCTACA
pattern_2		1:171719769:C:T:R:wC	58	87	+	-18.939	3.53e-05	0.0679	TTTTTTTTTTTTTTTTTTTGAGACAGAGTT
pattern_2		17:74481538:A:C:A:wC	45	74	-	-18.939	3.53e-05	0.0679	TTTTTTTTTTTTTTTTTTTGAGACAGAGTT
pattern_2		17:74481538:A:C:R:wC	45	74	-	-18.939	3.53e-05	0.0679	TTTTTTTTTTTTTTTTTTTGAGACAGAGTT
pattern_2		18:55129900:A:G:R:wC	162	191	+	-18.939	3.53e-05	0.0679	TTTTTTTTTTTTTTTTTTTGAGACAGAGTT
pattern_0		7:584072:A:C:A:wC	17	46	-	8.66667	3.54e-05	0.0281	AGCCTGACTCCCAGCATCCTGTGGGCCTGA
pattern_6		22:40759308:A:G:R:wC	57	86	+	11.0833	3.54e-05	0.244	AAAAGAAGTATTTTAAATTGCCTTAAACTA
pattern_1		21:41156516:A:G:R:wC	23	52	-	11.619	3.54e-05	0.124	ATCACAGAAACTTTTAATATACTTATTTAA
pattern_1		22:31991001:G:A:A:wC	72	101	-	11.619	3.54e-05	0.124	TTAAAAATAAATAAATAAATAAATAAATAA
pattern_1		10:32579691:T:C:R:wC	93	122	-	11.619	3.54e-05	0.124	AAAGATAAAAAAAGAAAAATACATATATAC
pattern_4		5:75705617:T:C:A:wC	59	88	+	11.7738	3.55e-05	0.275	TTGAGAAATGAAATAGAAACTTTAGTAGTG
pattern_4		5:75705617:T:C:R:wC	59	88	+	11.7738	3.55e-05	0.275	TTGAGAAATGAAATAGAAACTTTAGTAGTG
pattern_4		12:125311934:C:T:R:wC	129	158	-	11.7738	3.55e-05	0.275	CTGGTGGTTAAAATAATAATAATAATAATA
pattern_3		10:81950326:C:T:R:wC	2	31	-	11.5952	3.55e-05	0.0243	AAAAAAAAAAAAAAAAATTTATTGTAAATT
pattern_3		17:76923151:G:A:R:wC	58	87	-	11.5952	3.55e-05	0.0243	GGGCAATTCTTTTTAAAAAAAAAAAAAAAA
pattern_3		2:204649276:G:A:A:wC	118	147	+	11.5952	3.55e-05	0.0243	CCATCTTAAAAAAAAAAAAAAAAAAAGTTA
pattern_3		10:90574222:C:G:R:wC	112	141	-	11.5952	3.55e-05	0.0243	ATATGAAAAATTATAATCAGAAACAAACAA
pattern_5		5:67503533:T:A:A:wC	61	90	-	11.8095	3.55e-05	0.0977	AGAAAAAGAAAAAGAAAAGAAAGAAAGAAT
pattern_5		10:126458649:T:C:R:wC	127	156	+	11.8095	3.55e-05	0.0977	ATCTCGTCTCTACTAAAAAAATACAAAAAT
pattern_5		19:4756166:T:C:A:wC	171	200	+	11.8095	3.55e-05	0.0977	AGAGAGACTCCTCTCAAAAAAAGAAAAAAA
pattern_0		22:25464565:G:A:A:wC	156	185	+	8.65476	3.56e-05	0.0282	TCTCGATCTCCTGACCTCATGATCTGCCCA
pattern_6		2:178173955:A:G:R:wC	17	46	-	11.0714	3.56e-05	0.244	TGCTATTATTATTTACATTTTATAAATGAG
pattern_6		14:35819834:C:G:R:wC	61	90	+	11.0714	3.56e-05	0.244	AGAAGAATTACATTAAAAAGAGAGAGAAAA
pattern_1		5:34500013:T:A:R:wC	96	125	-	11.6071	3.57e-05	0.124	AATAAAAAATAAATAAATAAATAAAAACAG
pattern_0		19:9958878:A:G:A:wC	68	97	-	8.64286	3.57e-05	0.0284	CCTCTACCCCTCAGGGTGGTAAGGGTCCCC
pattern_4		3:156797365:A:G:A:wC	56	85	-	11.7619	3.58e-05	0.275	CCATACCTACAAAAAAAATAATTTTTATTT
pattern_5		15:40300214:G:C:R:wC	44	73	-	11.7976	3.58e-05	0.098	AGAAAGAAATATGTATAAGAAATTGTTGAA
pattern_5		17:19918630:C:T:A:wC	60	89	-	11.7976	3.58e-05	0.098	AAAAAAAATTAAATTAAAAAAGACAGAATA
pattern_2		3:141110287:C:G:R:wC	13	42	+	-19.0244	3.59e-05	0.0689	AAACTTTCCTTTCTTTGTGTAAATGTTGCT
pattern_2		4:188862039:A:C:R:wC	25	54	+	-19.0366	3.6e-05	0.0689	AAGTTATATATATATTTTTTTGAGACGGAG
pattern_6		7:144547326:T:C:R:wC	101	130	-	11.0476	3.6e-05	0.244	AAGAAACATTTTTTAAAAAATAAAACACAC
pattern_6		1:240104496:A:G:R:wC	125	154	-	11.0476	3.6e-05	0.244	AGACTGGGTAATTTACAAAGTAAAGAGGTT
pattern_2		8:23069574:T:C:R:wC	83	112	+	-19.0488	3.6e-05	0.0689	ATAATTTTTGTATATAGTATAGGGTAAGGA
pattern_3		16:4014964:A:G:R:wC	15	44	+	11.5714	3.6e-05	0.0246	CCGGGTAAATAAATAAATAAATAAATGCAA
pattern_3		8:95853197:G:A:R:wC	26	55	+	11.5714	3.6e-05	0.0246	TGTTTAGAGAGAATAATAATTTTTTTTTTT
pattern_3		1:90234055:C:A:R:wC	22	51	-	11.5714	3.6e-05	0.0246	AATAGAAAAAATAAAAAATAAAAAAAGAAA
pattern_3		1:90234055:C:A:A:wC	22	51	-	11.5714	3.6e-05	0.0246	AATAGAAAAAATAAAAAATAAAAAAAGAAA
pattern_3		9:131683644:C:T:A:wC	29	58	-	11.5714	3.6e-05	0.0246	CGGTCTCAAAATAAATAAATAAATAATAAA
pattern_5		1:46883303:A:G:A:wC	160	189	-	11.7857	3.61e-05	0.0982	CAAAACTCCGTCTTAATAAAAAAAAAAAAA
pattern_5		1:46883303:A:G:R:wC	160	189	-	11.7857	3.61e-05	0.0982	CAAAACTCCGTCTTAATAAAAAAAAAAAAA
pattern_0		4:8129176:T:C:R:wC	3	32	-	8.61905	3.61e-05	0.0286	CGCCGGCACCACGAGCGCCAGTGGGTGCAG
pattern_0		6:43129333:G:A:A:wC	83	112	-	8.61905	3.61e-05	0.0286	GCCCACCCTCCTTATCTCCAGGGCCCACCC
pattern_0		15:43933941:T:C:A:wC	147	176	+	8.61905	3.61e-05	0.0286	CCTGGCTCTTCCGGGCTCAAGAGCCTCTGG
pattern_2		19:3418156:A:G:R:wC	40	69	+	-19.0854	3.63e-05	0.0693	TCTTTTTTTTTTTTTTTTTGAGACATAGTC
pattern_3		17:61106371:A:G:A:wC	12	41	+	11.5595	3.63e-05	0.0247	GAAATAATATTGATAAAAAGATATATGATA
pattern_3		2:178173955:A:G:R:wC	29	58	+	11.5595	3.63e-05	0.0247	ATGTAAATAATAATAGCAACACTGTCATAT
pattern_3		8:72435504:C:G:A:wC	5	34	-	11.5595	3.63e-05	0.0247	CCGTCTCAAAAAAAAAAAAAAAAAGAAAAA
pattern_3		7:97991125:A:G:A:wC	15	44	-	11.5595	3.63e-05	0.0247	TCTCAAAAAAGAAAAAAAAGAAGAAATTTT
pattern_3		7:97991125:A:G:R:wC	15	44	-	11.5595	3.63e-05	0.0247	TCTCAAAAAAGAAAAAAAAGAAGAAATTTT
pattern_3		19:16461254:G:A:R:wC	67	96	+	11.5595	3.63e-05	0.0247	TCTCTACTAAAAATACAAAAAAATTTGCTG
pattern_3		17:76923151:G:A:R:wC	39	68	-	11.5595	3.63e-05	0.0247	AAAAAAAAAAAAAAACAAAAAAAAACAAGA
pattern_3		3:49355005:T:C:A:wC	57	86	-	11.5595	3.63e-05	0.0247	AAAAAAAAAAAAAAAACAAACAAACAAAAA
pattern_4		17:74637022:T:C:R:wC	25	54	+	11.7381	3.64e-05	0.275	TTGAAACAGGAATTAAAAGAAATTAAAGAA
pattern_5		3:195707336:T:C:A:wC	110	139	-	11.7738	3.64e-05	0.0984	AAAAAACAAAATCCATAAAAATTTTAAAAT
pattern_6		2:75259915:A:G:R:wC	8	37	+	11.0238	3.64e-05	0.244	TGTGCTGTAAATGTAAAATACCATTATGAT
pattern_6		2:178173955:A:G:R:wC	19	48	+	11.0238	3.64e-05	0.244	CATTTATAAAATGTAAATAATAATAGCAAC
pattern_2		8:95257128:T:G:R:wC	45	74	+	-19.122	3.66e-05	0.0697	TTTTTCTTTCTTTCTTTTTTTGAGACAGAA
pattern_3		19:33856191:A:G:R:wC	20	49	-	11.5476	3.66e-05	0.0248	AATTAATTAAAAATAAAATAGTTCTGAGAA
pattern_3		19:3418156:A:G:R:wC	24	53	-	11.5476	3.66e-05	0.0248	AAAAAAAAAAAAGAAAAGAAAATTAAATTT
pattern_3		7:78022018:C:T:R:wC	46	75	-	11.5476	3.66e-05	0.0248	AGCGAAATAAATATAAATTTATTCTCAAAA
pattern_5		12:54711574:A:G:A:wC	67	96	+	11.7619	3.67e-05	0.0984	CGAGACTCCATCTCAAAAAAAAAAAAAAAA
pattern_5		10:104637508:T:C:R:wC	104	133	-	11.7619	3.67e-05	0.0984	CGAGACTCCATCTCAAAAAAAAAAAAAAAA
pattern_5		5:176681393:G:A:R:wC	105	134	-	11.7619	3.67e-05	0.0984	CTCTGTCGCAGATTAAAAAGAAAAAAAACA
pattern_5		16:15698462:T:C:R:wC	156	185	-	11.7619	3.67e-05	0.0984	GGAAAGAATGAATGAAAAATAAAGAGAATG
pattern_6		1:67481070:G:T:A:wC	10	39	-	11.0119	3.67e-05	0.244	AAATAAATCTATTTAATTTTAATTAGTTTG
pattern_6		4:186580675:G:A:R:wC	158	187	-	11.0119	3.67e-05	0.244	TCTACTAAAAATACAAAAAAAAAAATTAGC
pattern_4		9:114839327:A:G:A:wC	72	101	-	11.7262	3.67e-05	0.275	CCGCCCCTTTCTATAAAAACTCCTTGAAAG
pattern_3		18:14133319:T:C:A:wC	57	86	+	11.5357	3.69e-05	0.025	TGTGGTCAACAAATAATTATAAATATTTTG
pattern_3		4:119376994:C:G:R:wC	124	153	+	11.5357	3.69e-05	0.025	TGGAATCATATATTATTAATATGTGGTCTT
pattern_0		10:71261430:A:G:R:wC	64	93	+	8.57143	3.69e-05	0.0291	TCTAAGCCTCAGGACCTCATGGACTCACTG
pattern_0		22:30929537:A:G:A:wC	73	102	+	8.57143	3.69e-05	0.0291	CCTGGGAGGCGGAGGTTGCAGTGAGCTGAG
pattern_0		20:32133484:G:C:A:wC	85	114	+	8.57143	3.69e-05	0.0291	TCTTGAACTCCTGACCTCAGGTTATCTGTC
pattern_5		6:51378450:T:G:A:wC	119	148	+	11.75	3.69e-05	0.0989	TAAAGATGAAAATTTAAAAGAAAAATTGAC
pattern_4		5:76752546:A:C:A:wC	68	97	-	11.7143	3.7e-05	0.275	AAAAAAATAATAAAATAAAAATTTTTAAAA
pattern_1		22:31991001:G:A:A:wC	53	82	-	11.5476	3.7e-05	0.128	TAAATAAATAAATTATTATTATTTCTTCAT
pattern_6		7:87110017:G:A:R:wC	29	58	-	10.9881	3.71e-05	0.244	GGCAAAGACAAAATAAATAAAAATGAGATC
pattern_0		10:72253926:G:A:A:wC	56	85	+	8.55952	3.71e-05	0.0293	GCCCTGCGACCGGAGGTCCTTTTTCTCCAG
pattern_3		3:32982922:T:C:R:wC	19	48	-	11.5238	3.72e-05	0.0251	AAAAAAAAAAAAAAAAAAAATGAAAAGACA
pattern_3		5:176681393:G:A:R:wC	93	122	-	11.5238	3.72e-05	0.0251	TTAAAAAGAAAAAAAACAACAACGAAACTT
pattern_3		1:35841258:C:T:A:wC	104	133	-	11.5238	3.72e-05	0.0251	GCTGAGATATGATTACCAAAAATTAAGAAA
pattern_5		11:70175565:A:T:R:wC	84	113	-	11.7381	3.72e-05	0.0994	CCTGTCTCAAAAATAAATAAATAAATAATA
pattern_2		5:143075183:C:T:A:wC	18	47	+	-19.2195	3.73e-05	0.0709	TTTTTAGTTTTTTTTTTTTTTGGGGGGGGT
pattern_4		7:5285861:T:G:A:wC	146	175	+	11.7024	3.73e-05	0.275	GAATGGAAGGAAATAAAAGATTTTTCGTTC
pattern_4		4:175296712:C:T:A:wC	151	180	+	11.7024	3.73e-05	0.275	CCCAGCCTGTTTTTAAAAATGTTGTTGATG
pattern_0		19:10097593:C:T:A:wC	26	55	-	8.54762	3.73e-05	0.0294	CTTCTGCCTAGCCTCCTCTTGGGACTATCC
pattern_1		8:48885436:T:A:A:wC	50	79	-	11.5357	3.73e-05	0.128	TAAGAAAACAAAGTAAAAATACTGTTTTTC
pattern_1		16:19992996:G:A:A:wC	80	109	+	11.5357	3.73e-05	0.128	TTAATCATGTATGAAATGATATTTTGAAGT
pattern_6		5:156432649:C:T:A:wC	81	110	+	10.9762	3.73e-05	0.244	ATAAATGCAAGAATAAAAATACATGCAATG
pattern_6		1:185401229:T:C:A:wC	55	84	-	10.9762	3.73e-05	0.244	AAAATAATAACAATAAAAAATTTAAAAAAA
pattern_2		1:63867281:G:A:R:wC	158	187	-	-19.2317	3.73e-05	0.0709	TTCATAAGCTTATTTCTTTTTGAGACGGAA
pattern_3		3:148821605:A:G:A:wC	9	38	+	11.5119	3.74e-05	0.0252	ATCTCTACTAAAAAAAAAATACAAAAAAAT
pattern_3		19:37235887:G:A:R:wC	63	92	+	11.5119	3.74e-05	0.0252	TCTCTACTACAAATACAAAAAATTAGCCAG
pattern_3		1:228371551:G:A:R:wC	64	93	+	11.5119	3.74e-05	0.0252	CTCCAAAAAAAAAAAAAAAAAAGAAACGTC
pattern_3		2:54217148:G:C:R:wC	63	92	-	11.5119	3.74e-05	0.0252	CATCTCAAAAAAAAAAAAAAAAGAAAAGAA
pattern_3		20:30566874:G:T:A:wC	161	190	+	11.5119	3.74e-05	0.0252	CTCAAAAAAAAAAAAAAATTGTTAAAATAT
pattern_0		14:102994065:T:C:R:wC	28	57	-	8.53571	3.75e-05	0.0295	GCTCTGTGACTCAGAGTTAAGAGATGAGAC
pattern_0		21:47716701:G:T:R:wC	80	109	-	8.53571	3.75e-05	0.0295	TCGCGAACTCCCAACCTCAGTTGATCCGCC
pattern_0		6:7376915:G:A:A:wC	115	144	+	8.53571	3.75e-05	0.0295	CCTCCAACTCTGATCTTCCTGGACTCAGGG
pattern_5		21:41156516:A:G:R:wC	7	36	+	11.7262	3.75e-05	0.0996	AGATTGGTAGTAATAATTAAATAAGTATAT
pattern_5		1:232271422:A:G:R:wC	23	52	+	11.7262	3.75e-05	0.0996	AATTTGAAAATAATAATTTTAAAAATGTTT
pattern_2		1:161126073:C:A:R:wC	14	43	-	-19.2561	3.75e-05	0.0711	CTAATTTTTCTAACATTAGCAAAGCTGAAG
pattern_4		22:29431626:T:C:R:wC	24	53	+	11.6905	3.76e-05	0.275	AGTCTATTTATTTTAAAATTTTTTTTCTTT
pattern_4		22:29431626:T:C:A:wC	24	53	+	11.6905	3.76e-05	0.275	AGTCTATTTATTTTAAAATTTTTTTTCTTT
pattern_2		1:72819884:T:C:R:wC	90	119	+	-19.2805	3.77e-05	0.0713	ATATATTTTATAAGTTTATTGAGGAATAAG
pattern_0		3:112762219:A:G:R:wC	128	157	+	8.52381	3.77e-05	0.0296	GCTCAGCCTTCAGGGACACAGGGAAGAGGG
pattern_3		10:99103492:A:G:R:wC	7	36	+	11.5	3.77e-05	0.0253	CTGTCTCAAAAAAAAAAAAAAAAAGTAAAG
pattern_3		20:432686:T:C:R:wC	2	31	-	11.5	3.77e-05	0.0253	GAAAAATAAAATTTAAAAATGAACAGGAAC
pattern_3		18:53373610:G:A:A:wC	16	45	-	11.5	3.77e-05	0.0253	CCATCTCAAAAAAAAAAAAAAAAAAAACAG
pattern_3		10:43686833:C:T:R:wC	54	83	-	11.5	3.77e-05	0.0253	CCTCAAAAAAAAAAAAAAAAAACCTCCTTA
pattern_2		9:140142684:G:A:R:wC	76	105	+	-19.2927	3.78e-05	0.0714	GAATTTTGTTCTTTTTTTGTACAGGAAGGA
pattern_5		19:53674839:G:A:A:wC	18	47	-	11.7143	3.78e-05	0.0996	AAAAAAAAATATATATATATATATATATAC
pattern_5		12:28300347:A:G:A:wC	30	59	-	11.7143	3.78e-05	0.0996	AGTGAGACTCTATCTCAAAAAAAAAAAAAA
pattern_1		17:29073546:C:T:A:wC	17	46	-	11.5119	3.79e-05	0.13	AAAGAAAAAAAAAAAAAAGAATATAAATGG
pattern_1		13:59854650:C:T:A:wC	36	65	-	11.5119	3.79e-05	0.13	TGGAAACAGAATTTATCAAAATGTTCTTGC
pattern_4		6:42989920:T:G:A:wC	21	50	-	11.6786	3.79e-05	0.275	CTCCGTCTCAAAAAAAAAAAATTAAAAAAA
pattern_4		1:90234055:C:A:R:wC	33	62	-	11.6786	3.79e-05	0.275	TAGAAAAAATAAATAGAAAAAATAAAAAAT
pattern_4		1:90234055:C:A:A:wC	33	62	-	11.6786	3.79e-05	0.275	TAGAAAAAATAAATAGAAAAAATAAAAAAT
pattern_4		12:66199734:G:A:A:wC	141	170	-	11.6786	3.79e-05	0.275	TATTATTATTTTTTAAATTTATTTTATTTT
pattern_0		11:68821701:T:C:R:wC	138	167	+	8.5119	3.79e-05	0.0297	CTTCTGCATCCTGGACGCATTTGCTGCTTT
pattern_0		8:11540724:T:A:A:wC	156	185	-	8.5119	3.79e-05	0.0297	CCCCTGCCACCTGTGGGGCAGCTCTGCGCC
pattern_6		4:152606975:T:G:A:wC	162	191	+	10.9405	3.8e-05	0.245	TAAAAAGAAAATACAAAAATTAGCTGGGTG
pattern_3		12:118682338:C:T:R:wC	55	84	+	11.4881	3.8e-05	0.0255	CTAAAAAAAAGTTTAAAGAATTTTGTTAAT
pattern_3		3:105571631:A:G:R:wC	48	77	-	11.4881	3.8e-05	0.0255	GCCTGGACAAAAAAAAAAATACTGTATAAA
pattern_3		15:91546711:T:C:R:wC	48	77	-	11.4881	3.8e-05	0.0255	CTAAATAAATAAATAAATAAATGCATGAGT
pattern_3		5:177042154:T:C:R:wC	139	168	-	11.4881	3.8e-05	0.0255	AGCAAAAGGATAGAAATAAAAATTATAGTA
pattern_3		2:42626124:C:T:A:wC	146	175	-	11.4881	3.8e-05	0.0255	AAAGAAAAGAAAAAAAAAGAAAAGAAAAAA
pattern_5		1:83379568:G:T:A:wC	50	79	-	11.7024	3.81e-05	0.0996	TATAAGTGAATAAGAAATAAAATAAAGCCA
pattern_5		16:84857345:A:G:R:wC	169	198	-	11.7024	3.81e-05	0.0996	ATAATTTATAATTTTTAAAAAATGATGGTC
pattern_0		14:24702032:G:T:A:wC	165	194	+	8.5	3.81e-05	0.0299	CCCCCGTCGCCAACATTCCTTCGTTCCCCT
pattern_1		1:200019951:C:T:A:wC	168	197	+	11.5	3.81e-05	0.13	TCAAAAATAAATAAATAAATAAATTGATGT
pattern_4		17:14407103:C:T:R:wC	71	100	-	11.6667	3.82e-05	0.275	GTAAATGATTTTTTAAAAACTGATATAATA
pattern_6		7:13902318:A:T:A:wC	68	97	+	10.9286	3.82e-05	0.245	AAATTTTCTAATTTATAAAGCATGACGTGT
pattern_6		15:68589371:G:A:R:wC	166	195	-	10.9286	3.82e-05	0.245	AAAAATACCAAAATAAAAAGAATTAGCTGG
pattern_3		9:33085462:T:G:A:wC	50	79	+	11.4762	3.83e-05	0.0256	CTCAAAAAAAAAAAAAAAAAAAAAAAAGGG
pattern_3		1:222829373:G:A:A:wC	30	59	-	11.4762	3.83e-05	0.0256	CTCAAAAAAAAAAAAAAAAAAAAAAAAGGG
pattern_3		2:163424167:C:T:A:wC	36	65	-	11.4762	3.83e-05	0.0256	GAAAGATAAACAATACAAATCAATATACAA
pattern_3		2:163424167:C:T:R:wC	36	65	-	11.4762	3.83e-05	0.0256	GAAAGATAAACAATACAAATCAATATACAA
pattern_3		2:204649276:G:A:A:wC	117	146	+	11.4762	3.83e-05	0.0256	TCCATCTTAAAAAAAAAAAAAAAAAAAGTT
pattern_3		12:66199734:G:A:A:wC	138	167	+	11.4762	3.83e-05	0.0256	AATAAAATAAAATAAATTTAAAAAATAATA
pattern_2		16:69684040:T:A:R:wC	13	42	-	-19.3659	3.83e-05	0.0722	AACTTATAGAAATATCTAGAAGAGACATGG
pattern_5		10:102075479:G:A:A:wC	1	30	-	11.6905	3.84e-05	0.0996	ACTGGTAATATATTTATTAAATTTTTACCT
pattern_5		10:102075479:G:A:R:wC	1	30	-	11.6905	3.84e-05	0.0996	ACTGGTAATATATTTATTAAATTTTTACCT
pattern_1		5:76752546:A:C:A:wC	67	96	+	11.4881	3.84e-05	0.131	TTTTTAAAAATTTTTATTTTATTATTTTTT
pattern_6		22:30251180:A:G:R:wC	45	74	-	10.9167	3.84e-05	0.245	AGCAACTCAGTCTTAAAAAAAAAAAAAGAA
pattern_4		6:139019622:A:C:R:wC	84	113	-	11.6548	3.85e-05	0.275	ATATAGATAATAATAAATTATATAAATATA
pattern_0		19:49658367:C:T:R:wC	25	54	-	8.47619	3.85e-05	0.0302	CCACCACCTCCACAGCCCTAGAGACCATCC
pattern_3		6:139019622:A:C:R:wC	79	108	+	11.4643	3.86e-05	0.0257	ATTTATATATTTATATAATTTATTATTATC
pattern_3		22:51219704:G:A:R:wC	167	196	+	11.4643	3.86e-05	0.0257	CAAAAAAAAAAAAAAAAAAACTAAACCAGA
pattern_3		7:130568456:T:C:A:wC	156	185	-	11.4643	3.86e-05	0.0257	AGGCAGTCAAAAATATTAAATATATGAATT
pattern_2		4:174060895:A:C:R:wC	55	84	+	-19.4024	3.86e-05	0.0726	TCTCTTATTCTTTGTTTAATACAGAAGGCT
pattern_5		11:65764383:C:T:R:wC	1	30	+	11.6786	3.87e-05	0.0996	CAAAAACACAAAACAAAAAAAGAATCAAAT
pattern_5		21:40977763:C:T:A:wC	32	61	-	11.6786	3.87e-05	0.0996	GAAAAAATAAAAATAATAAAATTAGCTGCA
pattern_5		17:62407974:C:T:A:wC	108	137	+	11.6786	3.87e-05	0.0996	CAAGACTCCATCTCAAAAAAAAAAAAAAAT
pattern_5		12:125311934:C:T:R:wC	126	155	-	11.6786	3.87e-05	0.0996	GTGGTTAAAATAATAATAATAATAATAATA
pattern_5		4:176991793:C:T:A:wC	137	166	-	11.6786	3.87e-05	0.0996	TCTCTACGAAAAGTAAAAAAAAAAAAAATT
pattern_1		22:31991001:G:A:A:wC	59	88	-	11.4762	3.87e-05	0.131	AATAAATAAATAAATAAATTATTATTATTT
pattern_0		1:63867281:G:A:R:wC	89	118	+	8.46429	3.87e-05	0.0303	CCCAGGAGGCGGAAGTTGCAGTGAGCCGAG
pattern_0		1:155857540:G:A:A:wC	118	147	+	8.46429	3.87e-05	0.0303	CCTCCGCCTCCAGGTTCAAGCAATTCTCCC
pattern_3		6:42989920:T:G:A:wC	19	48	-	11.4524	3.89e-05	0.0258	CCGTCTCAAAAAAAAAAAATTAAAAAAACA
pattern_3		12:131653587:G:C:R:wC	58	87	+	11.4524	3.89e-05	0.0258	TGTCTACTAAAAATACAAAAAATTAGCTGG
pattern_3		16:190968:A:G:R:wC	140	169	+	11.4524	3.89e-05	0.0258	TGTCTACTAAAAATACAAAAAATTAGCTGG
pattern_3		16:190968:A:G:A:wC	140	169	+	11.4524	3.89e-05	0.0258	TGTCTACTAAAAATACAAAAAATTAGCTGG
pattern_2		1:114521618:G:T:A:wC	2	31	+	-19.4634	3.9e-05	0.0734	TTAGTTTCTGTATTATCATGAGAGATGACA
pattern_6		13:99113166:A:G:R:wC	70	99	+	10.881	3.91e-05	0.248	AAAAAAAAAGTTTTAAATAAACTGGGCGTG
pattern_4		17:19918630:C:T:A:wC	74	103	-	11.631	3.91e-05	0.275	TCTATCTCAAAAAAAAAAAAAATTAAATTA
pattern_3		3:157265066:G:T:R:wC	15	44	-	11.4405	3.92e-05	0.0259	AAAAAACTAAAAATAGAACTACTACATGAT
pattern_3		17:72688065:C:T:A:wC	31	60	-	11.4405	3.92e-05	0.0259	CTCAAAAAAAAAAAAAAAAATGGCATAACA
pattern_3		17:72688065:C:T:R:wC	31	60	-	11.4405	3.92e-05	0.0259	CTCAAAAAAAAAAAAAAAAATGGCATAACA
pattern_3		1:90234055:C:A:R:wC	41	70	-	11.4405	3.92e-05	0.0259	GTAGAAAATAGAAAAAATAAATAGAAAAAA
pattern_3		1:90234055:C:A:A:wC	41	70	-	11.4405	3.92e-05	0.0259	GTAGAAAATAGAAAAAATAAATAGAAAAAA
pattern_5		19:41343700:C:T:R:wC	5	34	+	11.6548	3.93e-05	0.0996	CGAGACTCTGTCTCAAAAAAAAAAAAAAAA
pattern_5		8:59338856:G:C:R:wC	12	41	-	11.6548	3.93e-05	0.0996	CGAGACTCTGTCTCAAAAAAAAAAAAAAAA
pattern_5		12:54124477:C:T:R:wC	25	54	-	11.6548	3.93e-05	0.0996	AAAATAAAAAAATAAAAAATAAAAATAAAA
pattern_5		2:16129686:G:A:A:wC	64	93	+	11.6548	3.93e-05	0.0996	CGAGACTCTGTCTCAAAAAAAAAAAAAAAA
pattern_5		1:155074903:G:T:A:wC	67	96	+	11.6548	3.93e-05	0.0996	ACATAAGAGAAATGAAAATTAAAACCACAC
pattern_5		17:39975164:C:T:R:wC	130	159	+	11.6548	3.93e-05	0.0996	CGAGACTCTGTCTCAAAAAAAAAAAAAAAA
pattern_5		2:68436423:G:A:A:wC	154	183	+	11.6548	3.93e-05	0.0996	CGAGACTCTGTCTCAAAAAAAAAAAAAAAA
pattern_5		1:111732711:G:A:R:wC	161	190	+	11.6548	3.93e-05	0.0996	CGAGACTCTGTCTCAAAAAAAAAAAAAAAA
pattern_1		7:78022018:C:T:R:wC	38	67	+	11.4524	3.93e-05	0.132	TTTTTATTTTTTGAGAATAAATTTATATTT
pattern_1		11:70175565:A:T:R:wC	80	109	-	11.4524	3.93e-05	0.132	TCTCAAAAATAAATAAATAAATAATAATGT
pattern_2		9:22060935:A:G:R:wC	110	139	+	-19.5	3.93e-05	0.0737	CAAAATGTGGGAATTCTGGGAGATACAATT
pattern_0		13:49946894:C:A:A:wC	130	159	+	8.42857	3.93e-05	0.0307	AGCCTCCCTCCAGAGTAGCTGGGACTACAG
pattern_4		2:58984870:C:T:R:wC	11	40	-	11.619	3.95e-05	0.275	CTGTGTATTCATATAAATATTTCAAAGGCC
pattern_3		1:90234055:C:A:R:wC	3	32	-	11.4286	3.95e-05	0.0261	AAAAAAAGAAATAAAAAATTAAAACAAAAA
pattern_3		1:90234055:C:A:A:wC	3	32	-	11.4286	3.95e-05	0.0261	AAAAAAAGAAATAAAAAATTAAAACAAAAA
pattern_3		5:76752546:A:C:A:wC	76	105	-	11.4286	3.95e-05	0.0261	CTGTCGCAAAAAAAATAATAAAATAAAAAT
pattern_3		10:104637508:T:C:R:wC	89	118	-	11.4286	3.95e-05	0.0261	AAAAAAAAAAAAAAAAAAAAAGAAGTTATC
pattern_3		9:29713169:C:T:R:wC	116	145	-	11.4286	3.95e-05	0.0261	CCTGAAAAGAGAATAATCATAATTCCACCA
pattern_1		19:9273800:A:G:R:wC	2	31	-	11.4405	3.95e-05	0.132	CCTGTAAGAGATTTTTTAAAATTTAGATTA
pattern_5		12:50556475:C:A:R:wC	16	45	-	11.6429	3.95e-05	0.0996	AGCAAGACTCTATCACAAAAAAAAAAAAGA
pattern_5		12:50556475:C:A:A:wC	16	45	-	11.6429	3.95e-05	0.0996	AGCAAGACTCTATCACAAAAAAAAAAAAGA
pattern_5		7:144547326:T:C:R:wC	78	107	-	11.6429	3.95e-05	0.0996	AACACACACACATTATATATAGAATTACAT
pattern_6		9:97677556:A:G:A:wC	95	124	-	10.8571	3.96e-05	0.249	AGAAAAGAAAAAATAAAATGATGACACTAA
pattern_2		11:66840675:C:T:A:wC	161	190	-	-19.5488	3.97e-05	0.0743	TTTTTTTTTTTTTTTTTGACAGAGTCTCGC
pattern_3		19:4756166:T:C:A:wC	11	40	+	11.4167	3.98e-05	0.0261	AAAAAAAAAAAAAAAAAATACAAAAAATTA
pattern_3		16:3538625:T:C:R:wC	3	32	-	11.4167	3.98e-05	0.0261	TCAAAAAAAAAAAAAAAAAAGAAAATACAC
pattern_3		1:185401229:T:C:A:wC	58	87	-	11.4167	3.98e-05	0.0261	TCAAAAATAATAACAATAAAAAATTTAAAA
pattern_3		2:54217148:G:C:R:wC	58	87	-	11.4167	3.98e-05	0.0261	CAAAAAAAAAAAAAAAAGAAAAGAAAAGAA
pattern_3		1:85723733:T:C:A:wC	171	200	+	11.4167	3.98e-05	0.0261	AAAAAAAAAGAAAAAAAAAAAGAAAAAGAA
pattern_3		1:116460355:G:A:A:wC	171	200	+	11.4167	3.98e-05	0.0261	AAAAAAAAAAAAAAAAAAAAGAACTACATA
pattern_3		1:116460355:G:A:R:wC	171	200	+	11.4167	3.98e-05	0.0261	AAAAAAAAAAAAAAAAAAAAGAACTACATA
pattern_4		1:200641948:A:G:R:wC	165	194	-	11.6071	3.98e-05	0.275	ACCCCTTCTCTACTAAAAAATATAAAAAAT
pattern_0		10:102416008:T:C:R:wC	118	147	+	8.39286	4e-05	0.0312	CCCCTGCCTCCCGGCCCCATCCCGTCTCCC
pattern_2		9:113187049:G:A:R:wC	2	31	+	-19.5854	4e-05	0.0747	ATTTTTGTTTTGTTTTGTTTTTAGACAGAG
pattern_3		22:30251180:A:G:R:wC	37	66	-	11.4048	4.01e-05	0.0263	AGTCTTAAAAAAAAAAAAAGAAAAAAAATT
pattern_4		1:232271422:A:G:R:wC	40	69	-	11.5952	4.01e-05	0.275	CACAAAAAAATTACAAAAAACATTTTTAAA
pattern_4		2:32642798:T:C:R:wC	134	163	-	11.5952	4.01e-05	0.275	CAAAAAATAAAAATAAAAAAATAATTTCAC
pattern_1		7:95966546:G:A:A:wC	27	56	+	11.4167	4.01e-05	0.132	TCATTTATTTATATTTATTTATTTATTTAT
pattern_1		15:90241150:G:A:A:wC	48	77	-	11.4167	4.01e-05	0.132	AAAAAAAAAAAAAAAAAATTATAAAAGTGT
pattern_1		5:98191736:T:C:A:wC	81	110	-	11.4167	4.01e-05	0.132	CATTTAAATTGTGTTTATATATGAACTTTA
pattern_1		17:14395793:C:T:R:wC	124	153	+	11.4167	4.01e-05	0.132	GGTCACAAAGATTTATCTATATGTTTGTGT
pattern_5		16:77358417:A:G:R:wC	3	32	-	11.619	4.02e-05	0.101	ATAACTTTTGAAATGAATGAATAAGTAAAT
pattern_5		12:118682338:C:T:R:wC	71	100	-	11.619	4.02e-05	0.101	GAAAAAGAAAAAAGAAATTAACAAAATTCT
pattern_6		10:78342790:G:A:A:wC	17	46	-	10.8214	4.03e-05	0.252	AACAAACAAACAATAAATAAATAAATTATA
pattern_2		1:20409374:A:C:R:wC	147	176	-	-19.6341	4.04e-05	0.0753	ATAACAGTTGTTGATTTTACAGATAAGGAA
pattern_3		1:46883303:A:G:R:wC	153	182	-	11.3929	4.04e-05	0.0265	CCGTCTTAATAAAAAAAAAAAAAAAAAAAA
pattern_3		1:46883303:A:G:A:wC	153	182	-	11.3929	4.04e-05	0.0265	CCGTCTTAATAAAAAAAAAAAAAAAAAAAA
pattern_3		2:231268342:C:T:R:wC	168	197	-	11.3929	4.04e-05	0.0265	AGGAAAAAAAATTTAATAATATATGTTTGC
pattern_0		2:234474874:A:C:A:wC	7	36	-	8.36905	4.04e-05	0.0315	CCCCTCCCTCCCCAGTGAACTGACTTCCGG
pattern_0		5:131795663:C:T:A:wC	61	90	-	8.36905	4.04e-05	0.0315	GCTCTGCCTGAGGGGCCTCTGTGCACACTC
pattern_0		22:18950714:C:G:A:wC	161	190	+	8.36905	4.04e-05	0.0315	CCTCCAACAGCCAGACCTGTGGGAGCCCCT
pattern_1		2:242375013:G:A:R:wC	5	34	-	11.4048	4.04e-05	0.132	CTCAAAAAAAAAAAAAAAAAAATTACAAAT
pattern_4		5:75705617:T:C:R:wC	6	35	-	11.5833	4.04e-05	0.275	GCAGTGTATGTAATAAAGCATGTTTTACAA
pattern_4		5:75705617:T:C:A:wC	6	35	-	11.5833	4.04e-05	0.275	GCAGTGTATGTAATAAAGCATGTTTTACAA
pattern_4		5:118869764:A:G:R:wC	54	83	-	11.5833	4.04e-05	0.275	AAATAAATCTTTATAAAAAGTTTCAGTAAT
pattern_2		2:146273266:T:A:A:wC	135	164	+	-19.6463	4.04e-05	0.0753	TTTTTTTTTTTTTTTTTTTTAGACGGAGTC
pattern_5		4:147070882:G:A:A:wC	107	136	-	11.6071	4.05e-05	0.101	CAAAAAGAAAAAATAATTGAAAAGATGAAT
pattern_5		11:30390132:A:G:A:wC	169	198	+	11.6071	4.05e-05	0.101	AAAGAAAAATATTTCAATAAAGGATCATTT
pattern_6		12:54124477:C:T:R:wC	13	42	-	10.8095	4.05e-05	0.252	TAAAAAATAAAAATAAAAAAATAAAAAAAT
pattern_0		19:2952962:T:G:A:wC	46	75	+	8.35714	4.06e-05	0.0316	CCCGGGAGGCGGAGGTTGCTGTGAGCCGAG
pattern_0		11:45827050:G:C:A:wC	129	158	+	8.35714	4.06e-05	0.0316	TCCTGGCCTCACCGCCTTATCCTATTCCTC
pattern_0		16:77337844:G:C:R:wC	140	169	-	8.35714	4.06e-05	0.0316	GCTCTGTCGCCCAGGCTGGAGGGCAGTTGC
pattern_2		11:118083664:A:G:A:wC	50	79	-	-19.6707	4.06e-05	0.0755	ATTTCGTCGTTATGGTAAGTGGAGGTGAGT
pattern_3		20:16559508:C:T:A:wC	43	72	+	11.381	4.07e-05	0.0266	ACAGTGTAAAGTTTAAAAATAGTTGTAAAT
pattern_3		10:43686833:C:T:R:wC	55	84	-	11.381	4.07e-05	0.0266	TCCTCAAAAAAAAAAAAAAAAAACCTCCTT
pattern_3		9:100763455:C:T:R:wC	105	134	-	11.381	4.07e-05	0.0266	AAAAAAAAAAAAAAATTAAACCAGAAAAAA
pattern_3		9:100763455:C:T:A:wC	105	134	-	11.381	4.07e-05	0.0266	AAAAAAAAAAAAAAATTAAACCAGAAAAAA
pattern_3		2:219272294:G:T:R:wC	131	160	-	11.381	4.07e-05	0.0266	AAAAAAAGAAAAGAAAAAAAAGAAAAAAAG
pattern_1		5:75964507:C:T:A:wC	31	60	+	11.3929	4.07e-05	0.132	CTTTAATAATATATTAACTTATTGTTTTGT
pattern_1		11:75118589:C:A:A:wC	22	51	-	11.3929	4.07e-05	0.132	CCGTCTCAAAAAATAAAAATAATAAAAAAT
pattern_1		2:16129686:G:A:A:wC	150	179	-	11.3929	4.07e-05	0.132	TTTTAATTTCAAGTTCAAATATGTACCTGA
pattern_6		8:22466488:T:G:R:wC	65	94	+	10.7976	4.07e-05	0.252	GATTTTGTTAAGGTAAAAAATTTTAACGTG
pattern_4		5:147266794:G:A:R:wC	21	50	-	11.5714	4.08e-05	0.275	GGTTGCTTTCTAAAATAAAAAATAATGTAG
pattern_5		19:4791239:C:G:R:wC	8	37	+	11.5952	4.08e-05	0.101	GTATGTAAATGAATAAATGAATATATGAAT
pattern_5		6:53443540:T:A:A:wC	20	49	-	11.5952	4.08e-05	0.101	TGTTTTAACCATTTATAAAAAATTCTAGAA
pattern_5		1:72819884:T:C:R:wC	157	186	-	11.5952	4.08e-05	0.101	AGTTATATGCCTGTATAAAAAATTATTAAA
pattern_0		7:101516234:C:A:R:wC	85	114	-	8.34524	4.08e-05	0.0317	CCTGGGAGGCGGAGGTTGCAGCGAGCTGAG
pattern_2		1:214177319:T:G:A:wC	139	168	+	-19.7073	4.09e-05	0.0759	TTTTTTTTCTTATTTTTCTTAGACACTCTT
pattern_6		12:22763881:T:C:A:wC	135	164	-	10.7857	4.1e-05	0.252	TGCATATATATTTTATATTATGTATGTATA
pattern_3		10:123191538:A:G:A:wC	6	35	-	11.369	4.1e-05	0.0267	TCAAAAAAAAAAAAAGAAAAAAATTATACA
pattern_3		5:179137436:C:T:R:wC	61	90	+	11.369	4.1e-05	0.0267	GTGAGACTCAATCTCAAAAAAAAAAAAAAA
pattern_3		7:100702058:T:C:A:wC	129	158	-	11.369	4.1e-05	0.0267	TATTTTTAGTTACTACAAATATATATTATA
pattern_1		19:4756166:T:C:A:wC	10	39	+	11.381	4.1e-05	0.132	TAAAAAAAAAAAAAAAAAATACAAAAAATT
pattern_1		7:63971022:T:C:R:wC	53	82	+	11.381	4.1e-05	0.132	AATTTTCTAGCAGGTAAAAAATATAAAATA
pattern_1		19:50049882:T:G:A:wC	62	91	+	11.381	4.1e-05	0.132	CTACTAAAAATATTTAAAAAATTAGCCTGG
pattern_5		1:45991785:T:G:A:wC	7	36	+	11.5833	4.11e-05	0.101	AACCTGTTTCTACTAAAAATACAAAAATTA
pattern_5		1:45991785:T:G:R:wC	7	36	+	11.5833	4.11e-05	0.101	AACCTGTTTCTACTAAAAATACAAAAATTA
pattern_4		14:96932075:G:A:R:wC	8	37	+	11.5595	4.11e-05	0.275	AAAAGGATTAAAATAAAATCCTTTTATTTT
pattern_4		10:31157085:G:A:A:wC	8	37	-	11.5595	4.11e-05	0.275	CCGTCTCAAAAAAAAAAAAATTCTTTAAAA
pattern_4		10:31157085:G:A:R:wC	8	37	-	11.5595	4.11e-05	0.275	CCGTCTCAAAAAAAAAAAAATTCTTTAAAA
pattern_2		2:225750753:T:C:A:wC	48	77	+	-19.7439	4.12e-05	0.0763	CTCTCTTCTGTGCTGTGACCAGAGGAGGGA
pattern_3		13:99113166:A:G:R:wC	59	88	+	11.3571	4.13e-05	0.0269	TTCTATTAAAAAAAAAAAAAGTTTTAAATA
pattern_2		15:93293906:T:A:A:wC	30	59	+	-19.7561	4.13e-05	0.0764	GTATTCTTTAATTGGCTTGTGGAGGTACCT
pattern_1		12:110950376:T:C:A:wC	4	33	+	11.369	4.13e-05	0.132	TACCATGTATCAATAAAAATATATTAACAA
pattern_1		15:29008373:A:G:A:wC	9	38	-	11.369	4.13e-05	0.132	CCGTCAAAAAAAAAAAAAAAAGTTAGATTA
pattern_1		7:13902318:A:T:A:wC	15	44	-	11.369	4.13e-05	0.132	TGTTATCAGGTTATATAAATATGGACATAT
pattern_1		22:31991001:G:A:A:wC	74	103	-	11.369	4.13e-05	0.132	ACTTAAAAATAAATAAATAAATAAATAAAT
pattern_6		13:34516164:T:A:R:wC	109	138	-	10.7619	4.14e-05	0.254	ATATTTTAAAAATCAAATAGAAATTTTATC
pattern_0		4:782940:A:G:A:wC	23	52	-	8.30952	4.15e-05	0.0322	CCTCAGCCTCAGAATGACCTGGAGCCTCAC
pattern_3		7:4807826:T:C:R:wC	21	50	-	11.3452	4.16e-05	0.0271	AAAAAAAAAAAAAAAAAAAAAAAAGAAGTC
pattern_3		10:135211021:C:T:A:wC	45	74	-	11.3452	4.16e-05	0.0271	AAAAAAAAGAAAATAAGACACAAGACAAAG
pattern_3		2:111928231:C:G:A:wC	149	178	+	11.3452	4.16e-05	0.0271	AAAAAAAAAAAAAAAAAAAAAAAAGAAGTC
pattern_2		17:57478069:C:G:A:wC	13	42	-	-19.7927	4.16e-05	0.0766	TATTTATTTTCTTTTCTAGCCAATACTGAT
pattern_2		7:135667353:C:G:R:wC	137	166	+	-19.7927	4.16e-05	0.0766	TTTTCTTTTTAAAATCTTTCGGAGAAAGCA
pattern_1		17:34163387:G:C:R:wC	101	130	-	11.3571	4.16e-05	0.133	AATCTTCATATATTCAACAAATTTAGCAAA
pattern_0		6:15378223:G:C:R:wC	60	89	-	8.29762	4.17e-05	0.0323	ACCCGGAGGCAGAGGCTGCAGTGAGCAGAG
pattern_5		7:140224338:G:A:R:wC	111	140	-	11.5595	4.17e-05	0.102	AGAGAAGAGACAGGAAAAAAAATATGTATA
pattern_4		6:9528108:C:T:A:wC	14	43	+	11.5357	4.18e-05	0.278	GAGTCATATGGAATAAAGAATTTATTATAG
pattern_2		6:7155626:G:A:A:wC	11	40	+	-19.8293	4.19e-05	0.077	GTTTTGTTTGTTTGTTTGTCTGAGACAGAG
pattern_3		11:47241411:T:C:A:wC	19	48	-	11.3333	4.19e-05	0.0272	CTCAAAAAAATAAACAAATAAATAAATAAA
pattern_3		1:155857540:G:A:A:wC	32	61	-	11.3333	4.19e-05	0.0272	TCCATCTCAAAAAAAAAAAAAAAAAAAATT
pattern_3		5:34500013:T:A:R:wC	106	135	-	11.3333	4.19e-05	0.0272	GTCTTGGAAAAATAAAAAATAAATAAATAA
pattern_0		1:1135057:C:T:R:wC	168	197	-	8.28571	4.19e-05	0.0325	CACCCTCCTCATGGGTTCTGGCGGTGACAC
pattern_2		15:91418297:T:A:R:wC	62	91	+	-19.8415	4.2e-05	0.0771	CTTTTTTTTTTTTTTTTTTTTTTGAGAGGG
pattern_5		6:33233389:C:T:A:wC	16	45	-	11.5476	4.2e-05	0.102	TCTACAAAAAATTTAAAAATAAACTTAACC
pattern_5		1:221028584:G:A:A:wC	77	106	+	11.5476	4.2e-05	0.102	TTTTAGTTATTTTTAAATGTACAATTAAAT
pattern_2		1:26834392:A:G:R:wC	112	141	-	-19.8537	4.21e-05	0.0771	TAATTTTTTGTATTTTTTTTAGTAGAGACA
pattern_4		22:31991001:G:A:A:wC	78	107	-	11.5238	4.21e-05	0.278	TCCAACTTAAAAATAAATAAATAAATAAAT
pattern_3		17:78263486:T:C:A:wC	1	30	+	11.3214	4.22e-05	0.0273	CTCAGAAAAAAAAAAAAAAAAGAAAATGTG
pattern_3		19:53674839:G:A:A:wC	25	54	-	11.3214	4.22e-05	0.0273	AAAAAAAAAAAAAAAATATATATATATATA
pattern_3		7:6780906:A:G:A:wC	55	84	-	11.3214	4.22e-05	0.0273	CACTTTCTAAAGATAACATTAATTATTCAT
pattern_3		22:38888478:T:C:A:wC	105	134	-	11.3214	4.22e-05	0.0273	TCTCAAAAAAAAGAAAGAAAAATAAATAAT
pattern_3		2:32642798:T:C:R:wC	138	167	-	11.3214	4.22e-05	0.0273	AAAACAAAAAATAAAAATAAAAAAATAATT
pattern_1		8:22335170:C:T:A:wC	63	92	-	11.3333	4.22e-05	0.133	TCTCTAAAAAAATAAAATAAAATAAAATGC
pattern_1		20:30566874:G:T:A:wC	168	197	-	11.3333	4.22e-05	0.133	GTATTACATATTTTAACAATTTTTTTTTTT
pattern_5		9:33085462:T:G:A:wC	39	68	+	11.5357	4.23e-05	0.102	CAAAACTCCGTCTCAAAAAAAAAAAAAAAA
pattern_0		19:33751852:G:C:R:wC	122	151	+	8.2619	4.24e-05	0.0328	TCCCTGGCCACCGGGCTGCTGGGGGCAGAT
pattern_6		5:87978252:T:C:R:wC	31	60	+	10.7143	4.24e-05	0.254	GGAAAATATTTATTAAAAAATTACACTGGG
pattern_6		19:50049882:T:G:A:wC	63	92	+	10.7143	4.24e-05	0.254	TACTAAAAATATTTAAAAAATTAGCCTGGG
pattern_6		10:27445726:G:A:R:wC	136	165	-	10.7143	4.24e-05	0.254	TGAAACTCTATCTCAAAAAAAAAAAAAAAA
pattern_4		13:99113166:A:G:R:wC	59	88	+	11.5119	4.24e-05	0.279	TTCTATTAAAAAAAAAAAAAGTTTTAAATA
pattern_1		9:117413913:A:T:A:wC	92	121	-	11.3214	4.25e-05	0.133	AAAAAAAAAAAAAAAAAAAAAAGTCTCACA
pattern_3		12:54124477:C:T:R:wC	24	53	-	11.3095	4.25e-05	0.0274	AAATAAAAAAATAAAAAATAAAAATAAAAA
pattern_3		12:54124477:C:T:R:wC	33	62	-	11.3095	4.25e-05	0.0274	GTCTCAAAAAAATAAAAAAATAAAAAATAA
pattern_3		5:156432649:C:T:A:wC	81	110	+	11.3095	4.25e-05	0.0274	ATAAATGCAAGAATAAAAATACATGCAATG
pattern_3		7:100702058:T:C:A:wC	141	170	+	11.3095	4.25e-05	0.0274	TTGTAGTAACTAAAAATAATAAAGCAATTT
pattern_3		1:46883303:A:G:A:wC	157	186	-	11.3095	4.25e-05	0.0274	AACTCCGTCTTAATAAAAAAAAAAAAAAAA
pattern_3		1:46883303:A:G:R:wC	157	186	-	11.3095	4.25e-05	0.0274	AACTCCGTCTTAATAAAAAAAAAAAAAAAA
pattern_2		13:100696718:A:C:A:wC	123	152	+	-19.9146	4.26e-05	0.0779	TAATTTTTTGTATTTTTTTAGTAGAGGCGG
pattern_5		3:183179413:C:T:A:wC	46	75	+	11.5238	4.26e-05	0.102	GGTTGGTTTAATTTGAAATTATATGTATTT
pattern_5		7:37406443:G:C:A:wC	42	71	-	11.5238	4.26e-05	0.102	AATATTTTTGAAATGAATAAAGAATCTCTC
pattern_5		9:117413913:A:T:A:wC	109	138	-	11.5238	4.26e-05	0.102	CGAGTCTCTGTCTCAAAAAAAAAAAAAAAA
pattern_5		9:117413913:A:T:R:wC	109	138	-	11.5238	4.26e-05	0.102	CGAGTCTCTGTCTCAAAAAAAAAAAAAAAA
pattern_6		8:8136410:C:T:R:wC	10	39	-	10.7024	4.27e-05	0.254	AAGTAGAGTAAATTAAAAGAAATTCAACAC
pattern_6		18:14133319:T:C:A:wC	61	90	+	10.7024	4.27e-05	0.254	GTCAACAAATAATTATAAATATTTTGGATC
pattern_2		12:28300347:A:G:A:wC	25	54	+	-19.9268	4.27e-05	0.0779	TTTTTTTTTTTTTTTTTTTGAGATAGAGTC
pattern_2		5:95688542:A:G:A:wC	55	84	+	-19.939	4.28e-05	0.078	CTCCATATTGTTCTCTTAATAGTGAGTGAG
pattern_0		11:17498057:G:A:A:wC	11	40	-	8.2381	4.28e-05	0.0331	CCTTCACTCCCCCGGTGCCCCCGATCCCGC
pattern_1		19:53674839:G:A:A:wC	12	41	+	11.3095	4.28e-05	0.133	GTGTGTGTATATATATATATATATATATTT
pattern_1		17:61106371:A:G:A:wC	14	43	+	11.3095	4.28e-05	0.133	AATAATATTGATAAAAAGATATATGATAAA
pattern_1		8:6733773:C:T:R:wC	8	37	-	11.3095	4.28e-05	0.133	TTTTTAAAGGAATAGAAAATATTACTTCAT
pattern_1		1:226448407:A:G:R:wC	14	43	-	11.3095	4.28e-05	0.133	AAAAAAAAAAAAAAAAAAAAACTCATTTGG
pattern_1		1:46001330:T:G:A:wC	155	184	-	11.3095	4.28e-05	0.133	AGAAAAGAAGAAAAATCAATATTTTATGTC
pattern_1		1:46001330:T:G:R:wC	155	184	-	11.3095	4.28e-05	0.133	AGAAAAGAAGAAAAATCAATATTTTATGTC
pattern_3		17:57478069:C:G:A:wC	28	57	+	11.2976	4.29e-05	0.0275	AAAAGAAAATAAATAAAACCAAGTTAATTT
pattern_3		17:61106371:A:G:A:wC	38	67	+	11.2976	4.29e-05	0.0275	GATAAAGATATAATACTAATTTTATTTATA
pattern_3		17:15758268:G:A:A:wC	70	99	-	11.2976	4.29e-05	0.0275	GTCTCAAAAAGAAAAAAAAAAAAAAAAGAG
pattern_3		5:34500013:T:A:R:wC	88	117	-	11.2976	4.29e-05	0.0275	ATAAATAAATAAATAAAAACAGATGCTTCA
pattern_3		18:51752453:C:T:R:wC	135	164	+	11.2976	4.29e-05	0.0275	CTCTGTCTCAAAAAAAAAAAAAGAAGTCAT
pattern_3		20:54356185:G:C:R:wC	164	193	-	11.2976	4.29e-05	0.0275	AAAAATCTTGAAATAAAATAAACTTTATTT
pattern_5		7:37406443:G:C:A:wC	47	76	+	11.5119	4.3e-05	0.102	ATTCTTTATTCATTTCAAAAATATTAACAA
pattern_5		17:14407103:C:T:R:wC	64	93	-	11.5119	4.3e-05	0.102	ATTTTTTAAAAACTGATATAATATGATAAA
pattern_5		6:53443540:T:A:A:wC	72	101	-	11.5119	4.3e-05	0.102	CTTAAGTGAACATCAAAATAATTATGCTAT
pattern_5		18:9850212:G:A:R:wC	171	200	-	11.5119	4.3e-05	0.102	TCATCTCTAAAAATAAAAAAATAATAATAA
pattern_0		15:80445292:G:C:A:wC	10	39	+	8.22619	4.3e-05	0.0332	GCTCGGGGTTCGGGGGCGGGGTGTTCACGG
pattern_0		2:20688062:A:C:A:wC	10	39	-	8.22619	4.3e-05	0.0332	CCCCTGTCTCCTCACACCCATGGGCCACCC
pattern_0		1:3445286:G:C:R:wC	37	66	-	8.22619	4.3e-05	0.0332	TCCCTGCCTCCCTCCGACCTCTGCTTCCAC
pattern_0		2:43855643:G:A:R:wC	125	154	+	8.22619	4.3e-05	0.0332	CCCCAACCTCCTGAGTTCAGCATGTCATTG
pattern_4		9:6177291:G:T:A:wC	4	33	-	11.4881	4.31e-05	0.282	TATAATAATAAAAAATAAAAAATTAAAAAA
pattern_1		15:75457490:T:C:A:wC	10	39	+	11.2976	4.32e-05	0.133	TTTAATAAACCTGTAAATGTAAGTAGTGTT
pattern_1		2:3635238:A:C:R:wC	95	124	-	11.2976	4.32e-05	0.133	TTGCATGGTTATTTAAATATCTTCTTATTG
pattern_3		17:62387091:C:T:R:wC	63	92	-	11.2857	4.32e-05	0.0277	CTAACACAAATTAAAAAATAAAATAAAATT
pattern_3		1:43704656:G:A:A:wC	78	107	-	11.2857	4.32e-05	0.0277	ATGATAATGATAATAAGAGTAACCACAATT
pattern_3		22:51219704:G:A:R:wC	164	193	+	11.2857	4.32e-05	0.0277	TCTCAAAAAAAAAAAAAAAAAAACTAAACC
pattern_5		15:91418297:T:A:R:wC	69	98	-	11.5	4.33e-05	0.102	CGATACTCCCTCTCAAAAAAAAAAAAAAAA
pattern_5		13:92005134:A:G:R:wC	153	182	+	11.5	4.33e-05	0.102	ACGCTGTCTCTACTAAAAATATAAAAAATT
pattern_1		3:195707336:T:C:A:wC	101	130	+	11.2857	4.35e-05	0.134	ATAATGAAAATTTTAAAATTTTTATGGATT
pattern_0		2:26941482:C:T:R:wC	126	155	+	8.20238	4.35e-05	0.0335	CCTCTGTCACCCAGGCTGGAGTGTAGTGGT
pattern_3		15:50312468:T:G:R:wC	91	120	-	11.2738	4.35e-05	0.0277	CCATCTAAAAAAAAAAAAAAACAAAAAACT
pattern_3		3:24341264:A:T:A:wC	92	121	-	11.2738	4.35e-05	0.0277	AAAAATAAATAAATAAATAAAAAAAAAAGC
pattern_3		10:124015767:G:C:A:wC	141	170	-	11.2738	4.35e-05	0.0277	GCACTTTTAAAAATACAAATAACAAATAAC
pattern_3		2:42626124:C:T:A:wC	170	199	-	11.2738	4.35e-05	0.0277	CCCTGTCTCAAAAAAAAAAAAAAAAAAGAA
pattern_2		1:67239462:T:C:R:wC	42	71	+	-20.0366	4.36e-05	0.0792	CTTATCTTTATCTACTTTTTAAGGACAAGT
pattern_2		2:65650864:G:T:A:wC	142	171	+	-20.0366	4.36e-05	0.0792	CTTTTTTTTTTTTTTCTTTGAGATGGAGTT
pattern_5		17:27099061:C:A:R:wC	122	151	+	11.4881	4.36e-05	0.102	AATAATAATAATTTTAAAATAAGGGGGAAA
pattern_6		13:34516164:T:A:R:wC	162	191	-	10.6548	4.37e-05	0.257	GCTATAATTAATGTACAAAAAAAGATAAGA
pattern_0		10:126290506:G:C:A:wC	47	76	-	8.19048	4.37e-05	0.0337	CCACGGCCTCCCCATGGCTGGTGCTCCACG
pattern_1		22:31991001:G:A:A:wC	54	83	+	11.2738	4.38e-05	0.135	TGAAGAAATAATAATAATTTATTTATTTAT
pattern_3		19:41343700:C:T:R:wC	11	40	+	11.2619	4.38e-05	0.0277	TCTGTCTCAAAAAAAAAAAAAAAAAAAAAA
pattern_3		8:59338856:G:C:R:wC	6	35	-	11.2619	4.38e-05	0.0277	TCTGTCTCAAAAAAAAAAAAAAAAAAAAAA
pattern_3		17:74481538:A:C:A:wC	48	77	+	11.2619	4.38e-05	0.0277	TCTGTCTCAAAAAAAAAAAAAAAAAAAAAA
pattern_3		17:74481538:A:C:R:wC	48	77	+	11.2619	4.38e-05	0.0277	TCTGTCTCAAAAAAAAAAAAAAAAAAAAAA
pattern_3		1:924898:C:A:R:wC	23	52	-	11.2619	4.38e-05	0.0277	CATCATCAAAATTTAAAACTTATGTTTCAA
pattern_3		19:49508265:A:G:R:wC	58	87	+	11.2619	4.38e-05	0.0277	AAAAATTAAAAAAAAAAAAACAGGAAAGAA
pattern_3		12:10597582:A:C:A:wC	34	63	-	11.2619	4.38e-05	0.0277	TCTGTCTCAAAAAAAAAAAAAAAAAAAAAA
pattern_3		1:222829373:G:A:A:wC	35	64	-	11.2619	4.38e-05	0.0277	TCTGTCTCAAAAAAAAAAAAAAAAAAAAAA
pattern_3		1:171719769:C:T:R:wC	55	84	-	11.2619	4.38e-05	0.0277	TCTGTCTCAAAAAAAAAAAAAAAAAAAAAA
pattern_3		17:62387091:C:T:R:wC	64	93	-	11.2619	4.38e-05	0.0277	CCTAACACAAATTAAAAAATAAAATAAAAT
pattern_3		10:38015694:G:A:A:wC	73	102	-	11.2619	4.38e-05	0.0277	TCTGTCTCAAAAAAAAAAAAAAAAAAAAAA
pattern_3		9:117413913:A:T:A:wC	103	132	-	11.2619	4.38e-05	0.0277	TCTGTCTCAAAAAAAAAAAAAAAAAAAAAA
pattern_3		9:117413913:A:T:R:wC	103	132	-	11.2619	4.38e-05	0.0277	TCTGTCTCAAAAAAAAAAAAAAAAAAAAAA
pattern_3		13:34516164:T:A:R:wC	116	145	-	11.2619	4.38e-05	0.0277	GTAGACAATATTTTAAAAATCAAATAGAAA
pattern_3		2:68436423:G:A:A:wC	160	189	+	11.2619	4.38e-05	0.0277	TCTGTCTCAAAAAAAAAAAAAAAAAAAAAA
pattern_3		17:28771495:T:C:R:wC	144	173	-	11.2619	4.38e-05	0.0277	TCTGTCTCAAAAAAAAAAAAAAAAAAAAAA
pattern_3		18:55129900:A:G:R:wC	159	188	-	11.2619	4.38e-05	0.0277	TCTGTCTCAAAAAAAAAAAAAAAAAAAAAA
pattern_4		6:168177053:T:C:R:wC	72	101	+	11.4643	4.38e-05	0.283	TGTCTCAAATAAATAAATTAATTAAATATT
pattern_6		4:38443544:G:A:R:wC	158	187	-	10.6429	4.39e-05	0.257	AAACATAAAACTGTAAAATTTCTAGAAGAA
pattern_5		2:204649276:G:A:A:wC	109	138	+	11.4762	4.39e-05	0.102	AGCGAGACTCCATCTTAAAAAAAAAAAAAA
pattern_5		1:21780651:A:G:A:wC	166	195	-	11.4762	4.39e-05	0.102	ACAAAACAGACTTTGAAGAAAGAAAGTCAC
pattern_2		5:143075183:C:T:A:wC	22	51	+	-20.0976	4.41e-05	0.08	TAGTTTTTTTTTTTTTTGGGGGGGGTCGGG
pattern_1		7:96039267:G:T:R:wC	60	89	-	11.2619	4.41e-05	0.135	ATTTTAAATTGTTTTTAAATAAATTTACGG
pattern_1		18:74253644:C:T:R:wC	107	136	+	11.2619	4.41e-05	0.135	TTTTCACATAATTTTTAAAAAATCACCATA
pattern_3		1:36878024:A:C:R:wC	36	65	+	11.25	4.42e-05	0.0277	ATATTAATCAATATAAAACAAATATTAGCT
pattern_3		15:29008373:A:G:A:wC	11	40	-	11.25	4.42e-05	0.0277	CTCCGTCAAAAAAAAAAAAAAAAGTTAGAT
pattern_3		1:226448407:A:G:R:wC	14	43	-	11.25	4.42e-05	0.0277	AAAAAAAAAAAAAAAAAAAAACTCATTTGG
pattern_3		19:11259528:G:A:A:wC	24	53	-	11.25	4.42e-05	0.0277	TCTCTACTAAAAATACAAAAAAAAATTAGC
pattern_3		16:1471233:A:C:A:wC	37	66	-	11.25	4.42e-05	0.0277	AACTAAACGGAAAAAAAAAAAAAAAAAAAA
pattern_3		16:1471233:A:C:R:wC	37	66	-	11.25	4.42e-05	0.0277	AACTAAACGGAAAAAAAAAAAAAAAAAAAA
pattern_3		1:83379568:G:T:A:wC	41	70	-	11.25	4.42e-05	0.0277	ATAAGAAATAAAATAAAGCCAAGAAGAAAT
pattern_3		2:64982244:C:T:R:wC	106	135	-	11.25	4.42e-05	0.0277	TCTGTACTAAAAATACAAAAAAAAATTAGC
pattern_3		19:47184356:G:A:R:wC	117	146	-	11.25	4.42e-05	0.0277	TCTCTACTAAAAATACAAAAAAAAATTAGC
pattern_3		4:176991793:C:T:A:wC	132	161	-	11.25	4.42e-05	0.0277	ACGAAAAGTAAAAAAAAAAAAAATTAGCCA
pattern_3		21:37511627:T:G:A:wC	146	175	-	11.25	4.42e-05	0.0277	GTCAAAAAAAAAAAAAAAAAAAGAAAAAGC
pattern_3		1:46883303:A:G:A:wC	155	184	-	11.25	4.42e-05	0.0277	CTCCGTCTTAATAAAAAAAAAAAAAAAAAA
pattern_3		1:46883303:A:G:R:wC	155	184	-	11.25	4.42e-05	0.0277	CTCCGTCTTAATAAAAAAAAAAAAAAAAAA
pattern_3		8:138995451:G:A:A:wC	169	198	-	11.25	4.42e-05	0.0277	GAGAAAAAAAAAAAAAAAAAAGACACTGTC
pattern_3		8:138995451:G:A:R:wC	169	198	-	11.25	4.42e-05	0.0277	GAGAAAAAAAAAAAAAAAAAAGACACTGTC
pattern_6		1:36878024:A:C:R:wC	41	70	+	10.631	4.42e-05	0.257	AATCAATATAAAACAAATATTAGCTTCTTG
pattern_0		13:100696718:A:C:A:wC	72	101	+	8.16667	4.42e-05	0.034	GCCTCAGCCTCCGAGTAGCTGGGACTACCG
pattern_0		21:46424507:G:T:A:wC	82	111	+	8.16667	4.42e-05	0.034	CCCCCTCCTCCCAGCCCCTGGCAGGCCTCG
pattern_5		1:200019951:C:T:A:wC	166	195	+	11.4643	4.43e-05	0.102	TCTCAAAAATAAATAAATAAATAAATTGAT
pattern_2		22:47358892:A:G:A:wC	151	180	-	-20.1341	4.44e-05	0.0804	GCTAATTTTTTTTTTTTTGTATTTTTAGTA
pattern_0		1:147594032:C:T:R:wC	106	135	+	8.15476	4.44e-05	0.0341	CCTAAGTCTCCTGAGCAGTTGGGACTATAG
pattern_6		1:67481070:G:T:A:wC	74	103	+	10.619	4.44e-05	0.257	TAATACACTAATACAAAAATAAAATCTAAT
pattern_6		3:24341264:A:T:A:wC	92	121	-	10.619	4.44e-05	0.257	AAAAATAAATAAATAAATAAAAAAAAAAGC
pattern_1		2:32642798:T:C:R:wC	131	160	-	11.25	4.44e-05	0.135	AAAATAAAAATAAAAAAATAATTTCACTAC
pattern_3		1:228371551:G:A:R:wC	61	90	+	11.2381	4.45e-05	0.0279	TGTCTCCAAAAAAAAAAAAAAAAAAGAAAC
pattern_3		1:46883303:A:G:A:wC	152	181	-	11.2381	4.45e-05	0.0279	CGTCTTAATAAAAAAAAAAAAAAAAAAAAG
pattern_3		1:46883303:A:G:R:wC	152	181	-	11.2381	4.45e-05	0.0279	CGTCTTAATAAAAAAAAAAAAAAAAAAAAG
pattern_4		2:193101110:C:T:A:wC	69	98	-	11.4405	4.45e-05	0.283	CAGTTAATTCCAACAAAAAACTTTAAGTAT
pattern_4		1:200641948:A:G:R:wC	158	187	-	11.4405	4.45e-05	0.283	CTCTACTAAAAAATATAAAAAATTAGCTGG
pattern_5		6:21386879:A:G:R:wC	10	39	+	11.4524	4.46e-05	0.102	ATTCTTACCACAATAAAATAATAACACAAA
pattern_5		19:3418156:A:G:R:wC	20	49	-	11.4524	4.46e-05	0.102	AAAAAAAAGAAAAGAAAATTAAATTTTAAG
pattern_0		19:20831268:T:C:A:wC	81	110	-	8.14286	4.46e-05	0.0341	CCTGGGAGGCGGAGCTTGCAGTGAGCCGAG
pattern_0		4:188862039:A:C:R:wC	92	121	-	8.14286	4.46e-05	0.0341	CCTGGGAGGCGGAGCTTGCAGTGAGCCGAG
pattern_0		18:47341474:G:C:A:wC	127	156	+	8.14286	4.46e-05	0.0341	CCTGGGAGGCGGAGCTTGCAGTGAGCCGAG
pattern_0		13:52611952:G:A:R:wC	129	158	+	8.14286	4.46e-05	0.0341	CCTGGGAGGCGGAGCTTGCAGTGAGCCGAG
pattern_0		1:226448407:A:G:R:wC	105	134	-	8.14286	4.46e-05	0.0341	CCTGGGAGGCGGAGCTTGCAGTGAGCCGAG
pattern_0		18:48946262:A:G:A:wC	106	135	-	8.14286	4.46e-05	0.0341	CCTGGGAGGCGGAGCTTGCAGTGAGCCGAG
pattern_0		2:213851410:T:C:R:wC	128	157	-	8.14286	4.46e-05	0.0341	CCTGGGAGGCGGAGCTTGCAGTGAGCCGAG
pattern_0		13:95923213:G:A:R:wC	158	187	+	8.14286	4.46e-05	0.0341	CCTGGGAGGCGGAGCTTGCAGTGAGCCGAG
pattern_6		1:218843336:C:T:R:wC	54	83	-	10.6071	4.47e-05	0.257	AAAAAACATAAAACAAAAAGCAAAAAAAAA
pattern_1		9:6177291:G:T:A:wC	8	37	-	11.2381	4.47e-05	0.135	AAAGTATAATAATAAAAAATAAAAAATTAA
pattern_1		5:118869764:A:G:R:wC	56	85	-	11.2381	4.47e-05	0.135	GGAAATAAATCTTTATAAAAAGTTTCAGTA
pattern_1		9:139975755:G:A:R:wC	167	196	-	11.2381	4.47e-05	0.135	TCTACTAAAAAAAAAAAAAAATACAAAAAA
pattern_3		18:53373610:G:A:A:wC	11	40	-	11.2262	4.48e-05	0.028	TCAAAAAAAAAAAAAAAAAAAACAGAGAAC
pattern_3		13:113352130:C:T:A:wC	19	48	-	11.2262	4.48e-05	0.028	CCATCTCTACTAAAAAAAAAAAAAAAAAAA
pattern_3		9:33085462:T:G:A:wC	55	84	+	11.2262	4.48e-05	0.028	AAAAAAAAAAAAAAAAAAAAAAGGGCTCCT
pattern_3		12:66199734:G:A:A:wC	148	177	+	11.2262	4.48e-05	0.028	AATAAATTTAAAAAATAATAATAAATAAAT
pattern_0		14:102959277:C:A:A:wC	28	57	-	8.13095	4.49e-05	0.0342	GCTCTGCCTCCTAATGTGAGCCTCCGCCCA
pattern_0		16:89577366:A:G:R:wC	88	117	+	8.13095	4.49e-05	0.0342	CCTCAGCCTTCCATAGAGCCAGGACTCCAG
pattern_0		15:58848120:T:G:R:wC	124	153	-	8.13095	4.49e-05	0.0342	TGCCGGGCTCCCTTGTCGATTGGTTTCTGG
pattern_4		12:110950376:T:C:A:wC	4	33	+	11.4286	4.49e-05	0.283	TACCATGTATCAATAAAAATATATTAACAA
pattern_6		1:26834960:G:A:A:wC	1	30	+	10.5952	4.49e-05	0.257	TGTACTAAAAATATAAAAAATTAGCCAGGC
pattern_5		16:3538625:T:C:R:wC	16	45	-	11.4405	4.49e-05	0.102	ATGAGATTCCATCTCAAAAAAAAAAAAAAA
pattern_1		9:112520879:A:T:R:wC	71	100	+	11.2262	4.51e-05	0.135	ATTTCTTTAAATAATAATGTATTTGTATTA
pattern_1		1:148239834:G:T:R:wC	57	86	-	11.2262	4.51e-05	0.135	TAAAATACATTTTTTATCATATTTTGAAAT
pattern_1		12:22763881:T:C:A:wC	122	151	+	11.2262	4.51e-05	0.135	TATTTATATATTATATACATACATAATATA
pattern_0		19:39237303:A:G:R:wC	117	146	-	8.11905	4.51e-05	0.0343	CTTTGGCCTCCCAAAGTGCTGCTGGGATTA
pattern_0		6:34385517:A:T:A:wC	169	198	+	8.11905	4.51e-05	0.0343	CATCCAGCACCAGGATTGGACCGTTTCTAC
pattern_3		15:50312468:T:G:R:wC	84	113	-	11.2143	4.51e-05	0.0282	AAAAAAAAAAAAAACAAAAAACTCATCCAA
pattern_3		17:2242494:G:A:A:wC	166	195	+	11.2143	4.51e-05	0.0282	AAAAAACAAAAAATACAAAAATTAGCCAGG
pattern_3		5:177042154:T:C:R:wC	142	171	-	11.2143	4.51e-05	0.0282	GCAAGCAAAAGGATAGAAATAAAAATTATA
pattern_6		7:140224338:G:A:R:wC	57	86	-	10.5833	4.52e-05	0.257	CGCACGTGCACTTTAAAAGGACTGAAAGGA
pattern_2		1:185401229:T:C:A:wC	60	89	+	-20.2317	4.52e-05	0.0818	TTAAATTTTTTATTGTTATTATTTTTGAGA
pattern_4		12:115556307:T:G:R:wC	27	56	-	11.4167	4.53e-05	0.283	CGCAAAATAAAAAAAAAAAACTTTTCTGCA
pattern_4		9:99224746:A:T:A:wC	78	107	+	11.4167	4.53e-05	0.283	TCTGTCTCTAAAAAAAAAAAAATTTGCCAG
pattern_5		5:98191736:T:C:A:wC	16	45	-	11.4286	4.53e-05	0.102	AGAGAGTTCTTTCTTAATAAAGAAAAACAC
pattern_5		9:114841961:A:C:R:wC	24	53	-	11.4286	4.53e-05	0.102	CAAAACTTTGTCTCGAAAAAAAAAAAAAAA
pattern_5		5:94085085:T:C:R:wC	53	82	+	11.4286	4.53e-05	0.102	TACTTTTGAAGAATGAAAGAAATATTTAAA
pattern_2		1:156049877:C:T:A:wC	71	100	+	-20.2439	4.53e-05	0.0818	AAAATCCCCTTACTTTTATGAGGGACAAGT
pattern_6		7:105831102:T:C:A:wC	135	164	+	10.5714	4.54e-05	0.257	AGGCATACATGTTTACAAATCATTATAATA
pattern_3		1:232271422:A:G:R:wC	39	68	-	11.2024	4.55e-05	0.0284	ACAAAAAAATTACAAAAAACATTTTTAAAA
pattern_3		14:94771341:G:A:A:wC	105	134	+	11.2024	4.55e-05	0.0284	CTGAGGCAGAATCTAAAAATGTAAATCTTT
pattern_0		20:48900511:T:C:A:wC	23	52	-	8.09524	4.56e-05	0.0346	CCCAAGCCCCATGGGGTCTAGGGGCTACCA
pattern_0		11:7983846:G:A:A:wC	103	132	-	8.09524	4.56e-05	0.0346	CCCGGGAGGCGGAGCTTGCAGTGAGTCGAG
pattern_5		19:39237303:A:G:R:wC	60	89	+	11.4167	4.56e-05	0.102	GCAAAACTCCATCTCAAAAAAAAAAAAAAA
pattern_5		12:66199734:G:A:A:wC	113	142	+	11.4167	4.56e-05	0.102	CTGTCTCAAAAAGTAAATAAAATAAAATAA
pattern_5		6:138234778:C:T:A:wC	103	132	-	11.4167	4.56e-05	0.102	AACAGACACTTCTCAAATGAAGAAATACAA
pattern_5		22:47358892:A:G:A:wC	149	178	+	11.4167	4.56e-05	0.102	TCTACTAAAAATACAAAAAAAAAAAAATTA
pattern_3		15:65566674:G:A:R:wC	3	32	-	11.1905	4.58e-05	0.0285	ACTTTCAAAAAAAAAAAAAAAAGTATGCTG
pattern_3		12:28300347:A:G:A:wC	12	41	-	11.1905	4.58e-05	0.0285	AAAAAAAAAAAAAAAAAAGAAAAAGAAAAA
pattern_3		8:95664858:T:C:A:wC	28	57	-	11.1905	4.58e-05	0.0285	GTTTAAAAGAAAATGAATAAAAGAAGCCAT
pattern_3		22:30251180:A:G:R:wC	32	61	-	11.1905	4.58e-05	0.0285	TAAAAAAAAAAAAAGAAAAAAAATTGTCTT
pattern_3		12:118682338:C:T:R:wC	83	112	-	11.1905	4.58e-05	0.0285	AAAAAAAAAAAAGAAAAAGAAAAAAGAAAT
pattern_5		9:99224746:A:T:R:wC	73	102	+	11.4048	4.6e-05	0.102	GAGACTCTGTCTCTAAAAAAAAAAAAAATT
pattern_4		18:74253644:C:T:R:wC	107	136	-	11.3929	4.6e-05	0.283	TATGGTGATTTTTTAAAAATTATGTGAAAA
pattern_1		4:39472842:T:A:A:wC	20	49	+	11.1905	4.6e-05	0.137	AGTTCACACCGTTTTTAAATATTCCTTAGG
pattern_1		4:39472842:T:A:R:wC	20	49	+	11.1905	4.6e-05	0.137	AGTTCACACCGTTTTTAAATATTCCTTAGG
pattern_0		13:31024008:G:A:R:wC	100	129	-	8.07143	4.61e-05	0.0349	TCTTGAACTCCTGACATTAGGCAATCCACC
pattern_3		15:91418297:T:A:R:wC	52	81	-	11.1786	4.62e-05	0.0286	AAAAAAAAAAAAAAAAAAAGTGTAACAGAA
pattern_3		18:55129900:A:G:R:wC	146	175	-	11.1786	4.62e-05	0.0286	AAAAAAAAAAAAAAAAAAAAGAAAGAAAAT
pattern_3		11:117083373:T:C:A:wC	154	183	-	11.1786	4.62e-05	0.0286	TCTGTCTCAAAAAAAAAAAAAAAAAGAAAA
pattern_6		17:74637022:T:C:R:wC	25	54	+	10.5357	4.62e-05	0.258	TTGAAACAGGAATTAAAAGAAATTAAAGAA
pattern_2		17:76923151:G:A:R:wC	57	86	+	-20.3537	4.63e-05	0.0834	TTTTTTTTTTTTTTTTTAAAAAGAATTGCC
pattern_5		11:75118589:C:A:A:wC	16	45	-	11.3929	4.63e-05	0.102	CAAAAAATAAAAATAATAAAAAATAATTTG
pattern_5		4:119376994:C:G:R:wC	92	121	-	11.3929	4.63e-05	0.102	TATATAAAATGTTCATAATAAGAAAATACA
pattern_0		13:114057197:A:G:R:wC	25	54	-	8.05952	4.63e-05	0.0351	CTCCAGCCTCAGACGCCCAGGTGGGTGCCG
pattern_0		3:114461208:G:A:R:wC	129	158	+	8.05952	4.63e-05	0.0351	CCTCCATTTCATAAATTAAAGTGCCCCCTC
pattern_1		19:41343700:C:T:R:wC	18	47	+	11.1786	4.64e-05	0.138	CAAAAAAAAAAAAAAAAAAAAAATTCTAGG
pattern_6		18:14133319:T:C:A:wC	61	90	-	10.5238	4.65e-05	0.258	GATCCAAAATATTTATAATTATTTGTTGAC
pattern_6		3:24341264:A:T:A:wC	96	125	-	10.5238	4.65e-05	0.258	AAAAAAAAATAAATAAATAAATAAAAAAAA
pattern_3		16:29123330:G:A:A:wC	46	75	+	11.1667	4.65e-05	0.0287	TTAAAAAACAAAAAACAAAAAACAAACAAG
pattern_3		16:29123330:G:A:R:wC	46	75	+	11.1667	4.65e-05	0.0287	TTAAAAAACAAAAAACAAAAAACAAACAAG
pattern_3		14:52117174:C:T:A:wC	28	57	-	11.1667	4.65e-05	0.0287	AAAAAAAAAAAAAAAAAAAAAACTGCCCTG
pattern_3		17:15758268:G:A:A:wC	72	101	-	11.1667	4.65e-05	0.0287	CTGTCTCAAAAAGAAAAAAAAAAAAAAAAG
pattern_3		1:72819884:T:C:R:wC	146	175	+	11.1667	4.65e-05	0.0287	CAAGTATAAAATTTAATAATTTTTTATACA
pattern_0		11:64140625:G:A:R:wC	10	39	-	8.04762	4.66e-05	0.0352	ACACTGCCTCCCTGGCCACAGTGATTGGTT
pattern_5		3:167455005:T:A:A:wC	3	32	+	11.381	4.66e-05	0.102	CAAATTTCTTTTTGAAAAGAAATGGCTCAA
pattern_5		12:125311934:C:T:R:wC	123	152	-	11.381	4.66e-05	0.102	GTTAAAATAATAATAATAATAATAATATTA
pattern_1		8:76755254:T:C:A:wC	45	74	-	11.1667	4.67e-05	0.138	CTAAAAAAAAAAAAAAAAAAATTATCCGGC
pattern_4		10:102703978:C:T:A:wC	60	89	-	11.369	4.67e-05	0.283	ACTTTTTTTTTTTTAAAAACCATTAACCAC
pattern_0		14:64236191:T:C:R:wC	65	94	-	8.03571	4.68e-05	0.0354	TCTCGATCTCCTGACCTCATGATCTGCCTG
pattern_2		3:52335756:C:T:A:wC	61	90	-	-20.4146	4.68e-05	0.0842	TCAGCTTTTTTTTTTTTTGTATTTTTAGTA
pattern_3		1:155857540:G:A:A:wC	29	58	-	11.1548	4.69e-05	0.0287	ATCTCAAAAAAAAAAAAAAAAAAAATTAGC
pattern_3		19:19370605:A:C:R:wC	32	61	-	11.1548	4.69e-05	0.0287	TAACAATAACAAATAACAACAATAATAGCA
pattern_5		12:21329996:A:T:R:wC	13	42	+	11.369	4.7e-05	0.102	TCATTAGCAAAATTTAATTAAGAATGAATA
pattern_5		12:120991456:T:G:A:wC	16	45	-	11.369	4.7e-05	0.102	ACACCATCTCTACTAAAAATACAAAAACAA
pattern_5		17:61106371:A:G:A:wC	49	78	-	11.369	4.7e-05	0.102	ACCATTTTTTGTATAAATAAAATTAGTATT
pattern_0		10:102747363:G:T:R:wC	32	61	+	8.02381	4.7e-05	0.0355	GTTTTGCTTCCGAGGTCAAGGCGAGTAGCA
pattern_0		2:55669662:G:A:R:wC	147	176	-	8.02381	4.7e-05	0.0355	GTTCAAGCTTCCCGGCTGCTTTGTTTACCT
pattern_4		6:13330152:G:A:A:wC	18	47	+	11.3571	4.71e-05	0.283	ATAAAAACTAAAATAAATAAGTCAATGATG
pattern_4		6:33233389:C:T:A:wC	25	54	-	11.3571	4.71e-05	0.283	GACCTTGTCTCTACAAAAAATTTAAAAATA
pattern_4		7:95966546:G:A:A:wC	31	60	-	11.3571	4.71e-05	0.283	CTCAATAAATAAATAAATAAATATAAATAA
pattern_4		12:66199734:G:A:A:wC	160	189	+	11.3571	4.71e-05	0.283	AAATAATAATAAATAAATAAATCTAGCACT
pattern_3		16:320148:T:G:R:wC	29	58	+	11.1429	4.72e-05	0.0287	TCTCTACTAAAAATACAAAAAATTAGCCGG
pattern_3		7:19546663:A:G:R:wC	36	65	+	11.1429	4.72e-05	0.0287	TCTCTACTAAAAATACAAAAAATTAGCCGG
pattern_3		13:52611952:G:A:R:wC	36	65	+	11.1429	4.72e-05	0.0287	TCTCTACTAAAAATACAAAAAATTAGCCGG
pattern_3		7:6739789:A:G:R:wC	56	85	+	11.1429	4.72e-05	0.0287	TCTCTACTAAAAATACAAAAAATTAGCCGG
pattern_3		6:73983412:G:A:R:wC	56	85	+	11.1429	4.72e-05	0.0287	TCTCTACTAAAAATACAAAAAATTAGCCGG
pattern_3		1:1511244:G:A:A:wC	60	89	+	11.1429	4.72e-05	0.0287	TCTCTACTAAAAATACAAAAAATTAGCCGG
pattern_3		7:133810618:A:G:R:wC	63	92	+	11.1429	4.72e-05	0.0287	TCTCTACTAAAAATACAAAAAATTAGCCGG
pattern_3		7:133810618:A:G:A:wC	63	92	+	11.1429	4.72e-05	0.0287	TCTCTACTAAAAATACAAAAAATTAGCCGG
pattern_3		21:40977763:C:T:A:wC	42	71	-	11.1429	4.72e-05	0.0287	TCGTATCTATGAAAAAATAAAAATAATAAA
pattern_3		1:29502572:G:T:A:wC	121	150	+	11.1429	4.72e-05	0.0287	TCTCTACTAAAAATACAAAAAATTAGCCGG
pattern_3		11:32993406:G:A:A:wC	132	161	+	11.1429	4.72e-05	0.0287	TCTCTACTAAAAATACAAAAAATTAGCCGG
pattern_3		21:47682677:T:C:A:wC	133	162	+	11.1429	4.72e-05	0.0287	TCTCTACTAAAAATACAAAAAATTAGCCGG
pattern_3		19:36723492:C:A:A:wC	105	134	-	11.1429	4.72e-05	0.0287	GAAAAAAAAAAAAAAGAAAAAAGAAAAAAG
pattern_3		9:93391290:C:A:A:wC	106	135	-	11.1429	4.72e-05	0.0287	TCTCTACTAAAAATACAAAAAATTAGCCGG
pattern_3		17:27128264:G:A:R:wC	136	165	+	11.1429	4.72e-05	0.0287	TCTCTACTAAAAATACAAAAAATTAGCCGG
pattern_3		5:86302298:C:T:A:wC	108	137	-	11.1429	4.72e-05	0.0287	TCTCTACTAAAAATACAAAAAATTAGCCGG
pattern_3		3:179112353:G:A:R:wC	110	139	-	11.1429	4.72e-05	0.0287	TCTCTACTAAAAATACAAAAAATTAGCCGG
pattern_3		2:54244011:C:T:A:wC	111	140	-	11.1429	4.72e-05	0.0287	TCTCTACTAAAAATACAAAAAATTAGCCGG
pattern_3		2:217547580:C:T:A:wC	111	140	-	11.1429	4.72e-05	0.0287	TCTCTACTAAAAATACAAAAAATTAGCCGG
pattern_3		1:150642859:G:A:R:wC	143	172	+	11.1429	4.72e-05	0.0287	TCTCTACTAAAAATACAAAAAATTAGCCGG
pattern_3		9:16737384:G:C:R:wC	124	153	-	11.1429	4.72e-05	0.0287	TCTCTACTAAAAATACAAAAAATTAGCCGG
pattern_3		1:232767485:C:T:R:wC	158	187	+	11.1429	4.72e-05	0.0287	TCTCTACTAAAAATACAAAAAATTAGCCGG
pattern_3		4:88396024:G:A:R:wC	130	159	-	11.1429	4.72e-05	0.0287	TCTCTACTAAAAATACAAAAAATTAGCCGG
pattern_3		14:105764099:T:C:A:wC	163	192	+	11.1429	4.72e-05	0.0287	TCTCTACTAAAAATACAAAAAATTAGCCGG
pattern_3		19:4382360:T:G:R:wC	154	183	-	11.1429	4.72e-05	0.0287	TCTCTACTAAAAATACAAAAAATTAGCCGG
pattern_3		14:58841995:T:C:R:wC	159	188	-	11.1429	4.72e-05	0.0287	TCTCTACTAAAAATACAAAAAATTAGCCGG
pattern_0		2:15788692:C:T:A:wC	27	56	+	8.0119	4.73e-05	0.0356	CCTGGGAGGCGGAAGTTGCAGTGAGCTGAG
pattern_0		2:15788692:C:T:R:wC	27	56	+	8.0119	4.73e-05	0.0356	CCTGGGAGGCGGAAGTTGCAGTGAGCTGAG
pattern_0		1:245131916:A:T:R:wC	47	76	-	8.0119	4.73e-05	0.0356	CCGCAACCTCCCAAGTAGCTGGGAGGAGCG
pattern_0		17:65242841:G:A:R:wC	61	90	-	8.0119	4.73e-05	0.0356	TTTTTGGCTCCCCAGGGGCAGGGCTCCTGT
pattern_6		3:171680513:A:G:A:wC	54	83	+	10.4881	4.73e-05	0.258	TAAACAGATAAATTACAATGCAGCACCCTA
pattern_6		14:32031245:C:T:A:wC	102	131	-	10.4881	4.73e-05	0.258	CAACTTTAAAAAATAATAATAATAAAAAGC
pattern_5		22:30929537:A:G:A:wC	134	163	+	11.3571	4.73e-05	0.102	GAGCAAGACTGTCTCAAAAAAAAAAAAAAA
pattern_2		3:32514647:T:A:R:wC	59	88	+	-20.4756	4.74e-05	0.0851	TCATTTTAGTAGCTTGTTGGAGAGATGGCT
pattern_1		5:111059962:T:A:R:wC	67	96	-	11.1429	4.74e-05	0.139	TTGGAGGAAGTTGAATAAAAATTTAAGTTC
pattern_1		12:66199734:G:A:A:wC	128	157	+	11.1429	4.74e-05	0.139	AATAAAATAAAATAAAATAAAATAAATTTA
pattern_4		8:23069574:T:C:R:wC	76	105	-	11.3452	4.75e-05	0.283	CCTATACTATATACAAAAATTATCTCAAAA
pattern_0		8:6314904:G:A:A:wC	50	79	-	8	4.75e-05	0.0357	TCCGCCCGCCCCAAAGTACCGGGATTATAG
pattern_0		11:76365771:G:C:A:wC	137	166	-	8	4.75e-05	0.0357	CTTTGTCCTCCCCCCCTCCTTTGCTCCCCC
pattern_3		6:21386879:A:G:R:wC	18	47	+	11.131	4.75e-05	0.0289	CACAATAAAATAATAACACAAAACAAACCC
pattern_3		2:111928231:C:G:A:wC	155	184	+	11.131	4.75e-05	0.0289	AAAAAAAAAAAAAAAAAAGAAGTCAGATTT
pattern_6		5:118869764:A:G:R:wC	37	66	+	10.4762	4.76e-05	0.258	AATACCTGTAAAATAATATTACTGAAACTT
pattern_5		3:52335756:C:T:A:wC	51	80	+	11.3452	4.77e-05	0.102	ACCCTGTCTCTACTAAAAATACAAAAAAAA
pattern_5		5:179735213:A:G:R:wC	146	175	+	11.3452	4.77e-05	0.102	AAAAAAAAAAGAAGAAAAAGAAAGAAAGAA
pattern_5		14:50685747:C:G:R:wC	169	198	+	11.3452	4.77e-05	0.102	CAAGATTTCGTCTCAAAAAAAAAAAAAAGT
pattern_0		17:75317176:C:G:R:wC	38	67	+	7.9881	4.78e-05	0.0359	GCCCAGCCTCCTTGGTCCCTTCACTCACAT
pattern_6		12:10597582:A:C:A:wC	9	38	-	10.4643	4.78e-05	0.258	AAAAAAATTAGTGCATATATATTTTATGTA
pattern_6		8:81405922:G:A:A:wC	67	96	+	10.4643	4.78e-05	0.258	TTTAAAAACAAAACAAAAAAAAAAAACCGA
pattern_4		9:6177291:G:T:A:wC	2	31	-	11.3333	4.79e-05	0.283	TAATAATAAAAAATAAAAAATTAAAAAATT
pattern_4		21:37477069:C:T:R:wC	25	54	-	11.3333	4.79e-05	0.283	TAGCACTCAAATATAAAATTTTCTTTTTAA
pattern_4		1:67481070:G:T:A:wC	34	63	-	11.3333	4.79e-05	0.283	AGTTAATTTTTAATAAAGCCTTGTAAATAA
pattern_3		14:96932075:G:A:R:wC	8	37	+	11.119	4.79e-05	0.029	AAAAGGATTAAAATAAAATCCTTTTATTTT
pattern_3		1:222829373:G:A:A:wC	25	54	-	11.119	4.79e-05	0.029	AAAAAAAAAAAAAAAAAAAAAAGGGAAAGA
pattern_3		10:38015694:G:A:A:wC	39	68	-	11.119	4.79e-05	0.029	AAAAAAAAAAAAAAAAAAATCAATCGGGAG
pattern_3		12:118682338:C:T:R:wC	76	105	-	11.119	4.79e-05	0.029	AAAAAGAAAAAGAAAAAAGAAATTAACAAA
pattern_0		5:122577883:C:T:R:wC	51	80	+	7.97619	4.8e-05	0.036	GTTGGAGCTTCCGGGCTGCTTTGTTTACCT
pattern_5		8:95257128:T:G:R:wC	34	63	-	11.3333	4.81e-05	0.102	AAAAAGAAAGAAAGAAAAAGAAAAAAGAAG
pattern_5		5:67503533:T:A:A:wC	67	96	-	11.3333	4.81e-05	0.102	AAAAAAAGAAAAAGAAAAAGAAAAGAAAGA
pattern_5		1:221028584:G:A:A:wC	87	116	-	11.3333	4.81e-05	0.102	GACAGTAATAATTTAATTGTACATTTAAAA
pattern_5		12:66199734:G:A:A:wC	150	179	+	11.3333	4.81e-05	0.102	TAAATTTAAAAAATAATAATAAATAAATAA
pattern_5		5:111059962:T:A:R:wC	168	197	-	11.3333	4.81e-05	0.102	AAAAGTAAAAAATTGAATTTAGGTATATTT
pattern_1		9:97677556:A:G:A:wC	34	63	+	11.119	4.81e-05	0.139	TGAGTTAACGAACATAAAATACTTAGAACT
pattern_1		9:113038318:A:G:R:wC	55	84	+	11.119	4.81e-05	0.139	AAAAGAAAAAATAAAATAAAATTTCATCAA
pattern_1		7:95966546:G:A:A:wC	29	58	-	11.119	4.81e-05	0.139	CAATAAATAAATAAATAAATATAAATAAAT
pattern_1		7:135667353:C:G:R:wC	63	92	-	11.119	4.81e-05	0.139	AATGCTAAAAGAAAAAAAAAATTAAGCTGA
pattern_6		7:130445128:C:A:R:wC	53	82	-	10.4524	4.81e-05	0.258	TGTCTCAAATAAATAAATAAAAACAAAAAC
pattern_6		1:221028584:G:A:A:wC	87	116	-	10.4524	4.81e-05	0.258	GACAGTAATAATTTAATTGTACATTTAAAA
pattern_2		18:10726142:G:C:A:wC	10	39	+	-20.561	4.82e-05	0.0863	TATGTATTCTTGTGTCCAGGAGGGCTGGGG
pattern_4		9:131683644:C:T:A:wC	27	56	-	11.3214	4.82e-05	0.283	GTCTCAAAATAAATAAATAAATAATAAATA
pattern_4		8:126354850:C:A:A:wC	71	100	+	11.3214	4.82e-05	0.283	GGCTCTGCAGAAATAAAGATTTTCCTCATA
pattern_3		19:41343700:C:T:R:wC	21	50	+	11.1071	4.83e-05	0.0291	AAAAAAAAAAAAAAAAAAAATTCTAGGACG
pattern_3		2:242375013:G:A:R:wC	1	30	-	11.1071	4.83e-05	0.0291	AAAAAAAAAAAAAAAAAATTACAAATCCAC
pattern_3		22:29431626:T:C:R:wC	33	62	-	11.1071	4.83e-05	0.0291	CCGTCTCAAAAAGAAAAAAAATTTTAAAAT
pattern_3		22:29431626:T:C:A:wC	33	62	-	11.1071	4.83e-05	0.0291	CCGTCTCAAAAAGAAAAAAAATTTTAAAAT
pattern_3		2:54217148:G:C:R:wC	64	93	-	11.1071	4.83e-05	0.0291	CCATCTCAAAAAAAAAAAAAAAAGAAAAGA
pattern_3		1:26377185:G:A:R:wC	69	98	-	11.1071	4.83e-05	0.0291	TCTCAAAAAAAAAAAAAAAAAAAAAAGAGG
pattern_3		15:50312468:T:G:R:wC	99	128	-	11.1071	4.83e-05	0.0291	GAAAAACTCCATCTAAAAAAAAAAAAAAAC
pattern_3		2:32642798:T:C:R:wC	133	162	-	11.1071	4.83e-05	0.0291	AAAAAATAAAAATAAAAAAATAATTTCACT
pattern_3		6:43129333:G:A:A:wC	149	178	-	11.1071	4.83e-05	0.0291	CAAAAACAAAAACAAAAAAACAAAACAAAC
pattern_5		12:110950376:T:C:A:wC	15	44	+	11.3214	4.84e-05	0.102	AATAAAAATATATTAACAAAAGAAGAACAA
pattern_5		15:52369932:C:T:R:wC	60	89	-	11.3214	4.84e-05	0.102	CAAGACTCTGTCTCAAAAAAAAAAAGAAAA
pattern_5		5:179735213:A:G:R:wC	152	181	+	11.3214	4.84e-05	0.102	AAAAGAAGAAAAAGAAAGAAAGAAACTAAC
pattern_1		5:75964507:C:T:A:wC	21	50	+	11.1071	4.84e-05	0.139	CTGCTTTGTGCTTTAATAATATATTAACTT
pattern_1		3:24341264:A:T:A:wC	98	127	+	11.1071	4.84e-05	0.139	TTTTTTATTTATTTATTTATTTTTTTTTTT
pattern_1		2:102326268:C:T:R:wC	141	170	-	11.1071	4.84e-05	0.139	AAAACTTAAGAATAAAATATAAGAAAAATA
pattern_3		10:123191538:A:G:A:wC	1	30	-	11.0952	4.86e-05	0.0293	AAAAAAAAAAGAAAAAAATTATACACACAC
pattern_3		1:67481070:G:T:A:wC	14	43	-	11.0952	4.86e-05	0.0293	TTGTAAATAAATCTATTTAATTTTAATTAG
pattern_3		16:29924422:A:T:R:wC	83	112	+	11.0952	4.86e-05	0.0293	TAACAGAGAATAATAAAAGTCTACAATTAC
pattern_3		11:70175565:A:T:R:wC	75	104	-	11.0952	4.86e-05	0.0293	AAAATAAATAAATAAATAATAATGTCCTCA
pattern_6		17:61106371:A:G:A:wC	51	80	-	10.4286	4.87e-05	0.26	AAACCATTTTTTGTATAAATAAAATTAGTA
pattern_1		10:102075479:G:A:R:wC	2	31	+	11.0952	4.88e-05	0.139	GGTAAAAATTTAATAAATATATTACCAGTC
pattern_1		10:102075479:G:A:A:wC	2	31	+	11.0952	4.88e-05	0.139	GGTAAAAATTTAATAAATATATTACCAGTC
pattern_1		12:10597582:A:C:A:wC	25	54	-	11.0952	4.88e-05	0.139	AAAAAAAAAAAAAAAAAAAAAAATTAGTGC
pattern_1		12:66199734:G:A:A:wC	126	155	+	11.0952	4.88e-05	0.139	TAAATAAAATAAAATAAAATAAAATAAATT
pattern_5		17:74637022:T:C:R:wC	25	54	+	11.3095	4.88e-05	0.102	TTGAAACAGGAATTAAAAGAAATTAAAGAA
pattern_0		12:655811:G:T:R:wC	28	57	+	7.94048	4.88e-05	0.0366	TCTCGCACTCACCGCCTCGCGTGCTTCCTG
pattern_0		8:142369262:C:T:A:wC	31	60	-	7.94048	4.88e-05	0.0366	CCCCACCCTGCTGGCCCCAAAGACTTCTCC
pattern_2		5:118453771:T:G:A:wC	125	154	+	-20.6341	4.88e-05	0.0874	GATTTTTGCTTTTATTTTAAGGAGGTGGCA
pattern_3		12:93912196:G:T:R:wC	13	42	-	11.0833	4.9e-05	0.0293	GGTCTCAAAAGAAAAATAATAACAATAATA
pattern_3		2:75120525:C:A:R:wC	17	46	-	11.0833	4.9e-05	0.0293	AAATGTTAAAATTTATTAATAATAGTTAAC
pattern_3		10:44370872:T:C:R:wC	36	65	-	11.0833	4.9e-05	0.0293	AAAAACAAAACAAAACAAAAATTGATCATT
pattern_3		3:53592864:G:A:A:wC	40	69	-	11.0833	4.9e-05	0.0293	CTAAAGACAATGAAAAAAATCTTGAAAATA
pattern_3		2:197074540:C:T:R:wC	45	74	-	11.0833	4.9e-05	0.0293	CTCCGTCTCAAAAAAAAAAAAAAAAGAAAG
pattern_3		2:16129686:G:A:A:wC	76	105	+	11.0833	4.9e-05	0.0293	TCAAAAAAAAAAAAAAAAAAAAACAAGTGG
pattern_3		17:76923151:G:A:R:wC	54	83	-	11.0833	4.9e-05	0.0293	AATTCTTTTTAAAAAAAAAAAAAAAAAAAA
pattern_3		10:49911248:C:T:R:wC	73	102	-	11.0833	4.9e-05	0.0293	GAGCGCTCCAAAATAAATAAATAAATAAAT
pattern_3		3:55584998:C:T:A:wC	137	166	+	11.0833	4.9e-05	0.0293	CTCCGTCTCAAAAAAAAAAAAAAAAGAAAG
pattern_4		16:77337844:G:C:R:wC	5	34	+	11.2976	4.9e-05	0.283	ACCCCATCTCTACTAAAAATATTAAAAAAC
pattern_4		16:77337795:T:C:R:wC	54	83	+	11.2976	4.9e-05	0.283	ACCCCATCTCTACTAAAAATATTAAAAAAC
pattern_4		7:6079662:T:C:A:wC	153	182	-	11.2976	4.9e-05	0.283	AGGAAGACTGTTTCAAAAAAAATAAAAAAA
pattern_1		12:54124477:C:T:R:wC	15	44	+	11.0833	4.91e-05	0.14	TTTTTTATTTTTTTATTTTTATTTTTTATT
pattern_5		17:76923151:G:A:R:wC	61	90	-	11.2976	4.91e-05	0.102	AGTGGGCAATTCTTTTTAAAAAAAAAAAAA
pattern_5		12:69367391:G:A:R:wC	122	151	-	11.2976	4.91e-05	0.102	CGAGATTCTGTCTGAAAAAAAGAAAAAGAA
pattern_0		3:49743712:T:C:R:wC	76	105	+	7.91667	4.93e-05	0.0369	CCCCCACCCCCTGGGCCCAATAAGTGCTGA
pattern_3		17:76923151:G:A:R:wC	53	82	-	11.0714	4.93e-05	0.0295	ATTCTTTTTAAAAAAAAAAAAAAAAAAAAC
pattern_3		4:147070882:G:A:A:wC	113	142	-	11.0714	4.93e-05	0.0295	GAAAGACAAAAAGAAAAAATAATTGAAAAG
pattern_1		6:53443540:T:A:A:wC	20	49	-	11.0714	4.95e-05	0.14	TGTTTTAACCATTTATAAAAAATTCTAGAA
pattern_6		7:6079662:T:C:A:wC	144	173	-	10.3929	4.95e-05	0.263	GTTTCAAAAAAAATAAAAAAATAAAACTAA
pattern_5		2:110316208:G:A:R:wC	14	43	+	11.2857	4.95e-05	0.102	TGGTTGAAATAATTAATATAAAATGTTAAG
pattern_5		7:95966546:G:A:A:wC	23	52	-	11.2857	4.95e-05	0.102	ATAAATAAATAAATATAAATAAATGAAATC
pattern_5		8:95853197:G:A:R:wC	47	76	-	11.2857	4.95e-05	0.102	GCAATACTCCATCTCAAAAAAAAAAAAAAA
pattern_5		2:202897288:G:A:A:wC	72	101	-	11.2857	4.95e-05	0.102	ATATGTTGAGAAGGAAAAGAAAAAAATCAA
pattern_5		17:62407974:C:T:A:wC	146	175	+	11.2857	4.95e-05	0.102	CATATTTTTTTAAGAAAAAAATGAAAACTA
pattern_2		2:87151342:G:A:R:wC	27	56	+	-20.7073	4.95e-05	0.0883	GATATATATTTTCTTTTTTTGGGGGAGGGG
pattern_2		10:43928319:C:T:R:wC	30	59	+	-20.7073	4.95e-05	0.0883	CTAATTTTTTTTTGTTTTTTGAGGCGGAGT
pattern_0		11:15961145:G:A:R:wC	36	65	-	7.90476	4.96e-05	0.0371	CCTCTGGGTCCAGTGCCCCAGCATGCTTTG
pattern_0		19:36723492:C:A:A:wC	150	179	+	7.90476	4.96e-05	0.0371	CCTCTGTCACCCAGGCTGGAGTGCAGTGGT
pattern_3		10:99103492:A:G:R:wC	6	35	+	11.0595	4.97e-05	0.0296	TCTGTCTCAAAAAAAAAAAAAAAAAGTAAA
pattern_3		21:41156516:A:G:R:wC	11	40	+	11.0595	4.97e-05	0.0296	TGGTAGTAATAATTAAATAAGTATATTAAA
pattern_3		1:185401229:T:C:A:wC	44	73	-	11.0595	4.97e-05	0.0296	AATAAAAAATTTAAAAAAAGAAATAAAAAG
pattern_3		3:101326815:C:T:A:wC	137	166	-	11.0595	4.97e-05	0.0296	TCTCTATTAAAAATACAAAAAATTAGCTGG
pattern_3		2:102326268:C:T:R:wC	137	166	-	11.0595	4.97e-05	0.0296	CTTAAGAATAAAATATAAGAAAAATACTCT
pattern_1		1:67481070:G:T:A:wC	6	35	+	11.0595	4.98e-05	0.14	TGGTCAAACTAATTAAAATTAAATAGATTT
pattern_1		10:81950326:C:T:R:wC	7	36	-	11.0595	4.98e-05	0.14	CTCAAAAAAAAAAAAAAAAAAATTTATTGT
pattern_1		9:99224746:A:T:R:wC	80	109	+	11.0595	4.98e-05	0.14	TGTCTCTAAAAAAAAAAAAAATTGCCAGGC
pattern_5		19:19709129:G:A:R:wC	60	89	-	11.2738	4.99e-05	0.102	AAAAAAAAAAAAGGAAAGAAAAGAAAAAGA
pattern_6		7:96039267:G:T:R:wC	58	87	-	10.369	5.01e-05	0.265	TTTAAATTGTTTTTAAATAAATTTACGGGG
pattern_3		16:3538625:T:C:R:wC	7	36	-	11.0476	5.01e-05	0.0298	CATCTCAAAAAAAAAAAAAAAAAAGAAAAT
pattern_3		19:50049882:T:G:A:wC	53	82	+	11.0476	5.01e-05	0.0298	ACCCCGTCTCTACTAAAAATATTTAAAAAA
pattern_3		18:14133319:T:C:A:wC	65	94	-	11.0476	5.01e-05	0.0298	TTTAGATCCAAAATATTTATAATTATTTGT
pattern_3		17:8164578:A:G:R:wC	69	98	-	11.0476	5.01e-05	0.0298	TCTCTACAAAAAAAAAAAAGAAAGAAAGAA
pattern_3		9:131861275:A:C:R:wC	73	102	-	11.0476	5.01e-05	0.0298	TCTCAAAAGAAAAAGAAAAAAATTAGCCAA
pattern_3		7:100702058:T:C:A:wC	123	152	-	11.0476	5.01e-05	0.0298	TAGTTACTACAAATATATATTATAATATTT
pattern_1		10:38015694:G:A:A:wC	43	72	-	11.0476	5.02e-05	0.14	AAAAAAAAAAAAAAAAAAAAAAATCAATCG
pattern_2		9:113187049:G:A:R:wC	4	33	+	-20.7805	5.02e-05	0.0894	TTTTGTTTTGTTTTGTTTTTAGACAGAGTT
pattern_5		17:27128264:G:A:R:wC	1	30	+	11.2619	5.02e-05	0.102	ACTCCGTCTCAAAGAAAAAAAAAAAGACCA
pattern_5		19:53674839:G:A:A:wC	16	45	-	11.2619	5.02e-05	0.102	AAAAAAATATATATATATATATATATACAC
pattern_5		18:74253644:C:T:R:wC	109	138	-	11.2619	5.02e-05	0.102	CATATGGTGATTTTTTAAAAATTATGTGAA
pattern_5		2:42626124:C:T:A:wC	136	165	-	11.2619	5.02e-05	0.102	AAAAAAAAGAAAAGAAAAAAAGAACAACCC
pattern_0		17:4939084:A:G:A:wC	131	160	+	7.86905	5.04e-05	0.0376	CCACCCCCCCACAAGTAGCTGGGACCACAG
pattern_3		8:72435504:C:G:A:wC	3	32	-	11.0357	5.04e-05	0.0298	GTCTCAAAAAAAAAAAAAAAAAGAAAAAGA
pattern_3		18:47341474:G:C:A:wC	33	62	+	11.0357	5.04e-05	0.0298	TCTCTACTAAAAATACAAAAAAATTAGCTG
pattern_3		2:75120525:C:A:R:wC	11	40	-	11.0357	5.04e-05	0.0298	TAAAATTTATTAATAATAGTTAACATCACA
pattern_3		19:49508265:A:G:R:wC	54	83	+	11.0357	5.04e-05	0.0298	AATAAAAAATTAAAAAAAAAAAAACAGGAA
pattern_3		2:174836754:A:G:R:wC	55	84	+	11.0357	5.04e-05	0.0298	TCTCTACTAAAAATACAAAAAAATTAGCTG
pattern_3		8:76755254:T:C:A:wC	43	72	-	11.0357	5.04e-05	0.0298	AAAAAAAAAAAAAAAAAAATTATCCGGCTG
pattern_3		9:24112926:G:C:R:wC	55	84	-	11.0357	5.04e-05	0.0298	TCAAAGGAGAAACTAATAAATTAGACTACA
pattern_3		11:32718439:G:T:A:wC	61	90	-	11.0357	5.04e-05	0.0298	CACTGTTTCAAAAAAAAAAAAAAAATCCTT
pattern_3		11:32718439:G:T:R:wC	61	90	-	11.0357	5.04e-05	0.0298	CACTGTTTCAAAAAAAAAAAAAAAATCCTT
pattern_3		11:70175565:A:T:R:wC	78	107	-	11.0357	5.04e-05	0.0298	TCAAAAATAAATAAATAAATAATAATGTCC
pattern_3		10:104637508:T:C:R:wC	87	116	-	11.0357	5.04e-05	0.0298	AAAAAAAAAAAAAAAAAAAGAAGTTATCAC
pattern_3		14:64236191:T:C:R:wC	123	152	+	11.0357	5.04e-05	0.0298	TCTCTACTAAAAATACAAAAAAATTAGCTG
pattern_3		9:69499956:C:T:A:wC	124	153	+	11.0357	5.04e-05	0.0298	TCTCTACTAAAAATACAAAAAAATTAGCTG
pattern_1		16:4014964:A:G:R:wC	19	48	+	11.0357	5.05e-05	0.14	GTAAATAAATAAATAAATAAATGCAACCTC
pattern_1		7:95966546:G:A:A:wC	31	60	-	11.0357	5.05e-05	0.14	CTCAATAAATAAATAAATAAATATAAATAA
pattern_1		15:75750969:G:A:A:wC	50	79	-	11.0357	5.05e-05	0.14	CGCACAGCTAATTTTTAAATATTTTGTAGA
pattern_1		4:38443544:G:A:R:wC	53	82	-	11.0357	5.05e-05	0.14	ACTCATAAAAGATAAAAAATAAATTGAGCT
pattern_1		15:91418297:T:A:R:wC	55	84	-	11.0357	5.05e-05	0.14	AAAAAAAAAAAAAAAAAAAAAAGTGTAACA
pattern_1		6:139019622:A:C:R:wC	73	102	-	11.0357	5.05e-05	0.14	AATAAATTATATAAATATATAAATAGAAAC
pattern_4		10:31146615:T:C:R:wC	57	86	-	11.25	5.06e-05	0.287	GCAAATTCAAATATAAAAATATGCTTTTGC
pattern_4		7:21606959:T:C:R:wC	98	127	-	11.25	5.06e-05	0.287	GCTTGAATTTTCACAAAAACTTTATCAATA
pattern_5		6:88112460:A:G:R:wC	43	72	+	11.25	5.06e-05	0.102	AGTTAAAAAATTATAAAGTGAATAGCCATG
pattern_6		3:142660146:A:G:A:wC	58	87	+	10.3452	5.06e-05	0.265	TGTTAAGTGAAATCAATAATAATTACATTG
pattern_3		13:113352130:C:T:A:wC	7	36	-	11.0238	5.08e-05	0.0299	AAAAAAAAAAAAAAAAAAAAAAAAACTGGC
pattern_3		17:74481538:A:C:A:wC	54	83	+	11.0238	5.08e-05	0.0299	TCAAAAAAAAAAAAAAAAAAAAAAGAGCTG
pattern_3		17:74481538:A:C:R:wC	54	83	+	11.0238	5.08e-05	0.0299	TCAAAAAAAAAAAAAAAAAAAAAAGAGCTG
pattern_3		17:29073546:C:T:A:wC	25	54	-	11.0238	5.08e-05	0.0299	ATCTCAAAAAAGAAAAAAAAAAAAAAGAAT
pattern_3		11:70175565:A:T:R:wC	82	111	-	11.0238	5.08e-05	0.0299	TGTCTCAAAAATAAATAAATAAATAATAAT
pattern_3		5:149484429:A:T:A:wC	105	134	-	11.0238	5.08e-05	0.0299	TCTCAAAAAAAAAAAGAACAAATGAACAAA
pattern_0		9:1045269:A:C:R:wC	32	61	+	7.84524	5.09e-05	0.038	GCTCTGTCGCCCAGGCTGGAGGGCGGTGGC
pattern_1		19:53674839:G:A:A:wC	32	61	-	11.0238	5.09e-05	0.14	AAAAAAGAAAAAAAAAAAAAAAATATATAT
pattern_5		1:226448407:A:G:R:wC	23	52	-	11.2381	5.1e-05	0.102	AAAAAAAAAAAAAAAAAAAAAAAAAAAAAA
pattern_5		1:226448407:A:G:R:wC	24	53	-	11.2381	5.1e-05	0.102	AAAAAAAAAAAAAAAAAAAAAAAAAAAAAA
pattern_5		1:226448407:A:G:R:wC	25	54	-	11.2381	5.1e-05	0.102	AAAAAAAAAAAAAAAAAAAAAAAAAAAAAA
pattern_5		1:226448407:A:G:R:wC	26	55	-	11.2381	5.1e-05	0.102	AAAAAAAAAAAAAAAAAAAAAAAAAAAAAA
pattern_5		1:226448407:A:G:R:wC	27	56	-	11.2381	5.1e-05	0.102	AAAAAAAAAAAAAAAAAAAAAAAAAAAAAA
pattern_5		14:32922842:G:C:R:wC	40	69	-	11.2381	5.1e-05	0.102	AAAAAAAAAAAAAAAAAAAAAAAAAAAAAA
pattern_5		14:32922842:G:C:R:wC	41	70	-	11.2381	5.1e-05	0.102	AAAAAAAAAAAAAAAAAAAAAAAAAAAAAA
pattern_5		14:32922842:G:C:R:wC	42	71	-	11.2381	5.1e-05	0.102	AAAAAAAAAAAAAAAAAAAAAAAAAAAAAA
pattern_5		14:32922842:G:C:R:wC	43	72	-	11.2381	5.1e-05	0.102	AAAAAAAAAAAAAAAAAAAAAAAAAAAAAA
pattern_5		14:32922842:G:C:R:wC	44	73	-	11.2381	5.1e-05	0.102	AAAAAAAAAAAAAAAAAAAAAAAAAAAAAA
pattern_5		14:32922842:G:C:R:wC	45	74	-	11.2381	5.1e-05	0.102	AAAAAAAAAAAAAAAAAAAAAAAAAAAAAA
pattern_5		14:32922842:G:C:R:wC	46	75	-	11.2381	5.1e-05	0.102	AAAAAAAAAAAAAAAAAAAAAAAAAAAAAA
pattern_5		14:32922842:G:C:R:wC	47	76	-	11.2381	5.1e-05	0.102	AAAAAAAAAAAAAAAAAAAAAAAAAAAAAA
pattern_5		14:32922842:G:C:R:wC	48	77	-	11.2381	5.1e-05	0.102	AAAAAAAAAAAAAAAAAAAAAAAAAAAAAA
pattern_5		14:32922842:G:C:R:wC	49	78	-	11.2381	5.1e-05	0.102	AAAAAAAAAAAAAAAAAAAAAAAAAAAAAA
pattern_5		10:38015694:G:A:A:wC	50	79	-	11.2381	5.1e-05	0.102	AAAAAAAAAAAAAAAAAAAAAAAAAAAAAA
pattern_5		10:38015694:G:A:A:wC	51	80	-	11.2381	5.1e-05	0.102	AAAAAAAAAAAAAAAAAAAAAAAAAAAAAA
pattern_5		10:38015694:G:A:A:wC	52	81	-	11.2381	5.1e-05	0.102	AAAAAAAAAAAAAAAAAAAAAAAAAAAAAA
pattern_5		10:38015694:G:A:A:wC	53	82	-	11.2381	5.1e-05	0.102	AAAAAAAAAAAAAAAAAAAAAAAAAAAAAA
pattern_5		10:38015694:G:A:A:wC	54	83	-	11.2381	5.1e-05	0.102	AAAAAAAAAAAAAAAAAAAAAAAAAAAAAA
pattern_5		10:38015694:G:A:A:wC	55	84	-	11.2381	5.1e-05	0.102	AAAAAAAAAAAAAAAAAAAAAAAAAAAAAA
pattern_5		10:38015694:G:A:A:wC	56	85	-	11.2381	5.1e-05	0.102	AAAAAAAAAAAAAAAAAAAAAAAAAAAAAA
pattern_5		10:38015694:G:A:A:wC	57	86	-	11.2381	5.1e-05	0.102	AAAAAAAAAAAAAAAAAAAAAAAAAAAAAA
pattern_5		10:38015694:G:A:A:wC	58	87	-	11.2381	5.1e-05	0.102	AAAAAAAAAAAAAAAAAAAAAAAAAAAAAA
pattern_5		10:38015694:G:A:A:wC	59	88	-	11.2381	5.1e-05	0.102	AAAAAAAAAAAAAAAAAAAAAAAAAAAAAA
pattern_5		10:38015694:G:A:A:wC	60	89	-	11.2381	5.1e-05	0.102	AAAAAAAAAAAAAAAAAAAAAAAAAAAAAA
pattern_5		10:38015694:G:A:A:wC	61	90	-	11.2381	5.1e-05	0.102	AAAAAAAAAAAAAAAAAAAAAAAAAAAAAA
pattern_5		10:38015694:G:A:A:wC	62	91	-	11.2381	5.1e-05	0.102	AAAAAAAAAAAAAAAAAAAAAAAAAAAAAA
pattern_5		10:38015694:G:A:A:wC	63	92	-	11.2381	5.1e-05	0.102	AAAAAAAAAAAAAAAAAAAAAAAAAAAAAA
pattern_5		10:38015694:G:A:A:wC	64	93	-	11.2381	5.1e-05	0.102	AAAAAAAAAAAAAAAAAAAAAAAAAAAAAA
pattern_5		10:38015694:G:A:A:wC	65	94	-	11.2381	5.1e-05	0.102	AAAAAAAAAAAAAAAAAAAAAAAAAAAAAA
pattern_5		8:126479522:T:C:R:wC	82	111	-	11.2381	5.1e-05	0.102	CAGAGATAAGGATTTAAAAAAAAAAAAGGC
pattern_5		2:68436423:G:A:A:wC	168	197	+	11.2381	5.1e-05	0.102	AAAAAAAAAAAAAAAAAAAAAAAAAAAAAA
pattern_5		2:68436423:G:A:A:wC	169	198	+	11.2381	5.1e-05	0.102	AAAAAAAAAAAAAAAAAAAAAAAAAAAAAA
pattern_5		2:68436423:G:A:A:wC	170	199	+	11.2381	5.1e-05	0.102	AAAAAAAAAAAAAAAAAAAAAAAAAAAAAA
pattern_5		2:68436423:G:A:A:wC	171	200	+	11.2381	5.1e-05	0.102	AAAAAAAAAAAAAAAAAAAAAAAAAAAAAA
pattern_4		16:19992996:G:A:R:wC	6	35	+	11.2381	5.1e-05	0.287	AACATTTTATTTTTAAAATTTTTAAAAATG
pattern_4		16:19992996:G:A:A:wC	6	35	+	11.2381	5.1e-05	0.287	AACATTTTATTTTTAAAATTTTTAAAAATG
pattern_4		5:14528587:G:A:R:wC	70	99	-	11.2381	5.1e-05	0.287	CCGTCTCTAAAAATAAATAAATAAATTTTA
pattern_2		3:63888935:G:C:R:wC	61	90	-	-20.878	5.11e-05	0.0909	CTAATTTTTTTGTATTTTTAATAGAGACGG
pattern_0		5:122577846:G:A:A:wC	88	117	+	7.83333	5.11e-05	0.0381	GTTGGAGCTTCCAGGCTGCTTTGTTTACCT
pattern_3		2:240142223:G:C:R:wC	8	37	+	11.0119	5.12e-05	0.03	AAGAGGAAGAAGATAATAAAGATGAAAGAA
pattern_3		19:3418156:A:G:R:wC	36	65	-	11.0119	5.12e-05	0.03	ATGTCTCAAAAAAAAAAAAAAAAAGAAAAG
pattern_3		17:17481353:G:T:A:wC	73	102	+	11.0119	5.12e-05	0.03	GTCTCAAAAAAAAAAAAAAAAAAGCACTAG
pattern_3		10:43686833:C:T:R:wC	53	82	-	11.0119	5.12e-05	0.03	CTCAAAAAAAAAAAAAAAAAACCTCCTTAG
pattern_3		2:219272294:G:T:R:wC	133	162	-	11.0119	5.12e-05	0.03	AAAAAAAAAGAAAAGAAAAAAAAGAAAAAA
pattern_3		2:193101110:C:T:A:wC	170	199	-	11.0119	5.12e-05	0.03	TATATGTAAAAAAAATTAAGAAAAATCAAT
pattern_6		13:34516164:T:A:R:wC	98	127	+	10.3214	5.12e-05	0.265	TGTCAATTTTAGATAAAATTTCTATTTGAT
pattern_5		1:221028584:G:A:A:wC	81	110	-	11.2262	5.14e-05	0.103	AATAATTTAATTGTACATTTAAAAATAACT
pattern_4		8:40036626:A:G:A:wC	20	49	-	11.2262	5.14e-05	0.287	GGAATGGCAGTTATAAAATAATTACAAGAA
pattern_6		19:9273800:A:G:R:wC	1	30	+	10.3095	5.15e-05	0.265	CTAATCTAAATTTTAAAAAATCTCTTACAG
pattern_6		15:73152573:C:T:R:wC	57	86	+	10.3095	5.15e-05	0.265	CCCCATTGTAATTCAAAAATATTGTAAGTT
pattern_6		1:221028584:G:A:A:wC	83	112	+	10.3095	5.15e-05	0.265	TTATTTTTAAATGTACAATTAAATTATTAC
pattern_3		17:29073546:C:T:A:wC	15	44	-	11	5.16e-05	0.0301	AGAAAAAAAAAAAAAAGAATATAAATGGAG
pattern_3		17:76923151:G:A:R:wC	36	65	-	11	5.16e-05	0.0301	AAAAAAAAAAAACAAAAAAAAACAAGAGTC
pattern_3		1:90234055:C:A:R:wC	39	68	-	11	5.16e-05	0.0301	AGAAAATAGAAAAAATAAATAGAAAAAATA
pattern_3		1:90234055:C:A:A:wC	39	68	-	11	5.16e-05	0.0301	AGAAAATAGAAAAAATAAATAGAAAAAATA
pattern_3		12:22763881:T:C:A:wC	158	187	-	11	5.16e-05	0.0301	TACATACATAATATATAAATATGTGCATAT
pattern_1		15:90241150:G:A:A:wC	41	70	+	11	5.16e-05	0.14	TCAATTGACACTTTTATAATTTTTTTTTTT
pattern_1		19:3418156:A:G:R:wC	18	47	-	11	5.16e-05	0.14	AAAAAAGAAAAGAAAATTAAATTTTAAGTT
pattern_1		10:32579691:T:C:R:wC	89	118	-	11	5.16e-05	0.14	ATAAAAAAAGAAAAATACATATATACCCCA
pattern_2		12:72100600:G:A:A:wC	120	149	-	-20.939	5.17e-05	0.0918	CTAATTTTTGTATTTTTTAGTAGAGAAGGG
pattern_5		1:72819884:T:C:R:wC	131	160	+	11.2143	5.17e-05	0.103	AAAATGCATATATTTCAAGTATAAAATTTA
pattern_5		4:119376994:C:G:R:wC	105	134	-	11.2143	5.17e-05	0.103	ATATGATTCCACTTATATAAAATGTTCATA
pattern_4		20:30566874:G:T:A:wC	160	189	+	11.2143	5.18e-05	0.287	TCTCAAAAAAAAAAAAAAATTGTTAAAATA
pattern_4		10:81894877:A:G:A:wC	159	188	-	11.2143	5.18e-05	0.287	TCTACTAAAAATACAAAAAAAATTTAGCCG
pattern_3		21:37477069:C:T:R:wC	13	42	+	10.9881	5.19e-05	0.0303	CCTTGCAGAGAATTAAAAAGAAAATTTTAT
pattern_3		17:17678573:G:A:A:wC	39	68	-	10.9881	5.19e-05	0.0303	TGTCTCAAAAAAAAAAAAAAAAAAAATTAC
pattern_3		1:67481070:G:T:A:wC	69	98	+	10.9881	5.19e-05	0.0303	GTTAATAATACACTAATACAAAAATAAAAT
pattern_3		1:26377185:G:A:R:wC	68	97	-	10.9881	5.19e-05	0.0303	CTCAAAAAAAAAAAAAAAAAAAAAAGAGGC
pattern_3		8:22466488:T:G:R:wC	163	192	-	10.9881	5.19e-05	0.0303	AAAAAAAAAAAAAAAGAAAAAAAAAGGGTT
pattern_0		13:110052729:C:T:R:wC	70	99	+	7.79762	5.19e-05	0.0387	CGCCCAGCTGTCAATCTGCTGCGCGTTTCC
pattern_1		8:61701057:C:T:R:wC	60	89	+	10.9881	5.2e-05	0.14	AACTTAAAACATTTATTAATAATTCTTCAT
pattern_1		17:17481353:G:T:A:wC	74	103	+	10.9881	5.2e-05	0.14	TCTCAAAAAAAAAAAAAAAAAAGCACTAGG
pattern_1		22:31991001:G:A:A:wC	60	89	-	10.9881	5.2e-05	0.14	AAATAAATAAATAAATAAATTATTATTATT
pattern_6		1:72819884:T:C:R:wC	144	173	-	10.2857	5.21e-05	0.265	TATAAAAAATTATTAAATTTTATACTTGAA
pattern_5		1:202172769:T:G:A:wC	4	33	-	11.2024	5.21e-05	0.103	ACAAATGAGTGATTGAATGAATGAATGAAT
pattern_5		6:121788131:C:T:A:wC	17	46	-	11.2024	5.21e-05	0.103	TAAGACTCCATCTCAAAAAAAAAAAAAAAA
pattern_5		6:121788131:C:T:A:wC	19	48	-	11.2024	5.21e-05	0.103	AGTAAGACTCCATCTCAAAAAAAAAAAAAA
pattern_5		1:185401229:T:C:A:wC	38	67	-	11.2024	5.21e-05	0.103	AAATTTAAAAAAAGAAATAAAAAGAAAGGT
pattern_5		13:74693469:C:T:A:wC	87	116	+	11.2024	5.21e-05	0.103	GAGACTCTTATCGTAAAAAAAAAAAAAGAC
pattern_5		7:100702058:T:C:A:wC	161	190	-	11.2024	5.21e-05	0.103	GAACCATGAAAATTGTAATAAAATTGCTTT
pattern_0		12:3367086:G:A:R:wC	100	129	+	7.78571	5.22e-05	0.0389	GCCCTTCCCCCCAGGCAGAGGTGTGGCCTG
pattern_2		7:65185179:G:A:R:wC	68	97	+	-21	5.23e-05	0.0927	AAACCTTTTAGGTACCTTATAGGTAGAGGG
pattern_3		17:29073546:C:T:A:wC	23	52	-	10.9762	5.23e-05	0.0304	CTCAAAAAAGAAAAAAAAAAAAAAGAATAT
pattern_3		19:53674839:G:A:A:wC	27	56	-	10.9762	5.23e-05	0.0304	AGAAAAAAAAAAAAAAAATATATATATATA
pattern_3		17:37191932:G:A:A:wC	50	79	-	10.9762	5.23e-05	0.0304	CAATTAAAAAAAAAAAAAAAAAAAAAAGCC
pattern_3		11:117083373:T:C:A:wC	153	182	-	10.9762	5.23e-05	0.0304	CTGTCTCAAAAAAAAAAAAAAAAAGAAAAG
pattern_6		13:24062817:A:C:A:wC	11	40	+	10.2738	5.24e-05	0.265	AATACAGAAAACATAAATAATCTCAGAGAA
pattern_6		1:67481070:G:T:A:wC	26	55	+	10.2738	5.24e-05	0.265	AAATAGATTTATTTACAAGGCTTTATTAAA
pattern_6		19:53674839:G:A:A:wC	20	49	-	10.2738	5.24e-05	0.265	AAAAAAAAAAATATATATATATATATATAT
pattern_1		3:156797365:A:G:A:wC	46	75	+	10.9762	5.24e-05	0.14	GAACAAATAAAAATAAAAATTATTTTTTTT
pattern_1		19:53674839:G:A:A:wC	31	60	-	10.9762	5.24e-05	0.14	AAAAAGAAAAAAAAAAAAAAAATATATATA
pattern_1		22:29431626:T:C:R:wC	32	61	-	10.9762	5.24e-05	0.14	CGTCTCAAAAAGAAAAAAAATTTTAAAATA
pattern_1		22:29431626:T:C:A:wC	32	61	-	10.9762	5.24e-05	0.14	CGTCTCAAAAAGAAAAAAAATTTTAAAATA
pattern_1		1:232271422:A:G:R:wC	37	66	-	10.9762	5.24e-05	0.14	AAAAAAATTACAAAAAACATTTTTAAAATT
pattern_5		5:179137436:C:T:R:wC	60	89	+	11.1905	5.25e-05	0.103	AGTGAGACTCAATCTCAAAAAAAAAAAAAA
pattern_5		1:46883303:A:G:R:wC	161	190	-	11.1905	5.25e-05	0.103	GCAAAACTCCGTCTTAATAAAAAAAAAAAA
pattern_5		1:46883303:A:G:A:wC	161	190	-	11.1905	5.25e-05	0.103	GCAAAACTCCGTCTTAATAAAAAAAAAAAA
pattern_6		19:4756166:T:C:A:wC	16	45	+	10.2619	5.27e-05	0.265	AAAAAAAAAAAAATACAAAAAATTAGCCAG
pattern_3		1:232271422:A:G:R:wC	14	43	+	10.9643	5.27e-05	0.0306	ATAGAAGGAAATTTGAAAATAATAATTTTA
pattern_3		11:7983846:G:A:A:wC	23	52	-	10.9643	5.27e-05	0.0306	AAAAAAAAAAAAAAAAAAAAGAACAGGCTT
pattern_3		1:221056390:A:T:R:wC	98	127	-	10.9643	5.27e-05	0.0306	TTAAATTTAAGAAAAAGAATAAAATTATTT
pattern_3		9:95644104:A:G:A:wC	132	161	+	10.9643	5.27e-05	0.0306	TCTCTACTAAAAATACAAAAAGAAATTAGT
pattern_3		22:47358892:A:G:A:wC	154	183	+	10.9643	5.27e-05	0.0306	TAAAAATACAAAAAAAAAAAAATTAGCTGG
pattern_0		3:126081983:G:A:R:wC	20	49	+	7.7619	5.28e-05	0.0393	ATCCTAACCCCCAAGGTGATGGTATTAGAA
pattern_5		1:201907874:A:G:A:wC	36	65	+	11.1786	5.29e-05	0.103	AAGGAAGGCCTATTGAAGTAACAATCAGAA
pattern_5		22:25464565:G:A:A:wC	104	133	-	11.1786	5.29e-05	0.103	ACCCCGTCTCTACTAAAAATATAAAAAATT
pattern_5		6:22412927:G:T:R:wC	144	173	-	11.1786	5.29e-05	0.103	ATCTCATAATGTTTTAAGAAAATTTATGAA
pattern_5		2:219272294:G:T:R:wC	162	191	-	11.1786	5.29e-05	0.103	AGAGACCTCGTCTCAAAAAAAAAAAAAAAA
pattern_5		17:57549673:T:C:R:wC	165	194	-	11.1786	5.29e-05	0.103	ACCCCGTCTCTACTAAAAATATAAAAAATT
pattern_6		16:50108615:T:C:A:wC	45	74	-	10.25	5.3e-05	0.265	AATGTCGTTACTATAAATGTTTATAAAAGT
pattern_2		1:185401229:T:C:A:wC	53	82	+	-21.0732	5.3e-05	0.0936	TCTTTTTTTAAATTTTTTATTGTTATTATT
pattern_2		7:100702058:T:C:A:wC	139	168	-	-21.0732	5.3e-05	0.0936	ATTGCTTTATTATTTTTAGTTACTACAAAT
pattern_3		3:128350038:C:T:A:wC	12	41	+	10.9524	5.31e-05	0.0307	TGTCTCCAAAAAAAAAAAAAATATATGGTT
pattern_3		19:52395411:A:G:R:wC	146	175	+	10.9524	5.31e-05	0.0307	TCTCTACTAAAAATACAAAAAAATTGGCTG
pattern_3		4:189431946:G:A:R:wC	147	176	-	10.9524	5.31e-05	0.0307	AAAAAAAAAAAAAAAAAAAAGGCTAACATT
pattern_3		9:24112926:G:C:R:wC	167	196	-	10.9524	5.31e-05	0.0307	CTAAATGTGAAAATAAAAACAACAAAACTC
pattern_1		12:22763881:T:C:A:wC	55	84	-	10.9524	5.31e-05	0.141	TATATTTATGTATATAACAAATATACATGT
pattern_1		9:100763455:C:T:A:wC	113	142	-	10.9524	5.31e-05	0.141	CGTCTAAAAAAAAAAAAAAAAAATTAAACC
pattern_1		9:100763455:C:T:R:wC	113	142	-	10.9524	5.31e-05	0.141	CGTCTAAAAAAAAAAAAAAAAAATTAAACC
pattern_2		16:80659947:A:G:R:wC	167	196	-	-21.0854	5.32e-05	0.0937	TTTTTTTTTTTGTATTTTTAGGAGAGTTGG
pattern_2		6:15686499:T:C:A:wC	89	118	-	-21.1098	5.34e-05	0.0938	CTCACTTCTGTTTTGTCTGTAAATGCTGCC
pattern_2		2:102926366:G:A:R:wC	140	169	+	-21.1098	5.34e-05	0.0938	CTGTTCATTTGTCTGTGTGTTGAGGTGGGG
pattern_4		20:30566874:G:T:A:wC	157	186	+	11.1667	5.35e-05	0.294	CTGTCTCAAAAAAAAAAAAAAATTGTTAAA
pattern_3		14:22989292:A:T:R:wC	3	32	-	10.9405	5.35e-05	0.0308	GACTGATAGAGAATAATGAGAATTACTATT
pattern_3		14:22989292:A:T:A:wC	3	32	-	10.9405	5.35e-05	0.0308	GACTGATAGAGAATAATGAGAATTACTATT
pattern_3		5:68680860:C:T:R:wC	9	38	-	10.9405	5.35e-05	0.0308	AAAAAAAAAAAAAAAAAGATTTTAAAAGTT
pattern_3		16:3538625:T:C:R:wC	9	38	-	10.9405	5.35e-05	0.0308	TCCATCTCAAAAAAAAAAAAAAAAAAGAAA
pattern_3		9:113038318:A:G:R:wC	56	85	+	10.9405	5.35e-05	0.0308	AAAGAAAAAATAAAATAAAATTTCATCAAG
pattern_3		18:48946262:A:G:A:wC	33	62	-	10.9405	5.35e-05	0.0308	TGTCTCAAAAAAAAAAAAAAAAAAAAACAG
pattern_3		5:67503533:T:A:A:wC	70	99	-	10.9405	5.35e-05	0.0308	CTCAAAAAAAGAAAAAGAAAAAGAAAAGAA
pattern_3		14:24758151:G:C:R:wC	128	157	-	10.9405	5.35e-05	0.0308	CTCCATCTAAAAAAAAAAAAAATTAGCTGG
pattern_1		6:51392548:C:A:R:wC	155	184	-	10.9405	5.35e-05	0.142	AAAAAAAAAAAAAAAAAAAAAAGAAGAAGA
pattern_1		14:38591046:C:T:R:wC	162	191	-	10.9405	5.35e-05	0.142	AAAAAGAAATTTATAATAATCTGTACTTAA
pattern_0		10:112155920:C:T:A:wC	139	168	-	7.72619	5.36e-05	0.0398	GCCCAGCCCCACTCTGTCAGGTGGTGCCAG
pattern_2		6:121805330:C:T:R:wC	161	190	+	-21.1341	5.37e-05	0.0941	CTAATTTTTTTTTTTTTTGGATTTTTAGTA
pattern_5		17:61106371:A:G:A:wC	41	70	+	11.1548	5.37e-05	0.103	AAAGATATAATACTAATTTTATTTATACAA
pattern_5		5:76752546:A:C:A:wC	74	103	-	11.1548	5.37e-05	0.103	GTCGCAAAAAAAATAATAAAATAAAAATTT
pattern_5		1:221056390:A:T:A:wC	105	134	-	11.1548	5.37e-05	0.103	CCAGTTCTTAAATTTAAGAAAAAGAATAAA
pattern_5		1:221056390:A:T:R:wC	105	134	-	11.1548	5.37e-05	0.103	CCAGTTCTTAAATTTAAGAAAAAGAATAAA
pattern_6		12:89874125:G:A:A:wC	147	176	+	10.2143	5.38e-05	0.269	GAGACTGATAAGTTATAAAGCTAATTTATA
pattern_1		1:185401229:T:C:A:wC	46	75	+	10.9286	5.39e-05	0.142	TTTTATTTCTTTTTTTAAATTTTTTATTGT
pattern_2		17:44304910:G:C:R:wC	77	106	+	-21.1585	5.39e-05	0.0944	CTAATTTTTTGTTATTTTTAGTAGATACGG
pattern_5		8:95664858:T:C:A:wC	33	62	-	11.1429	5.41e-05	0.104	AATGGGTTTAAAAGAAAATGAATAAAAGAA
pattern_5		14:50685747:C:G:R:wC	168	197	+	11.1429	5.41e-05	0.104	GCAAGATTTCGTCTCAAAAAAAAAAAAAAG
pattern_2		2:191348345:G:C:A:wC	8	37	+	-21.1829	5.41e-05	0.0946	GCTGATGTGATAATATTAATGAAAACAGGG
pattern_0		17:75084585:T:A:A:wC	74	103	+	7.70238	5.42e-05	0.0402	CTTCTGATTCCCTCGCTCCAGGGCCCACCC
pattern_0		20:46653974:T:G:A:wC	88	117	+	7.70238	5.42e-05	0.0402	CCTTCTGCTCCTGGTCTCCCGGAGGCTCCC
pattern_1		11:95327412:A:G:R:wC	6	35	+	10.9167	5.43e-05	0.143	AAAAATAAAAAATAATATAAAGGTAGCATA
pattern_2		10:43686833:C:T:R:wC	60	89	+	-21.1951	5.43e-05	0.0947	GGTTTTTTTTTTTTTTTTTTGAGGAGGAGT
pattern_3		5:147266794:G:A:R:wC	18	47	-	10.9167	5.43e-05	0.0312	TGCTTTCTAAAATAAAAAATAATGTAGCAA
pattern_3		1:26377185:G:A:R:wC	67	96	-	10.9167	5.43e-05	0.0312	TCAAAAAAAAAAAAAAAAAAAAAAGAGGCA
pattern_3		12:22763881:T:C:A:wC	68	97	-	10.9167	5.43e-05	0.0312	TATATTATAAATATATATTTATGTATATAA
pattern_3		20:30566874:G:T:A:wC	159	188	+	10.9167	5.43e-05	0.0312	GTCTCAAAAAAAAAAAAAAATTGTTAAAAT
pattern_3		2:219272294:G:T:R:wC	156	185	-	10.9167	5.43e-05	0.0312	CTCGTCTCAAAAAAAAAAAAAAAAAAAAAA
pattern_4		5:118869764:A:G:R:wC	56	85	-	11.1429	5.43e-05	0.298	GGAAATAAATCTTTATAAAAAGTTTCAGTA
pattern_5		5:118869764:A:G:R:wC	54	83	+	11.131	5.45e-05	0.104	ATTACTGAAACTTTTTATAAAGATTTATTT
pattern_5		7:95966546:G:A:A:wC	35	64	-	11.131	5.45e-05	0.104	CCGTCTCAATAAATAAATAAATAAATATAA
pattern_1		10:81950326:C:T:R:wC	8	37	-	10.9048	5.46e-05	0.143	TCTCAAAAAAAAAAAAAAAAAAATTTATTG
pattern_1		15:75750969:G:A:A:wC	48	77	+	10.9048	5.46e-05	0.143	TCTCTACAAAATATTTAAAAATTAGCTGTG
pattern_1		13:93912671:A:T:R:wC	71	100	+	10.9048	5.46e-05	0.143	AGTATATAAATTTGTAAAATTTGGAAAAGA
pattern_2		8:72088171:A:G:A:wC	89	118	+	-21.2317	5.46e-05	0.095	CTTCCTGACATGTGTTTAAGAAAGATGGCT
pattern_2		17:62407974:C:T:A:wC	111	140	-	-21.2317	5.46e-05	0.095	CTAATTTTTTTTTTTTTTTGAGATGGAGTC
pattern_3		2:204469679:C:G:A:wC	1	30	+	10.9048	5.47e-05	0.0313	CTAAAAATACAAAAAAAAAAAAAAATTAGC
pattern_3		22:24157624:A:G:A:wC	26	55	+	10.9048	5.47e-05	0.0313	TCTCTTCTAAAAATACAAAAAATTAGCTGG
pattern_3		2:103147561:G:A:A:wC	58	87	-	10.9048	5.47e-05	0.0313	CTCCGTCTCAAAAAAAAAAAAAAAAAAGAA
pattern_3		17:39975164:C:T:R:wC	141	170	+	10.9048	5.47e-05	0.0313	CTCAAAAAAAAAAAAAAAAAAAGAAGGGGT
pattern_0		1:1288823:A:G:R:wC	40	69	-	7.67857	5.47e-05	0.0405	CCCCTGCGGCCTTTGCTCACGGGTGGCCCT
pattern_0		1:1288823:A:G:A:wC	40	69	-	7.67857	5.47e-05	0.0405	CCCCTGCGGCCTTTGCTCACGGGTGGCCCT
pattern_0		1:26645970:T:A:R:wC	132	161	-	7.67857	5.47e-05	0.0405	CCTCCACCCCTCAACCTCCCGAGTAGCTGG
pattern_4		9:99224746:A:T:A:wC	79	108	+	11.131	5.48e-05	0.298	CTGTCTCTAAAAAAAAAAAAATTTGCCAGG
pattern_6		9:112520879:A:T:R:wC	70	99	-	10.1786	5.48e-05	0.271	AATACAAATACATTATTATTTAAAGAAATA
pattern_2		2:115228463:C:G:A:wC	161	190	+	-21.2439	5.48e-05	0.0951	GTCTTTTATTAGTGCATTGTAGGGACAGAG
pattern_5		12:22763881:T:C:A:wC	75	104	+	11.119	5.49e-05	0.105	CATAAATATATATTTATAATATAAACGCCT
pattern_5		19:19722864:A:G:A:wC	138	167	+	11.119	5.49e-05	0.105	ACTGTGTCTCTACTAAAAATACAAAAATTA
pattern_0		8:144363827:G:A:A:wC	105	134	-	7.66667	5.5e-05	0.0407	CCTCAGGCTTCCGGTCTGTTTGGTGCCCTG
pattern_1		22:31991001:G:A:A:wC	50	79	+	10.8929	5.5e-05	0.143	ATAATGAAGAAATAATAATAATTTATTTAT
pattern_1		19:1038289:A:C:A:wC	101	130	+	10.8929	5.5e-05	0.143	AGTATTCACAAAAGAAAAATACATTTTTTC
pattern_1		12:66199734:G:A:A:wC	143	172	-	10.8929	5.5e-05	0.143	TTTATTATTATTTTTTAAATTTATTTTATT
pattern_6		8:23069574:T:C:R:wC	64	93	-	10.1667	5.51e-05	0.271	ACAAAAATTATCTCAAAATTCATCAATAAC
pattern_6		13:38289961:C:A:A:wC	93	122	+	10.1667	5.51e-05	0.271	AATTGGCATATATTAAAAATTGTCTATCTC
pattern_3		8:23069574:T:C:R:wC	67	96	-	10.8929	5.51e-05	0.0315	TATACAAAAATTATCTCAAAATTCATCAAT
pattern_3		17:8164578:A:G:R:wC	68	97	-	10.8929	5.51e-05	0.0315	CTCTACAAAAAAAAAAAAGAAAGAAAGAAA
pattern_3		2:32642798:T:C:R:wC	129	158	-	10.8929	5.51e-05	0.0315	AATAAAAATAAAAAAATAATTTCACTACAT
pattern_4		15:91546711:T:C:R:wC	48	77	-	11.119	5.52e-05	0.299	CTAAATAAATAAATAAATAAATGCATGAGT
pattern_5		16:4014964:A:G:R:wC	15	44	+	11.1071	5.53e-05	0.105	CCGGGTAAATAAATAAATAAATAAATGCAA
pattern_5		6:132644399:T:C:R:wC	34	63	+	11.1071	5.53e-05	0.105	AAACCCAAATTCTTAAAAGGAAATATTATT
pattern_5		16:19992996:G:A:R:wC	16	45	-	11.1071	5.53e-05	0.105	CAAGTAAATGCATTTTTAAAAATTTTAAAA
pattern_5		16:19992996:G:A:A:wC	16	45	-	11.1071	5.53e-05	0.105	CAAGTAAATGCATTTTTAAAAATTTTAAAA
pattern_0		3:183653869:A:G:R:wC	103	132	-	7.65476	5.53e-05	0.0409	CCCCACCCTCATGATCTCATCTAAACCTAA
pattern_6		5:43155918:C:T:A:wC	76	105	-	10.1548	5.54e-05	0.271	ATCAGATAAAGTTTATAAAGATAGATTCAC
pattern_1		7:97991125:A:G:R:wC	10	39	-	10.881	5.54e-05	0.143	AAAAAGAAAAAAAAGAAGAAATTTTTTTTA
pattern_1		7:97991125:A:G:A:wC	10	39	-	10.881	5.54e-05	0.143	AAAAAGAAAAAAAAGAAGAAATTTTTTTTA
pattern_1		8:22466488:T:G:R:wC	64	93	+	10.881	5.54e-05	0.143	TGATTTTGTTAAGGTAAAAAATTTTAACGT
pattern_3		19:53674839:G:A:A:wC	16	45	+	10.881	5.55e-05	0.0316	GTGTATATATATATATATATATATTTTTTT
pattern_3		2:243054736:T:C:A:wC	5	34	-	10.881	5.55e-05	0.0316	GCTACTGGCAAATTAAAAAAAAAAAGTTTA
pattern_3		1:226448407:A:G:R:wC	35	64	-	10.881	5.55e-05	0.0316	ACTGTCTCAAAAAAAAAAAAAAAAAAAAAA
pattern_3		12:111978537:C:T:R:wC	55	84	-	10.881	5.55e-05	0.0316	CTCAAAAAAAAAAAAAAAAAAGACTTAGAC
pattern_3		10:31146615:T:C:R:wC	59	88	-	10.881	5.55e-05	0.0316	TGGCAAATTCAAATATAAAAATATGCTTTT
pattern_3		17:37191932:G:A:A:wC	59	88	-	10.881	5.55e-05	0.0316	ACTCTGTCTCAATTAAAAAAAAAAAAAAAA
pattern_3		1:116460355:G:A:A:wC	158	187	+	10.881	5.55e-05	0.0316	ACTGTCTCAAAAAAAAAAAAAAAAAAAAAA
pattern_3		1:116460355:G:A:R:wC	158	187	+	10.881	5.55e-05	0.0316	ACTGTCTCAAAAAAAAAAAAAAAAAAAAAA
pattern_3		14:24758151:G:C:R:wC	134	163	-	10.881	5.55e-05	0.0316	GCAAGACTCCATCTAAAAAAAAAAAAAATT
pattern_0		19:6465933:C:T:R:wC	18	47	-	7.64286	5.56e-05	0.041	CACCCACCTGAGAGGCATATGGAATTCCTG
pattern_0		15:35054519:C:T:A:wC	33	62	-	7.64286	5.56e-05	0.041	CCTCTTCCTTTAGAGCTCAGCTGAAGATTC
pattern_0		7:6748260:T:C:A:wC	84	113	-	7.64286	5.56e-05	0.041	CTTGGGAGGCAGAGGTTGCAGTGAGCCGAG
pattern_5		5:156391818:C:T:R:wC	43	72	+	11.0952	5.57e-05	0.105	GAGAGGAAATTACTAAAGAAATAATAAAGG
pattern_5		17:29073546:C:T:A:wC	27	56	-	11.0952	5.57e-05	0.105	CCATCTCAAAAAAGAAAAAAAAAAAAAAGA
pattern_5		18:48946262:A:G:A:wC	41	70	-	11.0952	5.57e-05	0.105	TAAGACTCTGTCTCAAAAAAAAAAAAAAAA
pattern_5		22:38888478:T:C:A:wC	106	135	-	11.0952	5.57e-05	0.105	ATCTCAAAAAAAAGAAAGAAAAATAAATAA
pattern_6		1:200019951:C:T:A:wC	170	199	+	10.1429	5.57e-05	0.271	AAAAATAAATAAATAAATAAATTGATGTTA
pattern_1		1:90234055:C:A:A:wC	43	72	-	10.869	5.58e-05	0.143	TTGTAGAAAATAGAAAAAATAAATAGAAAA
pattern_1		1:90234055:C:A:R:wC	43	72	-	10.869	5.58e-05	0.143	TTGTAGAAAATAGAAAAAATAAATAGAAAA
pattern_1		1:26834392:A:G:R:wC	117	146	+	10.869	5.58e-05	0.143	CTACTAAAAAAAATACAAAAAATTAGCTGG
pattern_0		6:52529358:G:A:A:wC	73	102	-	7.63095	5.59e-05	0.0412	CCTCGGCGACCCGCCGTCGGCGGCTGCCTC
pattern_3		16:4014964:A:G:R:wC	19	48	+	10.869	5.59e-05	0.0318	GTAAATAAATAAATAAATAAATGCAACCTC
pattern_3		1:90234055:C:A:R:wC	13	42	-	10.869	5.59e-05	0.0318	AATAAAAAATAAAAAAAGAAATAAAAAATT
pattern_3		1:90234055:C:A:A:wC	13	42	-	10.869	5.59e-05	0.0318	AATAAAAAATAAAAAAAGAAATAAAAAATT
pattern_3		10:8125134:C:T:A:wC	146	175	+	10.869	5.59e-05	0.0318	AAAAAAAAAAAAAAAAAAAAAAAAGAATGA
pattern_2		17:76861940:C:G:R:wC	25	54	-	-21.3537	5.59e-05	0.0967	TGTTTGTTTTTGTTTTTGTTCGAGATGGAG
pattern_2		17:76861940:C:G:A:wC	25	54	-	-21.3537	5.59e-05	0.0967	TGTTTGTTTTTGTTTTTGTTCGAGATGGAG
pattern_2		21:37511627:T:G:A:wC	156	185	+	-21.3659	5.6e-05	0.0968	TTTTTTTTTTTTTTTTTGACAGAGTTTCGC
pattern_4		11:14874975:A:T:A:wC	41	70	+	11.0952	5.61e-05	0.299	AAAAAGCATTTAGTAAATATTTGTTGAATG
pattern_4		15:91546711:T:C:R:wC	56	85	-	11.0952	5.61e-05	0.299	CTCCATCTCTAAATAAATAAATAAATAAAT
pattern_4		4:176991793:C:T:A:wC	131	160	-	11.0952	5.61e-05	0.299	CGAAAAGTAAAAAAAAAAAAAATTAGCCAA
pattern_5		11:75118589:C:A:A:wC	22	51	-	11.0833	5.61e-05	0.105	CCGTCTCAAAAAATAAAAATAATAAAAAAT
pattern_0		11:112912947:C:T:A:wC	38	67	-	7.61905	5.61e-05	0.0413	TCTGTCCCTCTCAGGCACAAGGAAGCCCTG
pattern_0		1:119716399:T:G:A:wC	48	77	-	7.61905	5.61e-05	0.0413	GCCTGTCCTCCTAGACCACAAGGAGGACCG
pattern_0		19:51226590:C:G:A:wC	59	88	-	7.61905	5.61e-05	0.0413	CCCCGCCCCTCTTGGCTCCCCGGAGGCCCT
pattern_3		10:32579691:T:C:R:wC	8	37	+	10.8571	5.63e-05	0.0319	AGAGAAACAAAAATAAAATTTTAATTATAG
pattern_3		2:242375013:G:A:R:wC	3	32	-	10.8571	5.63e-05	0.0319	CAAAAAAAAAAAAAAAAAAATTACAAATCC
pattern_3		17:17678573:G:A:A:wC	33	62	-	10.8571	5.63e-05	0.0319	AAAAAAAAAAAAAAAAAAAATTACACATGA
pattern_3		12:125311934:C:T:R:wC	116	145	+	10.8571	5.63e-05	0.0319	CAGGGGTTAATATTATTATTATTATTATTA
pattern_3		6:43129333:G:A:A:wC	143	172	-	10.8571	5.63e-05	0.0319	CAAAAACAAAAAAACAAAACAAACAAAAAA
pattern_2		7:97991125:A:G:A:wC	20	49	+	-21.3902	5.63e-05	0.0968	TTCTTCTTTTTTTTCTTTTTTGAGACAGAC
pattern_2		7:97991125:A:G:R:wC	20	49	+	-21.3902	5.63e-05	0.0968	TTCTTCTTTTTTTTCTTTTTTGAGACAGAC
pattern_6		16:88465301:C:T:A:wC	160	189	-	10.119	5.63e-05	0.273	TGTTAAATGAGGTTAAAAATAGATCCTGGG
pattern_2		21:37511627:T:G:A:wC	152	181	+	-21.4024	5.64e-05	0.0968	TCTTTTTTTTTTTTTTTTTTTGACAGAGTT
pattern_2		1:110187031:C:T:A:wC	156	185	+	-21.4024	5.64e-05	0.0968	CTAATTTTTTGTATTTTTAGAGACGGGGTT
pattern_0		1:38651781:G:T:R:wC	42	71	-	7.60714	5.64e-05	0.0414	CCCGGGTCATCCAGCCACCAGTGGTTCCCA
pattern_0		1:931548:G:T:A:wC	84	113	-	7.60714	5.64e-05	0.0414	CCCATCCCTGCCCATCCCCAGCGATTTTTA
pattern_0		7:150495470:C:A:A:wC	113	142	+	7.60714	5.64e-05	0.0414	CCTCAGCCTCCCGAGTAACTACAGGCGCCC
pattern_5		1:155857540:G:A:A:wC	38	67	-	11.0714	5.65e-05	0.106	TGAAACTCCATCTCAAAAAAAAAAAAAAAA
pattern_1		1:67481070:G:T:A:wC	10	39	-	10.8452	5.66e-05	0.144	AAATAAATCTATTTAATTTTAATTAGTTTG
pattern_3		9:100763455:C:T:R:wC	102	131	-	10.8452	5.67e-05	0.0321	AAAAAAAAAAAATTAAACCAGAAAAAAAAA
pattern_3		9:100763455:C:T:A:wC	102	131	-	10.8452	5.67e-05	0.0321	AAAAAAAAAAAATTAAACCAGAAAAAAAAA
pattern_3		16:29924422:A:T:R:wC	121	150	-	10.8452	5.67e-05	0.0321	CCTGTCTCAAAAAAAAAAAAAAAAAAAAAA
pattern_3		14:38591046:C:T:R:wC	161	190	+	10.8452	5.67e-05	0.0321	CTTAAGTACAGATTATTATAAATTTCTTTT
pattern_3		1:85723733:T:C:A:wC	167	196	+	10.8452	5.67e-05	0.0321	TCTCAAAAAAAAAGAAAAAAAAAAAGAAAA
pattern_0		7:101516234:C:A:A:wC	50	79	+	7.59524	5.67e-05	0.0415	GCTCTGTCACCCGGGCTGGAGTGCAGTGGC
pattern_0		7:101516234:C:A:R:wC	50	79	+	7.59524	5.67e-05	0.0415	GCTCTGTCACCCGGGCTGGAGTGCAGTGGC
pattern_0		7:938308:G:A:A:wC	33	62	-	7.59524	5.67e-05	0.0415	AGTCTGGCTCCCGAGCTCAGACACAGCCCC
pattern_2		16:25047197:A:G:A:wC	79	108	+	-21.439	5.68e-05	0.0973	GAAGTTGCTGCATATGCAGTAGATATGAGT
pattern_5		1:150642859:G:A:R:wC	1	30	+	11.0595	5.69e-05	0.106	AGAAAAATCCCATTATAGAAATGTATACTT
pattern_5		21:41156516:A:G:R:wC	14	43	-	11.0595	5.69e-05	0.106	ACTTTTAATATACTTATTTAATTATTACTA
pattern_1		12:66199734:G:A:A:wC	141	170	+	10.8333	5.7e-05	0.145	AAAATAAAATAAATTTAAAAAATAATAATA
pattern_0		19:11430229:G:A:R:wC	53	82	-	7.58333	5.7e-05	0.0417	AGCTCCGCCTCCCGGTTCAAGCGATTCTTC
pattern_0		11:18956196:C:T:R:wC	120	149	-	7.58333	5.7e-05	0.0417	CCTCACGGTGCTGACGTGCATCGTTTCCCT
pattern_0		16:68587243:G:A:R:wC	136	165	-	7.58333	5.7e-05	0.0417	CTACTTCCTCCCTGGTGCCTGTGTTCCGCC
pattern_3		10:78342790:G:A:A:wC	2	31	-	10.8333	5.71e-05	0.0321	AATAAATAAATTATAGAAACATTATTGTAA
pattern_3		11:75118589:C:A:A:wC	13	42	-	10.8333	5.71e-05	0.0321	AAAATAAAAATAATAAAAAATAATTTGCGG
pattern_3		7:101516234:C:A:R:wC	15	44	-	10.8333	5.71e-05	0.0321	TCCGTCTCAAAAAAAATAAAAAATAAAAAA
pattern_3		7:101516234:C:A:A:wC	15	44	-	10.8333	5.71e-05	0.0321	TCCGTCTCAAAAAAAATAAAAAATAAAAAA
pattern_3		16:84542617:G:C:R:wC	73	102	-	10.8333	5.71e-05	0.0321	TTCCTTGAAAAAAAAAAAAAAAAAAGAAAA
pattern_3		11:572473:T:C:A:wC	76	105	-	10.8333	5.71e-05	0.0321	TCTCTGCTAAAAAAAAAAAATACAAAAAAT
pattern_3		3:24341264:A:T:A:wC	87	116	-	10.8333	5.71e-05	0.0321	TAAATAAATAAATAAAAAAAAAAGCATACT
pattern_3		11:12418784:C:A:A:wC	93	122	-	10.8333	5.71e-05	0.0321	AAGACGCCATCTCTAAAAATAATAATAAAT
pattern_6		7:95966546:G:A:A:wC	23	52	-	10.0833	5.72e-05	0.274	ATAAATAAATAAATATAAATAAATGAAATC
pattern_6		17:76923151:G:A:R:wC	37	66	-	10.0833	5.72e-05	0.274	AAAAAAAAAAAAACAAAAAAAAACAAGAGT
pattern_5		13:34516164:T:A:R:wC	13	42	-	11.0476	5.73e-05	0.106	AGATAGAAAATATGCAAATTAAAGGATAAA
pattern_5		6:139019622:A:C:R:wC	76	105	+	11.0476	5.73e-05	0.106	TCTATTTATATATTTATATAATTTATTATT
pattern_5		21:37511627:T:G:A:wC	159	188	-	11.0476	5.73e-05	0.106	AGAGCGAAACTCTGTCAAAAAAAAAAAAAA
pattern_1		17:14395793:C:T:R:wC	59	88	-	10.8214	5.74e-05	0.146	AACACAAGAAATAAAAAAATAGATAAATCG
pattern_2		10:129681276:A:C:R:wC	140	169	-	-21.5	5.75e-05	0.0983	GGTTATTTTGTTTGTTTCATGGGTGTGGTG
pattern_3		14:24158734:A:G:A:wC	12	41	-	10.8214	5.75e-05	0.0322	AAGTATAATTTAAAAAAAAAAAACCACAAA
pattern_3		10:78342790:G:A:A:wC	19	48	-	10.8214	5.75e-05	0.0322	AAAACAAACAAACAATAAATAAATAAATTA
pattern_3		12:54124477:C:T:R:wC	30	59	-	10.8214	5.75e-05	0.0322	TCAAAAAAATAAAAAAATAAAAAATAAAAA
pattern_3		22:30251180:A:G:R:wC	39	68	-	10.8214	5.75e-05	0.0322	TCAGTCTTAAAAAAAAAAAAAGAAAAAAAA
pattern_3		12:111978537:C:T:R:wC	53	82	-	10.8214	5.75e-05	0.0322	CAAAAAAAAAAAAAAAAAAGACTTAGACGT
pattern_3		13:97664622:C:T:R:wC	105	134	-	10.8214	5.75e-05	0.0322	GTGAGAAAATTATTAAAAATACGTGAGCTT
pattern_3		22:47358892:A:G:A:wC	150	179	+	10.8214	5.75e-05	0.0322	CTACTAAAAATACAAAAAAAAAAAAATTAG
pattern_3		1:179960369:T:C:R:wC	167	196	-	10.8214	5.75e-05	0.0322	AAAAAAAAAAAAAAAAGAAAAGAAAGAAAC
pattern_6		6:7590180:A:G:A:wC	132	161	-	10.0714	5.76e-05	0.274	TACAGAAAAGTTTTAAAAATAGTACAATGA
pattern_6		12:66199734:G:A:A:wC	154	183	-	10.0714	5.76e-05	0.274	AGATTTATTTATTTATTATTATTTTTTAAA
pattern_0		4:987343:G:T:A:wC	14	43	+	7.55952	5.76e-05	0.0421	CCTACAGATTGCTGAGTCATGGGTTTCTCC
pattern_5		5:147266794:G:A:R:wC	24	53	-	11.0357	5.77e-05	0.107	TCTGGTTGCTTTCTAAAATAAAAAATAATG
pattern_1		1:232271422:A:G:R:wC	28	57	-	10.8095	5.78e-05	0.146	ACAAAAAACATTTTTAAAATTATTATTTTC
pattern_4		10:123191538:A:G:A:wC	4	33	-	11.0476	5.78e-05	0.299	AAAAAAAAAAAAAGAAAAAAATTATACACA
pattern_4		1:90234055:C:A:A:wC	17	46	-	11.0476	5.78e-05	0.299	AAAAAATAAAAAATAAAAAAAGAAATAAAA
pattern_4		1:90234055:C:A:R:wC	17	46	-	11.0476	5.78e-05	0.299	AAAAAATAAAAAATAAAAAAAGAAATAAAA
pattern_3		2:54217148:G:C:R:wC	59	88	-	10.8095	5.8e-05	0.0324	TCAAAAAAAAAAAAAAAAGAAAAGAAAAGA
pattern_3		22:38888478:T:C:A:wC	96	125	-	10.8095	5.8e-05	0.0324	AAAGAAAGAAAAATAAATAATATGCGTACC
pattern_3		4:57813895:G:A:R:wC	157	186	+	10.8095	5.8e-05	0.0324	CCGTTTCAAAAAAAAAAAAAAAAAAGTAGA
pattern_3		1:111732711:G:A:R:wC	169	198	+	10.8095	5.8e-05	0.0324	TGTCTCAAAAAAAAAAAAAAAAAAAACTAC
pattern_3		11:77772619:G:A:A:wC	153	182	-	10.8095	5.8e-05	0.0324	CTGTCTCGAAAAAAAAAGAAAAAGAAAAAA
pattern_3		11:77772619:G:A:R:wC	153	182	-	10.8095	5.8e-05	0.0324	CTGTCTCGAAAAAAAAAGAAAAAGAAAAAA
pattern_3		16:81763386:A:C:A:wC	162	191	-	10.8095	5.8e-05	0.0324	AAAAAAAAAAAAAAAACAAAAAACCTCCCA
pattern_5		14:32031245:C:T:A:wC	110	139	-	11.0238	5.81e-05	0.107	GCGCCAGACAACTTTAAAAAATAATAATAA
pattern_1		16:19992996:G:A:R:wC	6	35	-	10.7976	5.82e-05	0.146	CATTTTTAAAAATTTTAAAAATAAAATGTT
pattern_1		16:19992996:G:A:A:wC	6	35	-	10.7976	5.82e-05	0.146	CATTTTTAAAAATTTTAAAAATAAAATGTT
pattern_1		14:38591046:C:T:R:wC	165	194	-	10.7976	5.82e-05	0.146	CAAAAAAAGAAATTTATAATAATCTGTACT
pattern_4		13:99113166:A:G:R:wC	47	76	-	11.0357	5.83e-05	0.299	TTTTTTTTTTTAATAGAAACATGGTCTCAC
pattern_3		13:99113166:A:G:R:wC	52	81	+	10.7976	5.84e-05	0.0325	ACCATGTTTCTATTAAAAAAAAAAAAAGTT
pattern_3		22:31991001:G:A:A:wC	55	84	+	10.7976	5.84e-05	0.0325	GAAGAAATAATAATAATTTATTTATTTATT
pattern_3		22:51219704:G:A:R:wC	159	188	+	10.7976	5.84e-05	0.0325	CTCCGTCTCAAAAAAAAAAAAAAAAAAACT
pattern_0		7:121955328:G:T:A:wC	32	61	-	7.52381	5.85e-05	0.0427	CCCGGAGTTGCTGGACTGCAGTACTTCTAG
pattern_0		22:37414983:G:A:R:wC	99	128	-	7.52381	5.85e-05	0.0427	GCTGGGCCCCCGGGCCGGCTGGGAGGGGCG
pattern_6		10:29762472:A:C:R:wC	22	51	+	10.0357	5.85e-05	0.277	TGGATCCATTCTTTAAAAAATCACTACCAC
pattern_5		14:53201536:T:G:A:wC	21	50	+	11.0119	5.86e-05	0.108	AACAAAAACGAATTTAAGAAAAAGAAGAAG
pattern_5		7:100702058:T:C:A:wC	138	167	+	11.0119	5.86e-05	0.108	TATTTGTAGTAACTAAAAATAATAAAGCAA
pattern_5		3:107308283:C:T:R:wC	144	173	+	11.0119	5.86e-05	0.108	CCAGATGGTTACTTGAAAATAAAAATACAG
pattern_5		7:148849502:G:A:A:wC	116	145	-	11.0119	5.86e-05	0.108	ACCCTGTCTCTACTAAAAATAGAAAAAATT
pattern_4		12:22763881:T:C:A:wC	66	95	+	11.0238	5.87e-05	0.299	TGTTATATACATAAATATATATTTATAATA
pattern_4		1:90234055:C:A:A:wC	46	75	-	11.0238	5.87e-05	0.299	TGGTTGTAGAAAATAGAAAAAATAAATAGA
pattern_4		1:90234055:C:A:R:wC	46	75	-	11.0238	5.87e-05	0.299	TGGTTGTAGAAAATAGAAAAAATAAATAGA
pattern_4		10:33957467:T:A:A:wC	110	139	+	11.0238	5.87e-05	0.299	GTTCCTTTGACAATAAAAGCATTTTGGCTG
pattern_3		12:111978537:C:T:R:wC	56	85	-	10.7857	5.88e-05	0.0327	TCTCAAAAAAAAAAAAAAAAAAGACTTAGA
pattern_3		8:22335170:C:T:A:wC	57	86	-	10.7857	5.88e-05	0.0327	AAAAAATAAAATAAAATAAAATGCCTAATT
pattern_3		3:195707336:T:C:A:wC	101	130	+	10.7857	5.88e-05	0.0327	ATAATGAAAATTTTAAAATTTTTATGGATT
pattern_3		2:111928231:C:G:A:wC	153	182	+	10.7857	5.88e-05	0.0327	AAAAAAAAAAAAAAAAAAAAGAAGTCAGAT
pattern_0		22:24971781:T:C:A:wC	93	122	-	7.5119	5.88e-05	0.0428	CCTGTGAGGCGGAGCTTGCAGTGAGCCGAG
pattern_6		2:3635238:A:C:R:wC	95	124	-	10.0238	5.89e-05	0.277	TTGCATGGTTATTTAAATATCTTCTTATTG
pattern_6		17:36003551:G:A:A:wC	163	192	-	10.0238	5.89e-05	0.277	AGAGACCTTGTTTCAAAAAAAAAAAAAAAA
pattern_1		5:147266794:G:A:R:wC	17	46	-	10.7738	5.9e-05	0.148	GCTTTCTAAAATAAAAAATAATGTAGCAAA
pattern_6		13:31024008:G:A:R:wC	160	189	+	10.0119	5.92e-05	0.277	TCTACTAAGAATACAAAAAAAAAAAAGTAG
pattern_4		10:31157085:G:A:R:wC	9	38	-	11.0119	5.92e-05	0.299	TCCGTCTCAAAAAAAAAAAAATTCTTTAAA
pattern_4		10:31157085:G:A:A:wC	9	38	-	11.0119	5.92e-05	0.299	TCCGTCTCAAAAAAAAAAAAATTCTTTAAA
pattern_3		12:110950376:T:C:A:wC	12	41	+	10.7738	5.92e-05	0.0329	ATCAATAAAAATATATTAACAAAAGAAGAA
pattern_3		19:5890655:T:C:R:wC	27	56	-	10.7738	5.92e-05	0.0329	CCGTCTCAAAAAAAAAAAAAAAGAAAATAC
pattern_3		18:14133319:T:C:A:wC	63	92	+	10.7738	5.92e-05	0.0329	CAACAAATAATTATAAATATTTTGGATCTA
pattern_3		10:32579691:T:C:R:wC	104	133	-	10.7738	5.92e-05	0.0329	TCTAAAAAAAAAAAGATAAAAAAAGAAAAA
pattern_3		11:2979798:G:T:A:wC	171	200	+	10.7738	5.92e-05	0.0329	CTGGAAAACGAAATAAAACCAATCTGCAAA
pattern_1		9:131683644:C:T:A:wC	14	43	-	10.7619	5.95e-05	0.148	TAAATAAATAATAAATAAAAATACCAAAAA
pattern_1		12:8451233:G:A:A:wC	44	73	-	10.7619	5.95e-05	0.148	ACTTCTAAAAAAAAAAAAAAAAATTTAATT
pattern_1		5:76752546:A:C:A:wC	69	98	-	10.7619	5.95e-05	0.148	AAAAAAAATAATAAAATAAAAATTTTTAAA
pattern_1		22:38888478:T:C:A:wC	95	124	-	10.7619	5.95e-05	0.148	AAGAAAGAAAAATAAATAATATGCGTACCT
pattern_2		3:195629980:C:T:A:wC	54	83	+	-21.6829	5.95e-05	0.102	TTTTTTTTTTCTTTTGTGACAGAGTCGGAA
pattern_3		19:4756166:T:C:A:wC	12	41	+	10.7619	5.97e-05	0.033	AAAAAAAAAAAAAAAAATACAAAAAATTAG
pattern_3		3:196202508:G:A:A:wC	3	32	-	10.7619	5.97e-05	0.033	CAAAAAAAAAAAAAAAAGAAAAAATATTTA
pattern_3		17:29073546:C:T:A:wC	20	49	-	10.7619	5.97e-05	0.033	AAAAAAGAAAAAAAAAAAAAAGAATATAAA
pattern_3		19:36723492:C:A:A:wC	102	131	-	10.7619	5.97e-05	0.033	AAAAAAAAAAAAGAAAAAAGAAAAAAGAAC
pattern_3		7:17167825:C:T:R:wC	135	164	-	10.7619	5.97e-05	0.033	AAAAAAAAAAAAAAAAAAAGTGTTAGTTTG
pattern_4		16:29110035:A:G:R:wC	20	49	+	11	5.97e-05	0.299	GTTTTCTTGTTTAGAAAAAAAACTACAGAT
pattern_4		17:4335704:G:C:R:wC	79	108	-	11	5.97e-05	0.299	CTCTGTCTCGAAAAAAAAAAAATATTCTGA
pattern_2		16:29123330:G:A:R:wC	35	64	-	-21.7073	5.97e-05	0.102	TTTGTTTTTTGTTTTTTAAGAGATGAGGTC
pattern_2		16:29123330:G:A:A:wC	35	64	-	-21.7073	5.97e-05	0.102	TTTGTTTTTTGTTTTTTAAGAGATGAGGTC
pattern_5		9:131683644:C:T:A:wC	31	60	-	10.9762	5.98e-05	0.109	CTCGGTCTCAAAATAAATAAATAAATAATA
pattern_5		10:32579691:T:C:R:wC	103	132	-	10.9762	5.98e-05	0.109	CTAAAAAAAAAAAGATAAAAAAAGAAAAAT
pattern_2		7:7317215:G:C:R:wC	77	106	+	-21.7195	5.99e-05	0.102	CTACTCATTGTGCTTCTGTTGCAGACAATG
pattern_1		11:30390132:A:G:A:wC	167	196	-	10.75	5.99e-05	0.148	ATGATCCTTTATTGAAATATTTTTCTTTGT
pattern_0		15:43933941:T:C:A:wC	94	123	+	7.46429	6e-05	0.0432	ACTCTGCCACCCAGGCTGGAGGAGTGCAGT
pattern_3		2:197074540:C:T:R:wC	35	64	-	10.75	6.01e-05	0.0331	AAAAAAAAAAAAAAAGAAAGAAAGAAAGAA
pattern_3		8:106513461:A:C:R:wC	43	72	-	10.75	6.01e-05	0.0331	ATCTCAAAAAAAAAAAAAAAAGAGAAAAGT
pattern_3		1:90234055:C:A:R:wC	46	75	-	10.75	6.01e-05	0.0331	TGGTTGTAGAAAATAGAAAAAATAAATAGA
pattern_3		1:90234055:C:A:A:wC	46	75	-	10.75	6.01e-05	0.0331	TGGTTGTAGAAAATAGAAAAAATAAATAGA
pattern_3		2:204649276:G:A:A:wC	116	145	+	10.75	6.01e-05	0.0331	CTCCATCTTAAAAAAAAAAAAAAAAAAAGT
pattern_3		10:32579691:T:C:R:wC	105	134	-	10.75	6.01e-05	0.0331	ATCTAAAAAAAAAAAGATAAAAAAAGAAAA
pattern_3		2:204469679:C:G:A:wC	171	200	+	10.75	6.01e-05	0.0331	GTCTCAAAAAAAAAAAAAAGAAGAAAAACT
pattern_3		11:77772619:G:A:A:wC	148	177	-	10.75	6.01e-05	0.0331	TCGAAAAAAAAAGAAAAAGAAAAAAATATT
pattern_3		11:77772619:G:A:R:wC	148	177	-	10.75	6.01e-05	0.0331	TCGAAAAAAAAAGAAAAAGAAAAAAATATT
pattern_3		16:81763386:A:C:A:wC	164	193	-	10.75	6.01e-05	0.0331	AAAAAAAAAAAAAAAAAACAAAAAACCTCC
pattern_4		2:231268342:C:T:R:wC	165	194	-	10.9881	6.01e-05	0.299	AAAAAAAATTTAATAATATATGTTTGCACA
pattern_2		18:74253644:C:T:R:wC	14	43	+	-21.7439	6.01e-05	0.102	GAAAACTTTATTCATTTTTAAGATATAAAA
pattern_5		8:95257128:T:G:R:wC	50	79	-	10.9643	6.03e-05	0.109	CAAGATTCTGTCTCAAAAAAAGAAAGAAAG
pattern_5		1:171719769:C:T:R:wC	61	90	-	10.9643	6.03e-05	0.109	TGAAACTCTGTCTCAAAAAAAAAAAAAAAA
pattern_5		14:32031245:C:T:A:wC	99	128	-	10.9643	6.03e-05	0.109	CTTTAAAAAATAATAATAATAAAAAGCCAT
pattern_1		1:26645970:T:A:R:wC	78	107	+	10.7381	6.03e-05	0.149	TGTCTCGGAAAAAAAAAAAAAATTAGCTGG
pattern_0		19:2935129:G:A:R:wC	19	48	+	7.45238	6.03e-05	0.0432	GCTCTGTCACCCAGGCTGGAGTGCAGTGGC
pattern_0		19:4382360:T:G:R:wC	26	55	+	7.45238	6.03e-05	0.0432	GCTCTGTCACCCAGGCTGGAGTGCAGTGGC
pattern_0		15:28920910:T:A:R:wC	30	59	+	7.45238	6.03e-05	0.0432	GCTCTGTCACCCAGGCTGGAGTGCAGTGGC
pattern_0		20:48533630:G:C:R:wC	36	65	+	7.45238	6.03e-05	0.0432	GCTCTGTCACCCAGGCTGGAGTGCAGTGGC
pattern_0		8:59338856:G:C:R:wC	41	70	+	7.45238	6.03e-05	0.0432	GCTCTGTCACCCAGGCTGGAGTGCAGTGGC
pattern_0		19:15716243:G:C:A:wC	49	78	+	7.45238	6.03e-05	0.0432	GCTCTGTCACCCAGGCTGGAGTGCAGTGGC
pattern_0		11:75118589:C:A:A:wC	58	87	+	7.45238	6.03e-05	0.0432	GCTCTGTCACCCAGGCTGGAGTGCAGTGGC
pattern_0		8:26243136:A:G:A:wC	40	69	-	7.45238	6.03e-05	0.0432	GCTCTGTCACCCAGGCTGGAGTGCAGTGGC
pattern_0		17:29074239:T:C:A:wC	71	100	+	7.45238	6.03e-05	0.0432	GCTCTGTCACCCAGGCTGGAGTGCAGTGGC
pattern_0		17:72688065:C:T:R:wC	71	100	+	7.45238	6.03e-05	0.0432	GCTCTGTCACCCAGGCTGGAGTGCAGTGGC
pattern_0		8:95853197:G:A:R:wC	75	104	+	7.45238	6.03e-05	0.0432	GCTCTGTCACCCAGGCTGGAGTGCAGTGGC
pattern_0		15:52369932:C:T:R:wC	89	118	+	7.45238	6.03e-05	0.0432	GCTCTGTCACCCAGGCTGGAGTGCAGTGGC
pattern_0		19:48267703:C:T:R:wC	97	126	+	7.45238	6.03e-05	0.0432	GCTCTGTCACCCAGGCTGGAGTGCAGTGGC
pattern_0		16:89307209:C:T:R:wC	91	120	-	7.45238	6.03e-05	0.0432	GCTCTGTCACCCAGGCTGGAGTGCAGTGGC
pattern_0		17:39975164:C:T:R:wC	101	130	-	7.45238	6.03e-05	0.0432	GCTCTGTCACCCAGGCTGGAGTGCAGTGGC
pattern_0		18:51752453:C:T:R:wC	101	130	-	7.45238	6.03e-05	0.0432	GCTCTGTCTGCCAGGCTGGAGTGCAGTGGC
pattern_0		9:100763455:C:T:A:wC	150	179	+	7.45238	6.03e-05	0.0432	GCTCTGTCACCCAGGCTGGAGTGCAGTGGC
pattern_0		9:100763455:C:T:R:wC	150	179	+	7.45238	6.03e-05	0.0432	GCTCTGTCACCCAGGCTGGAGTGCAGTGGC
pattern_0		19:57060981:G:A:A:wC	122	151	-	7.45238	6.03e-05	0.0432	GCTCTGTCACCCAGGCTGGAGTGCAGTGGC
pattern_0		1:26834960:G:A:A:wC	127	156	-	7.45238	6.03e-05	0.0432	GCTCTGTCACCCAGGCTGGAGTGCAGTGGC
pattern_0		11:66840675:C:T:A:wC	133	162	-	7.45238	6.03e-05	0.0432	GCTCTGTCACCCAGGCTGGAGTGCAGTGGC
pattern_0		18:47341474:G:C:A:wC	162	191	-	7.45238	6.03e-05	0.0432	GCTCTGTCACCCAGGCTGGAGTGCAGTGGC
pattern_2		19:58511682:T:C:A:wC	5	34	+	-21.7683	6.04e-05	0.102	ACTGGTTTTCTTTTTTTTTTTGAGACTGAG
pattern_3		12:22763881:T:C:A:wC	70	99	+	10.7381	6.05e-05	0.0333	ATATACATAAATATATATTTATAATATAAA
pattern_3		17:37191932:G:A:A:wC	58	87	-	10.7381	6.05e-05	0.0333	CTCTGTCTCAATTAAAAAAAAAAAAAAAAA
pattern_0		17:1979314:A:G:A:wC	23	52	-	7.44048	6.07e-05	0.0434	TCCCTGCTTCCGGCGTTGCACAGAGGCTGG
pattern_2		8:11702006:A:T:A:wC	21	50	+	-21.7927	6.07e-05	0.102	ACTATTTTCCTTGTGGTAGTAGAGATCAGT
pattern_2		7:5285861:T:G:A:wC	164	193	+	-21.7927	6.07e-05	0.102	GATTTTTCGTTCATTTTTGCAGACACAGTC
pattern_5		12:50507179:C:T:A:wC	10	39	-	10.9524	6.07e-05	0.109	CAAGACTCCGTCTCAAAAAAAAAAAAAAAA
pattern_5		17:72688065:C:T:A:wC	42	71	-	10.9524	6.07e-05	0.109	CAAGACTCCGTCTCAAAAAAAAAAAAAAAA
pattern_5		17:72688065:C:T:R:wC	42	71	-	10.9524	6.07e-05	0.109	CAAGACTCCGTCTCAAAAAAAAAAAAAAAA
pattern_5		2:103147561:G:A:A:wC	63	92	-	10.9524	6.07e-05	0.109	CAAGACTCCGTCTCAAAAAAAAAAAAAAAA
pattern_5		1:46780007:C:A:R:wC	116	145	+	10.9524	6.07e-05	0.109	CAAGACTCCGTCTCAAAAAAAAAAAAAAAA
pattern_5		3:55584998:C:T:A:wC	132	161	+	10.9524	6.07e-05	0.109	CAAGACTCCGTCTCAAAAAAAAAAAAAAAA
pattern_5		7:117372635:C:T:A:wC	155	184	+	10.9524	6.07e-05	0.109	CAAGACTCCGTCTCAAAAAAAAAAAAAAAA
pattern_5		4:169659504:G:C:R:wC	131	160	-	10.9524	6.07e-05	0.109	ACACATATTAAAACAAAATAAAAATTATCG
pattern_5		1:40073011:G:C:R:wC	162	191	+	10.9524	6.07e-05	0.109	CAAGACTCCGTCTCAAAAAAAAAAAAAAAA
pattern_2		7:143609715:G:A:R:wC	72	101	+	-21.8049	6.08e-05	0.103	TTACCAGCCTTTCATTTATTCAGGATAGGG
pattern_3		1:1811942:G:A:R:wC	14	43	+	10.7262	6.1e-05	0.0335	CCTCTACTAAAAATACAAAAAATTAGCCGG
pattern_3		9:33085462:T:G:A:wC	54	83	+	10.7262	6.1e-05	0.0335	AAAAAAAAAAAAAAAAAAAAAAAGGGCTCC
pattern_3		3:142660146:A:G:A:wC	64	93	+	10.7262	6.1e-05	0.0335	GTGAAATCAATAATAATTACATTGAGGAGA
pattern_4		10:78198107:G:C:R:wC	57	86	-	10.9643	6.11e-05	0.299	TTGAGGCCTGCTATAAAGAAAACAAATAAC
pattern_1		1:226448407:A:G:R:wC	16	45	-	10.7143	6.11e-05	0.149	AAAAAAAAAAAAAAAAAAAAAAACTCATTT
pattern_1		9:99224746:A:T:A:wC	79	108	+	10.7143	6.11e-05	0.149	CTGTCTCTAAAAAAAAAAAAATTTGCCAGG
pattern_1		11:572473:T:C:A:wC	69	98	-	10.7143	6.11e-05	0.149	TAAAAAAAAAAAATACAAAAAATTAGCCGG
pattern_1		11:70175565:A:T:R:wC	75	104	-	10.7143	6.11e-05	0.149	AAAATAAATAAATAAATAATAATGTCCTCA
pattern_1		16:29924422:A:T:R:wC	112	141	-	10.7143	6.11e-05	0.149	AAAAAAAAAAAAAAAAAAAAATGGCCTCAG
pattern_5		17:1995218:C:T:A:wC	24	53	-	10.9405	6.11e-05	0.109	ACCTCGTCTCTACTAAAAAAAAACACACAC
pattern_2		13:113352130:C:T:A:wC	17	46	+	-21.8537	6.14e-05	0.103	TTTTTTTTTTTTTTTTTTTTTAGTAGAGAT
pattern_3		12:28300347:A:G:A:wC	6	35	-	10.7143	6.14e-05	0.0336	AAAAAAAAAAAAGAAAAAGAAAAAAGAATT
pattern_3		1:155857540:G:A:A:wC	28	57	-	10.7143	6.14e-05	0.0336	TCTCAAAAAAAAAAAAAAAAAAAATTAGCG
pattern_3		14:52117174:C:T:A:wC	30	59	-	10.7143	6.14e-05	0.0336	TCAAAAAAAAAAAAAAAAAAAAAACTGCCC
pattern_3		11:61603358:A:T:A:wC	156	185	+	10.7143	6.14e-05	0.0336	CATTTAAGAAAATTAATAGTAATTCCTTGA
pattern_6		5:68518347:G:T:R:wC	149	178	-	9.92857	6.15e-05	0.286	CCTCTCTACAACTTAAAAGAAGAAAAAAAA
pattern_4		19:49508265:A:G:R:wC	41	70	+	10.9524	6.16e-05	0.299	AGGTTGTTGTAAAAATAAAAAATTAAAAAA
pattern_4		7:95966546:G:A:A:wC	17	46	-	10.9524	6.16e-05	0.299	AAATAAATATAAATAAATGAAATCTATAAA
pattern_4		7:144547326:T:C:R:wC	76	105	+	10.9524	6.16e-05	0.299	GTATGTAATTCTATATATAATGTGTGTGTG
pattern_4		17:34898524:G:T:R:wC	117	146	+	10.9524	6.16e-05	0.299	CCGTCTCAAAAAAAAAAAAAAGGTTTAAAG
pattern_1		5:76752546:A:C:A:wC	65	94	-	10.7024	6.16e-05	0.15	AAAATAATAAAATAAAAATTTTTAAAAATG
pattern_5		13:93912671:A:T:R:wC	60	89	+	10.9286	6.16e-05	0.109	GTTCTATAAAGAGTATATAAATTTGTAAAA
pattern_5		5:43155918:C:T:A:wC	76	105	-	10.9286	6.16e-05	0.109	ATCAGATAAAGTTTATAAAGATAGATTCAC
pattern_5		18:9850212:G:A:R:wC	163	192	-	10.9286	6.16e-05	0.109	AAAAATAAAAAAATAATAATAATCTACAAA
pattern_0		12:133120946:G:A:A:wC	4	33	-	7.40476	6.16e-05	0.044	TGCCAGCCTACAAGGCCCCTCTGAGTCTGT
pattern_0		19:33533841:C:T:R:wC	166	195	+	7.40476	6.16e-05	0.044	CCTGGGAAGCAGAAGTTGCAGTGAGCCAAG
pattern_0		17:16168784:C:T:R:wC	143	172	-	7.40476	6.16e-05	0.044	TCTCGAACTCCTCACCTCATGATCTGCCCA
pattern_2		20:20044864:T:C:R:wC	93	122	+	-21.8902	6.18e-05	0.104	ATAACTTTTGTAGTTTGAAGTGCGACAGGA
pattern_3		7:4807826:T:C:R:wC	15	44	-	10.7024	6.19e-05	0.0338	AAAAAAAAAAAAAAAAAAGAAGTCAGTGAA
pattern_3		17:74481538:A:C:A:wC	52	81	+	10.7024	6.19e-05	0.0338	TCTCAAAAAAAAAAAAAAAAAAAAAAGAGC
pattern_3		17:74481538:A:C:R:wC	52	81	+	10.7024	6.19e-05	0.0338	TCTCAAAAAAAAAAAAAAAAAAAAAAGAGC
pattern_3		2:48572417:T:C:R:wC	62	91	+	10.7024	6.19e-05	0.0338	ATTTAGCTAATGATAAATTTAGTGAATAAG
pattern_3		17:8164578:A:G:R:wC	72	101	-	10.7024	6.19e-05	0.0338	CTGTCTCTACAAAAAAAAAAAAGAAAGAAA
pattern_3		13:97664622:C:T:R:wC	108	137	-	10.7024	6.19e-05	0.0338	TAAGTGAGAAAATTATTAAAAATACGTGAG
pattern_3		4:176991793:C:T:A:wC	135	164	-	10.7024	6.19e-05	0.0338	TCTACGAAAAGTAAAAAAAAAAAAAATTAG
pattern_0		15:100332919:T:C:A:wC	69	98	+	7.39286	6.19e-05	0.0442	CCCCAGCCCCCCAGGAGCTTGTGGGTGCTG
pattern_0		15:100332919:T:C:R:wC	69	98	+	7.39286	6.19e-05	0.0442	CCCCAGCCCCCCAGGAGCTTGTGGGTGCTG
pattern_1		3:155547945:G:A:A:wC	146	175	+	10.6905	6.2e-05	0.15	AAAATACAAAAAAAAAAAAAAAATAGCCGG
pattern_1		2:32642798:T:C:R:wC	140	169	-	10.6905	6.2e-05	0.15	CAAAAACAAAAAATAAAAATAAAAAAATAA
pattern_5		7:95966546:G:A:A:wC	39	68	-	10.9167	6.2e-05	0.109	AACTCCGTCTCAATAAATAAATAAATAAAT
pattern_5		7:130445128:C:A:R:wC	61	90	-	10.9167	6.2e-05	0.109	CGAAACTCTGTCTCAAATAAATAAATAAAA
pattern_5		3:195707336:T:C:A:wC	111	140	-	10.9167	6.2e-05	0.109	AAAAAAACAAAATCCATAAAAATTTTAAAA
pattern_5		12:66199734:G:A:A:wC	143	172	+	10.9167	6.2e-05	0.109	AATAAAATAAATTTAAAAAATAATAATAAA
pattern_5		12:22763881:T:C:A:wC	115	144	-	10.9167	6.2e-05	0.109	TGTATGTATATAATATATAAATATGTGCAT
pattern_4		8:144110923:T:C:A:wC	165	194	+	10.9405	6.2e-05	0.299	ACTTGCACTAAAAGAAAATCTTTTTTTAAT
pattern_6		7:96039267:G:T:R:wC	56	85	+	9.90476	6.22e-05	0.287	GACCCCGTAAATTTATTTAAAAACAATTTA
pattern_3		22:47358892:A:G:A:wC	153	182	+	10.6905	6.23e-05	0.034	CTAAAAATACAAAAAAAAAAAAATTAGCTG
pattern_3		6:121805330:C:T:R:wC	157	186	-	10.6905	6.23e-05	0.034	AAAAATCCAAAAAAAAAAAAAATTAGCTGG
pattern_2		1:1548801:T:C:A:wC	12	41	+	-21.939	6.24e-05	0.105	TTTTTTTTTTGTATTTTTGTATTTTTAGTA
pattern_1		9:117413913:A:T:A:wC	91	120	-	10.6786	6.24e-05	0.15	AAAAAAAAAAAAAAAAAAAAAGTCTCACAG
pattern_1		3:111671862:G:A:R:wC	125	154	-	10.6786	6.24e-05	0.15	ATGAAAATGTCTGAATAAATATTTGTTGCT
pattern_1		7:6079662:T:C:A:wC	144	173	-	10.6786	6.24e-05	0.15	GTTTCAAAAAAAATAAAAAAATAAAACTAA
pattern_5		11:12418784:C:A:A:wC	93	122	-	10.9048	6.25e-05	0.11	AAGACGCCATCTCTAAAAATAATAATAAAT
pattern_5		14:99726719:T:C:R:wC	118	147	-	10.9048	6.25e-05	0.11	GAGGCTGAAAAAGTTAATAAAAAAGCAAAC
pattern_4		16:19992996:G:A:R:wC	1	30	-	10.9286	6.25e-05	0.299	TTAAAAATTTTAAAAATAAAATGTTTTTCA
pattern_4		16:19992996:G:A:A:wC	1	30	-	10.9286	6.25e-05	0.299	TTAAAAATTTTAAAAATAAAATGTTTTTCA
pattern_6		9:6177291:G:T:A:wC	1	30	-	9.89286	6.25e-05	0.287	AATAATAAAAAATAAAAAATTAAAAAATTA
pattern_6		12:22763881:T:C:A:wC	113	142	-	9.89286	6.25e-05	0.287	TATGTATATAATATATAAATATGTGCATAT
pattern_0		2:68436423:G:A:A:wC	90	119	+	7.36905	6.26e-05	0.0445	CCCGGGAGGCAGAGCTTGCAGTGAGCCGAG
pattern_0		3:194319882:C:T:A:wC	65	94	-	7.36905	6.26e-05	0.0445	GCCTTACGTCCTCACTTCCTCTGGTTCGTG
pattern_0		19:39361658:G:C:A:wC	122	151	+	7.36905	6.26e-05	0.0445	CCCTCCCCTTCAGAGGCCCAGGGCCCCGCC
pattern_0		7:5089389:G:C:R:wC	132	161	-	7.36905	6.26e-05	0.0445	CCCAGGAGACTGAGGTTGCAGTGAGTTGTG
pattern_3		6:33233389:C:T:A:wC	10	39	-	10.6786	6.28e-05	0.0341	AAAAATTTAAAAATAAACTTAACCAGGCAT
pattern_3		7:13902318:A:T:A:wC	15	44	-	10.6786	6.28e-05	0.0341	TGTTATCAGGTTATATAAATATGGACATAT
pattern_3		7:130445128:C:A:R:wC	53	82	-	10.6786	6.28e-05	0.0341	TGTCTCAAATAAATAAATAAAAACAAAAAC
pattern_3		22:31991001:G:A:A:wC	76	105	-	10.6786	6.28e-05	0.0341	CAACTTAAAAATAAATAAATAAATAAATAA
pattern_3		8:22466488:T:G:R:wC	160	189	-	10.6786	6.28e-05	0.0341	AAAAAAAAAAAAGAAAAAAAAAGGGTTAAG
pattern_6		5:34500013:T:A:R:wC	100	129	-	9.88095	6.29e-05	0.288	GAAAAATAAAAAATAAATAAATAAATAAAA
pattern_0		7:121955328:G:T:A:wC	6	35	+	7.35714	6.29e-05	0.0446	CGCGTTGCTCAAGTGTTCCTGGGAGCCTAG
pattern_0		14:61123883:C:T:A:wC	88	117	-	7.35714	6.29e-05	0.0446	CCTCTGGCTACAAGCCTAGGCGGAGTCGGC
pattern_4		19:53674839:G:A:A:wC	22	51	+	10.9167	6.3e-05	0.299	ATATATATATATATATATTTTTTTTTTTTT
pattern_4		22:32795285:G:C:A:wC	98	127	-	10.9167	6.3e-05	0.299	CAAAAATTAAAAAAAAAAAAAATTAGCGAG
pattern_0		17:1979314:A:G:A:wC	31	60	-	7.34524	6.32e-05	0.0448	CCTGTCCCTCCCTGCTTCCGGCGTTGCACA
pattern_0		1:1135057:C:T:R:wC	106	135	-	7.34524	6.32e-05	0.0448	CATTGTCCCCTCGGGCTCAGGTGACCTCTG
pattern_3		10:71169302:A:T:A:wC	1	30	+	10.6667	6.32e-05	0.0343	TATTAACATTAACTATTAATATCTGGCATA
pattern_3		10:71169302:A:T:R:wC	1	30	+	10.6667	6.32e-05	0.0343	TATTAACATTAACTATTAATATCTGGCATA
pattern_3		3:24341264:A:T:A:wC	109	138	-	10.6667	6.32e-05	0.0343	ATGTTTGCTAAAAAAAAAAAAATAAATAAA
pattern_3		3:107308283:C:T:R:wC	150	179	+	10.6667	6.32e-05	0.0343	GGTTACTTGAAAATAAAAATACAGCAGAGA
pattern_2		19:49508265:A:G:R:wC	45	74	-	-22.0122	6.32e-05	0.106	TTTTTTTTTTAATTTTTTATTTTTACAACA
pattern_4		1:221028584:G:A:A:wC	75	104	-	10.9048	6.35e-05	0.299	TTAATTGTACATTTAAAAATAACTAAAAGG
pattern_0		13:21101734:T:C:R:wC	3	32	+	7.33333	6.35e-05	0.0449	CCCTGGAGTTCAAGGCTGCAGTGAGCTATG
pattern_0		10:126458649:T:C:R:wC	57	86	+	7.33333	6.35e-05	0.0449	CTTTGGGAGGCCAAGGTGGAGGGATCATCT
pattern_0		6:126111800:G:A:R:wC	107	136	-	7.33333	6.35e-05	0.0449	CCTCTAGCTCCTCCCGGCCAGTGGCGCGCG
pattern_3		1:67481070:G:T:A:wC	8	37	+	10.6548	6.37e-05	0.0345	GTCAAACTAATTAAAATTAAATAGATTTAT
pattern_3		10:135211021:C:T:A:wC	52	81	-	10.6548	6.37e-05	0.0345	TCAAAAAAAAAAAAAGAAAATAAGACACAA
pattern_3		8:22335170:C:T:A:wC	66	95	-	10.6548	6.37e-05	0.0345	CCATCTCTAAAAAAATAAAATAAAATAAAA
pattern_1		5:94085085:T:C:R:wC	54	83	+	10.6429	6.38e-05	0.151	ACTTTTGAAGAATGAAAGAAATATTTAAAA
pattern_1		5:76752546:A:C:A:wC	58	87	+	10.6429	6.38e-05	0.151	CTTTCACCATTTTTAAAAATTTTTATTTTA
pattern_1		1:221056390:A:T:R:wC	92	121	-	10.6429	6.38e-05	0.151	TTAAGAAAAAGAATAAAATTATTTCAGCCA
pattern_1		7:13902318:A:T:A:wC	124	153	+	10.6429	6.38e-05	0.151	AAAGTTGATTAAGATAATATATGCAACGTC
pattern_1		8:9030160:G:A:A:wC	100	129	-	10.6429	6.38e-05	0.151	AAGGCACAACATTTGAAGAAATGTATGACT
pattern_1		1:116460355:G:A:A:wC	169	198	+	10.6429	6.38e-05	0.151	AAAAAAAAAAAAAAAAAAAAAAGAACTACA
pattern_1		1:116460355:G:A:R:wC	169	198	+	10.6429	6.38e-05	0.151	AAAAAAAAAAAAAAAAAAAAAAGAACTACA
pattern_5		6:121788131:C:T:A:wC	18	47	-	10.869	6.38e-05	0.112	GTAAGACTCCATCTCAAAAAAAAAAAAAAA
pattern_5		19:50049882:T:G:A:wC	53	82	+	10.869	6.38e-05	0.112	ACCCCGTCTCTACTAAAAATATTTAAAAAA
pattern_0		11:500096:G:A:R:wC	55	84	+	7.32143	6.39e-05	0.0451	CCTTCGCCTGCCAGAGCCCAGAGCCCGGAG
pattern_0		9:131683644:C:T:A:wC	65	94	+	7.32143	6.39e-05	0.0451	GCTCTGTCGCCCAGGCTCTAGTGCAGTGGC
pattern_6		6:117257795:C:T:R:wC	104	133	+	9.84524	6.39e-05	0.29	GTTCTAACTTTTTTAAAAAGCAGGACGCAA
pattern_4		17:76923151:G:A:R:wC	60	89	+	10.8929	6.4e-05	0.299	TTTTTTTTTTTTTTAAAAAGAATTGCCCAC
pattern_4		10:31146615:T:C:R:wC	59	88	-	10.8929	6.4e-05	0.299	TGGCAAATTCAAATATAAAAATATGCTTTT
pattern_4		8:9985314:T:C:R:wC	143	172	-	10.8929	6.4e-05	0.299	TGGAGGTCTGAAAAAAAAAATACTTGAAGT
pattern_3		16:19992996:G:A:R:wC	1	30	-	10.6429	6.41e-05	0.0346	TTAAAAATTTTAAAAATAAAATGTTTTTCA
pattern_3		16:19992996:G:A:A:wC	1	30	-	10.6429	6.41e-05	0.0346	TTAAAAATTTTAAAAATAAAATGTTTTTCA
pattern_3		5:60827969:T:C:R:wC	43	72	+	10.6429	6.41e-05	0.0346	TTGATCAATTAAATAATAAAACAGTAATTG
pattern_3		5:68680860:C:T:R:wC	17	46	-	10.6429	6.41e-05	0.0346	TCCATTTCAAAAAAAAAAAAAAAAAGATTT
pattern_3		11:12418784:C:A:A:wC	73	102	-	10.6429	6.41e-05	0.0346	AATAATAAATAAATGAAAGATATGATTAAA
pattern_3		22:32795285:G:C:A:wC	94	123	-	10.6429	6.41e-05	0.0346	AATTAAAAAAAAAAAAAATTAGCGAGGCAT
pattern_3		18:9850212:G:A:R:wC	157	186	-	10.6429	6.41e-05	0.0346	AAAAAAATAATAATAATCTACAAACCAAAA
pattern_0		10:91002927:C:T:A:wC	33	62	-	7.30952	6.42e-05	0.0453	CCTTTCACACCCAAAGTGAAACGCGTCCTC
pattern_0		10:91002804:C:T:A:wC	156	185	-	7.30952	6.42e-05	0.0453	CCTTTCACACCCAAAGTGAAACGCGTCCTC
pattern_1		5:87978252:T:C:R:wC	30	59	+	10.631	6.42e-05	0.151	AGGAAAATATTTATTAAAAAATTACACTGG
pattern_1		9:6177291:G:T:A:wC	10	39	-	10.631	6.42e-05	0.151	TTAAAGTATAATAATAAAAAATAAAAAATT
pattern_1		9:91453898:T:C:R:wC	99	128	+	10.631	6.42e-05	0.151	ATTGAAGATGGGAAAAACATATTCTAAATG
pattern_1		13:92005134:A:G:R:wC	159	188	+	10.631	6.42e-05	0.151	TCTCTACTAAAAATATAAAAAATTAGCCGG
pattern_6		7:78022018:C:T:R:wC	46	75	-	9.83333	6.43e-05	0.29	AGCGAAATAAATATAAATTTATTCTCAAAA
pattern_0		12:54711574:A:G:A:wC	3	32	+	7.29762	6.45e-05	0.0455	CCCAGGAGGCAGAGGTTGCAGCGAGCTGAG
pattern_2		11:130347927:C:T:A:wC	157	186	+	-22.122	6.45e-05	0.108	AAATTTGCTGGCCTTTGAAGAGAGGTAGGA
pattern_3		1:89475842:A:G:A:wC	61	90	-	10.631	6.46e-05	0.0348	CTCTGTCTCAAAAAAAAAAAAAAAATTAGT
pattern_3		10:32579691:T:C:R:wC	103	132	-	10.631	6.46e-05	0.0348	CTAAAAAAAAAAAGATAAAAAAAGAAAAAT
pattern_3		2:42626124:C:T:A:wC	138	167	-	10.631	6.46e-05	0.0348	GAAAAAAAAAGAAAAGAAAAAAAGAACAAC
pattern_3		15:65566674:G:A:R:wC	170	199	+	10.631	6.46e-05	0.0348	ACAAACAAACAACAAAAAAAAATTATCCAG
pattern_6		1:232271422:A:G:R:wC	40	69	-	9.82143	6.46e-05	0.29	CACAAAAAAATTACAAAAAACATTTTTAAA
pattern_1		12:66199734:G:A:A:wC	143	172	+	10.619	6.47e-05	0.152	AATAAAATAAATTTAAAAAATAATAATAAA
pattern_2		9:99224746:A:T:R:wC	75	104	-	-22.1341	6.47e-05	0.108	GCAATTTTTTTTTTTTTTAGAGACAGAGTC
pattern_5		5:14528587:G:A:R:wC	66	95	-	10.8452	6.48e-05	0.112	CTCTAAAAATAAATAAATAAATTTTAATAC
pattern_5		10:38015694:G:A:A:wC	79	108	-	10.8452	6.48e-05	0.112	CCAGACTCTGTCTCAAAAAAAAAAAAAAAA
pattern_5		1:248113436:C:T:R:wC	84	113	-	10.8452	6.48e-05	0.112	AATTTTAATTACTGGAAAATAAATTGACAA
pattern_5		3:145723:T:G:R:wC	92	121	-	10.8452	6.48e-05	0.112	ACTATATACCTCTTAAAGAAAAACTGCCAC
pattern_5		1:45991785:T:G:A:wC	169	198	+	10.8452	6.48e-05	0.112	CAAGACTCTGTCTCAAAAAAAAAAAAAAAG
pattern_5		1:45991785:T:G:R:wC	169	198	+	10.8452	6.48e-05	0.112	CAAGACTCTGTCTCAAAAAAAAAAAAAAAG
pattern_5		17:1995218:C:T:A:wC	163	192	-	10.8452	6.48e-05	0.112	CAAGACTCTGTCTCAAAAAAAAAAAAAGAA
pattern_2		10:81894877:A:G:A:wC	164	193	+	-22.1463	6.48e-05	0.108	AAATTTTTTTTGTATTTTTAGTAGACATGA
pattern_0		16:89577366:A:G:R:wC	27	56	-	7.28571	6.48e-05	0.0457	GCTCTGCAACTGGGGGATAAGGGAGTAAAG
pattern_2		10:32579691:T:C:R:wC	111	140	+	-22.1585	6.5e-05	0.108	TTTTTTATCTTTTTTTTTTTAGATGGAGTC
pattern_4		3:114461208:G:A:R:wC	13	42	+	10.869	6.5e-05	0.299	TTGTACCTAACAATAATAAATATGTGTAGG
pattern_4		14:24158734:A:G:A:wC	17	46	+	10.869	6.5e-05	0.299	GGTTTTTTTTTTTTAAATTATACTTTAAGT
pattern_4		5:87978252:T:C:R:wC	29	58	-	10.869	6.5e-05	0.299	CAGTGTAATTTTTTAATAAATATTTTCCTG
pattern_4		2:242666194:G:A:A:wC	115	144	-	10.869	6.5e-05	0.299	GACTCCGTCTCAAAAAAAAAAATTAACATA
pattern_3		17:64660752:T:C:A:wC	103	132	-	10.619	6.51e-05	0.035	AAAAAAAAAAAAAAAAAAACCAAAGCAAAA
pattern_3		8:9985314:T:C:R:wC	136	165	-	10.619	6.51e-05	0.035	CTGAAAAAAAAAATACTTGAAGTTTCAAAA
pattern_1		17:72688065:C:T:A:wC	32	61	-	10.6071	6.51e-05	0.152	TCTCAAAAAAAAAAAAAAAAATGGCATAAC
pattern_1		17:72688065:C:T:R:wC	32	61	-	10.6071	6.51e-05	0.152	TCTCAAAAAAAAAAAAAAAAATGGCATAAC
pattern_5		17:61106371:A:G:A:wC	25	54	+	10.8333	6.52e-05	0.113	TAAAAAGATATATGATAAAGATATAATACT
pattern_6		1:1811942:G:A:R:wC	169	198	+	9.79762	6.53e-05	0.29	AGAGACTCCATCTCAAAAAAAAAATATATA
pattern_2		17:20741660:T:C:A:wC	67	96	-	-22.1951	6.54e-05	0.109	GAAGTTTTGTTTATGTTTGCAAAGCAAGCA
pattern_4		12:8451233:G:A:A:wC	41	70	-	10.8571	6.55e-05	0.299	TCTAAAAAAAAAAAAAAAAATTTAATTAGC
pattern_0		1:116460355:G:A:A:wC	125	154	-	7.2619	6.55e-05	0.0461	GCCCTGTCACCCAGGCTGGAGTGCAGTGAC
pattern_0		1:116460355:G:A:R:wC	125	154	-	7.2619	6.55e-05	0.0461	GCCCTGTCACCCAGGCTGGAGTGCAGTGAC
pattern_3		15:66020908:A:G:R:wC	3	32	-	10.6071	6.55e-05	0.0352	TCAAAAAAAAAAAAAGAAAAAGAAAAAAAG
pattern_3		9:33085462:T:G:A:wC	53	82	+	10.6071	6.55e-05	0.0352	AAAAAAAAAAAAAAAAAAAAAAAAGGGCTC
pattern_3		8:61701057:C:T:R:wC	60	89	+	10.6071	6.55e-05	0.0352	AACTTAAAACATTTATTAATAATTCTTCAT
pattern_3		15:81028554:T:G:R:wC	101	130	-	10.6071	6.55e-05	0.0352	TTTAGCATTATACTAAGTAAAATTTCACAA
pattern_3		2:102326268:C:T:R:wC	129	158	-	10.6071	6.55e-05	0.0352	TAAAATATAAGAAAAATACTCTGAAAAATA
pattern_1		16:1471233:A:C:R:wC	26	55	-	10.5952	6.56e-05	0.152	AAAAAAAAAAAAAAAAAAATAGGGCGGTGC
pattern_1		16:1471233:A:C:A:wC	26	55	-	10.5952	6.56e-05	0.152	AAAAAAAAAAAAAAAAAAATAGGGCGGTGC
pattern_1		17:14395793:C:T:R:wC	61	90	-	10.5952	6.56e-05	0.152	TAAACACAAGAAATAAAAAAATAGATAAAT
pattern_5		7:78022018:C:T:R:wC	36	65	-	10.8214	6.57e-05	0.113	ATATAAATTTATTCTCAAAAAATAAAAAAA
pattern_0		8:140655870:G:A:A:wC	171	200	+	7.25	6.58e-05	0.0463	ACCCCACCCCTGAGATGCATGGGGGTCTCA
pattern_2		1:245131916:A:T:R:wC	163	192	-	-22.2317	6.58e-05	0.109	TGTTTTTGTCTTTTGTTTTTCGAGACAGGG
pattern_3		21:41156516:A:G:R:wC	15	44	+	10.5952	6.6e-05	0.0353	AGTAATAATTAAATAAGTATATTAAAAGTT
pattern_3		1:90234055:C:A:R:wC	12	41	-	10.5952	6.6e-05	0.0353	ATAAAAAATAAAAAAAGAAATAAAAAATTA
pattern_3		1:90234055:C:A:A:wC	12	41	-	10.5952	6.6e-05	0.0353	ATAAAAAATAAAAAAAGAAATAAAAAATTA
pattern_3		10:32579691:T:C:R:wC	97	126	-	10.5952	6.6e-05	0.0353	AAAAAAAGATAAAAAAAGAAAAATACATAT
pattern_3		19:11430229:G:A:R:wC	167	196	+	10.5952	6.6e-05	0.0353	ACAAAACAAAAAAACAAAAAAAGGAGACAA
pattern_3		9:139975755:G:A:R:wC	164	193	-	10.5952	6.6e-05	0.0353	ACTAAAAAAAAAAAAAAATACAAAAAAATG
pattern_2		13:113352130:C:T:A:wC	18	47	+	-22.2439	6.6e-05	0.109	TTTTTTTTTTTTTTTTTTTTAGTAGAGATG
pattern_4		17:14395793:C:T:R:wC	61	90	-	10.8452	6.6e-05	0.299	TAAACACAAGAAATAAAAAAATAGATAAAT
pattern_4		11:18338736:G:A:A:wC	161	190	-	10.8452	6.6e-05	0.299	TCTCAAAAAAAAAAAAAAAAAATTTATCAG
pattern_1		8:95256726:G:T:A:wC	2	31	+	10.5833	6.6e-05	0.152	AAGAAAAACAGGTGGATAATATTTACTTCC
pattern_1		3:105933487:C:A:A:wC	32	61	+	10.5833	6.6e-05	0.152	GCATTCTGTATTGTTAAAATAATTAATTGG
pattern_1		5:118453771:T:G:A:wC	105	134	-	10.5833	6.6e-05	0.152	AGCAAAAATCAATTACATATATGTTAATAA
pattern_6		9:6177291:G:T:A:wC	2	31	-	9.77381	6.6e-05	0.29	TAATAATAAAAAATAAAAAATTAAAAAATT
pattern_6		1:83379568:G:T:A:wC	46	75	-	9.77381	6.6e-05	0.29	AGTGAATAAGAAATAAAATAAAGCCAAGAA
pattern_5		3:148821605:A:G:A:wC	15	44	+	10.8095	6.62e-05	0.114	ACTAAAAAAAAAATACAAAAAAATTAGCCG
pattern_5		5:118453771:T:G:A:wC	2	31	-	10.8095	6.62e-05	0.114	AGTTTAGAAGAAAGAAAGAAAAAGTCACAA
pattern_5		22:50058715:T:C:R:wC	17	46	-	10.8095	6.62e-05	0.114	GGTTCTGAGCTATTGAAATAATAAGGCAGG
pattern_2		16:29674033:T:C:A:wC	26	55	-	-22.2683	6.63e-05	0.11	TCTTATTTCTGCAAACTAGTAAAGATGTGG
pattern_6		17:76923151:G:A:R:wC	60	89	+	9.7619	6.64e-05	0.29	TTTTTTTTTTTTTTAAAAAGAATTGCCCAC
pattern_6		17:27099061:C:A:R:wC	122	151	+	9.7619	6.64e-05	0.29	AATAATAATAATTTTAAAATAAGGGGGAAA
pattern_6		11:61603358:A:T:A:wC	156	185	+	9.7619	6.64e-05	0.29	CATTTAAGAAAATTAATAGTAATTCCTTGA
pattern_6		7:73102318:C:T:R:wC	166	195	-	9.7619	6.64e-05	0.29	TCTACTAAAAATATAAAAAAATTAGCTGGG
pattern_3		8:95853197:G:A:R:wC	31	60	-	10.5833	6.65e-05	0.0355	AAAAAAAAAAAAAAAATTATTATTCTCTCT
pattern_3		15:28920910:T:A:R:wC	161	190	-	10.5833	6.65e-05	0.0355	TCTCTATTAAAAATACGAAAAATTAGCTTG
pattern_1		9:131683644:C:T:A:wC	27	56	+	10.5714	6.65e-05	0.152	TATTTATTATTTATTTATTTATTTTGAGAC
pattern_1		5:118869764:A:G:R:wC	8	37	-	10.5714	6.65e-05	0.152	TGGATACATACAAACAATATATTTCTATTT
pattern_1		12:66199734:G:A:A:wC	122	151	+	10.5714	6.65e-05	0.152	AAAGTAAATAAAATAAAATAAAATAAAATA
pattern_4		5:147266794:G:A:R:wC	19	48	-	10.8333	6.65e-05	0.299	TTGCTTTCTAAAATAAAAAATAATGTAGCA
pattern_4		12:66199734:G:A:A:wC	117	146	+	10.8333	6.65e-05	0.299	CTCAAAAAGTAAATAAAATAAAATAAAATA
pattern_0		10:97794477:A:T:R:wC	38	67	-	7.22619	6.65e-05	0.0467	ACTTGATCTCCCAGGCTCCCTTATGGCTAG
pattern_0		16:2008297:G:C:A:wC	86	115	-	7.22619	6.65e-05	0.0467	CCTGAGCCTCCCCCAGTCCGTGGGCTCCTG
pattern_2		2:87151342:G:A:R:wC	28	57	+	-22.2927	6.66e-05	0.11	ATATATATTTTCTTTTTTTGGGGGAGGGGG
pattern_2		17:42180436:G:A:A:wC	120	149	+	-22.2927	6.66e-05	0.11	ATTACCTTGTTCTGTCTCTTGGAGATTGGG
pattern_2		7:6079662:T:C:A:wC	148	177	+	-22.2927	6.66e-05	0.11	TTTTATTTTTTTATTTTTTTTGAAACAGTC
pattern_6		8:57291218:A:G:R:wC	39	68	-	9.75	6.67e-05	0.29	AAAGTAGTTTCATCAAAATTAAGTACTCTT
pattern_6		6:168177053:T:C:R:wC	72	101	+	9.75	6.67e-05	0.29	TGTCTCAAATAAATAAATTAATTAAATATT
pattern_1		3:128350038:C:T:A:wC	16	45	+	10.5595	6.69e-05	0.152	TCCAAAAAAAAAAAAAATATATGGTTTAGG
pattern_1		11:12418784:C:A:A:wC	37	66	-	10.5595	6.69e-05	0.152	ATCTTTCAGCCTATAAAAAAACTTAAATGT
pattern_1		12:66199734:G:A:A:wC	127	156	+	10.5595	6.69e-05	0.152	AAATAAAATAAAATAAAATAAAATAAATTT
pattern_1		2:231268342:C:T:R:wC	166	195	-	10.5595	6.69e-05	0.152	GAAAAAAAATTTAATAATATATGTTTGCAC
pattern_1		4:153705431:G:C:R:wC	167	196	-	10.5595	6.69e-05	0.152	AGGAAAAAGAAAAAGAAAATAAATACTTTT
pattern_3		9:6177291:G:T:A:wC	11	40	-	10.5714	6.69e-05	0.0357	CTTAAAGTATAATAATAAAAAATAAAAAAT
pattern_3		19:20831268:T:C:A:wC	12	41	-	10.5714	6.69e-05	0.0357	CTCCATCTCAGAAAAAAAAAAAAGAAGAAG
pattern_3		12:8451233:G:A:A:wC	49	78	-	10.5714	6.69e-05	0.0357	ATCTCACTTCTAAAAAAAAAAAAAAAAATT
pattern_3		2:204649276:G:A:A:wC	125	154	+	10.5714	6.69e-05	0.0357	AAAAAAAAAAAAAAAAAAAGTTAACTTTTT
pattern_5		18:21120444:T:C:A:wC	23	52	+	10.7857	6.71e-05	0.115	TCAGCTAAAGAAGTTAAAAAAAAAAAAAAA
pattern_5		17:17678573:G:A:A:wC	47	76	-	10.7857	6.71e-05	0.115	CAAGACCCTGTCTCAAAAAAAAAAAAAAAA
pattern_5		16:29924422:A:T:R:wC	127	156	-	10.7857	6.71e-05	0.115	CAAGACCCTGTCTCAAAAAAAAAAAAAAAA
pattern_0		1:201437832:C:T:R:wC	96	125	+	7.20238	6.72e-05	0.0471	CTTCCGCTTCCACAGCTGCAGCAGCCCGCC
pattern_0		19:51330423:C:G:R:wC	79	108	-	7.20238	6.72e-05	0.0471	ACTCGCCCGCACAGCTTCATGAGAGTGCGC
pattern_0		19:7917919:C:T:A:wC	82	111	-	7.20238	6.72e-05	0.0471	CCCTGACCACCAGGGGCCGCCCGAGCCCTG
pattern_1		1:90234055:C:A:A:wC	13	42	-	10.5476	6.74e-05	0.152	AATAAAAAATAAAAAAAGAAATAAAAAATT
pattern_1		1:90234055:C:A:R:wC	13	42	-	10.5476	6.74e-05	0.152	AATAAAAAATAAAAAAAGAAATAAAAAATT
pattern_1		6:139019622:A:C:R:wC	67	96	+	10.5476	6.74e-05	0.152	TTAAGTGTTTCTATTTATATATTTATATAA
pattern_3		7:121801416:C:A:A:wC	14	43	+	10.5595	6.74e-05	0.0358	CATCTCAAAAAAAAAAAAAAAAAAAAAAGA
pattern_3		18:21120444:T:C:A:wC	28	57	+	10.5595	6.74e-05	0.0358	TAAAGAAGTTAAAAAAAAAAAAAAAAGGAA
pattern_3		1:90234055:C:A:R:wC	16	45	-	10.5595	6.74e-05	0.0358	AAAAATAAAAAATAAAAAAAGAAATAAAAA
pattern_3		1:90234055:C:A:A:wC	16	45	-	10.5595	6.74e-05	0.0358	AAAAATAAAAAATAAAAAAAGAAATAAAAA
pattern_3		11:7983846:G:A:A:wC	31	60	-	10.5595	6.74e-05	0.0358	CATCTCAAAAAAAAAAAAAAAAAAAAAAGA
pattern_3		5:14528587:G:A:R:wC	68	97	-	10.5595	6.74e-05	0.0358	GTCTCTAAAAATAAATAAATAAATTTTAAT
pattern_3		10:104637508:T:C:R:wC	96	125	-	10.5595	6.74e-05	0.0358	CATCTCAAAAAAAAAAAAAAAAAAAAAAGA
pattern_3		22:30929537:A:G:A:wC	145	174	+	10.5595	6.74e-05	0.0358	TCTCAAAAAAAAAAAAAAAGAATACACCAG
pattern_4		16:19992996:G:A:R:wC	79	108	+	10.8095	6.75e-05	0.299	TTTAATCATGTATGAAATGATGTTTTGAAG
pattern_0		12:117334487:C:T:R:wC	47	76	+	7.19048	6.75e-05	0.0473	TGCCAGCCTTCGGAGCTTCTGCACTTCCTT
pattern_5		12:110950376:T:C:A:wC	1	30	+	10.7738	6.76e-05	0.115	AAATACCATGTATCAATAAAAATATATTAA
pattern_2		3:195629980:C:T:A:wC	48	77	+	-22.3902	6.78e-05	0.111	ACCACTTTTTTTTTTTCTTTTGTGACAGAG
pattern_2		10:74663769:G:A:R:wC	30	59	-	-22.3902	6.78e-05	0.111	TTCTTACTTCTTCTTTTTTTGGAGGCAGAA
pattern_6		9:131683644:C:T:A:wC	18	47	+	9.71429	6.78e-05	0.293	TGGTATTTTTATTTATTATTTATTTATTTA
pattern_6		12:6477378:C:T:R:wC	36	65	-	9.71429	6.78e-05	0.293	GTGAAACTCAAGTTAAATTTAATTTGTTTA
pattern_1		3:114461208:G:A:R:wC	14	43	+	10.5357	6.79e-05	0.152	TGTACCTAACAATAATAAATATGTGTAGGA
pattern_1		17:62407974:C:T:A:wC	115	144	+	10.5357	6.79e-05	0.152	CCATCTCAAAAAAAAAAAAAAATTAGTAGC
pattern_1		10:27445726:G:A:R:wC	126	155	-	10.5357	6.79e-05	0.152	TCTCAAAAAAAAAAAAAAAAAAATTCATAG
pattern_0		16:85595360:G:C:R:wC	18	47	-	7.17857	6.79e-05	0.0475	GCTCTGGCCTCCGGGGGCAGCTGGGGCCGG
pattern_3		1:1548801:T:C:A:wC	11	40	-	10.5476	6.79e-05	0.036	ACTAAAAATACAAAAATACAAAAAAAAAAA
pattern_3		19:53674839:G:A:A:wC	14	43	-	10.5476	6.79e-05	0.036	AAAAATATATATATATATATATATACACAC
pattern_3		19:3418156:A:G:R:wC	35	64	-	10.5476	6.79e-05	0.036	TGTCTCAAAAAAAAAAAAAAAAAGAAAAGA
pattern_3		12:118682338:C:T:R:wC	73	102	-	10.5476	6.79e-05	0.036	AAGAAAAAGAAAAAAGAAATTAACAAAATT
pattern_3		1:26834392:A:G:R:wC	111	140	+	10.5476	6.79e-05	0.036	CTGTCTCTACTAAAAAAAATACAAAAAATT
pattern_3		11:18338736:G:A:A:wC	166	195	-	10.5476	6.79e-05	0.036	GACTCTCTCAAAAAAAAAAAAAAAAAATTT
pattern_2		19:53674839:G:A:A:wC	43	72	+	-22.4024	6.8e-05	0.111	TTTTTTTTTTTTCTTTTTTTAGACGGAGTC
pattern_4		6:556106:G:A:A:wC	37	66	+	10.7976	6.81e-05	0.299	TGGACTTTGCTAAGAAAAGGTTTTTGTATA
pattern_4		12:54124477:C:T:R:wC	34	63	-	10.7976	6.81e-05	0.299	CGTCTCAAAAAAATAAAAAAATAAAAAATA
pattern_5		7:25929466:G:A:R:wC	46	75	+	10.7619	6.81e-05	0.116	ACATTTACATACTTATATGAATATAAAACG
pattern_5		9:112520879:A:T:R:wC	67	96	-	10.7619	6.81e-05	0.116	ACAAATACATTATTATTTAAAGAAATATTT
pattern_2		12:54592103:G:A:A:wC	122	151	+	-22.4146	6.81e-05	0.111	TTTTCTTTTTTGTTTTTTTTGAGGTGGAGT
pattern_1		5:68680860:C:T:R:wC	13	42	-	10.5238	6.83e-05	0.152	TTTCAAAAAAAAAAAAAAAAAGATTTTAAA
pattern_1		2:103147561:G:A:A:wC	41	70	-	10.5238	6.83e-05	0.152	AAAAAAAAAAGAATTTAGGTATTTTATATT
pattern_1		12:22763881:T:C:A:wC	76	105	-	10.5238	6.83e-05	0.152	TAGGCGTTTATATTATAAATATATATTTAT
pattern_3		19:36723492:C:A:A:wC	98	127	-	10.5357	6.84e-05	0.0362	AAAAAAAAGAAAAAAGAAAAAAGAACTTAT
pattern_5		15:52369932:C:T:R:wC	48	77	-	10.75	6.85e-05	0.116	TCAAAAAAAAAAAGAAAAAAAAAAGATGAT
pattern_5		18:77728594:A:G:R:wC	139	168	-	10.75	6.85e-05	0.116	ACTCCGTCTCTACTAAAAATACAAAAACTA
pattern_2		11:32718439:G:T:R:wC	61	90	+	-22.4512	6.86e-05	0.112	AAGGATTTTTTTTTTTTTTTTGAAACAGTG
pattern_2		11:32718439:G:T:A:wC	61	90	+	-22.4512	6.86e-05	0.112	AAGGATTTTTTTTTTTTTTTTGAAACAGTG
pattern_6		9:4140608:C:T:A:wC	12	41	-	9.69048	6.86e-05	0.293	CTTCATTTTAATGCAAAATAATGTAATCTT
pattern_6		11:12418784:C:A:A:wC	60	89	-	9.69048	6.86e-05	0.293	TGAAAGATATGATTAAATAAATTATCTTTC
pattern_4		22:42940318:T:C:A:wC	3	32	+	10.7857	6.86e-05	0.299	TTGTCTCAAAAAAAAAAAAAAGTTCTAAGA
pattern_4		11:122186263:A:T:A:wC	58	87	-	10.7857	6.86e-05	0.299	GGTAGATTACATGCAAAAATTGTATACATA
pattern_4		11:122186263:A:T:R:wC	58	87	-	10.7857	6.86e-05	0.299	GGTAGATTACATGCAAAAATTGTATACATA
pattern_4		22:31991001:G:A:A:wC	66	95	-	10.7857	6.86e-05	0.299	ATAAATAAATAAATAAATAAATAAATTATT
pattern_4		9:24112926:G:C:R:wC	167	196	-	10.7857	6.86e-05	0.299	CTAAATGTGAAAATAAAAACAACAAAACTC
pattern_0		7:1628183:T:C:A:wC	26	55	-	7.15476	6.86e-05	0.0479	CTCAGGCCTCCAGACCTGAGCTGAGTTTGA
pattern_0		16:88846803:G:A:R:wC	112	141	-	7.15476	6.86e-05	0.0479	CCTGAGTCTCCTGGGTGACTGTGAGGTGGG
pattern_1		7:100702058:T:C:A:wC	119	148	+	10.5119	6.88e-05	0.153	TAGTAAATATTATAATATATATTTGTAGTA
pattern_3		10:78342790:G:A:A:wC	12	41	-	10.5238	6.89e-05	0.0364	ACAAACAATAAATAAATAAATTATAGAAAC
pattern_3		3:49355005:T:C:A:wC	61	90	-	10.5238	6.89e-05	0.0364	TCTCAAAAAAAAAAAAAAAACAAACAAACA
pattern_3		6:139019622:A:C:R:wC	90	119	-	10.5238	6.89e-05	0.0364	GCCCTAATATAGATAATAATAAATTATATA
pattern_3		11:22220481:G:A:R:wC	140	169	-	10.5238	6.89e-05	0.0364	GCTTGAAAAATATTAAACATCATGCAGTAT
pattern_0		1:11887316:C:A:R:wC	25	54	+	7.14286	6.89e-05	0.0481	GTTCGTCCTTCTGGAACCAAGGGCTCACGT
pattern_0		1:11887303:A:G:R:wC	38	67	+	7.14286	6.89e-05	0.0481	GTTCGTCCTTCTGGAACCAAGGGCTCACGT
pattern_5		16:77358417:A:G:R:wC	7	36	-	10.7381	6.9e-05	0.116	GGTTATAACTTTTGAAATGAATGAATAAGT
pattern_5		11:47241411:T:C:A:wC	18	47	-	10.7381	6.9e-05	0.116	TCAAAAAAATAAACAAATAAATAAATAAAG
pattern_4		19:50049882:T:G:A:wC	61	90	-	10.7738	6.91e-05	0.3	CAGGCTAATTTTTTAAATATTTTTAGTAGA
pattern_0		3:10328782:G:A:R:wC	46	75	+	7.13095	6.93e-05	0.0482	TCTCAGCCTTAGCCTCTAATGGGATTGCTG
pattern_0		17:19281828:T:G:R:wC	75	104	-	7.13095	6.93e-05	0.0482	CCTCAGCGTCTTGAGCTGCCCTGTCCGTCC
pattern_0		3:176051150:G:A:A:wC	139	168	+	7.13095	6.93e-05	0.0482	CCTTTTCTTCCCCTGGTGAAGTATTGTCAG
pattern_0		16:11221584:G:T:A:wC	118	147	-	7.13095	6.93e-05	0.0482	CCTCAGCCTCCTGAGTGTAGCTGAGACCAC
pattern_1		8:8136410:C:T:R:wC	9	38	-	10.5	6.93e-05	0.153	AGTAGAGTAAATTAAAAGAAATTCAACACC
pattern_1		5:34500013:T:A:R:wC	96	125	+	10.5	6.93e-05	0.153	CTGTTTTTATTTATTTATTTATTTTTTATT
pattern_6		12:6477378:C:T:R:wC	2	31	+	9.66667	6.93e-05	0.293	AATGTACATTATTTAATTGTTAAAAGAAAA
pattern_6		19:53674839:G:A:A:wC	18	47	-	9.66667	6.93e-05	0.293	AAAAAAAAATATATATATATATATATATAC
pattern_6		6:139019622:A:C:R:wC	77	106	-	9.66667	6.93e-05	0.293	TAATAATAAATTATATAAATATATAAATAG
pattern_3		2:103147561:G:A:A:wC	37	66	+	10.5119	6.94e-05	0.0366	TTTAAATATAAAATACCTAAATTCTTTTTT
pattern_3		14:73746590:T:C:A:wC	62	91	+	10.5119	6.94e-05	0.0366	ATTATGTTAACAATAATACTGGTTAAAAAT
pattern_3		1:924898:C:A:R:wC	40	69	-	10.5119	6.94e-05	0.0366	CAAAGAAAAAAATTAGACATCATCAAAATT
pattern_3		2:219272294:G:T:R:wC	135	164	-	10.5119	6.94e-05	0.0366	AAAAAAAAAAAGAAAAGAAAAAAAAGAAAA
pattern_3		20:30566874:G:T:A:wC	168	197	-	10.5119	6.94e-05	0.0366	GTATTACATATTTTAACAATTTTTTTTTTT
pattern_2		9:100763455:C:T:A:wC	118	147	+	-22.5244	6.95e-05	0.113	AATTTTTTTTTTTTTTTTTTAGACGGAGTC
pattern_2		9:100763455:C:T:R:wC	118	147	+	-22.5244	6.95e-05	0.113	AATTTTTTTTTTTTTTTTTTAGACGGAGTC
pattern_5		7:121801416:C:A:A:wC	4	33	+	10.7262	6.95e-05	0.116	AGTGAGGCTCCATCTCAAAAAAAAAAAAAA
pattern_5		18:47341474:G:C:A:wC	27	56	+	10.7262	6.95e-05	0.116	ACCTCATCTCTACTAAAAATACAAAAAAAT
pattern_5		12:111978537:C:T:R:wC	68	97	-	10.7262	6.95e-05	0.116	AGAGTGACTCCATCTCAAAAAAAAAAAAAA
pattern_5		5:34500013:T:A:R:wC	92	121	-	10.7262	6.95e-05	0.116	AAAAATAAATAAATAAATAAAAACAGATGC
pattern_5		9:97677556:A:G:A:wC	95	124	-	10.7262	6.95e-05	0.116	AGAAAAGAAAAAATAAAATGATGACACTAA
pattern_5		22:32795285:G:C:A:wC	113	142	-	10.7262	6.95e-05	0.116	AAGACTTAGTCTCTACAAAAATTAAAAAAA
pattern_0		4:987343:G:T:A:wC	132	161	-	7.11905	6.96e-05	0.0484	CCACAGCTGCAGCGGCTCCTGGGAGGCTGG
pattern_2		14:84285998:C:T:A:wC	11	40	-	-22.5366	6.97e-05	0.113	ATTTTTTTGGCATTGTGTGAAGGTGTTGGG
pattern_2		14:96343665:C:G:A:wC	27	56	-	-22.5366	6.97e-05	0.113	AATGTTTCCAGGCTGTAAGTGGGGAAGGAG
pattern_6		17:62387091:C:T:R:wC	65	94	-	9.65476	6.97e-05	0.293	ACCTAACACAAATTAAAAAATAAAATAAAA
pattern_1		22:31991001:G:A:A:wC	60	89	+	10.4881	6.98e-05	0.153	AATAATAATAATTTATTTATTTATTTATTT
pattern_1		2:105466005:G:A:R:wC	116	145	-	10.4881	6.98e-05	0.153	ATAACACAGGGTTTTAAAATATGAAGACAA
pattern_1		6:121805330:C:T:R:wC	156	185	-	10.4881	6.98e-05	0.153	AAAATCCAAAAAAAAAAAAAATTAGCTGGG
pattern_3		13:113352130:C:T:A:wC	5	34	-	10.5	6.99e-05	0.0366	AAAAAAAAAAAAAAAAAAAAAAACTGGCCG
pattern_3		19:11775886:T:C:R:wC	6	35	-	10.5	6.99e-05	0.0366	AAAATACAAAATAAAAAAAAAGATAGTACT
pattern_3		10:123191538:A:G:A:wC	7	36	-	10.5	6.99e-05	0.0366	CTCAAAAAAAAAAAAAGAAAAAAATTATAC
pattern_3		19:3418156:A:G:R:wC	26	55	-	10.5	6.99e-05	0.0366	AAAAAAAAAAAAAAGAAAAGAAAATTAAAT
pattern_3		12:115556307:T:G:R:wC	27	56	-	10.5	6.99e-05	0.0366	CGCAAAATAAAAAAAAAAAACTTTTCTGCA
pattern_3		17:72688065:C:T:A:wC	34	63	-	10.5	6.99e-05	0.0366	CGTCTCAAAAAAAAAAAAAAAAATGGCATA
pattern_3		17:72688065:C:T:R:wC	34	63	-	10.5	6.99e-05	0.0366	CGTCTCAAAAAAAAAAAAAAAAATGGCATA
pattern_3		14:99726719:T:C:R:wC	82	111	-	10.5	6.99e-05	0.0366	GTAAACCGAAGATTAAATTAAAAAAACCAA
pattern_3		10:104637508:T:C:R:wC	88	117	-	10.5	6.99e-05	0.0366	AAAAAAAAAAAAAAAAAAAAGAAGTTATCA
pattern_3		12:125311934:C:T:R:wC	122	151	+	10.5	6.99e-05	0.0366	TTAATATTATTATTATTATTATTATTTTAA
pattern_3		9:100763455:C:T:R:wC	107	136	-	10.5	6.99e-05	0.0366	AAAAAAAAAAAAAAAAATTAAACCAGAAAA
pattern_3		9:100763455:C:T:A:wC	107	136	-	10.5	6.99e-05	0.0366	AAAAAAAAAAAAAAAAATTAAACCAGAAAA
pattern_5		5:76752546:A:C:A:wC	59	88	-	10.7143	7e-05	0.117	ATAAAATAAAAATTTTTAAAAATGGTGAAA
pattern_5		17:8164578:A:G:R:wC	63	92	-	10.7143	7e-05	0.117	CAAAAAAAAAAAAGAAAGAAAGAAAACACG
pattern_6		3:195707336:T:C:A:wC	164	193	+	9.64286	7.01e-05	0.293	TTGATGAATTAAACAAAAAACAATACTGTA
pattern_4		5:177042154:T:C:R:wC	129	158	+	10.75	7.02e-05	0.304	TATTGATTTCTACTATAATTTTTATTTCTA
pattern_1		22:42940318:T:C:A:wC	3	32	+	10.4762	7.03e-05	0.153	TTGTCTCAAAAAAAAAAAAAAGTTCTAAGA
pattern_1		15:65566674:G:A:R:wC	3	32	-	10.4762	7.03e-05	0.153	ACTTTCAAAAAAAAAAAAAAAAGTATGCTG
pattern_1		17:19918630:C:T:A:wC	73	102	-	10.4762	7.03e-05	0.153	CTATCTCAAAAAAAAAAAAAATTAAATTAA
pattern_0		1:116460355:G:A:A:wC	90	119	+	7.09524	7.04e-05	0.0488	CCCAGGAGGCAGAGCTTGCAGTGAGCCGAG
pattern_0		12:95953238:G:A:R:wC	96	125	+	7.09524	7.04e-05	0.0488	TCTCGAACTCCTGACCTCGTGATCTGCCCG
pattern_3		2:75120525:C:A:R:wC	13	42	+	10.4881	7.04e-05	0.0368	TGATGTTAACTATTATTAATAAATTTTAAC
pattern_3		5:173363889:C:T:A:wC	19	48	-	10.4881	7.04e-05	0.0368	TAGAGAAAAAAAAAAAAAAAGTATAATGCA
pattern_3		4:45122349:T:C:A:wC	107	136	+	10.4881	7.04e-05	0.0368	ATGAGCTAAAGTCTAAAAATAGATTGTGTT
pattern_3		4:45122349:T:C:R:wC	107	136	+	10.4881	7.04e-05	0.0368	ATGAGCTAAAGTCTAAAAATAGATTGTGTT
pattern_3		15:23945684:C:A:R:wC	133	162	+	10.4881	7.04e-05	0.0368	TCTCTATTAAAAATACAAAAAATTAGCCGG
pattern_3		8:59338856:G:C:R:wC	170	199	-	10.4881	7.04e-05	0.0368	CTCTACTAAAAAATACAAAAAAATTAGCCG
pattern_6		17:19918630:C:T:A:wC	58	87	-	9.63095	7.04e-05	0.293	AAAAAATTAAATTAAAAAAGACAGAATATT
pattern_6		2:32642798:T:C:R:wC	134	163	-	9.63095	7.04e-05	0.293	CAAAAAATAAAAATAAAAAAATAATTTCAC
pattern_5		17:19918630:C:T:A:wC	61	90	+	10.7024	7.05e-05	0.117	ATTCTGTCTTTTTTAATTTAATTTTTTTTT
pattern_5		6:139019622:A:C:R:wC	77	106	-	10.7024	7.05e-05	0.117	TAATAATAAATTATATAAATATATAAATAG
pattern_5		11:22220481:G:A:R:wC	149	178	-	10.7024	7.05e-05	0.117	AAGGGAAATGCTTGAAAAATATTAAACATC
pattern_0		16:4670396:G:A:R:wC	90	119	+	7.08333	7.07e-05	0.049	CCCAGGGGGCGGAGGTTGCAGTGAGCTGAG
pattern_0		3:195723586:G:A:A:wC	106	135	-	7.08333	7.07e-05	0.049	TGTCGACGTCCATGGCTTCCCGGAGTCCCT
pattern_0		17:8164578:A:G:R:wC	143	172	-	7.08333	7.07e-05	0.049	CCCGGGAGGCGGAGGTTGCAGTGAGCTGAG
pattern_4		12:31466613:G:A:A:wC	40	69	+	10.7381	7.07e-05	0.305	GTATATGTGTAATTAAATGTTTTTTTGTTT
pattern_1		3:195707336:T:C:A:wC	101	130	-	10.4643	7.07e-05	0.154	AATCCATAAAAATTTTAAAATTTTCATTAT
pattern_6		1:113468825:T:C:R:wC	87	116	+	9.61905	7.08e-05	0.294	GATGTTATGTATGTATATATACATAAGATA
pattern_3		17:61106371:A:G:A:wC	9	38	+	10.4762	7.09e-05	0.0369	AGTGAAATAATATTGATAAAAAGATATATG
pattern_3		1:90234055:C:A:R:wC	8	37	-	10.4762	7.09e-05	0.0369	AAAATAAAAAAAGAAATAAAAAATTAAAAC
pattern_3		1:90234055:C:A:A:wC	8	37	-	10.4762	7.09e-05	0.0369	AAAATAAAAAAAGAAATAAAAAATTAAAAC
pattern_3		9:131683644:C:T:A:wC	18	47	-	10.4762	7.09e-05	0.0369	TAAATAAATAAATAATAAATAAAAATACCA
pattern_3		2:242666194:G:A:A:wC	105	134	-	10.4762	7.09e-05	0.0369	CAAAAAAAAAAATTAACATACAAAACCCAC
pattern_3		9:100763455:C:T:R:wC	122	151	-	10.4762	7.09e-05	0.0369	GCGAGACTCCGTCTAAAAAAAAAAAAAAAA
pattern_3		9:100763455:C:T:A:wC	122	151	-	10.4762	7.09e-05	0.0369	GCGAGACTCCGTCTAAAAAAAAAAAAAAAA
pattern_3		2:146273266:T:A:A:wC	139	168	-	10.4762	7.09e-05	0.0369	GCGAGACTCCGTCTAAAAAAAAAAAAAAAA
pattern_5		17:19918630:C:T:A:wC	82	111	-	10.6905	7.1e-05	0.118	AGCAATACTCTATCTCAAAAAAAAAAAAAA
pattern_1		17:62387091:C:T:R:wC	56	85	-	10.4524	7.12e-05	0.154	AAATTAAAAAATAAAATAAAATTAGAGCTT
pattern_1		7:100702058:T:C:A:wC	138	167	+	10.4524	7.12e-05	0.154	TATTTGTAGTAACTAAAAATAATAAAGCAA
pattern_2		7:73102318:C:T:R:wC	171	200	+	-22.6585	7.12e-05	0.115	CTAATTTTTTTATATTTTTAGTAGAGACGG
pattern_4		17:8164578:A:G:R:wC	72	101	-	10.7262	7.13e-05	0.306	CTGTCTCTACAAAAAAAAAAAAGAAAGAAA
pattern_3		10:31146615:T:C:R:wC	28	57	+	10.4643	7.14e-05	0.0371	ACTCACAGAAAATTAATAGTCATTTGAAAG
pattern_3		13:113352130:C:T:A:wC	6	35	-	10.4643	7.14e-05	0.0371	AAAAAAAAAAAAAAAAAAAAAAAACTGGCC
pattern_3		19:3418156:A:G:R:wC	27	56	-	10.4643	7.14e-05	0.0371	AAAAAAAAAAAAAAAGAAAAGAAAATTAAA
pattern_3		5:34500013:T:A:R:wC	103	132	-	10.4643	7.14e-05	0.0371	TTGGAAAAATAAAAAATAAATAAATAAATA
pattern_2		16:78882440:G:C:R:wC	94	123	+	-22.6707	7.14e-05	0.115	CTTTATGTGGTGTTGCCTAAGGGTACGGGG
pattern_0		6:160197943:C:T:R:wC	44	73	-	7.05952	7.14e-05	0.0494	CCTGGGAGGCGGAGATTGCAGTGAGCCAAG
pattern_5		17:76923151:G:A:R:wC	60	89	-	10.6786	7.15e-05	0.118	GTGGGCAATTCTTTTTAAAAAAAAAAAAAA
pattern_5		2:155218448:C:G:A:wC	64	93	-	10.6786	7.15e-05	0.118	CATATTAGTTTTCCAAAATAAATAAGTCTT
pattern_5		1:221056390:A:T:A:wC	95	124	-	10.6786	7.15e-05	0.118	AATTTAAGAAAAAGAATAAAATTAATTCAG
pattern_6		7:100702058:T:C:A:wC	127	156	-	9.59524	7.16e-05	0.295	TTTTTAGTTACTACAAATATATATTATAAT
pattern_1		9:131683644:C:T:A:wC	16	45	-	10.4405	7.17e-05	0.155	AATAAATAAATAATAAATAAAAATACCAAA
pattern_1		3:24341264:A:T:A:wC	86	115	-	10.4405	7.17e-05	0.155	AAATAAATAAATAAAAAAAAAAGCATACTT
pattern_4		13:113365480:G:A:R:wC	124	153	+	10.7143	7.18e-05	0.306	CAGAGCCATTTAAAAAAAAATGCTGAAATT
pattern_3		1:203830556:C:A:A:wC	9	38	+	10.4524	7.19e-05	0.0372	CTTCGCCTCAAAAAAAAAAAAAGAAAAGAA
pattern_3		15:66020908:A:G:R:wC	8	37	-	10.4524	7.19e-05	0.0372	CTGTCTCAAAAAAAAAAAAAGAAAAAGAAA
pattern_3		7:95966546:G:A:A:wC	20	49	-	10.4524	7.19e-05	0.0372	AATAAATAAATATAAATAAATGAAATCTAT
pattern_3		16:1471233:A:C:A:wC	34	63	-	10.4524	7.19e-05	0.0372	TAAACGGAAAAAAAAAAAAAAAAAAAATAG
pattern_3		16:1471233:A:C:R:wC	34	63	-	10.4524	7.19e-05	0.0372	TAAACGGAAAAAAAAAAAAAAAAAAAATAG
pattern_3		17:17481353:G:T:A:wC	74	103	+	10.4524	7.19e-05	0.0372	TCTCAAAAAAAAAAAAAAAAAAGCACTAGG
pattern_3		1:185401229:T:C:A:wC	50	79	-	10.4524	7.19e-05	0.0372	AATAACAATAAAAAATTTAAAAAAAGAAAT
pattern_3		1:26377185:G:A:R:wC	65	94	-	10.4524	7.19e-05	0.0372	AAAAAAAAAAAAAAAAAAAAAAGAGGCAGA
pattern_3		12:118682338:C:T:R:wC	91	120	-	10.4524	7.19e-05	0.0372	CTGTCTCAAAAAAAAAAAAAGAAAAAGAAA
pattern_5		19:53674839:G:A:A:wC	47	76	-	10.6667	7.2e-05	0.119	GTGAGACTCCGTCTAAAAAAAGAAAAAAAA
pattern_2		10:123191545:A:G:R:wC	9	38	+	-22.7195	7.2e-05	0.116	TTTTCTTTTTTTTTTTTTGAGGCACTTGGG
pattern_2		10:123191538:A:G:A:wC	16	45	+	-22.7195	7.2e-05	0.116	TTTTCTTTTTTTTTTTTTGAGGCACTTGGG
pattern_2		17:62387091:C:T:R:wC	64	93	+	-22.7195	7.2e-05	0.116	ATTTTATTTTATTTTTTAATTTGTGTTAGG
pattern_0		3:195723586:G:A:A:wC	28	57	-	7.03571	7.22e-05	0.0498	CCCCCACCCCCCGACGTCCTCCCACTCCCT
pattern_0		12:52604451:A:G:A:wC	141	170	+	7.03571	7.22e-05	0.0498	TGTCTGCCTCCTGACCTGCCTCTGTCCTGG
pattern_0		15:91546711:T:C:R:wC	125	154	-	7.03571	7.22e-05	0.0498	CCCGGGAGGCGGAGGTTGCAGTGAGCCAAG
pattern_2		1:152165878:C:T:A:wC	28	57	+	-22.7317	7.22e-05	0.116	ATTTCAAGAGTGTGTCTTGTTGAGGTGGGG
pattern_1		3:24341264:A:T:A:wC	102	131	-	10.4286	7.22e-05	0.155	CTAAAAAAAAAAAAATAAATAAATAAATAA
pattern_4		2:18559785:A:C:R:wC	56	85	+	10.7024	7.24e-05	0.306	TGCAACATGATTTTAAAATATGTAATACCA
pattern_4		6:139019622:A:C:R:wC	77	106	+	10.7024	7.24e-05	0.306	CTATTTATATATTTATATAATTTATTATTA
pattern_4		2:204649276:G:A:A:wC	123	152	+	10.7024	7.24e-05	0.306	TTAAAAAAAAAAAAAAAAAAAGTTAACTTT
pattern_6		6:168177053:T:C:R:wC	77	106	+	9.57143	7.24e-05	0.295	CAAATAAATAAATTAATTAAATATTCTGAT
pattern_3		3:148821605:A:G:A:wC	7	36	+	10.4405	7.24e-05	0.0372	CCATCTCTACTAAAAAAAAAATACAAAAAA
pattern_3		18:21120444:T:C:A:wC	25	54	+	10.4405	7.24e-05	0.0372	AGCTAAAGAAGTTAAAAAAAAAAAAAAAAG
pattern_3		18:53373610:G:A:A:wC	13	42	-	10.4405	7.24e-05	0.0372	TCTCAAAAAAAAAAAAAAAAAAAACAGAGA
pattern_3		1:43107630:C:T:A:wC	53	82	+	10.4405	7.24e-05	0.0372	ATGAAAAAGAAGAAAAAAAAATACATGACA
pattern_3		12:54124477:C:T:R:wC	37	66	-	10.4405	7.24e-05	0.0372	CTCCGTCTCAAAAAAATAAAAAAATAAAAA
pattern_3		20:30021688:A:G:R:wC	85	114	+	10.4405	7.24e-05	0.0372	AAAGAAAAAAAAAAAAAAAGAAACATATCC
pattern_3		20:30021688:A:G:R:wC	87	116	+	10.4405	7.24e-05	0.0372	AGAAAAAAAAAAAAAAAGAAACATATCCTT
pattern_3		20:44680853:G:A:R:wC	136	165	+	10.4405	7.24e-05	0.0372	TCGTAGGTAATAGTATATATAATAACTAAC
pattern_3		5:75705617:T:C:R:wC	119	148	-	10.4405	7.24e-05	0.0372	CAAGAGAGAAAAATAAAATAGAGCAGTAAG
pattern_3		5:75705617:T:C:A:wC	119	148	-	10.4405	7.24e-05	0.0372	CAAGAGAGAAAAATAAAATAGAGCAGTAAG
pattern_3		2:146273266:T:A:A:wC	134	163	-	10.4405	7.24e-05	0.0372	ACTCCGTCTAAAAAAAAAAAAAAAAAAAAA
pattern_3		2:42626124:C:T:A:wC	157	186	-	10.4405	7.24e-05	0.0372	AAAAAAAAAAAAAAGAAAAGAAAAAAAAAG
pattern_0		16:106777:G:C:R:wC	161	190	-	7.02381	7.25e-05	0.05	CTTTCGCCTCCATGCCCACTCTGATTTCCT
pattern_5		8:8136410:C:T:R:wC	11	40	-	10.6548	7.25e-05	0.119	AAAGTAGAGTAAATTAAAAGAAATTCAACA
pattern_5		5:98265807:G:T:R:wC	68	97	-	10.6548	7.25e-05	0.119	GCCTCTACAAACATAAATAAAAAACAAAAA
pattern_1		12:77035999:C:T:R:wC	139	168	-	10.4167	7.27e-05	0.156	GGTCTTCAACATTAAAAAATAAGATGGTAG
pattern_6		19:3418156:A:G:R:wC	9	38	+	9.55952	7.27e-05	0.295	CAACTGAGCAACTTAAAATTTAATTTTCTT
pattern_6		8:8136410:C:T:R:wC	15	44	-	9.55952	7.27e-05	0.295	ATCCAAAGTAGAGTAAATTAAAAGAAATTC
pattern_6		8:61701057:C:T:R:wC	64	93	-	9.55952	7.27e-05	0.295	TTCAATGAAGAATTATTAATAAATGTTTTA
pattern_4		1:72819884:T:C:R:wC	126	155	-	10.6905	7.29e-05	0.307	TTTATACTTGAAATATATGCATTTTATTGT
pattern_3		12:110950376:T:C:A:wC	6	35	+	10.4286	7.29e-05	0.0373	CCATGTATCAATAAAAATATATTAACAAAA
pattern_3		14:32922842:G:C:R:wC	24	53	-	10.4286	7.29e-05	0.0373	AAAAAAAAAAAAAAGAAAAGAAAAATTCTA
pattern_3		17:62407974:C:T:A:wC	115	144	+	10.4286	7.29e-05	0.0373	CCATCTCAAAAAAAAAAAAAAATTAGTAGC
pattern_3		3:24341264:A:T:A:wC	91	120	-	10.4286	7.29e-05	0.0373	AAAATAAATAAATAAATAAAAAAAAAAGCA
pattern_3		3:63812600:G:A:R:wC	121	150	+	10.4286	7.29e-05	0.0373	TCTCAGAAAAAAAAAAAGAAAAAGAGAGTA
pattern_3		17:64660752:T:C:A:wC	107	136	-	10.4286	7.29e-05	0.0373	AAAAAAAAAAAAAAAAAAAAAAACCAAAGC
pattern_3		17:2242494:G:A:A:wC	157	186	+	10.4286	7.29e-05	0.0373	CTCTACTGAAAAAAACAAAAAATACAAAAA
pattern_3		7:117372635:C:T:A:wC	168	197	+	10.4286	7.29e-05	0.0373	CAAAAAAAAAAAAAAAAAAAAAAAGTCAGG
pattern_5		1:244488415:G:A:R:wC	36	65	+	10.6429	7.31e-05	0.12	ACCGGATTAAATGTAAAAGAATTTAATGAA
pattern_5		1:85525748:A:C:R:wC	14	43	-	10.6429	7.31e-05	0.12	GACATATTTGTTTCATATAAAGAATTTATG
pattern_1		11:61603358:A:T:A:wC	156	185	+	10.4048	7.32e-05	0.157	CATTTAAGAAAATTAATAGTAATTCCTTGA
pattern_0		17:6560691:T:G:R:wC	70	99	-	7	7.33e-05	0.0505	CCTCCACCCAGCGGTAACAAGGGAACCTGA
pattern_2		8:76755254:T:C:A:wC	111	140	-	-22.8171	7.33e-05	0.118	ATGTCATTTGTAGTTCTAAAAGATAAGGGA
pattern_3		3:114461208:G:A:R:wC	13	42	+	10.4167	7.35e-05	0.0376	TTGTACCTAACAATAATAAATATGTGTAGG
pattern_3		2:197074540:C:T:R:wC	37	66	-	10.4167	7.35e-05	0.0376	CAAAAAAAAAAAAAAAAGAAAGAAAGAAAG
pattern_3		17:8164578:A:G:R:wC	65	94	-	10.4167	7.35e-05	0.0376	TACAAAAAAAAAAAAGAAAGAAAGAAAACA
pattern_4		7:96039267:G:T:R:wC	69	98	-	10.6786	7.35e-05	0.307	TGGAATTTAATTTTAAATTGTTTTTAAATA
pattern_2		7:150495470:C:A:A:wC	2	31	+	-22.8293	7.35e-05	0.118	TTATTTATTTATTCATTTTTTGAGATGGAG
pattern_6		4:120381590:A:G:R:wC	12	41	+	9.53571	7.35e-05	0.295	ATAAACGGTAGATTAAATGTTCTTGCCTGA
pattern_6		4:120381590:A:G:A:wC	12	41	+	9.53571	7.35e-05	0.295	ATAAACGGTAGATTAAATGTTCTTGCCTGA
pattern_5		8:6733773:C:T:R:wC	18	47	-	10.631	7.36e-05	0.12	AGCCCATGTTTTTTTAAAGGAATAGAAAAT
pattern_5		17:61106371:A:G:A:wC	51	80	-	10.631	7.36e-05	0.12	AAACCATTTTTTGTATAAATAAAATTAGTA
pattern_0		3:194319882:C:T:A:wC	48	77	-	6.9881	7.36e-05	0.0507	CCTCTGGTTCGTGACTTCTTTTGCTCCCAA
pattern_1		19:49508265:A:G:R:wC	51	80	+	10.3929	7.37e-05	0.157	AAAAATAAAAAATTAAAAAAAAAAAAACAG
pattern_1		11:32992203:C:T:A:wC	169	198	+	10.3929	7.37e-05	0.157	TAACTGCTGCCTTTAAATAAATGAAATATT
pattern_2		19:4080391:A:G:A:wC	72	101	-	-22.8537	7.38e-05	0.118	ACTTATTTATTTTTTGTTTTTGAGACAAGA
pattern_6		2:242077496:C:T:A:wC	148	177	-	9.52381	7.39e-05	0.295	ATTGAAGCTTAGTTAAATTTACAGCTGGAG
pattern_3		22:29431626:T:C:R:wC	17	46	-	10.4048	7.4e-05	0.0377	AAAAATTTTAAAATAAATAGACTGGACATA
pattern_3		22:29431626:T:C:A:wC	17	46	-	10.4048	7.4e-05	0.0377	AAAAATTTTAAAATAAATAGACTGGACATA
pattern_3		19:49508265:A:G:R:wC	53	82	+	10.4048	7.4e-05	0.0377	AAATAAAAAATTAAAAAAAAAAAAACAGGA
pattern_3		5:98265807:G:T:R:wC	60	89	-	10.4048	7.4e-05	0.0377	AAACATAAATAAAAAACAAAAATCATTAAC
pattern_3		3:195707336:T:C:A:wC	92	121	+	10.4048	7.4e-05	0.0377	ACTACTTTCATAATGAAAATTTTAAAATTT
pattern_4		16:4014964:A:G:R:wC	19	48	+	10.6667	7.4e-05	0.307	GTAAATAAATAAATAAATAAATGCAACCTC
pattern_4		8:64283169:T:C:A:wC	3	32	-	10.6667	7.4e-05	0.307	AAAGATAAAGCAATAAAAAAATTCAGCCAA
pattern_4		20:30566874:G:T:A:wC	158	187	+	10.6667	7.4e-05	0.307	TGTCTCAAAAAAAAAAAAAAATTGTTAAAA
pattern_5		17:40805844:T:G:A:wC	33	62	+	10.619	7.41e-05	0.12	CGGCCGAGTTCTTTAAAAAAAAAGAGAGAG
pattern_5		7:37978666:T:C:R:wC	19	48	-	10.619	7.41e-05	0.12	AGTGAGACTCCATCTCAAAAAAAAAAAAAA
pattern_5		8:95664858:T:C:A:wC	28	57	-	10.619	7.41e-05	0.12	GTTTAAAAGAAAATGAATAAAAGAAGCCAT
pattern_5		19:11259528:G:A:A:wC	30	59	-	10.619	7.41e-05	0.12	ACCCCGTCTCTACTAAAAATACAAAAAAAA
pattern_5		22:47358892:A:G:A:wC	141	170	+	10.619	7.41e-05	0.12	ACCCCGTCTCTACTAAAAATACAAAAAAAA
pattern_5		19:10852369:G:A:R:wC	124	153	-	10.619	7.41e-05	0.12	ACCCCGTCTCTACTAAAAATACAAAAAAAA
pattern_5		4:186580675:G:A:R:wC	166	195	-	10.619	7.41e-05	0.12	ACCCCGTCTCTACTAAAAATACAAAAAAAA
pattern_1		12:22763881:T:C:A:wC	60	89	+	10.381	7.42e-05	0.158	TATATTTGTTATATACATAAATATATATTT
pattern_1		16:84411313:G:T:A:wC	60	89	-	10.381	7.42e-05	0.158	TATCCTCAGAAAGTGACTATATTTAAAGCT
pattern_1		2:228720464:C:T:R:wC	100	129	-	10.381	7.42e-05	0.158	ATAGACATGAAAAGAAAAAAATTCAAATCG
pattern_6		5:88825286:A:G:R:wC	19	48	+	9.5119	7.43e-05	0.295	TTTTTAGCTAATTCAAATGGAGATAATCTG
pattern_6		19:49508265:A:G:R:wC	43	72	+	9.5119	7.43e-05	0.295	GTTGTTGTAAAAATAAAAAATTAAAAAAAA
pattern_6		5:34500013:T:A:R:wC	96	125	-	9.5119	7.43e-05	0.295	AATAAAAAATAAATAAATAAATAAAAACAG
pattern_3		2:103147561:G:A:A:wC	30	59	+	10.3929	7.45e-05	0.0379	TTTCAGATTTAAATATAAAATACCTAAATT
pattern_3		17:14407103:C:T:R:wC	63	92	+	10.3929	7.45e-05	0.0379	TTTTATCATATTATATCAGTTTTTAAAAAA
pattern_3		19:39644139:C:T:R:wC	35	64	-	10.3929	7.45e-05	0.0379	TTTCAAAAAAATAAAACAACAACAACAAAA
pattern_3		1:1835016:C:T:A:wC	36	65	-	10.3929	7.45e-05	0.0379	TCTGGCTCAAAAAAAAAAAAAAAAAAAAAG
pattern_3		2:204469679:C:G:A:wC	169	198	+	10.3929	7.45e-05	0.0379	CTGTCTCAAAAAAAAAAAAAAGAAGAAAAA
pattern_5		12:54124477:C:T:R:wC	17	46	-	10.6071	7.46e-05	0.12	AAAATAAAAAATAAAAATAAAAAAATAAAA
pattern_5		10:135211021:C:T:A:wC	50	79	-	10.6071	7.46e-05	0.12	AAAAAAAAAAAAAGAAAATAAGACACAAGA
pattern_1		10:104637508:T:C:R:wC	86	115	-	10.369	7.47e-05	0.158	AAAAAAAAAAAAAAAAAAGAAGTTATCACT
pattern_2		3:183443634:C:T:A:wC	89	118	+	-22.9268	7.48e-05	0.119	GTTCTTTTCTTTTGTTTTGAAATGGGAGGA
pattern_3		2:28689345:C:T:R:wC	6	35	-	10.381	7.5e-05	0.038	TCATGAAAAATTTAAAAAAGATTTTGAATT
pattern_3		17:1335942:G:A:R:wC	52	81	+	10.381	7.5e-05	0.038	ACCTCATCTCTACTAAAAATATAAAAAATT
pattern_3		14:52117174:C:T:A:wC	32	61	-	10.381	7.5e-05	0.038	TCTCAAAAAAAAAAAAAAAAAAAAAACTGC
pattern_3		17:76923151:G:A:R:wC	34	63	-	10.381	7.5e-05	0.038	AAAAAAAAAACAAAAAAAAACAAGAGTCTT
pattern_3		12:126842809:G:A:A:wC	40	69	-	10.381	7.5e-05	0.038	CCGACTCCTGAAATAAAAAGAAAAATTCAA
pattern_3		3:49355005:T:C:A:wC	49	78	-	10.381	7.5e-05	0.038	AAAAAAAACAAACAAACAAAAAACAAAACA
pattern_3		10:32579691:T:C:R:wC	115	144	-	10.381	7.5e-05	0.038	GCAAGACTCCATCTAAAAAAAAAAAGATAA
pattern_3		6:22412927:G:T:R:wC	143	172	-	10.381	7.5e-05	0.038	TCTCATAATGTTTTAAGAAAATTTATGAAT
pattern_5		12:33562535:G:A:A:wC	2	31	-	10.5952	7.51e-05	0.12	AAAAAAAAAAAAAGAAAAGAAATCAATGTT
pattern_5		10:49911248:C:T:R:wC	78	107	-	10.5952	7.51e-05	0.12	ATCTAGAGCGCTCCAAAATAAATAAATAAA
pattern_5		13:29924132:T:C:A:wC	147	176	-	10.5952	7.51e-05	0.12	AGAGAAGAAATACTCAAAGAAATGAACAGA
pattern_0		3:42329113:G:T:R:wC	58	87	+	6.94048	7.51e-05	0.0517	TTTCAAGCTTCCCGGCTGCTTTGTTTACCT
pattern_0		17:18761419:T:C:R:wC	117	146	-	6.94048	7.51e-05	0.0517	GATTGGCGTCCGCGGTGACTGCGAGGCCGG
pattern_2		3:196202508:G:A:A:wC	13	42	+	-22.9512	7.52e-05	0.12	TTCTTTTTTTTTTTTTTTTGAGATAGAGTC
pattern_2		13:52263834:A:G:R:wC	158	187	-	-22.9512	7.52e-05	0.12	GATTATTCTTGTTTGTTTATAATTATGAAA
pattern_1		11:66840675:C:T:A:wC	9	38	+	10.3571	7.53e-05	0.158	CTACTAAAAATATAAAAATTAGTTGGATGT
pattern_1		3:156797365:A:G:A:wC	40	69	+	10.3571	7.53e-05	0.158	TTTTCCGAACAAATAAAAATAAAAATTATT
pattern_1		10:78342790:G:A:A:wC	13	42	-	10.3571	7.53e-05	0.158	AACAAACAATAAATAAATAAATTATAGAAA
pattern_2		1:112382789:G:C:A:wC	171	200	+	-22.9634	7.53e-05	0.12	CCAACATATGAACTTTTTGGGGACACAACA
pattern_6		7:95966546:G:A:A:wC	23	52	+	9.47619	7.55e-05	0.298	GATTTCATTTATTTATATTTATTTATTTAT
pattern_6		9:135876044:G:T:A:wC	99	128	+	9.47619	7.55e-05	0.298	ATTCCCTTTTATATACATATATACAGTTTT
pattern_0		16:5069014:C:G:R:wC	70	99	+	6.92857	7.55e-05	0.0519	CGTCAGCTTCCTAAAACCCTGGAGGTTTCC
pattern_0		9:139661102:T:G:A:wC	144	173	-	6.92857	7.55e-05	0.0519	TCCCTGTCTGCTAAGTAGCAGGTGTTTTCC
pattern_3		18:21120444:T:C:A:wC	30	59	+	10.369	7.56e-05	0.0382	AAGAAGTTAAAAAAAAAAAAAAAAGGAAGT
pattern_3		7:25929466:G:A:R:wC	30	59	+	10.369	7.56e-05	0.0382	CAGAGCCAAAAACTAAACATTTACATACTT
pattern_3		16:89867731:G:A:A:wC	115	144	+	10.369	7.56e-05	0.0382	TGTCTCAAAAAAAAAAAAAAAAAAGCCAAT
pattern_5		3:195707336:T:C:A:wC	156	185	+	10.5833	7.57e-05	0.12	AGGTATGATTGATGAATTAAACAAAAAACA
pattern_5		6:135418635:C:T:A:wC	166	195	+	10.5833	7.57e-05	0.12	TGGCATTTACTATTGAAAAAATTAACATTT
pattern_5		11:32992203:C:T:A:wC	169	198	+	10.5833	7.57e-05	0.12	TAACTGCTGCCTTTAAATAAATGAAATATT
pattern_4		2:231300364:G:A:A:wC	6	35	-	10.631	7.57e-05	0.308	CCCCGAACTTAAATAAAAGTTGGAAAAAAA
pattern_1		11:67798000:G:C:R:wC	109	138	+	10.3452	7.58e-05	0.159	TAGCCAATCAAAAGAAAGATATTTCTGAAT
pattern_1		20:11140508:G:A:A:wC	92	121	-	10.3452	7.58e-05	0.159	TGGGAGGAACTTATAAACAAATGTAGGAAG
pattern_1		5:34500013:T:A:R:wC	106	135	-	10.3452	7.58e-05	0.159	GTCTTGGAAAAATAAAAAATAAATAAATAA
pattern_0		11:3109403:A:G:R:wC	38	67	+	6.91667	7.59e-05	0.0521	GCCGGGCCTCTCTGCCTCCATGGAGCAGGC
pattern_0		11:3109403:A:G:A:wC	38	67	+	6.91667	7.59e-05	0.0521	GCCGGGCCTCTCTGCCTCCATGGAGCAGGC
pattern_6		10:31146615:T:C:R:wC	63	92	-	9.46429	7.59e-05	0.298	TAAGTGGCAAATTCAAATATAAAAATATGC
pattern_2		16:19992996:G:A:R:wC	11	40	+	-23.0122	7.6e-05	0.12	TTTATTTTTAAAATTTTTAAAAATGCATTT
pattern_2		16:19992996:G:A:A:wC	11	40	+	-23.0122	7.6e-05	0.12	TTTATTTTTAAAATTTTTAAAAATGCATTT
pattern_3		7:37978666:T:C:R:wC	10	39	-	10.3571	7.61e-05	0.0385	CCATCTCAAAAAAAAAAAAAATTGGTCATG
pattern_3		15:50312468:T:G:R:wC	87	116	-	10.3571	7.61e-05	0.0385	CTAAAAAAAAAAAAAAACAAAAAACTCATC
pattern_3		15:50312468:T:G:R:wC	95	124	-	10.3571	7.61e-05	0.0385	AACTCCATCTAAAAAAAAAAAAAAACAAAA
pattern_5		10:105488746:G:C:A:wC	7	36	-	10.5714	7.62e-05	0.12	TGAGACTTTGTCTCAAAAAAAAAAAAACAA
pattern_5		1:226448407:A:G:R:wC	42	71	-	10.5714	7.62e-05	0.12	GCAAGACACTGTCTCAAAAAAAAAAAAAAA
pattern_5		5:177042154:T:C:R:wC	118	147	-	10.5714	7.62e-05	0.12	ATTATAGTAGAAATCAATAAAATAGAAAAC
pattern_5		20:30566874:G:T:A:wC	169	198	+	10.5714	7.62e-05	0.12	AAAAAAAAAATTGTTAAAATATGTAATACT
pattern_5		6:121805330:C:T:R:wC	164	193	-	10.5714	7.62e-05	0.12	GTGTACTAAAAATCCAAAAAAAAAAAAAAT
pattern_1		11:47241411:T:C:A:wC	22	51	-	10.3333	7.63e-05	0.159	CATCTCAAAAAAATAAACAAATAAATAAAT
pattern_1		3:167455005:T:A:A:wC	138	167	-	10.3333	7.63e-05	0.159	TATGATCTATCTGTCTATATATTTCTATGG
pattern_0		10:3139001:C:T:R:wC	66	95	-	6.90476	7.63e-05	0.0523	ACCCGGCCTCCCAGGTTTCTGCTAAGAATT
pattern_4		9:131683644:C:T:A:wC	31	60	-	10.619	7.63e-05	0.308	CTCGGTCTCAAAATAAATAAATAAATAATA
pattern_4		8:95853197:G:A:R:wC	37	66	-	10.619	7.63e-05	0.308	ATCTCAAAAAAAAAAAAAAAAATTATTATT
pattern_4		8:76755254:T:C:A:wC	57	86	-	10.619	7.63e-05	0.308	ACCTCCTTTTTACTAAAAAAAAAAAAAAAA
pattern_4		6:22412927:G:T:R:wC	140	169	-	10.619	7.63e-05	0.308	CATAATGTTTTAAGAAAATTTATGAATTTG
pattern_3		10:123191538:A:G:A:wC	3	32	-	10.3452	7.66e-05	0.0386	AAAAAAAAAAAAGAAAAAAATTATACACAC
pattern_3		3:32982922:T:C:R:wC	12	41	-	10.3452	7.66e-05	0.0386	AAAAAAAAAAAAATGAAAAGACAACACAAC
pattern_3		1:222829373:G:A:A:wC	23	52	-	10.3452	7.66e-05	0.0386	AAAAAAAAAAAAAAAAAAAAGGGAAAGAAA
pattern_3		17:41514004:A:G:A:wC	56	85	+	10.3452	7.66e-05	0.0386	TCCCTACTAAAAATACAAAAAATTAGTCGG
pattern_3		15:90241150:G:A:A:wC	48	77	-	10.3452	7.66e-05	0.0386	AAAAAAAAAAAAAAAAAATTATAAAAGTGT
pattern_3		10:27445726:G:A:R:wC	122	151	-	10.3452	7.66e-05	0.0386	AAAAAAAAAAAAAAAAAAATTCATAGCAGG
pattern_3		6:36653597:C:T:R:wC	165	194	-	10.3452	7.66e-05	0.0386	TAAATTAAAACACAAATAATAATTAAGACA
pattern_0		10:69834828:C:T:A:wC	60	89	+	6.89286	7.67e-05	0.0525	TCTCCGGCTCCTGGGACCCTCCTCTGTCAG
pattern_0		10:69834828:C:T:R:wC	60	89	+	6.89286	7.67e-05	0.0525	TCTCCGGCTCCTGGGACCCTCCTCTGTCAG
pattern_5		14:35819834:C:G:R:wC	8	37	+	10.5595	7.67e-05	0.12	CTCACCTTCTAATTAAAAAAAGAATTACAT
pattern_5		1:244488415:G:A:R:wC	8	37	+	10.5595	7.67e-05	0.12	AAAATCAGTTCATTAAAGGAAAACTTCAAC
pattern_5		18:53373610:G:A:A:wC	24	53	-	10.5595	7.67e-05	0.12	GCAAGACTCCATCTCAAAAAAAAAAAAAAA
pattern_5		3:32982922:T:C:R:wC	41	70	-	10.5595	7.67e-05	0.12	GCAAGACTCCATCTCAAAAAAAAAAAAAAA
pattern_5		8:106513461:A:C:R:wC	53	82	-	10.5595	7.67e-05	0.12	GCAAGACTCCATCTCAAAAAAAAAAAAAAA
pattern_5		2:54217148:G:C:R:wC	72	101	-	10.5595	7.67e-05	0.12	GCAAGACTCCATCTCAAAAAAAAAAAAAAA
pattern_5		17:62407974:C:T:A:wC	107	136	+	10.5595	7.67e-05	0.12	GCAAGACTCCATCTCAAAAAAAAAAAAAAA
pattern_6		6:132644399:T:C:R:wC	34	63	+	9.44048	7.67e-05	0.3	AAACCCAAATTCTTAAAAGGAAATATTATT
pattern_1		2:204469679:C:G:A:wC	5	34	+	10.3214	7.68e-05	0.159	AAATACAAAAAAAAAAAAAAATTAGCCCGG
pattern_1		1:248113436:C:T:R:wC	94	123	+	10.3214	7.68e-05	0.159	ATTTTCCAGTAATTAAAATTTTTTTTTGGT
pattern_1		12:120991456:T:G:A:wC	153	182	-	10.3214	7.68e-05	0.159	ATTCAATTGTCTCTTAAGAAATTTTCTCTT
pattern_2		1:46883303:A:G:R:wC	156	185	+	-23.0732	7.69e-05	0.121	TTTTTTTTTTTTTTTTTATTAAGACGGAGT
pattern_2		1:46883303:A:G:A:wC	156	185	+	-23.0732	7.69e-05	0.121	TTTTTTTTTTTTTTTTTATTAAGACGGAGT
pattern_4		7:99113672:G:A:A:wC	36	65	-	10.6071	7.69e-05	0.308	CCCTGTCTCAAAAAAAAAAAAGCAAAGATG
pattern_4		9:100763455:C:T:R:wC	111	140	-	10.6071	7.69e-05	0.308	TCTAAAAAAAAAAAAAAAAAATTAAACCAG
pattern_4		9:100763455:C:T:A:wC	111	140	-	10.6071	7.69e-05	0.308	TCTAAAAAAAAAAAAAAAAAATTAAACCAG
pattern_2		10:123191545:A:G:R:wC	8	37	+	-23.0854	7.7e-05	0.121	TTTTTCTTTTTTTTTTTTTGAGGCACTTGG
pattern_2		10:123191538:A:G:A:wC	15	44	+	-23.0854	7.7e-05	0.121	TTTTTCTTTTTTTTTTTTTGAGGCACTTGG
pattern_0		11:12418784:C:A:A:wC	168	197	+	6.88095	7.71e-05	0.0527	CCTCTGCCTCAGCCTCTCCAGTAGCTGGGG
pattern_6		19:49508265:A:G:R:wC	52	81	+	9.42857	7.71e-05	0.301	AAAATAAAAAATTAAAAAAAAAAAAACAGG
pattern_3		2:48572417:T:C:R:wC	28	57	+	10.3333	7.72e-05	0.0388	TTTTAAAAAGAAATGATAACTTATAGTGAA
pattern_3		15:42121538:C:G:A:wC	67	96	-	10.3333	7.72e-05	0.0388	CTGTCTCAAAAAATATAAAGTATTTAACCA
pattern_3		17:39975164:C:T:R:wC	135	164	+	10.3333	7.72e-05	0.0388	CTCTGTCTCAAAAAAAAAAAAAAAAAAAGA
pattern_3		2:32642798:T:C:R:wC	136	165	-	10.3333	7.72e-05	0.0388	AACAAAAAATAAAAATAAAAAAATAATTTC
pattern_3		15:66020908:A:G:R:wC	171	200	-	10.3333	7.72e-05	0.0388	CTAAAAATAAAAATACAAAATTAGCTGAGC
pattern_5		10:89468953:G:A:R:wC	53	82	-	10.5476	7.73e-05	0.12	ACCAAGCACAGTATTAATTAATAAAACACA
pattern_5		10:94475111:G:A:R:wC	78	107	-	10.5476	7.73e-05	0.12	CAAGACTCGGTCTCAAAAAAAAAAAAAAAA
pattern_5		13:93912671:A:T:R:wC	132	161	+	10.5476	7.73e-05	0.12	AATAGGAAACTTTGAAATAAATATCTTTGG
pattern_5		12:22763881:T:C:A:wC	128	157	-	10.5476	7.73e-05	0.12	ATATTTTATATTATGTATGTATATAATATA
pattern_1		9:23073339:C:T:A:wC	168	197	-	10.3095	7.73e-05	0.16	TAATTATGTACTTTAACAATACATTCTTTT
pattern_2		19:16315727:C:T:A:wC	12	41	+	-23.1098	7.74e-05	0.122	GGTGGCTTTTTTTTTTTTTTTGAGACAGAG
pattern_0		16:83996710:C:T:A:wC	51	80	-	6.86905	7.75e-05	0.0529	CCCTGGGGGCGGAGGAAGCAGGGCTTCCCG
pattern_0		1:37940438:C:A:A:wC	158	187	+	6.86905	7.75e-05	0.0529	CCTCGGCGTCACCAGCTCCCGGCAGCCAAC
pattern_4		3:151018513:G:A:R:wC	32	61	+	10.5952	7.75e-05	0.308	CTTTCTCATGAAATAAAACCATGTGAGACT
pattern_4		7:144547326:T:C:R:wC	106	135	+	10.5952	7.75e-05	0.308	TTTTATTTTTTAAAAAATGTTTCTTTTATC
pattern_4		12:22763881:T:C:A:wC	135	164	+	10.5952	7.75e-05	0.308	TATACATACATAATATAAAATATATATGCA
pattern_6		6:127091354:C:T:R:wC	113	142	-	9.41667	7.75e-05	0.301	TGAAGTTAAAAGATAAAAGATATAAATTGA
pattern_3		14:32922842:G:C:R:wC	20	49	-	10.3214	7.77e-05	0.039	AAAAAAAAAAGAAAAGAAAAATTCTATTAT
pattern_3		9:33085462:T:G:A:wC	56	85	+	10.3214	7.77e-05	0.039	AAAAAAAAAAAAAAAAAAAAAGGGCTCCTG
pattern_3		8:76755254:T:C:A:wC	54	83	-	10.3214	7.77e-05	0.039	TCCTTTTTACTAAAAAAAAAAAAAAAAAAA
pattern_3		5:176681393:G:A:R:wC	96	125	-	10.3214	7.77e-05	0.039	AGATTAAAAAGAAAAAAAACAACAACGAAA
pattern_5		3:196202508:G:A:A:wC	18	47	-	10.5357	7.78e-05	0.121	AGCGAGACTCTATCTCAAAAAAAAAAAAAA
pattern_1		6:139019622:A:C:R:wC	76	105	+	10.2976	7.79e-05	0.16	TCTATTTATATATTTATATAATTTATTATT
pattern_1		15:90241150:G:A:A:wC	52	81	-	10.2976	7.79e-05	0.16	CTCAAAAAAAAAAAAAAAAAAATTATAAAA
pattern_1		15:90241150:G:A:A:wC	53	82	-	10.2976	7.79e-05	0.16	TCTCAAAAAAAAAAAAAAAAAAATTATAAA
pattern_1		16:84411313:G:T:A:wC	166	195	+	10.2976	7.79e-05	0.16	TAGAAATTGACTTGAAAGGTATTTTTTTCT
pattern_4		4:187641571:A:C:A:wC	6	35	+	10.5833	7.81e-05	0.308	CTCCCTTTTTTAATAAGATTATTTAAGTCA
pattern_4		4:187641571:A:C:R:wC	6	35	+	10.5833	7.81e-05	0.308	CTCCCTTTTTTAATAAGATTATTTAAGTCA
pattern_0		15:65566674:G:A:R:wC	97	126	-	6.84524	7.82e-05	0.0534	TGTTGAGCACCTGAACTGAAGAGCTCCGCC
pattern_3		5:87978252:T:C:R:wC	24	53	+	10.3095	7.83e-05	0.0391	TAGCACAGGAAAATATTTATTAAAAAATTA
pattern_3		7:96039267:G:T:R:wC	61	90	+	10.3095	7.83e-05	0.0391	CGTAAATTTATTTAAAAACAATTTAAAATT
pattern_3		9:112520879:A:T:R:wC	69	98	+	10.3095	7.83e-05	0.0391	ATATTTCTTTAAATAATAATGTATTTGTAT
pattern_3		16:89867731:G:A:A:wC	118	147	+	10.3095	7.83e-05	0.0391	CTCAAAAAAAAAAAAAAAAAAGCCAATGTC
pattern_3		2:219272294:G:T:R:wC	136	165	-	10.3095	7.83e-05	0.0391	AAAAAAAAAAAAGAAAAGAAAAAAAAGAAA
pattern_3		18:10879503:G:C:R:wC	156	185	-	10.3095	7.83e-05	0.0391	ACCCCGTCTATACTAAAAATACAAAAAATT
pattern_3		11:18338736:G:A:A:wC	163	192	-	10.3095	7.83e-05	0.0391	TCTCTCAAAAAAAAAAAAAAAAAATTTATC
pattern_5		16:77337844:G:C:R:wC	5	34	+	10.5238	7.84e-05	0.121	ACCCCATCTCTACTAAAAATATTAAAAAAC
pattern_5		9:33085462:T:G:A:wC	38	67	+	10.5238	7.84e-05	0.121	GCAAAACTCCGTCTCAAAAAAAAAAAAAAA
pattern_5		4:84142634:A:G:R:wC	20	49	-	10.5238	7.84e-05	0.121	AAAGGGAGGAGATTACATGAAGGAATAAAT
pattern_5		16:77337795:T:C:R:wC	54	83	+	10.5238	7.84e-05	0.121	ACCCCATCTCTACTAAAAATATTAAAAAAC
pattern_5		17:62407974:C:T:A:wC	141	170	-	10.5238	7.84e-05	0.121	TTCATTTTTTTCTTAAAAAAATATGTGCTA
pattern_1		12:22763881:T:C:A:wC	156	185	+	10.2857	7.84e-05	0.161	ATATATGCACATATTTATATATTATGTATG
pattern_2		8:76755254:T:C:A:wC	55	84	+	-23.1829	7.84e-05	0.123	TTTTTTTTTTTTTTTTTTAGTAAAAAGGAG
pattern_0		18:54702677:T:C:A:wC	93	122	-	6.83333	7.86e-05	0.0536	CCTCTGTCACATCAGTTCTGACGTTTCTTC
pattern_4		10:81950326:C:T:R:wC	5	34	-	10.5714	7.87e-05	0.309	CAAAAAAAAAAAAAAAAAAATTTATTGTAA
pattern_6		19:3418156:A:G:R:wC	14	43	-	9.38095	7.88e-05	0.305	AAGAAAAGAAAATTAAATTTTAAGTTGCTC
pattern_3		17:14395793:C:T:R:wC	28	57	-	10.2976	7.88e-05	0.0393	ACTTCATCAAAATTAAAAATGTCTATGCTT
pattern_3		20:30566874:G:T:A:wC	155	184	+	10.2976	7.88e-05	0.0393	CTCTGTCTCAAAAAAAAAAAAAAATTGTTA
pattern_5		1:67481070:G:T:A:wC	52	81	+	10.5119	7.89e-05	0.121	TAAAAATTAACTTTAATGTTAATAATACAC
pattern_5		3:85171633:T:C:R:wC	41	70	-	10.5119	7.89e-05	0.121	CACAAATGAAAATTACATAAATAGTGTAAC
pattern_5		16:15698462:T:C:R:wC	150	179	-	10.5119	7.89e-05	0.121	AATGAATGAAAAATAAAGAGAATGATGCAA
pattern_1		6:168177053:T:C:R:wC	72	101	-	10.2738	7.89e-05	0.161	AATATTTAATTAATTTATTTATTTGAGACA
pattern_0		3:158454268:G:A:R:wC	133	162	-	6.82143	7.9e-05	0.0539	CCTCTTGCTTATGACTTTCCATGATTCTCA
pattern_6		1:205741816:A:T:R:wC	8	37	+	9.36905	7.92e-05	0.305	TAAAATTTCACTGTAAAAAATTAATAGGGA
pattern_4		3:156430178:T:C:R:wC	90	119	-	10.5595	7.93e-05	0.31	TTCTCTTTGCATATAATACATATTTGTGAA
pattern_2		1:206643774:A:G:R:wC	69	98	-	-23.2439	7.93e-05	0.124	GCTCTCTCTTTCTCTCTTAAAGAGACAGAG
pattern_3		22:42940318:T:C:A:wC	3	32	+	10.2857	7.94e-05	0.0393	TTGTCTCAAAAAAAAAAAAAAGTTCTAAGA
pattern_3		3:148821605:A:G:A:wC	12	41	+	10.2857	7.94e-05	0.0393	TCTACTAAAAAAAAAATACAAAAAAATTAG
pattern_3		20:48533630:G:C:R:wC	1	30	-	10.2857	7.94e-05	0.0393	TCCGTCTCAAAAAAAAAAAAAAAAAAAAAA
pattern_3		9:33085462:T:G:A:wC	45	74	+	10.2857	7.94e-05	0.0393	TCCGTCTCAAAAAAAAAAAAAAAAAAAAAA
pattern_3		11:75118589:C:A:A:wC	18	47	-	10.2857	7.94e-05	0.0393	CTCAAAAAATAAAAATAATAAAAAATAATT
pattern_3		11:7983846:G:A:A:wC	22	51	-	10.2857	7.94e-05	0.0393	AAAAAAAAAAAAAAAAAAAGAACAGGCTTA
pattern_3		9:113038318:A:G:R:wC	54	83	+	10.2857	7.94e-05	0.0393	GAAAAGAAAAAATAAAATAAAATTTCATCA
pattern_3		1:228371551:G:A:R:wC	63	92	+	10.2857	7.94e-05	0.0393	TCTCCAAAAAAAAAAAAAAAAAAGAAACGT
pattern_3		7:4807826:T:C:R:wC	34	63	-	10.2857	7.94e-05	0.0393	TCCGTCTCAAAAAAAAAAAAAAAAAAAAAA
pattern_3		14:52117174:C:T:A:wC	36	65	-	10.2857	7.94e-05	0.0393	TCCGTCTCAAAAAAAAAAAAAAAAAAAAAA
pattern_3		14:32922842:G:C:R:wC	57	86	-	10.2857	7.94e-05	0.0393	TCCGTCTCAAAAAAAAAAAAAAAAAAAAAA
pattern_3		15:91418297:T:A:R:wC	63	92	-	10.2857	7.94e-05	0.0393	TCCCTCTCAAAAAAAAAAAAAAAAAAAAAA
pattern_3		1:26377185:G:A:R:wC	73	102	-	10.2857	7.94e-05	0.0393	TCCGTCTCAAAAAAAAAAAAAAAAAAAAAA
pattern_3		10:8125134:C:T:A:wC	138	167	+	10.2857	7.94e-05	0.0393	TCCGTCTCAAAAAAAAAAAAAAAAAAAAAA
pattern_3		2:111928231:C:G:A:wC	138	167	+	10.2857	7.94e-05	0.0393	TCCGTCTCAAAAAAAAAAAAAAAAAAAAAA
pattern_3		7:117372635:C:T:A:wC	161	190	+	10.2857	7.94e-05	0.0393	TCCGTCTCAAAAAAAAAAAAAAAAAAAAAA
pattern_3		1:40073011:G:C:R:wC	168	197	+	10.2857	7.94e-05	0.0393	TCCGTCTCAAAAAAAAAAAAAAAAAAAAAA
pattern_3		7:6079662:T:C:A:wC	140	169	-	10.2857	7.94e-05	0.0393	CAAAAAAAATAAAAAAATAAAACTAAAAAC
pattern_3		11:77772619:G:A:R:wC	145	174	-	10.2857	7.94e-05	0.0393	AAAAAAAAAGAAAAAGAAAAAAATATTCTA
pattern_3		11:77772619:G:A:A:wC	145	174	-	10.2857	7.94e-05	0.0393	AAAAAAAAAGAAAAAGAAAAAAATATTCTA
pattern_3		4:189431946:G:A:R:wC	157	186	-	10.2857	7.94e-05	0.0393	TCCGTCTCAAAAAAAAAAAAAAAAAAAAAA
pattern_5		17:76923151:G:A:R:wC	37	66	-	10.5	7.95e-05	0.122	AAAAAAAAAAAAACAAAAAAAAACAAGAGT
pattern_1		9:4140608:C:T:A:wC	3	32	+	10.2619	7.95e-05	0.162	ATAGTAATGAAGATTACATTATTTTGCATT
pattern_1		6:168177053:T:C:R:wC	77	106	+	10.2619	7.95e-05	0.162	CAAATAAATAAATTAATTAAATATTCTGAT
pattern_1		1:35841258:C:T:A:wC	143	172	+	10.2619	7.95e-05	0.162	TTAACTTAAACTCTGAAAGAATTTTGGTTG
pattern_6		1:232271422:A:G:R:wC	14	43	+	9.35714	7.96e-05	0.306	ATAGAAGGAAATTTGAAAATAATAATTTTA
pattern_0		15:41760617:A:G:R:wC	30	59	+	6.79762	7.98e-05	0.0543	GCTCTGTCGCCCAGGTTGGAGTGCAGTGGC
pattern_0		20:62694319:G:T:A:wC	47	76	-	6.79762	7.98e-05	0.0543	ACCGGGCCCCAGGAGGCCCAGGAATCTGCT
pattern_0		15:99572670:T:A:R:wC	87	116	+	6.79762	7.98e-05	0.0543	GCCCTGTCTCCTGTCTTCCTGGAGCCTGCC
pattern_0		10:94475111:G:A:R:wC	107	136	+	6.79762	7.98e-05	0.0543	GCTCTGTCGCCCAGGTTGGAGTGCAGTGGC
pattern_2		15:29008373:A:G:A:wC	17	46	+	-23.2805	7.98e-05	0.125	CTTTTTTTTTTTTTTTTGACGGAGTCTTGC
pattern_2		12:53966346:G:A:R:wC	80	109	+	-23.2805	7.98e-05	0.125	AAATTTCTTGTGCTTTTGGCGGGGGGAAAG
pattern_3		12:28300347:A:G:A:wC	3	32	-	10.2738	8e-05	0.0395	AAAAAAAAAGAAAAAGAAAAAAGAATTAAT
pattern_3		14:24158734:A:G:A:wC	9	38	-	10.2738	8e-05	0.0395	TATAATTTAAAAAAAAAAAACCACAAAGAT
pattern_3		17:27099061:C:A:R:wC	109	138	-	10.2738	8e-05	0.0395	TTAAAATTATTATTATTACTATTTTGAGAC
pattern_3		5:118453771:T:G:A:wC	122	151	-	10.2738	8e-05	0.0395	CACCTCCTTAAAATAAAAGCAAAAATCAAT
pattern_5		3:52335756:C:T:A:wC	59	88	+	10.4881	8e-05	0.122	TCTACTAAAAATACAAAAAAAAAAAAAGCT
pattern_5		3:53592864:G:A:A:wC	43	72	-	10.4881	8e-05	0.122	AAACTAAAGACAATGAAAAAAATCTTGAAA
pattern_1		7:78022018:C:T:R:wC	42	71	+	10.25	8e-05	0.162	TATTTTTTGAGAATAAATTTATATTTATTT
pattern_6		13:34516164:T:A:R:wC	160	189	-	9.34524	8e-05	0.306	TATAATTAATGTACAAAAAAAGATAAGAGA
pattern_0		15:24498602:C:A:R:wC	44	73	+	6.78571	8.02e-05	0.0545	GCTGGAGCAGCTGGGGCACAGGGATCAGTG
pattern_6		5:118869764:A:G:R:wC	56	85	-	9.33333	8.05e-05	0.306	GGAAATAAATCTTTATAAAAAGTTTCAGTA
pattern_4		13:38289961:C:A:A:wC	93	122	+	10.5357	8.05e-05	0.312	AATTGGCATATATTAAAAATTGTCTATCTC
pattern_4		17:19918630:C:T:A:wC	73	102	-	10.5357	8.05e-05	0.312	CTATCTCAAAAAAAAAAAAAATTAAATTAA
pattern_3		8:59338856:G:C:R:wC	4	33	-	10.2619	8.05e-05	0.0396	TGTCTCAAAAAAAAAAAAAAAAAAAAAAGA
pattern_3		18:53373610:G:A:A:wC	15	44	-	10.2619	8.05e-05	0.0396	CATCTCAAAAAAAAAAAAAAAAAAAACAGA
pattern_3		19:5890655:T:C:R:wC	21	50	-	10.2619	8.05e-05	0.0396	CAAAAAAAAAAAAAAAGAAAATACCTCACT
pattern_3		17:74481538:A:C:A:wC	50	79	+	10.2619	8.05e-05	0.0396	TGTCTCAAAAAAAAAAAAAAAAAAAAAAGA
pattern_3		17:74481538:A:C:R:wC	50	79	+	10.2619	8.05e-05	0.0396	TGTCTCAAAAAAAAAAAAAAAAAAAAAAGA
pattern_3		17:17678573:G:A:A:wC	41	70	-	10.2619	8.05e-05	0.0396	CCTGTCTCAAAAAAAAAAAAAAAAAAAATT
pattern_3		8:76755254:T:C:A:wC	44	73	-	10.2619	8.05e-05	0.0396	TAAAAAAAAAAAAAAAAAAATTATCCGGCT
pattern_3		2:145876745:A:G:R:wC	86	115	+	10.2619	8.05e-05	0.0396	CATCTGCTAAAAAAAAAAAAAACATTACAT
pattern_5		6:7388128:G:A:R:wC	47	76	+	10.4762	8.06e-05	0.123	ACCCCATCTCTACTAAAAATACAAAAAAAA
pattern_5		19:53312831:C:T:A:wC	152	181	+	10.4762	8.06e-05	0.123	AGCCCTTCTCTACTAAAAATACAAAAAATA
pattern_5		1:40073011:G:C:R:wC	161	190	+	10.4762	8.06e-05	0.123	ACAAGACTCCGTCTCAAAAAAAAAAAAAAA
pattern_1		5:76752546:A:C:A:wC	67	96	-	10.2381	8.06e-05	0.162	AAAAAATAATAAAATAAAAATTTTTAAAAA
pattern_6		9:131683644:C:T:A:wC	25	54	+	9.32143	8.09e-05	0.306	TTTATTTATTATTTATTTATTTATTTTGAG
pattern_6		2:75120525:C:A:R:wC	24	53	-	9.32143	8.09e-05	0.306	TTTTGGAAAATGTTAAAATTTATTAATAAT
pattern_0		9:116845484:C:T:R:wC	150	179	+	6.7619	8.11e-05	0.055	CCCAGGAGGCGGAGGTTGCAGTGAGCCAAG
pattern_0		19:55526345:T:G:R:wC	153	182	+	6.7619	8.11e-05	0.055	GCCCTGCCCCTGTGCCGCAGGCGCTTCCTC
pattern_2		15:65566674:G:A:R:wC	10	39	+	-23.3659	8.11e-05	0.127	CTTTTTTTTTTTTTTTTGAAAGTGGATGTG
pattern_3		7:95966546:G:A:A:wC	26	55	-	10.25	8.11e-05	0.0398	TAAATAAATAAATAAATATAAATAAATGAA
pattern_3		20:32133484:G:C:A:wC	28	57	-	10.25	8.11e-05	0.0398	ATCTCTAGTGAAATACAAAAAATTAGCCAG
pattern_3		19:53674839:G:A:A:wC	41	70	-	10.25	8.11e-05	0.0398	CTCCGTCTAAAAAAAGAAAAAAAAAAAAAA
pattern_3		17:37191932:G:A:A:wC	51	80	-	10.25	8.11e-05	0.0398	TCAATTAAAAAAAAAAAAAAAAAAAAAAGC
pattern_3		2:145876745:A:G:R:wC	83	112	+	10.25	8.11e-05	0.0398	TTGCATCTGCTAAAAAAAAAAAAAACATTA
pattern_3		10:124015767:G:C:A:wC	128	157	-	10.25	8.11e-05	0.0398	TACAAATAACAAATAACATATTTTACAGAT
pattern_1		12:22763881:T:C:A:wC	6	35	-	10.2262	8.11e-05	0.162	CACTCTAAAGATGAAAAAATAGATACTTAG
pattern_1		6:42989920:T:G:A:wC	12	41	-	10.2262	8.11e-05	0.162	AAAAAAAAAAAATTAAAAAAACAAAGTCTA
pattern_1		5:118869764:A:G:R:wC	41	70	-	10.2262	8.11e-05	0.162	TAAAAAGTTTCAGTAATATTATTTTACAGG
pattern_1		3:183179413:C:T:A:wC	56	85	-	10.2262	8.11e-05	0.162	TTAAACTAAGAAATACATATAATTTCAAAT
pattern_1		5:34500013:T:A:R:wC	92	121	-	10.2262	8.11e-05	0.162	AAAAATAAATAAATAAATAAAAACAGATGC
pattern_1		12:22763881:T:C:A:wC	140	169	+	10.2262	8.11e-05	0.162	ATACATAATATAAAATATATATGCACATAT
pattern_1		4:147070882:G:A:A:wC	113	142	-	10.2262	8.11e-05	0.162	GAAAGACAAAAAGAAAAAATAATTGAAAAG
pattern_1		6:7590180:A:G:A:wC	132	161	-	10.2262	8.11e-05	0.162	TACAGAAAAGTTTTAAAAATAGTACAATGA
pattern_5		2:58984870:C:T:R:wC	13	42	+	10.4643	8.11e-05	0.123	CCTTTGAAATATTTATATGAATACACAGAA
pattern_5		22:50847279:C:T:A:wC	30	59	+	10.4643	8.11e-05	0.123	GTACTTAAGGCATTAAAGTAATATGAACTG
pattern_5		6:111919108:T:C:R:wC	14	43	-	10.4643	8.11e-05	0.123	ATGGAGAAAGCCTGGAAAAAAAAAGGAAAA
pattern_5		3:195340020:C:T:A:wC	90	119	-	10.4643	8.11e-05	0.123	CTGTCTGAAAAAAGAAAAGAAAAAGAAAAT
pattern_0		3:129721792:C:G:A:wC	8	37	+	6.75	8.15e-05	0.0551	CCTCGCAGTCCTAGGGCTGTGCTCTTCCCC
pattern_0		9:1045269:A:C:R:wC	67	96	-	6.75	8.15e-05	0.0551	CCCGGGAGGCGGAGCTTGCAGGGAGCCGAG
pattern_0		5:102201590:C:G:R:wC	155	184	-	6.75	8.15e-05	0.0551	TGTCCGGCCCGCAGGCGGAAGCTTTCCTCC
pattern_2		13:100696718:A:C:A:wC	122	151	+	-23.4024	8.16e-05	0.127	CTAATTTTTTGTATTTTTTTAGTAGAGGCG
pattern_1		1:90234055:C:A:A:wC	6	35	-	10.2143	8.17e-05	0.162	AATAAAAAAAGAAATAAAAAATTAAAACAA
pattern_1		1:90234055:C:A:R:wC	6	35	-	10.2143	8.17e-05	0.162	AATAAAAAAAGAAATAAAAAATTAAAACAA
pattern_3		12:21329996:A:T:R:wC	18	47	+	10.2381	8.17e-05	0.0399	AGCAAAATTTAATTAAGAATGAATAGGAAA
pattern_3		2:243054736:T:C:A:wC	3	32	-	10.2381	8.17e-05	0.0399	TACTGGCAAATTAAAAAAAAAAAGTTTAAC
pattern_3		21:40977763:C:T:A:wC	41	70	-	10.2381	8.17e-05	0.0399	CGTATCTATGAAAAAATAAAAATAATAAAA
pattern_3		17:8164578:A:G:R:wC	67	96	-	10.2381	8.17e-05	0.0399	TCTACAAAAAAAAAAAAGAAAGAAAGAAAA
pattern_3		10:126458649:T:C:R:wC	127	156	+	10.2381	8.17e-05	0.0399	ATCTCGTCTCTACTAAAAAAATACAAAAAT
pattern_5		10:102703978:C:T:A:wC	60	89	+	10.4524	8.17e-05	0.123	GTGGTTAATGGTTTTTAAAAAAAAAAAAGT
pattern_5		12:66199734:G:A:A:wC	154	183	-	10.4524	8.17e-05	0.123	AGATTTATTTATTTATTATTATTTTTTAAA
pattern_4		16:15698462:T:C:R:wC	15	44	+	10.5119	8.17e-05	0.315	TCTTACACTGAAATAAAGCAAGTGGGTTTG
pattern_4		1:248113436:C:T:R:wC	94	123	+	10.5119	8.17e-05	0.315	ATTTTCCAGTAATTAAAATTTTTTTTTGGT
pattern_0		16:85772739:C:T:A:wC	159	188	-	6.7381	8.19e-05	0.0552	GCCTGGCCAGCAGAGGCCCTGGGGCTCTGT
pattern_0		16:85772739:C:T:R:wC	159	188	-	6.7381	8.19e-05	0.0552	GCCTGGCCAGCAGAGGCCCTGGGGCTCTGT
pattern_6		6:138232479:T:A:A:wC	75	104	-	9.28571	8.22e-05	0.309	TGTCTACAAAATACATAAGTAAAAATTAGC
pattern_6		6:138232479:T:A:R:wC	75	104	-	9.28571	8.22e-05	0.309	TGTCAACAAAATACATAAGTAAAAATTAGC
pattern_1		11:47241411:T:C:A:wC	20	49	-	10.2024	8.22e-05	0.163	TCTCAAAAAAATAAACAAATAAATAAATAA
pattern_1		12:10597582:A:C:A:wC	23	52	-	10.2024	8.22e-05	0.163	AAAAAAAAAAAAAAAAAAAAATTAGTGCAT
pattern_3		16:29123330:G:A:A:wC	42	71	+	10.2262	8.23e-05	0.0402	TCTCTTAAAAAACAAAAAACAAAAAACAAA
pattern_3		16:29123330:G:A:R:wC	42	71	+	10.2262	8.23e-05	0.0402	TCTCTTAAAAAACAAAAAACAAAAAACAAA
pattern_3		21:41156516:A:G:R:wC	19	48	-	10.2262	8.23e-05	0.0402	CAGAAACTTTTAATATACTTATTTAATTAT
pattern_3		17:62387091:C:T:R:wC	58	87	-	10.2262	8.23e-05	0.0402	ACAAATTAAAAAATAAAATAAAATTAGAGC
pattern_5		10:38015694:G:A:A:wC	49	78	-	10.4405	8.23e-05	0.124	AAAAAAAAAAAAAAAAAAAAAAAAAAAAAT
pattern_5		12:8451233:G:A:A:wC	54	83	-	10.4405	8.23e-05	0.124	GTGAGATCTCACTTCTAAAAAAAAAAAAAA
pattern_5		22:31991001:G:A:A:wC	78	107	-	10.4405	8.23e-05	0.124	TCCAACTTAAAAATAAATAAATAAATAAAT
pattern_0		10:133999828:C:T:A:wC	63	92	+	6.72619	8.23e-05	0.0552	CCACCGCGTCCCGGTCCCTGGGGAGCGCGT
pattern_0		17:66192359:G:C:A:wC	69	98	-	6.72619	8.23e-05	0.0552	CCTCCCCTGCTGCACTTCCCGGGATCCTGG
pattern_4		6:9528108:C:T:A:wC	24	53	-	10.5	8.23e-05	0.315	TGCATCATCTCTATAATAAATTCTTTATTC
pattern_4		1:72819884:T:C:R:wC	155	184	-	10.5	8.23e-05	0.315	TTATATGCCTGTATAAAAAATTATTAAATT
pattern_0		2:48844968:C:G:R:wC	82	111	+	6.71429	8.27e-05	0.0552	TGTTTCCCTCCGAGGGCACTGCGTGCCGCG
pattern_1		19:4756166:T:C:A:wC	16	45	+	10.1905	8.28e-05	0.163	AAAAAAAAAAAAATACAAAAAATTAGCCAG
pattern_1		10:78342790:G:A:A:wC	15	44	-	10.1905	8.28e-05	0.163	CAAACAAACAATAAATAAATAAATTATAGA
pattern_1		22:31991001:G:A:A:wC	76	105	+	10.1905	8.28e-05	0.163	TTATTTATTTATTTATTTATTTTTAAGTTG
pattern_1		6:168177053:T:C:R:wC	76	105	-	10.1905	8.28e-05	0.163	TCAGAATATTTAATTAATTTATTTATTTGA
pattern_3		12:33562535:G:A:A:wC	6	35	-	10.2143	8.28e-05	0.0403	TCTCAAAAAAAAAAAAAGAAAAGAAATCAA
pattern_3		7:95966546:G:A:A:wC	25	54	-	10.2143	8.28e-05	0.0403	AAATAAATAAATAAATATAAATAAATGAAA
pattern_3		17:62407974:C:T:A:wC	119	148	+	10.2143	8.28e-05	0.0403	CTCAAAAAAAAAAAAAAATTAGTAGCACAT
pattern_3		10:32579691:T:C:R:wC	100	129	-	10.2143	8.28e-05	0.0403	AAAAAAAAAAGATAAAAAAAGAAAAATACA
pattern_3		2:146273266:T:A:A:wC	115	144	-	10.2143	8.28e-05	0.0403	AAAAAAAAAAAAAAAAAAGATTACATACAA
pattern_5		13:27807938:C:T:R:wC	117	146	-	10.4286	8.28e-05	0.124	AATTTTTGTATTTTGAATAGAGATGGTGCT
pattern_5		18:13448684:C:T:R:wC	160	189	+	10.4286	8.28e-05	0.124	ACGTCTTGGTCTTGAAAAAAATTATCCAAA
pattern_5		20:44680853:G:A:R:wC	140	169	-	10.4286	8.28e-05	0.124	AAACGTTAGTTATTATATATACTATTACCT
pattern_2		7:117567237:A:C:A:wC	48	77	+	-23.4878	8.29e-05	0.129	GTTTTGTTTATTTGTTTGGGAGTGATGATG
pattern_4		11:12418784:C:A:A:wC	37	66	-	10.4881	8.29e-05	0.316	ATCTTTCAGCCTATAAAAAAACTTAAATGT
pattern_6		1:167430825:G:A:R:wC	45	74	-	9.2619	8.3e-05	0.311	TTTTCTCTTATTTCAAAATTACATATTCTT
pattern_2		4:7219345:G:C:R:wC	121	150	-	-23.5	8.31e-05	0.129	CCAGCTGTGGGCATTTTTGTGGAGGGTGTG
pattern_0		2:120436805:A:C:R:wC	21	50	+	6.70238	8.31e-05	0.0552	CCCCCAGATCCCCGGCCGGCGTGCTTTGCG
pattern_0		19:58301410:T:C:R:wC	63	92	-	6.70238	8.31e-05	0.0552	GTTCCATCCCCTCCTTTCTAGCAATTCCCC
pattern_0		1:202172769:T:G:A:wC	70	99	-	6.70238	8.31e-05	0.0552	TCTCTCTCTCCAAGGCTCCAGGGGAGAGGA
pattern_0		20:61478285:G:C:A:wC	124	153	-	6.70238	8.31e-05	0.0552	TCGTGAACTCCCGACCTCAGGTGATCCACC
pattern_1		7:101516234:C:A:R:wC	11	40	-	10.1786	8.34e-05	0.163	TCTCAAAAAAAATAAAAAATAAAAAAGCTC
pattern_1		7:101516234:C:A:A:wC	11	40	-	10.1786	8.34e-05	0.163	TCTCAAAAAAAATAAAAAATAAAAAAGCTC
pattern_3		8:72435504:C:G:A:wC	6	35	-	10.2024	8.34e-05	0.0404	TCCGTCTCAAAAAAAAAAAAAAAAAGAAAA
pattern_3		2:110316208:G:A:R:wC	12	41	-	10.2024	8.34e-05	0.0404	TAACATTTTATATTAATTATTTCAACCATT
pattern_3		1:1835016:C:T:A:wC	33	62	-	10.2024	8.34e-05	0.0404	GGCTCAAAAAAAAAAAAAAAAAAAAAGCCA
pattern_3		16:1471233:A:C:A:wC	33	62	-	10.2024	8.34e-05	0.0404	AAACGGAAAAAAAAAAAAAAAAAAAATAGG
pattern_3		16:1471233:A:C:R:wC	33	62	-	10.2024	8.34e-05	0.0404	AAACGGAAAAAAAAAAAAAAAAAAAATAGG
pattern_3		11:32718439:G:T:A:wC	58	87	-	10.2024	8.34e-05	0.0404	TGTTTCAAAAAAAAAAAAAAAATCCTTGTG
pattern_3		11:32718439:G:T:R:wC	58	87	-	10.2024	8.34e-05	0.0404	TGTTTCAAAAAAAAAAAAAAAATCCTTGTG
pattern_3		3:24341264:A:T:A:wC	107	136	-	10.2024	8.34e-05	0.0404	GTTTGCTAAAAAAAAAAAAATAAATAAATA
pattern_3		10:8125134:C:T:A:wC	150	179	+	10.2024	8.34e-05	0.0404	AAAAAAAAAAAAAAAAAAAAGAATGAAACT
pattern_3		4:153705431:G:C:R:wC	161	190	-	10.2024	8.34e-05	0.0404	AAGAAAAAGAAAATAAATACTTTTGTCTCA
pattern_2		17:80710615:C:T:A:wC	159	188	+	-23.5244	8.35e-05	0.13	GCGGTTTCTGTGAATGTTGTGTGGACAGGG
pattern_6		10:44370872:T:C:R:wC	34	63	-	9.25	8.35e-05	0.312	AAACAAAACAAAACAAAAATTGATCATTGA
pattern_0		8:26243136:A:G:A:wC	5	34	+	6.69048	8.35e-05	0.0552	TCCGGGAGGCAGAGGTTGCAGTGAGCCGAG
pattern_4		1:46883303:A:G:R:wC	157	186	-	10.4762	8.36e-05	0.316	AACTCCGTCTTAATAAAAAAAAAAAAAAAA
pattern_4		1:46883303:A:G:A:wC	157	186	-	10.4762	8.36e-05	0.316	AACTCCGTCTTAATAAAAAAAAAAAAAAAA
pattern_2		11:33686605:G:A:A:wC	126	155	+	-23.5366	8.37e-05	0.13	CTTCTTTTTGTACTGTTATGGGATCTTTGG
pattern_2		19:52160305:T:C:R:wC	75	104	-	-23.5488	8.38e-05	0.13	TCCGATATCTTTTGTTTGGTAGGTCCAGTG
pattern_6		2:101625773:C:G:R:wC	24	53	+	9.2381	8.39e-05	0.312	TCTATTAAAAATACAAAAAAAATTAGCCGG
pattern_0		12:33562535:G:A:A:wC	45	74	+	6.67857	8.4e-05	0.0552	ACTCTGCCGCCCAGGCTGGAGTGCAGTGGC
pattern_0		1:222829373:G:A:A:wC	70	99	+	6.67857	8.4e-05	0.0552	ACTCTGCCGCCCAGGCTGGAGTGCAGTGGC
pattern_0		7:73062019:C:G:A:wC	104	133	+	6.67857	8.4e-05	0.0552	GGCCCAGCACAGAGGCGGATCCAATTCCCC
pattern_5		2:75120525:C:A:R:wC	15	44	+	10.4048	8.4e-05	0.125	ATGTTAACTATTATTAATAAATTTTAACAT
pattern_5		12:8451233:G:A:A:wC	53	82	-	10.4048	8.4e-05	0.125	TGAGATCTCACTTCTAAAAAAAAAAAAAAA
pattern_5		10:135226236:G:A:R:wC	163	192	-	10.4048	8.4e-05	0.125	AATGGAAATCAATGACATAAAAAACAAAGA
pattern_3		12:33562535:G:A:A:wC	9	38	-	10.1905	8.4e-05	0.0406	CCGTCTCAAAAAAAAAAAAAGAAAAGAAAT
pattern_3		1:90234055:C:A:R:wC	32	61	-	10.1905	8.4e-05	0.0406	AGAAAAAATAAATAGAAAAAATAAAAAATA
pattern_3		1:90234055:C:A:A:wC	32	61	-	10.1905	8.4e-05	0.0406	AGAAAAAATAAATAGAAAAAATAAAAAATA
pattern_3		17:62407974:C:T:A:wC	113	142	+	10.1905	8.4e-05	0.0406	CTCCATCTCAAAAAAAAAAAAAAATTAGTA
pattern_3		5:34500013:T:A:R:wC	95	124	-	10.1905	8.4e-05	0.0406	ATAAAAAATAAATAAATAAATAAAAACAGA
pattern_3		19:11430229:G:A:R:wC	158	187	+	10.1905	8.4e-05	0.0406	CAAAACAAAACAAAACAAAAAAACAAAAAA
pattern_2		2:213851410:T:C:R:wC	62	91	+	-23.561	8.4e-05	0.13	TTTTTTTTTTTTCTTTTTGAGATGGCGTCT
pattern_2		22:42836337:A:C:R:wC	90	119	+	-23.561	8.4e-05	0.13	TTTAAGGTGAAGTGGCCAGTGGAGGTGGGG
pattern_4		2:115228463:C:G:A:wC	13	42	+	10.4643	8.42e-05	0.317	TGAAAGTGGAATACAAAAAGTATTTTCATG
pattern_6		8:61701057:C:T:R:wC	63	92	+	9.22619	8.44e-05	0.313	TTAAAACATTTATTAATAATTCTTCATTGA
pattern_0		8:12501649:T:C:A:wC	37	66	-	6.66667	8.44e-05	0.0552	CCACCCCCTCACCCACTCATCCATTTCTCC
pattern_0		3:195723586:G:A:A:wC	67	96	-	6.66667	8.44e-05	0.0552	CGCCTCCCTCCGCGGGTCTCTTGGGGACCG
pattern_0		2:48555727:C:G:R:wC	84	113	-	6.66667	8.44e-05	0.0552	CCTCTGCATCTGTGGGTTCTGTTATCCATG
pattern_0		19:12994715:A:G:A:wC	120	149	+	6.66667	8.44e-05	0.0552	TCCACAGCTCCAGGATTGCAGCAAGGCACC
pattern_0		13:95248566:C:T:R:wC	159	188	-	6.66667	8.44e-05	0.0552	CCCCTACCATCCGGGCGACCCCAATTGCAC
pattern_2		17:64660752:T:C:A:wC	117	146	+	-23.5854	8.44e-05	0.13	TTTTTTTTTTTTTTTTTTTTTTTGGCAATG
pattern_1		13:38289961:C:A:A:wC	92	121	-	10.1548	8.45e-05	0.165	AGATAGACAATTTTTAATATATGCCAATTC
pattern_1		12:89874125:G:A:A:wC	169	198	-	10.1548	8.45e-05	0.165	CTATAAAAAAAAAAAAAAGAATTATAAATT
pattern_5		16:19992996:G:A:R:wC	41	70	+	10.3929	8.46e-05	0.125	ACTTGTCTATTTTTAAATTGATAGAGAACA
pattern_5		16:19992996:G:A:A:wC	41	70	+	10.3929	8.46e-05	0.125	ACTTGTCTATTTTTAAATTGATAGAGAACA
pattern_5		19:53674839:G:A:A:wC	14	43	-	10.3929	8.46e-05	0.125	AAAAATATATATATATATATATATACACAC
pattern_5		13:92025779:C:T:R:wC	107	136	-	10.3929	8.46e-05	0.125	AATGTGAAAAGCTGAAAGTGAAAATAACAG
pattern_3		19:4756166:T:C:A:wC	13	42	+	10.1786	8.46e-05	0.0408	AAAAAAAAAAAAAAAATACAAAAAATTAGC
pattern_3		2:110316208:G:A:R:wC	14	43	+	10.1786	8.46e-05	0.0408	TGGTTGAAATAATTAATATAAAATGTTAAG
pattern_3		8:72088171:A:G:A:wC	7	36	-	10.1786	8.46e-05	0.0408	TATCAGATGGTAAAAAAAAAAAAGAGGAAG
pattern_3		5:173363889:C:T:A:wC	17	46	-	10.1786	8.46e-05	0.0408	GAGAAAAAAAAAAAAAAAGTATAATGCACA
pattern_3		9:33085462:T:G:A:wC	51	80	+	10.1786	8.46e-05	0.0408	TCAAAAAAAAAAAAAAAAAAAAAAAAGGGC
pattern_3		3:49355005:T:C:A:wC	53	82	-	10.1786	8.46e-05	0.0408	AAAAAAAAAAAACAAACAAACAAAAAACAA
pattern_3		1:85723733:T:C:A:wC	166	195	+	10.1786	8.46e-05	0.0408	GTCTCAAAAAAAAAGAAAAAAAAAAAGAAA
pattern_2		7:116475622:C:T:R:wC	34	63	+	-23.6098	8.48e-05	0.13	AGACTTTTTGTTTGTTTGTTTAAGATGAAG
pattern_2		12:22763881:T:C:A:wC	57	86	-	-23.6098	8.48e-05	0.13	TATATATTTATGTATATAACAAATATACAT
pattern_0		5:118656898:T:C:A:wC	36	65	+	6.65476	8.48e-05	0.0552	CCCGGGAGGCGGAGCTTGCAGTGAGCCGAG
pattern_0		2:64982244:C:T:R:wC	10	39	-	6.65476	8.48e-05	0.0552	CCCGGGAGGCGGAGCTTGCAGTGAGCCGAG
pattern_0		20:57575102:C:T:A:wC	44	73	+	6.65476	8.48e-05	0.0552	CCCGGGAGGCGGAGCTTGCAGTGAGCCGAG
pattern_0		5:86302298:C:T:A:wC	15	44	-	6.65476	8.48e-05	0.0552	CCCGGGAGGCGGAGCTTGCAGTGAGCCGAG
pattern_0		3:179112353:G:A:R:wC	17	46	-	6.65476	8.48e-05	0.0552	CCCGGGAGGCGGAGCTTGCAGTGAGCCGAG
pattern_0		17:34898524:G:T:R:wC	46	75	+	6.65476	8.48e-05	0.0552	CCCGGGAGGCGGAGCTTGCAGTGAGCCGAG
pattern_0		13:100696718:A:C:A:wC	26	55	-	6.65476	8.48e-05	0.0552	CCCGGGAGGCGGAGCTTGCAGTGAGCCGAG
pattern_0		17:39975164:C:T:R:wC	66	95	+	6.65476	8.48e-05	0.0552	CCCGGGAGGCGGAGCTTGCAGTGAGCCGAG
pattern_0		4:88396024:G:A:R:wC	37	66	-	6.65476	8.48e-05	0.0552	CCCGGGAGGCGGAGCTTGCAGTGAGCCGAG
pattern_0		2:18061117:G:C:R:wC	75	104	+	6.65476	8.48e-05	0.0552	CCTCCACCTGCCAAAATGACCCAGGGGCCC
pattern_0		18:10879503:G:C:R:wC	57	86	-	6.65476	8.48e-05	0.0552	CCCGGGAGGCGGAGCTTGCAGTGAGCCGAG
pattern_0		19:4382360:T:G:R:wC	61	90	-	6.65476	8.48e-05	0.0552	CCCGGGAGGCGGAGCTTGCAGTGAGCCGAG
pattern_0		22:51219704:G:A:R:wC	90	119	+	6.65476	8.48e-05	0.0552	CCCGGGAGGCGGAGCTTGCAGTGAGCCGAG
pattern_0		12:3053028:G:C:A:wC	65	94	-	6.65476	8.48e-05	0.0552	CCCGGGAGGCGGAGCTTGCAGTGAGCCGAG
pattern_0		1:200641948:A:G:R:wC	65	94	-	6.65476	8.48e-05	0.0552	CCCGGGAGGCGGAGCTTGCAGTGAGCCGAG
pattern_0		7:73102318:C:T:R:wC	74	103	-	6.65476	8.48e-05	0.0552	CCCGGGAGGCGGAGCTTGCAGTGAGCCGAG
pattern_0		12:94304792:C:A:R:wC	79	108	-	6.65476	8.48e-05	0.0552	CCCAGGATGCGGAGGTTGCGGTGAGCCCAG
pattern_0		2:242375013:G:A:R:wC	80	109	-	6.65476	8.48e-05	0.0552	CCCGGGAGGCGGAGCTTGCAGTGAGCCGAG
pattern_0		12:120893575:G:A:R:wC	80	109	-	6.65476	8.48e-05	0.0552	CCCGGGAGGCGGAGCTTGCAGTGAGCCGAG
pattern_0		18:53373610:G:A:A:wC	87	116	-	6.65476	8.48e-05	0.0552	CCCGGGAGGCGGAGCTTGCAGTGAGCCGAG
pattern_0		10:43928319:C:T:R:wC	98	127	-	6.65476	8.48e-05	0.0552	CCCGGGAGGCGGAGCTTGCAGTGAGCCGAG
pattern_0		1:105680379:A:C:R:wC	128	157	+	6.65476	8.48e-05	0.0552	GCTCTCCCTCACAGGGTTAGCAGTTTCACT
pattern_0		7:19546663:A:G:R:wC	129	158	+	6.65476	8.48e-05	0.0552	CCCGGGAGGCGGAGCTTGCAGTGAGCCGAG
pattern_0		17:79636653:A:G:A:wC	103	132	-	6.65476	8.48e-05	0.0552	CCCGGGAGGCGGAGCTTGCAGTGAGCCGAG
pattern_0		17:79636653:A:G:R:wC	103	132	-	6.65476	8.48e-05	0.0552	CCCGGGAGGCGGAGCTTGCAGTGAGCCGAG
pattern_0		7:4807826:T:C:R:wC	104	133	-	6.65476	8.48e-05	0.0552	CCCGGGAGGCGGAGCTTGCAGTGAGCCGAG
pattern_0		14:52117174:C:T:A:wC	106	135	-	6.65476	8.48e-05	0.0552	CCCGGGAGGCGGAGCTTGCAGTGAGCCGAG
pattern_0		2:197074540:C:T:R:wC	114	143	-	6.65476	8.48e-05	0.0552	CCCGGGAGGCGGAGCTTGCAGTGAGCCGAG
pattern_0		7:76251126:G:A:R:wC	153	182	+	6.65476	8.48e-05	0.0552	CCCGGGAGGCGGAGCTTGCAGTGAGCCGAG
pattern_0		7:76251126:G:A:A:wC	153	182	+	6.65476	8.48e-05	0.0552	CCCGGGAGGCGGAGCTTGCAGTGAGCCGAG
pattern_0		16:98678:T:G:A:wC	155	184	+	6.65476	8.48e-05	0.0552	CCCGGGAGGCGGAGCTTGCAGTGAGCCGAG
pattern_0		7:133810618:A:G:R:wC	156	185	+	6.65476	8.48e-05	0.0552	CCCGGGAGGCGGAGCTTGCAGTGAGCCGAG
pattern_0		7:133810618:A:G:A:wC	156	185	+	6.65476	8.48e-05	0.0552	CCCGGGAGGCGGAGCTTGCAGTGAGCCGAG
pattern_0		1:247273748:C:T:R:wC	160	189	+	6.65476	8.48e-05	0.0552	CCCGGGAGGCGGAGCTTGCAGTGAGCCGAG
pattern_0		19:16461254:G:A:R:wC	161	190	+	6.65476	8.48e-05	0.0552	CCCGGGAGGCGGAGCTTGCAGTGAGCCGAG
pattern_0		1:218843336:C:T:R:wC	136	165	-	6.65476	8.48e-05	0.0552	CCCGGGAGGCGGAGCTTGCAGTGAGCCGAG
pattern_0		10:94475111:G:A:R:wC	142	171	-	6.65476	8.48e-05	0.0552	CCCGGGAGGCGGAGCTTGCAGTGAGCCGAG
pattern_0		10:38015694:G:A:A:wC	143	172	-	6.65476	8.48e-05	0.0552	CCCGGGAGGCGGAGCTTGCAGTGAGCCGAG
pattern_0		12:118682338:C:T:R:wC	162	191	-	6.65476	8.48e-05	0.0552	CCCGGGAGGCGGAGCTTGCAGTGAGCCGAG
pattern_4		7:73102318:C:T:R:wC	168	197	-	10.4524	8.48e-05	0.319	TCTCTACTAAAAATATAAAAAAATTAGCTG
pattern_1		8:70037558:G:A:R:wC	57	86	+	10.1429	8.51e-05	0.165	TTTTGATTTACATGGAATATATTTTTTTCA
pattern_1		4:169659504:G:C:R:wC	128	157	-	10.1429	8.51e-05	0.165	CATATTAAAACAAAATAAAAATTATCGAAC
pattern_1		7:17167825:C:T:R:wC	138	167	-	10.1429	8.51e-05	0.165	CAAAAAAAAAAAAAAAAAAAAAGTGTTAGT
pattern_2		8:11152957:C:T:R:wC	118	147	+	-23.6341	8.51e-05	0.13	GAACTTTCTTGACTTCCAGCAGTGTCTGGT
pattern_2		8:11152957:C:T:A:wC	118	147	+	-23.6341	8.51e-05	0.13	GAACTTTCTTGACTTCCAGCAGTGTCTGGT
pattern_5		13:29924132:T:C:A:wC	34	63	-	10.381	8.52e-05	0.126	GACTGAAAATATTTGAAGAAACAATGGACA
pattern_5		1:222829373:G:A:A:wC	41	70	-	10.381	8.52e-05	0.126	TGAGACTCTGTCTCAAAAAAAAAAAAAAAA
pattern_5		1:40947172:G:T:A:wC	113	142	-	10.381	8.52e-05	0.126	AGAACAAAGTATTTAAATGGAGAATCCTTT
pattern_5		7:17167825:C:T:R:wC	151	180	-	10.381	8.52e-05	0.126	TGAGACTCTGTCTCAAAAAAAAAAAAAAAA
pattern_3		1:83379568:G:T:A:wC	2	31	-	10.1667	8.52e-05	0.0409	GTGTATAAGTGAATAAGAAATAAAATAAAG
pattern_3		7:101516234:C:A:A:wC	8	37	-	10.1667	8.52e-05	0.0409	CAAAAAAAATAAAAAATAAAAAAGCTCAGA
pattern_3		7:101516234:C:A:R:wC	8	37	-	10.1667	8.52e-05	0.0409	CAAAAAAAATAAAAAATAAAAAAGCTCAGA
pattern_3		1:83379568:G:T:A:wC	53	82	-	10.1667	8.52e-05	0.0409	GTGTATAAGTGAATAAGAAATAAAATAAAG
pattern_3		2:3635238:A:C:R:wC	85	114	+	10.1667	8.52e-05	0.0409	TTGAAGCTACCAATAAGAAGATATTTAAAT
pattern_3		22:32795285:G:C:A:wC	99	128	-	10.1667	8.52e-05	0.0409	ACAAAAATTAAAAAAAAAAAAAATTAGCGA
pattern_3		5:151175202:G:C:R:wC	170	199	+	10.1667	8.52e-05	0.0409	TGGTAATTTTGACTAAACAAAAATATGTAA
pattern_0		19:4575373:G:A:A:wC	69	98	+	6.64286	8.52e-05	0.0554	TCTGCCCCTCCCAAGAGGCTGGGGATCCCC
pattern_0		11:2858636:C:T:A:wC	151	180	-	6.64286	8.52e-05	0.0554	TCTCGAGCAGGGAGGGGCCGGGGAGTCTGT
pattern_6		17:40805844:T:G:A:wC	33	62	+	9.20238	8.53e-05	0.314	CGGCCGAGTTCTTTAAAAAAAAAGAGAGAG
pattern_6		1:67481070:G:T:A:wC	66	95	+	9.20238	8.53e-05	0.314	AATGTTAATAATACACTAATACAAAAATAA
pattern_2		14:22989292:A:T:A:wC	47	76	-	-23.6463	8.53e-05	0.13	GTAACTTTTTTCCTTATAAGGGAAATAAGG
pattern_2		14:22989292:A:T:R:wC	47	76	-	-23.6463	8.53e-05	0.13	GTAACTTTTTTCCTTATAAGGGAAATAAGG
pattern_4		11:122186263:A:T:A:wC	1	30	-	10.4405	8.55e-05	0.319	ATTTGATTTTGAGTAAAAAATACTTCAAGA
pattern_4		11:122186263:A:T:R:wC	1	30	-	10.4405	8.55e-05	0.319	ATTTGATTTTGAGTAAAAAATACTTCAAGA
pattern_2		17:76923151:G:A:R:wC	56	85	+	-23.6585	8.55e-05	0.13	TTTTTTTTTTTTTTTTTTAAAAAGAATTGC
pattern_2		12:111978537:C:T:R:wC	63	92	+	-23.6585	8.55e-05	0.13	CTTTTTTTTTTTTTTTTTTGAGATGGAGTC
pattern_2		12:54711574:A:G:A:wC	70	99	-	-23.6585	8.55e-05	0.13	CTTTTTTTTTTTTTTTTTTGAGATGGAGTC
pattern_1		11:12418784:C:A:A:wC	60	89	-	10.131	8.56e-05	0.166	TGAAAGATATGATTAAATAAATTATCTTTC
pattern_0		2:234474874:A:C:A:wC	8	37	-	6.63095	8.57e-05	0.0556	CCCCCTCCCTCCCCAGTGAACTGACTTCCG
pattern_0		13:97664622:C:T:R:wC	93	122	+	6.63095	8.57e-05	0.0556	CCACGCCCGGCCAAGCTCACGTATTTTTAA
pattern_6		2:204649276:G:A:A:wC	111	140	+	9.19048	8.57e-05	0.314	CGAGACTCCATCTTAAAAAAAAAAAAAAAA
pattern_2		12:118682338:C:T:R:wC	22	51	-	-23.6707	8.57e-05	0.13	AATTTTTTTTTCCTTCTTGTGGAGCATATA
pattern_2		1:200641948:A:G:R:wC	162	191	+	-23.6707	8.57e-05	0.13	CTAATTTTTTATATTTTTTAGTAGAGAAGG
pattern_5		19:58511682:T:C:A:wC	10	39	-	10.369	8.57e-05	0.126	CGAGACTCAGTCTCAAAAAAAAAAAGAAAA
pattern_3		10:31157085:G:A:A:wC	6	35	-	10.1548	8.58e-05	0.0411	GTCTCAAAAAAAAAAAAATTCTTTAAAAAC
pattern_3		10:31157085:G:A:R:wC	6	35	-	10.1548	8.58e-05	0.0411	GTCTCAAAAAAAAAAAAATTCTTTAAAAAC
pattern_3		18:53373610:G:A:A:wC	9	38	-	10.1548	8.58e-05	0.0411	AAAAAAAAAAAAAAAAAAAACAGAGAACAT
pattern_3		11:47241411:T:C:A:wC	10	39	-	10.1548	8.58e-05	0.0411	ATAAACAAATAAATAAATAAAGAGACCTCC
pattern_3		8:95853197:G:A:R:wC	27	56	-	10.1548	8.58e-05	0.0411	AAAAAAAAAAAATTATTATTCTCTCTAAAC
pattern_3		19:36723492:C:A:A:wC	99	128	-	10.1548	8.58e-05	0.0411	AAAAAAAAAGAAAAAAGAAAAAAGAACTTA
pattern_3		6:107137023:G:A:A:wC	135	164	-	10.1548	8.58e-05	0.0411	GCTCTACTAAAAATACAAAAAAATTAGCCA
pattern_2		11:18338736:G:A:A:wC	168	197	+	-23.6829	8.59e-05	0.13	ATTTTTTTTTTTTTTTTTTGAGAGAGTCTT
pattern_0		11:120017974:T:C:R:wC	44	73	+	6.61905	8.61e-05	0.0558	TGCCATCCTGCTGGAGCCATGTGCTGCTCT
pattern_0		2:177001056:A:G:R:wC	102	131	-	6.61905	8.61e-05	0.0558	CCCCCGCCTCCTCTCTTCCTTCTCCTCCTC
pattern_4		2:110316208:G:A:R:wC	15	44	-	10.4286	8.61e-05	0.32	TCTTAACATTTTATATTAATTATTTCAACC
pattern_1		2:75120525:C:A:R:wC	15	44	+	10.119	8.62e-05	0.166	ATGTTAACTATTATTAATAAATTTTAACAT
pattern_1		3:196202508:G:A:A:wC	8	37	-	10.119	8.62e-05	0.166	TATCTCAAAAAAAAAAAAAAAAGAAAAAAT
pattern_1		2:32642798:T:C:R:wC	122	151	+	10.119	8.62e-05	0.166	GAACTATATGTAGTGAAATTATTTTTTTAT
pattern_1		10:27445726:G:A:R:wC	125	154	-	10.119	8.62e-05	0.166	CTCAAAAAAAAAAAAAAAAAAATTCATAGC
pattern_3		6:88112460:A:G:R:wC	15	44	-	10.1429	8.64e-05	0.0412	CTGTATAGATATATACATATATACACATAT
pattern_3		1:228371551:G:A:R:wC	68	97	+	10.1429	8.64e-05	0.0412	AAAAAAAAAAAAAAAAAAGAAACGTCATAT
pattern_3		1:171719769:C:T:R:wC	46	75	-	10.1429	8.64e-05	0.0412	AAAAAAAAAAAAAAAAAAAAAAAGGATGGA
pattern_3		17:76923151:G:A:R:wC	55	84	-	10.1429	8.64e-05	0.0412	CAATTCTTTTTAAAAAAAAAAAAAAAAAAA
pattern_3		11:12418784:C:A:A:wC	60	89	-	10.1429	8.64e-05	0.0412	TGAAAGATATGATTAAATAAATTATCTTTC
pattern_3		15:50312468:T:G:R:wC	92	121	-	10.1429	8.64e-05	0.0412	TCCATCTAAAAAAAAAAAAAAACAAAAAAC
pattern_3		19:53312831:C:T:A:wC	158	187	+	10.1429	8.64e-05	0.0412	TCTCTACTAAAAATACAAAAAATAGCCAGA
pattern_3		2:204469679:C:G:A:wC	168	197	+	10.1429	8.64e-05	0.0412	TCTGTCTCAAAAAAAAAAAAAAGAAGAAAA
pattern_3		7:17167825:C:T:R:wC	143	172	-	10.1429	8.64e-05	0.0412	TGTCTCAAAAAAAAAAAAAAAAAAAAAGTG
pattern_2		3:42326280:T:C:A:wC	5	34	+	-23.7195	8.65e-05	0.131	ATTTTCTTGTTTATTTGCGTAGAGGTGTTT
pattern_2		12:3367086:G:A:R:wC	26	55	+	-23.7195	8.65e-05	0.131	TGTTTCTTTTTGTGTTCATCAGAGAAAGAG
pattern_0		4:7980746:C:T:R:wC	95	124	+	6.60714	8.65e-05	0.056	ACTCACTCTGCGCAGATGCTGGGCTTCTCC
pattern_0		2:97267644:G:A:A:wC	145	174	+	6.60714	8.65e-05	0.056	TCTCAACCTCTCTGGGGGATGGGTCCACAC
pattern_6		22:31991001:G:A:A:wC	66	95	-	9.16667	8.66e-05	0.317	ATAAATAAATAAATAAATAAATAAATTATT
pattern_4		6:135418635:C:T:A:wC	86	115	-	10.4167	8.68e-05	0.321	TGTGGTTTTGATATAATAACATCTGCTGTC
pattern_1		11:14874975:A:T:A:wC	41	70	+	10.1071	8.68e-05	0.166	AAAAAGCATTTAGTAAATATTTGTTGAATG
pattern_1		10:104637508:T:C:R:wC	90	119	-	10.1071	8.68e-05	0.166	AAAAAAAAAAAAAAAAAAAAAAGAAGTTAT
pattern_1		18:74253644:C:T:R:wC	106	135	-	10.1071	8.68e-05	0.166	ATGGTGATTTTTTAAAAATTATGTGAAAAT
pattern_5		12:110950376:T:C:A:wC	18	47	+	10.3452	8.69e-05	0.128	AAAAATATATTAACAAAAGAAGAACAAGAA
pattern_5		6:9528108:C:T:A:wC	26	55	+	10.3452	8.69e-05	0.128	ATAAAGAATTTATTATAGAGATGATGCAAT
pattern_5		9:16737384:G:C:R:wC	130	159	-	10.3452	8.69e-05	0.128	ACCTCGTCTCTACTAAAAATACAAAAAATT
pattern_0		19:39644139:C:T:R:wC	74	103	+	6.59524	8.7e-05	0.0562	ACTCTGTCACCCAGGCTGGAGTGCAGCGGC
pattern_0		6:121805330:C:T:R:wC	64	93	-	6.59524	8.7e-05	0.0562	CCCAGGAGACGGAGATTGCAGTGAGCCAAG
pattern_3		7:130999270:G:C:R:wC	3	32	-	10.131	8.7e-05	0.0414	CTCAAAAACAAACAAACAAAAATGAGATTC
pattern_3		10:81894877:A:G:A:wC	167	196	-	10.131	8.7e-05	0.0414	ACCTCATGTCTACTAAAAATACAAAAAAAA
pattern_3		12:133000994:C:T:A:wC	167	196	-	10.131	8.7e-05	0.0414	ATGTCATTGATAATAATATCACTGTGTATA
pattern_3		12:133000994:C:T:R:wC	167	196	-	10.131	8.7e-05	0.0414	ATGTCATTGATAATAATATCACTGTGTATA
pattern_0		16:81763386:A:C:A:wC	84	113	-	6.58333	8.74e-05	0.0565	CTTCCCACTGCCCGAGTGCTGAGACTTCAG
pattern_1		1:85525748:A:C:R:wC	19	48	+	10.0952	8.74e-05	0.166	ATTCTTTATATGAAACAAATATGTCTCAGT
pattern_1		8:95853197:G:A:R:wC	38	67	-	10.0952	8.74e-05	0.166	CATCTCAAAAAAAAAAAAAAAAATTATTAT
pattern_1		16:84542617:G:C:R:wC	61	90	-	10.0952	8.74e-05	0.166	AAAAAAAAAAAAAGAAAAATCTTAGTATCA
pattern_1		17:33492402:G:A:R:wC	102	131	+	10.0952	8.74e-05	0.166	GATTCCCAGACTTGTAAATTATTCAGATTT
pattern_4		9:6177291:G:T:A:wC	9	38	-	10.4048	8.74e-05	0.321	TAAAGTATAATAATAAAAAATAAAAAATTA
pattern_4		1:26834392:A:G:R:wC	108	137	+	10.4048	8.74e-05	0.321	ACCCTGTCTCTACTAAAAAAAATACAAAAA
pattern_6		1:164156784:C:G:R:wC	108	137	+	9.14286	8.75e-05	0.319	ACTGACTTGAGTTTATATTTTCTACCTATC
pattern_5		14:50685747:C:G:R:wC	8	37	+	10.3333	8.75e-05	0.128	ACCCTGTCTCTACTAAAAATAGAAAAATTA
pattern_5		9:139281570:A:C:R:wC	30	59	+	10.3333	8.75e-05	0.128	GAAATATACACTTTAAATGAACGCATCGCA
pattern_5		13:95923213:G:A:R:wC	59	88	+	10.3333	8.75e-05	0.128	ACTCCATCTCTACTAAAAATACAAAAAATT
pattern_3		17:72688065:C:T:A:wC	35	64	-	10.119	8.76e-05	0.0417	CCGTCTCAAAAAAAAAAAAAAAAATGGCAT
pattern_3		17:72688065:C:T:R:wC	35	64	-	10.119	8.76e-05	0.0417	CCGTCTCAAAAAAAAAAAAAAAAATGGCAT
pattern_2		15:66020908:A:G:R:wC	12	41	+	-23.8049	8.78e-05	0.132	TTTTTCTTTTTTTTTTTTTGAGACAGAGTT
pattern_2		17:74637022:T:C:R:wC	90	119	-	-23.8049	8.78e-05	0.132	ACCTCTTTTTGTTTCTTAGAGGGAATTGGG
pattern_0		8:27372189:G:A:R:wC	142	171	+	6.57143	8.78e-05	0.0567	GCCACGCACAGGAGGTTCCTGTGACCCCCG
pattern_6		1:67481070:G:T:A:wC	6	35	+	9.13095	8.8e-05	0.319	TGGTCAAACTAATTAAAATTAAATAGATTT
pattern_1		3:105571631:A:G:R:wC	38	67	+	10.0833	8.8e-05	0.166	ATTTTTATCTTTTATACAGTATTTTTTTTT
pattern_1		12:54124477:C:T:R:wC	27	56	-	10.0833	8.8e-05	0.166	AAAAAATAAAAAAATAAAAAATAAAAATAA
pattern_1		4:169659504:G:C:R:wC	135	164	+	10.0833	8.8e-05	0.166	AATTTTTATTTTGTTTTAATATGTGTTCTA
pattern_4		21:41156516:A:G:R:wC	15	44	+	10.3929	8.81e-05	0.322	AGTAATAATTAAATAAGTATATTAAAAGTT
pattern_4		14:99726719:T:C:R:wC	77	106	-	10.3929	8.81e-05	0.322	CCGAAGATTAAATTAAAAAAACCAAGAAGA
pattern_5		3:195403334:G:T:A:wC	22	51	+	10.3214	8.81e-05	0.128	AAAAAAGTCAATTTTAATGGATGATCAATT
pattern_5		18:21509668:A:C:R:wC	97	126	-	10.3214	8.81e-05	0.128	TTAGGGCTCATTTTAAAAATAAAACCTCAA
pattern_3		11:7983846:G:A:A:wC	25	54	-	10.1071	8.82e-05	0.0419	AAAAAAAAAAAAAAAAAAAAAAGAACAGGC
pattern_3		12:96240341:T:C:A:wC	102	131	+	10.1071	8.82e-05	0.0419	TCTCAACTAAAAATACAAAAATTAGCCAGG
pattern_3		10:32579691:T:C:R:wC	87	116	-	10.1071	8.82e-05	0.0419	AAAAAAAGAAAAATACATATATACCCCACC
pattern_3		2:219272294:G:T:R:wC	134	163	-	10.1071	8.82e-05	0.0419	AAAAAAAAAAGAAAAGAAAAAAAAGAAAAA
pattern_2		12:31466613:G:A:A:wC	66	95	+	-23.8415	8.84e-05	0.133	GTTTGTTTGTTTGTTTTTTCTGAGACGGAG
pattern_6		2:201186572:C:T:A:wC	36	65	+	9.11905	8.84e-05	0.319	ATGCTATGTTCTTTACAATAAAATTCTCTT
pattern_1		5:76752546:A:C:A:wC	66	95	+	10.0714	8.86e-05	0.167	ATTTTTAAAAATTTTTATTTTATTATTTTT
pattern_0		2:73263820:A:T:R:wC	42	71	-	6.54762	8.87e-05	0.0572	CTTCCAGCTCCCAGAGTTTGGGGAATGAAG
pattern_0		1:114521618:G:T:A:wC	131	160	+	6.54762	8.87e-05	0.0572	TCCCCAGCTCCCAGCTTCTACTGAACAAGG
pattern_0		10:135211021:C:T:A:wC	128	157	-	6.54762	8.87e-05	0.0572	CCCGGGAGGCAGAGCTTGCAGTGAGTCAAG
pattern_5		14:53201536:T:G:A:wC	25	54	+	10.3095	8.87e-05	0.128	AAAACGAATTTAAGAAAAAGAAGAAGTAAT
pattern_5		20:39261054:A:G:A:wC	9	38	-	10.3095	8.87e-05	0.128	GGTTTAGAACATAGGAAGGAAATAACAAAA
pattern_5		3:49355005:T:C:A:wC	29	58	-	10.3095	8.87e-05	0.128	AAACAAAACAAAACAAAAAAAGAGTGAAAC
pattern_5		6:168177053:T:C:R:wC	64	93	+	10.3095	8.87e-05	0.128	CGAGATCCTGTCTCAAATAAATAAATTAAT
pattern_5		22:31991001:G:A:A:wC	84	113	-	10.3095	8.87e-05	0.128	CAAGACTCCAACTTAAAAATAAATAAATAA
pattern_5		10:135226236:G:A:R:wC	101	130	-	10.3095	8.87e-05	0.128	CTTTGGGAAAAATCAATAAAATTAATAAGC
pattern_5		9:112520879:A:T:R:wC	158	187	-	10.3095	8.87e-05	0.128	TGATTAGGTCACTTATAGAAATAAACTACC
pattern_5		7:100702058:T:C:A:wC	160	189	-	10.3095	8.87e-05	0.128	AACCATGAAAATTGTAATAAAATTGCTTTA
pattern_3		11:86891259:A:G:A:wC	9	38	-	10.0952	8.88e-05	0.042	ACAAAAACCAGAATACAAAACACAAAGAAA
pattern_3		3:156797365:A:G:A:wC	47	76	+	10.0952	8.88e-05	0.042	AACAAATAAAAATAAAAATTATTTTTTTTG
pattern_3		19:5890655:T:C:R:wC	28	57	-	10.0952	8.88e-05	0.042	TCCGTCTCAAAAAAAAAAAAAAAGAAAATA
pattern_3		17:37191932:G:A:A:wC	55	84	-	10.0952	8.88e-05	0.042	TGTCTCAATTAAAAAAAAAAAAAAAAAAAA
pattern_3		12:111978537:C:T:R:wC	61	90	-	10.0952	8.88e-05	0.042	CTCCATCTCAAAAAAAAAAAAAAAAAAGAC
pattern_3		10:94475111:G:A:R:wC	70	99	-	10.0952	8.88e-05	0.042	GGTCTCAAAAAAAAAAAAAAAAAAAGGGAA
pattern_3		5:34500013:T:A:R:wC	107	136	-	10.0952	8.88e-05	0.042	TGTCTTGGAAAAATAAAAAATAAATAAATA
pattern_3		14:32031245:C:T:A:wC	109	138	-	10.0952	8.88e-05	0.042	CGCCAGACAACTTTAAAAAATAATAATAAT
pattern_6		5:76752546:A:C:A:wC	58	87	+	9.10714	8.89e-05	0.319	CTTTCACCATTTTTAAAAATTTTTATTTTA
pattern_2		17:37191932:G:A:A:wC	55	84	+	-23.878	8.9e-05	0.134	TTTTTTTTTTTTTTTTTTTTAATTGAGACA
pattern_0		14:93511785:A:T:A:wC	20	49	-	6.53571	8.92e-05	0.0573	TTCCAGCCTCTCAGTCTGCGGCAGTGCTCT
pattern_0		17:21156860:C:T:A:wC	21	50	-	6.53571	8.92e-05	0.0573	CCACTGGCTGCGCGCCGCACGTGACCTCAC
pattern_0		17:21156860:C:T:R:wC	21	50	-	6.53571	8.92e-05	0.0573	CCACTGGCTGCGCGCCGCACGTGACCTCAC
pattern_0		10:61469538:T:C:A:wC	38	67	-	6.53571	8.92e-05	0.0573	GGCCGGCTCCCCAGCTCCATGTGGCCGCCG
pattern_0		22:18959580:G:C:R:wC	41	70	-	6.53571	8.92e-05	0.0573	CCCTGGGCTGGGGGCATTCAATGAGCCCCC
pattern_0		1:3329384:C:T:R:wC	93	122	-	6.53571	8.92e-05	0.0573	CCCCGCCCCAGGGAGAGCCAGTGAGGCTGG
pattern_1		16:19992996:G:A:R:wC	14	43	-	10.0595	8.92e-05	0.167	AGTAAATGCATTTTTAAAAATTTTAAAAAT
pattern_1		16:19992996:G:A:A:wC	14	43	-	10.0595	8.92e-05	0.167	AGTAAATGCATTTTTAAAAATTTTAAAAAT
pattern_2		9:33085462:T:G:A:wC	42	71	-	-23.8902	8.92e-05	0.134	TTTTTTTTTTTTTTTTTTTGAGACGGAGTT
pattern_2		1:26377185:G:A:R:wC	76	105	+	-23.8902	8.92e-05	0.134	TTTTTTTTTTTTTTTTTTTGAGACGGAGTT
pattern_5		12:131653587:G:C:R:wC	52	81	+	10.2976	8.94e-05	0.128	ACCCCGTGTCTACTAAAAATACAAAAAATT
pattern_5		10:44370872:T:C:R:wC	52	81	-	10.2976	8.94e-05	0.128	GAAAACACTGTATTTTAAAAACAAAACAAA
pattern_5		16:190968:A:G:A:wC	134	163	+	10.2976	8.94e-05	0.128	ACCCCGTGTCTACTAAAAATACAAAAAATT
pattern_5		16:190968:A:G:R:wC	134	163	+	10.2976	8.94e-05	0.128	ACCCCGTGTCTACTAAAAATACAAAAAATT
pattern_2		1:35685383:C:T:R:wC	147	176	-	-23.9024	8.94e-05	0.134	TAATTTTTTGTACTTTTTTGGTAGAGACGG
pattern_4		10:78342790:G:A:A:wC	6	35	+	10.369	8.94e-05	0.322	AATAATGTTTCTATAATTTATTTATTTATT
pattern_4		16:10603133:A:G:A:wC	137	166	+	10.369	8.94e-05	0.322	ACCCCATCTCTACTAAAAAATGCAAAATTA
pattern_4		7:5285861:T:G:A:wC	155	184	-	10.369	8.94e-05	0.322	TGCAAAAATGAACGAAAAATCTTTTATTTC
pattern_3		7:101516234:C:A:A:wC	10	39	-	10.0833	8.95e-05	0.0421	CTCAAAAAAAATAAAAAATAAAAAAGCTCA
pattern_3		7:101516234:C:A:R:wC	10	39	-	10.0833	8.95e-05	0.0421	CTCAAAAAAAATAAAAAATAAAAAAGCTCA
pattern_3		10:104631189:G:A:A:wC	43	72	+	10.0833	8.95e-05	0.0421	TCTCTACTAAAAATACAAAAATATTATCCG
pattern_3		10:104631189:G:A:R:wC	43	72	+	10.0833	8.95e-05	0.0421	TCTCTACTAAAAATACAAAAATATTATCCG
pattern_3		16:29123330:G:A:A:wC	49	78	+	10.0833	8.95e-05	0.0421	AAAAACAAAAAACAAAAAACAAACAAGATG
pattern_3		16:29123330:G:A:R:wC	49	78	+	10.0833	8.95e-05	0.0421	AAAAACAAAAAACAAAAAACAAACAAGATG
pattern_3		7:37406443:G:C:A:wC	58	87	+	10.0833	8.95e-05	0.0421	ATTTCAAAAATATTAACAAGAAGCTTCTTC
pattern_3		19:41343700:C:T:R:wC	59	88	+	10.0833	8.95e-05	0.0421	TTACAACTACTAGTCAAAGTAATTATAAAA
pattern_3		15:90241150:G:A:A:wC	42	71	-	10.0833	8.95e-05	0.0421	AAAAAAAAAAAATTATAAAAGTGTCAATTG
pattern_3		17:61106371:A:G:A:wC	66	95	-	10.0833	8.95e-05	0.0421	TCCTGTAAAATAGTAAAACCATTTTTTGTA
pattern_3		7:144547326:T:C:R:wC	94	123	-	10.0833	8.95e-05	0.0421	ATTTTTTAAAAAATAAAACACACACACATT
pattern_1		12:54124477:C:T:R:wC	15	44	-	10.0476	8.98e-05	0.167	AATAAAAAATAAAAATAAAAAAATAAAAAA
pattern_1		5:34500013:T:A:R:wC	98	127	+	10.0476	8.98e-05	0.167	GTTTTTATTTATTTATTTATTTTTTATTTT
pattern_2		2:193101110:C:T:A:wC	126	155	+	-23.9268	8.98e-05	0.134	ACTCACTTCTTTTTTCTGGGAAATATTGAG
pattern_2		17:34163387:G:C:R:wC	103	132	-	-23.9268	8.98e-05	0.134	AAAATCTTCATATATTCAACAAATTTAGCA
pattern_6		10:12294966:C:T:R:wC	17	46	-	9.08333	8.98e-05	0.319	AATGCCAGTAAAATAAAAGGACGATTCAAA
pattern_6		10:12294966:C:T:A:wC	17	46	-	9.08333	8.98e-05	0.319	AATGCCAGTAAAATAAAAGGACGATTCAAA
pattern_6		18:51793690:G:C:R:wC	135	164	+	9.08333	8.98e-05	0.319	TCTACTGAAAATACAAAAATTAGCTGGGTA
pattern_5		12:54124477:C:T:R:wC	24	53	-	10.2857	9e-05	0.128	AAATAAAAAAATAAAAAATAAAAATAAAAA
pattern_5		1:90234055:C:A:A:wC	36	65	-	10.2857	9e-05	0.128	AAATAGAAAAAATAAATAGAAAAAATAAAA
pattern_5		1:90234055:C:A:R:wC	36	65	-	10.2857	9e-05	0.128	AAATAGAAAAAATAAATAGAAAAAATAAAA
pattern_0		17:18761419:T:C:R:wC	115	144	+	6.5119	9.01e-05	0.0577	CACCGGCCTCGCAGTCACCGCGGACGCCAA
pattern_0		1:153479481:C:G:A:wC	105	134	-	6.5119	9.01e-05	0.0577	TCTCTGGCTGACCCGCCACAGGGATCTGGG
pattern_0		1:2149292:C:T:R:wC	133	162	-	6.5119	9.01e-05	0.0577	TCTCTATCGCCCAGGCTGCAGTGCAGTGTC
pattern_4		10:78342790:G:A:A:wC	2	31	-	10.3571	9.01e-05	0.322	AATAAATAAATTATAGAAACATTATTGTAA
pattern_4		12:126842809:G:A:A:wC	40	69	-	10.3571	9.01e-05	0.322	CCGACTCCTGAAATAAAAAGAAAAATTCAA
pattern_4		7:100702058:T:C:A:wC	156	185	-	10.3571	9.01e-05	0.322	ATGAAAATTGTAATAAAATTGCTTTATTAT
pattern_3		12:10597582:A:C:A:wC	25	54	-	10.0714	9.01e-05	0.0423	AAAAAAAAAAAAAAAAAAAAAAATTAGTGC
pattern_3		22:30251180:A:G:R:wC	38	67	-	10.0714	9.01e-05	0.0423	CAGTCTTAAAAAAAAAAAAAGAAAAAAAAT
pattern_3		15:90241150:G:A:A:wC	40	69	-	10.0714	9.01e-05	0.0423	AAAAAAAAAATTATAAAAGTGTCAATTGAT
pattern_3		15:52369932:C:T:R:wC	51	80	-	10.0714	9.01e-05	0.0423	GTCTCAAAAAAAAAAAGAAAAAAAAAAGAT
pattern_6		8:22466488:T:G:R:wC	73	102	-	9.07143	9.03e-05	0.319	ATAAGTTCCACGTTAAAATTTTTTACCTTA
pattern_1		20:432686:T:C:R:wC	4	33	-	10.0357	9.04e-05	0.167	AAGAAAAATAAAATTTAAAAATGAACAGGA
pattern_1		8:22335170:C:T:A:wC	55	84	+	10.0357	9.04e-05	0.167	CTAATTAGGCATTTTATTTTATTTTATTTT
pattern_1		15:40298068:G:A:A:wC	116	145	+	10.0357	9.04e-05	0.167	ATATATGTGTAGATATATATATTTGGCCCT
pattern_1		9:100116833:G:C:A:wC	100	129	-	10.0357	9.04e-05	0.167	TCTGAAAACAATCTGAAAATAATCAAAGAG
pattern_0		10:119480578:G:A:A:wC	54	83	+	6.5	9.05e-05	0.0579	GCCGGACTTCAGGCAGTCATGTGAGCATGC
pattern_0		19:55591721:G:C:R:wC	57	86	-	6.5	9.05e-05	0.0579	GCCCCGGCTCCAGGCTCCGCCCAGTTCCAG
pattern_0		15:82436504:G:A:R:wC	97	126	-	6.5	9.05e-05	0.0579	CCTCAACCTCCTAGGCTCAAAGCGCTCCTC
pattern_5		12:126842809:G:A:A:wC	45	74	-	10.2738	9.06e-05	0.128	GAAAACCGACTCCTGAAATAAAAAGAAAAA
pattern_3		22:42940318:T:C:A:wC	6	35	+	10.0595	9.07e-05	0.0425	TCTCAAAAAAAAAAAAAAGTTCTAAGAAAT
pattern_3		22:30251180:A:G:R:wC	33	62	-	10.0595	9.07e-05	0.0425	TTAAAAAAAAAAAAAGAAAAAAAATTGTCT
pattern_3		5:92232539:A:G:R:wC	44	73	-	10.0595	9.07e-05	0.0425	TTGGAAATGCAATTGTTAATATTTTACAAA
pattern_3		7:6079662:T:C:A:wC	134	163	-	10.0595	9.07e-05	0.0425	AAATAAAAAAATAAAACTAAAAACATGAAA
pattern_3		2:42626124:C:T:A:wC	158	187	-	10.0595	9.07e-05	0.0425	AAAAAAAAAAAAAAAGAAAAGAAAAAAAAA
pattern_4		12:66199734:G:A:A:wC	143	172	+	10.3452	9.07e-05	0.323	AATAAAATAAATTTAAAAAATAATAATAAA
pattern_6		12:115556307:T:G:R:wC	129	158	-	9.05952	9.07e-05	0.319	AAAGCATAGGAGTTAATAATCATAACCTTG
pattern_0		22:32795285:G:C:A:wC	5	34	-	6.4881	9.1e-05	0.0581	CCTAGGAGTTTGAGGCTGCAGTGAGCTGTG
pattern_0		21:46416320:C:G:A:wC	114	143	+	6.4881	9.1e-05	0.0581	GCTCAGCCCTGTCGCCTCCAGGAGTCTCAC
pattern_0		3:141110287:C:G:R:wC	153	182	+	6.4881	9.1e-05	0.0581	TCCCAGAGTCTGGTACTCATGGGGTCATTG
pattern_1		11:75118589:C:A:A:wC	14	43	-	10.0238	9.1e-05	0.167	AAAAATAAAAATAATAAAAAATAATTTGCG
pattern_1		7:4807826:T:C:R:wC	22	51	-	10.0238	9.1e-05	0.167	AAAAAAAAAAAAAAAAAAAAAAAAAGAAGT
pattern_1		12:69367391:G:A:R:wC	112	141	-	10.0238	9.1e-05	0.167	TCTGAAAAAAAGAAAAAGAAATGTTACAAT
pattern_1		2:111928231:C:G:A:wC	148	177	+	10.0238	9.1e-05	0.167	AAAAAAAAAAAAAAAAAAAAAAAAAGAAGT
pattern_1		7:100702058:T:C:A:wC	160	189	-	10.0238	9.1e-05	0.167	AACCATGAAAATTGTAATAAAATTGCTTTA
pattern_6		19:4050832:C:T:A:wC	47	76	+	9.04762	9.12e-05	0.319	CTGTCAGAAAATGTAAAAATATGTAAGTGG
pattern_6		19:4050832:C:T:R:wC	47	76	+	9.04762	9.12e-05	0.319	CTGTCAGAAAATGTAAAAATATGTAAGTGG
pattern_6		13:113352130:C:T:A:wC	161	190	-	9.04762	9.12e-05	0.319	GAACTCATCGTTTTAAAATGAAAGTAGTTT
pattern_5		6:18161232:A:G:R:wC	17	46	-	10.2619	9.12e-05	0.128	ACCTCCTCTCTACTAAAAATAAAAAAAAAT
pattern_5		4:163560740:A:G:R:wC	24	53	-	10.2619	9.12e-05	0.128	GATATTAGTTATGCATAATAAATAATTACA
pattern_3		6:18161232:A:G:R:wC	17	46	-	10.0476	9.14e-05	0.0428	ACCTCCTCTCTACTAAAAATAAAAAAAAAT
pattern_3		12:8451233:G:A:A:wC	47	76	-	10.0476	9.14e-05	0.0428	CTCACTTCTAAAAAAAAAAAAAAAAATTTA
pattern_3		18:9850212:G:A:R:wC	170	199	-	10.0476	9.14e-05	0.0428	CATCTCTAAAAATAAAAAAATAATAATAAT
pattern_2		12:8451233:G:A:A:wC	46	75	+	-24.0244	9.14e-05	0.136	TTAAATTTTTTTTTTTTTTTTTAGAAGTGA
pattern_2		2:242666194:G:A:A:wC	113	142	+	-24.0244	9.14e-05	0.136	TGTATGTTAATTTTTTTTTTTGAGACGGAG
pattern_0		17:8785092:C:T:A:wC	22	51	-	6.47619	9.14e-05	0.0582	TCCTTGCCCCTCAGATTCCAGCATGGAGGC
pattern_0		22:38192452:C:T:R:wC	63	92	+	6.47619	9.14e-05	0.0582	GCCTGCTTTCCTGGGTTCATGGGTCCTTCC
pattern_0		1:1575319:A:G:R:wC	61	90	-	6.47619	9.14e-05	0.0582	CCCCTGCGTGGGCGGGTTATGTAGGCACCA
pattern_0		1:169396620:C:G:R:wC	105	134	+	6.47619	9.14e-05	0.0582	CACCTGCCTCCGCGGCAGCCAGGACCACAC
pattern_0		19:53674839:G:A:A:wC	110	139	-	6.47619	9.14e-05	0.0582	CCTGGGAGGCGGAGGTTGCAGTGAGCCAAA
pattern_4		12:117289414:G:A:R:wC	54	83	+	10.3333	9.14e-05	0.325	ACCCCCTCTTTACTAAAAAATACAAAAATT
pattern_1		1:113468825:T:C:R:wC	87	116	-	10.0119	9.16e-05	0.168	TATCTTATGTATATATACATACATAACATC
pattern_1		5:34500013:T:A:R:wC	100	129	-	10.0119	9.16e-05	0.168	GAAAAATAAAAAATAAATAAATAAATAAAA
pattern_1		4:189431946:G:A:R:wC	106	135	-	10.0119	9.16e-05	0.168	TTTTCATTTAGTTGGAATAAATTTTATTTC
pattern_6		3:12396779:C:T:A:wC	114	143	-	9.03571	9.17e-05	0.319	TCTCTATAAAAATTACAAAAATTTGCTGGG
pattern_5		12:11962839:C:T:A:wC	18	47	-	10.25	9.18e-05	0.128	GCAAGACTCTCTCCAAAAAAAAAAAAAAAA
pattern_5		2:16129686:G:A:A:wC	122	151	-	10.25	9.18e-05	0.128	GATTAGAAGAAAAGAAAAGAAAATGATTCT
pattern_5		1:249120923:G:C:A:wC	141	170	-	10.25	9.18e-05	0.128	AAGTTACGCCTTTTGTAAAAACAAAACATC
pattern_5		6:22412927:G:T:R:wC	165	194	-	10.25	9.18e-05	0.128	AGAAAAAAAAATTGCAAATAAATCTCATAA
pattern_0		12:116974128:C:A:A:wC	116	145	+	6.46429	9.19e-05	0.0584	CCTCATCTCCACAGGGTCAGGCTGTGCCAC
pattern_3		12:6477378:C:T:R:wC	23	52	+	10.0357	9.2e-05	0.043	AAAAGAAAAACTTTAAACAAATTAAATTTA
pattern_3		10:31157085:G:A:A:wC	8	37	-	10.0357	9.2e-05	0.043	CCGTCTCAAAAAAAAAAAAATTCTTTAAAA
pattern_3		10:31157085:G:A:R:wC	8	37	-	10.0357	9.2e-05	0.043	CCGTCTCAAAAAAAAAAAAATTCTTTAAAA
pattern_3		1:185401229:T:C:A:wC	57	86	-	10.0357	9.2e-05	0.043	CAAAAATAATAACAATAAAAAATTTAAAAA
pattern_3		1:248113436:C:T:R:wC	67	96	-	10.0357	9.2e-05	0.043	AATAAATTGACAATAATAAAATTGTTATGC
pattern_3		20:54356185:G:C:R:wC	158	187	-	10.0357	9.2e-05	0.043	CTTGAAATAAAATAAACTTTATTTATCTAA
pattern_6		5:172009232:C:T:A:wC	81	110	-	9.02381	9.22e-05	0.319	TCACTTCGTGATTTAAAATGCAATTATAGT
pattern_1		17:1356602:C:T:R:wC	102	131	+	10	9.22e-05	0.168	TTATGCTAAGATATGAAAAAATATCAAACT
pattern_1		7:5285861:T:G:A:wC	155	184	-	10	9.22e-05	0.168	TGCAAAAATGAACGAAAAATCTTTTATTTC
pattern_0		9:35909422:T:C:R:wC	36	65	-	6.45238	9.23e-05	0.0587	CCTCCAACCCCCGCTCAGCAGTTATCCCGT
pattern_5		20:48533630:G:C:R:wC	7	36	-	10.2381	9.25e-05	0.128	CGAGACTCCGTCTCAAAAAAAAAAAAAAAA
pattern_5		8:72435504:C:G:A:wC	12	41	-	10.2381	9.25e-05	0.128	CGAGACTCCGTCTCAAAAAAAAAAAAAAAA
pattern_5		2:242375013:G:A:R:wC	16	45	-	10.2381	9.25e-05	0.128	CGAGACTCCGTCTCAAAAAAAAAAAAAAAA
pattern_5		10:81950326:C:T:R:wC	18	47	-	10.2381	9.25e-05	0.128	CGAGACTCCGTCTCAAAAAAAAAAAAAAAA
pattern_5		7:4807826:T:C:R:wC	40	69	-	10.2381	9.25e-05	0.128	CGAGACTCCGTCTCAAAAAAAAAAAAAAAA
pattern_5		14:52117174:C:T:A:wC	42	71	-	10.2381	9.25e-05	0.128	CGAGACTCCGTCTCAAAAAAAAAAAAAAAA
pattern_5		1:1835016:C:T:A:wC	42	71	-	10.2381	9.25e-05	0.128	CGAGACTCTGGCTCAAAAAAAAAAAAAAAA
pattern_5		14:32922842:G:C:R:wC	63	92	-	10.2381	9.25e-05	0.128	CGAGACTCCGTCTCAAAAAAAAAAAAAAAA
pattern_5		9:131861275:A:C:R:wC	83	112	-	10.2381	9.25e-05	0.128	CAAGACTCTGTCTCAAAAGAAAAAGAAAAA
pattern_5		10:8125134:C:T:A:wC	132	161	+	10.2381	9.25e-05	0.128	CGAGACTCCGTCTCAAAAAAAAAAAAAAAA
pattern_5		22:51219704:G:A:R:wC	154	183	+	10.2381	9.25e-05	0.128	CGAGACTCCGTCTCAAAAAAAAAAAAAAAA
pattern_5		11:117268683:T:C:R:wC	154	183	+	10.2381	9.25e-05	0.128	GCCTATGAGCCTGTAAAATAAAAAACAAGC
pattern_5		17:1672634:C:T:A:wC	155	184	+	10.2381	9.25e-05	0.128	CGAGACTCCGTCTCAAAAAAAAAAAAAAAA
pattern_5		8:57291218:A:G:R:wC	145	174	-	10.2381	9.25e-05	0.128	AATCATAAAACTCTTAAAGAAAAATGATGT
pattern_5		4:189431946:G:A:R:wC	163	192	-	10.2381	9.25e-05	0.128	CGAGACTCCGTCTCAAAAAAAAAAAAAAAA
pattern_5		5:95865526:G:A:A:wC	171	200	-	10.2381	9.25e-05	0.128	AGACTGGGTAATTTATAAATAAGAGAGGTT
pattern_2		10:78342790:G:A:A:wC	28	57	+	-24.0976	9.26e-05	0.137	TATTTATTGTTTGTTTGTTTTGAGACAGAG
pattern_3		15:65566674:G:A:R:wC	6	35	-	10.0238	9.26e-05	0.0432	TCCACTTTCAAAAAAAAAAAAAAAAGTATG
pattern_3		18:53373610:G:A:A:wC	17	46	-	10.0238	9.26e-05	0.0432	TCCATCTCAAAAAAAAAAAAAAAAAAAACA
pattern_3		10:38015694:G:A:A:wC	41	70	-	10.0238	9.26e-05	0.0432	AAAAAAAAAAAAAAAAAAAAATCAATCGGG
pattern_3		2:213851410:T:C:R:wC	49	78	-	10.0238	9.26e-05	0.0432	AAAAGAAAAAAAAAAAAAAGAGAGAGACAC
pattern_6		6:139019622:A:C:R:wC	79	108	+	9.0119	9.26e-05	0.319	ATTTATATATTTATATAATTTATTATTATC
pattern_6		12:66199734:G:A:A:wC	130	159	-	9.0119	9.26e-05	0.319	TTTAAATTTATTTTATTTTATTTTATTTTA
pattern_4		12:22763881:T:C:A:wC	160	189	+	10.3095	9.28e-05	0.325	ATGCACATATTTATATATTATGTATGTATA
pattern_0		3:52491836:G:A:R:wC	88	117	+	6.44048	9.28e-05	0.0589	CCCTTGCCACAAGGGCTGTTGGTTTCCCCT
pattern_0		6:41521110:T:C:R:wC	135	164	+	6.44048	9.28e-05	0.0589	CCTTCTCCTCCCCCATTCCTTTTTTTCTGC
pattern_1		15:90241150:G:A:A:wC	50	79	-	9.9881	9.28e-05	0.169	CAAAAAAAAAAAAAAAAAAATTATAAAAGT
pattern_2		1:110187031:C:T:A:wC	157	186	+	-24.122	9.3e-05	0.138	TAATTTTTTGTATTTTTAGAGACGGGGTTT
pattern_5		4:189377071:C:T:R:wC	50	79	+	10.2262	9.31e-05	0.128	GGTCTGAACAGTTTAAAAGAATAACCTGGG
pattern_5		12:54124477:C:T:R:wC	26	55	-	10.2262	9.31e-05	0.128	AAAAATAAAAAAATAAAAAATAAAAATAAA
pattern_5		1:90234055:C:A:A:wC	32	61	-	10.2262	9.31e-05	0.128	AGAAAAAATAAATAGAAAAAATAAAAAATA
pattern_5		1:90234055:C:A:R:wC	32	61	-	10.2262	9.31e-05	0.128	AGAAAAAATAAATAGAAAAAATAAAAAATA
pattern_6		10:113993316:G:A:R:wC	158	187	-	9	9.31e-05	0.319	AGAAGGCAAGCATTAAAAAACCTTTTCTTC
pattern_2		12:50556475:C:A:R:wC	9	38	+	-24.1341	9.32e-05	0.138	CTCTCTCTCTTTTTTTTTTTTGTGATAGAG
pattern_2		12:50556475:C:A:A:wC	9	38	+	-24.1341	9.32e-05	0.138	CTCTCTCTCTTTTTTTTTTTTGTGATAGAG
pattern_0		8:17574213:G:C:A:wC	17	46	-	6.42857	9.32e-05	0.0591	CCCGGGAGGCGGAGCTTGCAGCGAGCCGAG
pattern_3		7:6599034:G:C:R:wC	7	36	-	10.0119	9.33e-05	0.0433	CTAAAAACAAAACAAAACAAAAATAAAAAC
pattern_3		6:7388128:G:A:R:wC	54	83	+	10.0119	9.33e-05	0.0433	CTCTACTAAAAATACAAAAAAAAAAAAAAA
pattern_3		11:70175565:A:T:R:wC	79	108	-	10.0119	9.33e-05	0.0433	CTCAAAAATAAATAAATAAATAATAATGTC
pattern_3		2:32642798:T:C:R:wC	126	155	-	10.0119	9.33e-05	0.0433	AAAAATAAAAAAATAATTTCACTACATATA
pattern_3		2:65650864:G:T:A:wC	132	161	-	10.0119	9.33e-05	0.0433	CAAAGAAAAAAAAAAAAAAGCATAAATGAG
pattern_3		18:55129900:A:G:R:wC	143	172	-	10.0119	9.33e-05	0.0433	AAAAAAAAAAAAAAAAAGAAAGAAAATAAC
pattern_3		1:221028584:G:A:A:wC	158	187	-	10.0119	9.33e-05	0.0433	CCGTCTCAAAAAAAAAAAAATTGAAAGAAA
pattern_1		6:139019622:A:C:R:wC	75	104	+	9.97619	9.35e-05	0.169	TTCTATTTATATATTTATATAATTTATTAT
pattern_1		6:135418635:C:T:A:wC	166	195	+	9.97619	9.35e-05	0.169	TGGCATTTACTATTGAAAAAATTAACATTT
pattern_1		1:46883303:A:G:R:wC	145	174	-	9.97619	9.35e-05	0.169	ATAAAAAAAAAAAAAAAAAAAAGAACAAAG
pattern_1		1:46883303:A:G:A:wC	145	174	-	9.97619	9.35e-05	0.169	ATAAAAAAAAAAAAAAAAAAAAGAACAAAG
pattern_6		5:68680860:C:T:R:wC	23	52	-	8.9881	9.36e-05	0.319	CAAGACTCCATTTCAAAAAAAAAAAAAAAA
pattern_6		12:111978537:C:T:R:wC	66	95	-	8.9881	9.36e-05	0.319	AGTGACTCCATCTCAAAAAAAAAAAAAAAA
pattern_6		12:66199734:G:A:A:wC	128	157	+	8.9881	9.36e-05	0.319	AATAAAATAAAATAAAATAAAATAAATTTA
pattern_6		12:22763881:T:C:A:wC	120	149	-	8.9881	9.36e-05	0.319	TATTATGTATGTATATAATATATAAATATG
pattern_2		3:32210733:C:A:A:wC	115	144	+	-24.1585	9.36e-05	0.138	GGTTTTCGTATTTTTTTGGTGTAGACGGGG
pattern_5		16:4014964:A:G:R:wC	11	40	+	10.2143	9.37e-05	0.129	GCTTCCGGGTAAATAAATAAATAAATAAAT
pattern_5		2:48572417:T:C:R:wC	36	65	+	10.2143	9.37e-05	0.129	AGAAATGATAACTTATAGTGAATTTAATTT
pattern_5		7:30749443:G:C:A:wC	164	193	-	10.2143	9.37e-05	0.129	AGAACTATATTTCTGAAATAAAGAGAAAGA
pattern_3		1:21820042:A:G:A:wC	27	56	+	10	9.39e-05	0.0435	CTGGGAAAAAAATTAACATAAACAAAAGCA
pattern_3		8:76755254:T:C:A:wC	48	77	-	10	9.39e-05	0.0435	TTACTAAAAAAAAAAAAAAAAAAATTATCC
pattern_3		15:52369932:C:T:R:wC	50	79	-	10	9.39e-05	0.0435	TCTCAAAAAAAAAAAGAAAAAAAAAAGATG
pattern_3		8:22335170:C:T:A:wC	61	90	-	10	9.39e-05	0.0435	TCTAAAAAAATAAAATAAAATAAAATGCCT
pattern_3		15:91418297:T:A:R:wC	61	90	-	10	9.39e-05	0.0435	CCTCTCAAAAAAAAAAAAAAAAAAAAAAGT
pattern_3		4:149672240:C:T:R:wC	77	106	-	10	9.39e-05	0.0435	CGTCTCGAAAAAAAAAAAAAAAAAATCAAA
pattern_3		5:179735213:A:G:R:wC	165	194	+	10	9.39e-05	0.0435	GAAAGAAAGAAACTAACAATGAGAAATTTA
pattern_1		12:66199734:G:A:A:wC	158	187	+	9.96429	9.41e-05	0.17	AAAAATAATAATAAATAAATAAATCTAGCA
pattern_4		12:22763881:T:C:A:wC	68	97	+	10.2857	9.42e-05	0.325	TTATATACATAAATATATATTTATAATATA
pattern_4		5:34500013:T:A:R:wC	107	136	-	10.2857	9.42e-05	0.325	TGTCTTGGAAAAATAAAAAATAAATAAATA
pattern_4		8:143847558:G:A:A:wC	162	191	-	10.2857	9.42e-05	0.325	CTTCCTTTTGAAGGAAAAACATGTTTTACG
pattern_0		8:144420260:A:C:R:wC	157	186	-	6.40476	9.42e-05	0.0597	ACTCAGCCCCCTGAGTAGCTAGGACTACTG
pattern_5		2:201186572:C:T:A:wC	36	65	+	10.2024	9.44e-05	0.129	ATGCTATGTTCTTTACAATAAAATTCTCTT
pattern_5		13:99113166:A:G:R:wC	51	80	+	10.2024	9.44e-05	0.129	GACCATGTTTCTATTAAAAAAAAAAAAAGT
pattern_5		1:221056390:A:T:R:wC	95	124	-	10.2024	9.44e-05	0.129	AATTTAAGAAAAAGAATAAAATTATTTCAG
pattern_5		1:46001330:T:G:A:wC	167	196	-	10.2024	9.44e-05	0.129	AAAGAAGAGGGAAGAAAAGAAGAAAAATCA
pattern_5		1:46001330:T:G:R:wC	167	196	-	10.2024	9.44e-05	0.129	AAAGAAGAGGGAAGAAAAGAAGAAAAATCA
pattern_2		3:148821605:A:G:A:wC	10	39	-	-24.2073	9.44e-05	0.139	AATTTTTTTGTATTTTTTTTTTAGTAGAGA
pattern_6		4:188862039:A:C:R:wC	16	45	+	8.96429	9.46e-05	0.321	TTCACCTCTAAGTTATATATATATTTTTTT
pattern_3		17:61106371:A:G:A:wC	6	35	+	9.9881	9.46e-05	0.0437	ATCAGTGAAATAATATTGATAAAAAGATAT
pattern_3		3:196202508:G:A:A:wC	1	30	-	9.9881	9.46e-05	0.0437	AAAAAAAAAAAAAAAGAAAAAATATTTAGA
pattern_3		2:118843437:T:C:R:wC	8	37	-	9.9881	9.46e-05	0.0437	ACATTACCCAAATTAAAAACATCCAAGATA
pattern_3		7:97991125:A:G:A:wC	12	41	-	9.9881	9.46e-05	0.0437	CAAAAAAGAAAAAAAAGAAGAAATTTTTTT
pattern_3		7:97991125:A:G:R:wC	12	41	-	9.9881	9.46e-05	0.0437	CAAAAAAGAAAAAAAAGAAGAAATTTTTTT
pattern_3		4:122278614:C:G:R:wC	50	79	+	9.9881	9.46e-05	0.0437	ATAAGGTAAAATAAAAAAAAATTTAAAGCC
pattern_3		11:67304760:G:A:R:wC	158	187	+	9.9881	9.46e-05	0.0437	TCTGCACTAAAAATACAAAAATTGGCCAGA
pattern_3		7:17167825:C:T:R:wC	142	171	-	9.9881	9.46e-05	0.0437	GTCTCAAAAAAAAAAAAAAAAAAAAAGTGT
pattern_2		19:47184356:G:A:R:wC	120	149	+	-24.2195	9.47e-05	0.139	AATTTTTTTTTGTATTTTTAGTAGAGAAGG
pattern_0		4:26331471:A:G:A:wC	67	96	+	6.39286	9.47e-05	0.0598	CCCGGGAGGCGGAGCGTGCAGTGAGCCGAG
pattern_0		6:117086265:C:A:A:wC	79	108	-	6.39286	9.47e-05	0.0598	CCCCGGCCTCAAGGGTGCGGGGTGACCCAC
pattern_0		9:96714161:A:G:R:wC	111	140	+	6.39286	9.47e-05	0.0598	GCTCTGCGCCACGGAGCTCAGGGTAGAGAC
pattern_1		19:4756166:T:C:A:wC	17	46	+	9.95238	9.47e-05	0.17	AAAAAAAAAAAATACAAAAAATTAGCCAGG
pattern_1		12:3434009:A:G:R:wC	38	67	-	9.95238	9.47e-05	0.17	AAATGGCAAAATGGTAAAATACTTGCGAGT
pattern_1		5:34500013:T:A:R:wC	102	131	-	9.95238	9.47e-05	0.17	TGGAAAAATAAAAAATAAATAAATAAATAA
pattern_2		17:7169299:C:T:R:wC	156	185	+	-24.2317	9.49e-05	0.139	CCTTTTTTTTTATTATGTTAAAAGACTAGT
pattern_2		17:7169299:C:T:A:wC	156	185	+	-24.2317	9.49e-05	0.139	CCTTTTTTTTTATTATGTTAAAAGACTAGT
pattern_4		5:68680860:C:T:R:wC	11	40	-	10.2738	9.49e-05	0.325	TCAAAAAAAAAAAAAAAAAGATTTTAAAAG
pattern_4		7:96039267:G:T:R:wC	61	90	+	10.2738	9.49e-05	0.325	CGTAAATTTATTTAAAAACAATTTAAAATT
pattern_4		1:221056390:A:T:A:wC	101	130	-	10.2738	9.49e-05	0.325	TTCTTAAATTTAAGAAAAAGAATAAAATTA
pattern_4		1:221056390:A:T:R:wC	101	130	-	10.2738	9.49e-05	0.325	TTCTTAAATTTAAGAAAAAGAATAAAATTA
pattern_4		9:100763455:C:T:R:wC	112	141	-	10.2738	9.49e-05	0.325	GTCTAAAAAAAAAAAAAAAAAATTAAACCA
pattern_4		9:100763455:C:T:A:wC	112	141	-	10.2738	9.49e-05	0.325	GTCTAAAAAAAAAAAAAAAAAATTAAACCA
pattern_5		14:32922842:G:C:R:wC	35	64	-	10.1905	9.5e-05	0.129	AAAAAAAAAAAAAAAAAAAAAAAAAGAAAA
pattern_5		10:38015694:G:A:A:wC	46	75	-	10.1905	9.5e-05	0.129	AAAAAAAAAAAAAAAAAAAAAAAAAATCAA
pattern_5		19:47184356:G:A:R:wC	123	152	-	10.1905	9.5e-05	0.129	ACCCCTTCTCTACTAAAAATACAAAAAAAA
pattern_0		10:38015694:G:A:A:wC	3	32	+	6.38095	9.51e-05	0.0598	GCTCCAGCCTCCAGGCTGCAGCAGGTGGCT
pattern_0		2:54244011:C:T:A:wC	18	47	-	6.38095	9.51e-05	0.0598	CCCAGGAGGCGGAGCTTGCAGTGAGCCGAG
pattern_0		10:101905203:T:C:R:wC	22	51	-	6.38095	9.51e-05	0.0598	CCCAGGAGGCGGAGCTTGCAGTGAGCCGAG
pattern_0		16:11086902:C:T:R:wC	22	51	-	6.38095	9.51e-05	0.0598	CCTCTGACTCACCATTTCTCATGTTTTGGC
pattern_0		1:116460355:G:A:R:wC	90	119	+	6.38095	9.51e-05	0.0598	CCCAGGAGGCGGAGCTTGCAGTGAGCCGAG
pattern_0		15:41760617:A:G:R:wC	65	94	-	6.38095	9.51e-05	0.0598	CCCAGGAGGCGGAGCTTGCAGTGAGCCGAG
pattern_0		21:30462771:A:G:A:wC	97	126	-	6.38095	9.51e-05	0.0598	CCCAGGAGGCGGAGCTTGCAGTGAGCCGAG
pattern_0		15:90241150:G:A:A:wC	127	156	-	6.38095	9.51e-05	0.0598	CCCAGGAGGCGGAGCTTGCAGTGAGCCGAG
pattern_0		12:363357:C:A:R:wC	164	193	-	6.38095	9.51e-05	0.0598	TCTGGGCGGAAGGGGGCCATGTGAGTCCTG
pattern_3		10:99103492:A:G:R:wC	12	41	+	9.97619	9.52e-05	0.0439	TCAAAAAAAAAAAAAAAAAGTAAAGTAAAG
pattern_3		7:95966546:G:A:A:wC	16	45	-	9.97619	9.52e-05	0.0439	AATAAATATAAATAAATGAAATCTATAAAA
pattern_3		2:54217148:G:C:R:wC	56	85	-	9.97619	9.52e-05	0.0439	AAAAAAAAAAAAAAAGAAAAGAAAAGAAAA
pattern_3		12:109977464:T:G:R:wC	91	120	-	9.97619	9.52e-05	0.0439	CCCTGGAACAAAATAATGACAGTTATCACA
pattern_1		6:7388128:G:A:R:wC	62	91	+	9.94048	9.54e-05	0.17	AAAATACAAAAAAAAAAAAAAAAAAAAATT
pattern_6		7:96039267:G:T:R:wC	69	98	-	8.94048	9.55e-05	0.323	TGGAATTTAATTTTAAATTGTTTTTAAATA
pattern_4		21:40977763:C:T:A:wC	32	61	-	10.2619	9.56e-05	0.325	GAAAAAATAAAAATAATAAAATTAGCTGCA
pattern_4		7:149538150:G:T:A:wC	136	165	+	10.2619	9.56e-05	0.325	TACAAGAATGAAATAAAGTAATTACAAAAC
pattern_0		6:43129333:G:A:A:wC	56	85	-	6.36905	9.56e-05	0.0601	CCCCTACCTCCCATGCCCACCCACCCCACG
pattern_5		12:22763881:T:C:A:wC	59	88	-	10.1786	9.57e-05	0.129	AATATATATTTATGTATATAACAAATATAC
pattern_5		8:22335170:C:T:A:wC	72	101	-	10.1786	9.57e-05	0.129	AAGACCCCATCTCTAAAAAAATAAAATAAA
pattern_3		10:102075479:G:A:R:wC	2	31	+	9.96429	9.59e-05	0.044	GGTAAAAATTTAATAAATATATTACCAGTC
pattern_3		10:102075479:G:A:A:wC	2	31	+	9.96429	9.59e-05	0.044	GGTAAAAATTTAATAAATATATTACCAGTC
pattern_3		12:115556307:T:G:R:wC	30	59	-	9.96429	9.59e-05	0.044	TTCCGCAAAATAAAAAAAAAAAACTTTTCT
pattern_3		3:52335756:C:T:A:wC	63	92	+	9.96429	9.59e-05	0.044	CTAAAAATACAAAAAAAAAAAAAGCTGAGT
pattern_3		22:30251180:A:G:R:wC	41	70	-	9.96429	9.59e-05	0.044	ACTCAGTCTTAAAAAAAAAAAAAGAAAAAA
pattern_3		1:26377185:G:A:R:wC	63	92	-	9.96429	9.59e-05	0.044	AAAAAAAAAAAAAAAAAAAAGAGGCAGATT
pattern_3		5:76752546:A:C:A:wC	70	99	-	9.96429	9.59e-05	0.044	CAAAAAAAATAATAAAATAAAAATTTTTAA
pattern_3		10:135226236:G:A:R:wC	98	127	-	9.96429	9.59e-05	0.044	TGGGAAAAATCAATAAAATTAATAAGCCTC
pattern_3		17:28771495:T:C:R:wC	128	157	-	9.96429	9.59e-05	0.044	AAAAAAAAAAAAAAAAAAGTTACTAGCATG
pattern_2		14:91450698:T:C:A:wC	165	194	+	-24.2927	9.59e-05	0.141	TCAACTATGTAAATTTTTCCAAAGCTGGAT
pattern_1		2:225750753:T:C:A:wC	7	36	-	9.92857	9.6e-05	0.17	GAGTTTATGTTTCATATAATATTTTATTTA
pattern_1		4:188862039:A:C:R:wC	22	51	-	9.92857	9.6e-05	0.17	CGTCTCAAAAAAATATATATATAACTTAGA
pattern_1		3:195707336:T:C:A:wC	102	131	-	9.92857	9.6e-05	0.17	AAATCCATAAAAATTTTAAAATTTTCATTA
pattern_1		1:248113436:C:T:R:wC	103	132	-	9.92857	9.6e-05	0.17	TTAGACATAACCAAAAAAAAATTTTAATTA
pattern_1		7:117372635:C:T:A:wC	171	200	+	9.92857	9.6e-05	0.17	AAAAAAAAAAAAAAAAAAAAAGTCAGGCAC
pattern_1		19:44344928:C:T:R:wC	169	198	-	9.92857	9.6e-05	0.17	AAAAAAAAAAGGAGAAAAAAAATTAGCCGG
pattern_2		16:29123330:G:A:A:wC	96	125	+	-24.3049	9.61e-05	0.141	GTCCATATTTGTTGCTTAGTGAAGAAGAAG
pattern_4		19:53674839:G:A:A:wC	16	45	+	10.25	9.63e-05	0.325	GTGTATATATATATATATATATATTTTTTT
pattern_4		4:188862039:A:C:R:wC	22	51	+	10.25	9.63e-05	0.325	TCTAAGTTATATATATATTTTTTTGAGACG
pattern_4		1:232271422:A:G:R:wC	29	58	+	10.25	9.63e-05	0.325	AAAATAATAATTTTAAAAATGTTTTTTGTA
pattern_4		2:201186572:C:T:A:wC	41	70	+	10.25	9.63e-05	0.325	ATGTTCTTTACAATAAAATTCTCTTTAACT
pattern_2		9:6177291:G:T:A:wC	7	36	+	-24.3171	9.63e-05	0.141	TTTAATTTTTTATTTTTTATTATTATACTT
pattern_2		8:76755254:T:C:A:wC	52	81	+	-24.3171	9.63e-05	0.141	AATTTTTTTTTTTTTTTTTTTAGTAAAAAG
pattern_5		7:135667353:C:G:R:wC	66	95	-	10.1667	9.63e-05	0.13	CACAATGCTAAAAGAAAAAAAAAATTAAGC
pattern_5		5:92232539:A:G:R:wC	167	196	-	10.1667	9.63e-05	0.13	TCATCAGATACTTCAAATAGAAAATTCATT
pattern_0		12:28300347:A:G:A:wC	92	121	-	6.34524	9.66e-05	0.0606	CCCGGAAGGCAGAGGTTGCAGCGAGCCGAT
pattern_3		19:53674839:G:A:A:wC	20	49	+	9.95238	9.66e-05	0.0442	ATATATATATATATATATATTTTTTTTTTT
pattern_3		8:76755254:T:C:A:wC	45	74	-	9.95238	9.66e-05	0.0442	CTAAAAAAAAAAAAAAAAAAATTATCCGGC
pattern_3		2:16129686:G:A:A:wC	77	106	+	9.95238	9.66e-05	0.0442	CAAAAAAAAAAAAAAAAAAAAACAAGTGGG
pattern_3		7:135667353:C:G:R:wC	60	89	-	9.95238	9.66e-05	0.0442	GCTAAAAGAAAAAAAAAATTAAGCTGAAAG
pattern_1		2:28689345:C:T:R:wC	7	36	+	9.91667	9.66e-05	0.17	ATTCAAAATCTTTTTTAAATTTTTCATGAG
pattern_1		19:33856214:C:T:A:wC	3	32	-	9.91667	9.66e-05	0.17	TACAATAATTAATTAAAAATAAAATAGTTC
pattern_1		11:75118589:C:A:A:wC	15	44	-	9.91667	9.66e-05	0.17	AAAAAATAAAAATAATAAAAAATAATTTGC
pattern_1		19:33856191:A:G:R:wC	26	55	-	9.91667	9.66e-05	0.17	TACAATAATTAATTAAAAATAAAATAGTTC
pattern_2		2:65607011:A:G:A:wC	41	70	-	-24.3415	9.68e-05	0.141	CAACCTTTGTATTATTTCCTACAGGTGGAA
pattern_2		20:17848206:T:G:A:wC	56	85	-	-24.3537	9.7e-05	0.141	ACTCTTGTTATTATTTTGATAAAGTTCAGG
pattern_5		6:139019622:A:C:R:wC	151	180	+	10.1548	9.7e-05	0.13	CAACTAAGAGAACTTAATGAAGAAACAAAA
pattern_5		1:232767485:C:T:R:wC	152	181	+	10.1548	9.7e-05	0.13	ACCCAGTCTCTACTAAAAATACAAAAAATT
pattern_6		6:139019622:A:C:R:wC	67	96	-	8.90476	9.7e-05	0.324	TTATATAAATATATAAATAGAAACACTTAA
pattern_6		5:76752546:A:C:A:wC	71	100	-	8.90476	9.7e-05	0.324	GCAAAAAAAATAATAAAATAAAAATTTTTA
pattern_6		1:200019951:C:T:A:wC	156	185	+	8.90476	9.7e-05	0.324	CGAAACTCCATCTCAAAAATAAATAAATAA
pattern_0		11:68911500:A:C:A:wC	53	82	-	6.33333	9.7e-05	0.0607	CCCGGGAGGCAGAGATTGCAGTGAGCTGAG
pattern_0		4:7980746:C:T:A:wC	95	124	+	6.33333	9.7e-05	0.0607	ACTCATTCTGCGCAGATGCTGGGCTTCTCC
pattern_0		9:99224746:A:T:R:wC	156	185	-	6.33333	9.7e-05	0.0607	GCCTCTGACTCCCAGATCAAGTGATTCTCA
pattern_0		9:99224746:A:T:A:wC	156	185	-	6.33333	9.7e-05	0.0607	GCCTCTGACTCCCAGATCAAGTGATTCTCA
pattern_0		22:18959580:G:C:R:wC	159	188	-	6.33333	9.7e-05	0.0607	TGTTGACCTCATGGCCTGAAATGGGTCTTC
pattern_2		12:22763881:T:C:A:wC	118	147	+	-24.3659	9.72e-05	0.141	CACATATTTATATATTATATACATACATAA
pattern_2		18:7415260:T:C:R:wC	137	166	-	-24.3659	9.72e-05	0.141	TTCTGAGCTGTCCTTTTTGCAGAGAGGGTT
pattern_2		18:7415260:T:C:A:wC	137	166	-	-24.3659	9.72e-05	0.141	TTCTGAGCTGTCCTTTTTGCAGAGAGGGTT
pattern_3		1:90234055:C:A:R:wC	10	39	-	9.94048	9.72e-05	0.0444	AAAAAATAAAAAAAGAAATAAAAAATTAAA
pattern_3		1:90234055:C:A:A:wC	10	39	-	9.94048	9.72e-05	0.0444	AAAAAATAAAAAAAGAAATAAAAAATTAAA
pattern_3		11:47241411:T:C:A:wC	12	41	-	9.94048	9.72e-05	0.0444	AAATAAACAAATAAATAAATAAAGAGACCT
pattern_3		9:113038318:A:G:R:wC	43	72	+	9.94048	9.72e-05	0.0444	TAAAAGAAAAGGAAAAGAAAAAATAAAATA
pattern_3		4:38443544:G:A:R:wC	53	82	-	9.94048	9.72e-05	0.0444	ACTCATAAAAGATAAAAAATAAATTGAGCT
pattern_3		17:14395793:C:T:R:wC	63	92	-	9.94048	9.72e-05	0.0444	ATTAAACACAAGAAATAAAAAAATAGATAA
pattern_3		10:32579691:T:C:R:wC	99	128	-	9.94048	9.72e-05	0.0444	AAAAAAAAAGATAAAAAAAGAAAAATACAT
pattern_1		18:60994160:G:A:R:wC	15	44	+	9.90476	9.73e-05	0.171	TGTAACAGAAATCAAAACATAATTTGGGGT
pattern_1		1:148239834:G:T:R:wC	47	76	+	9.90476	9.73e-05	0.171	TTGTAGGGACATTTCAAAATATGATAAAAA
pattern_6		12:22763881:T:C:A:wC	68	97	-	8.89286	9.75e-05	0.324	TATATTATAAATATATATTTATGTATATAA
pattern_6		2:102326268:C:T:R:wC	142	171	-	8.89286	9.75e-05	0.324	AAAAACTTAAGAATAAAATATAAGAAAAAT
pattern_5		1:90234055:C:A:A:wC	23	52	-	10.1429	9.76e-05	0.13	AAATAGAAAAAATAAAAAATAAAAAAAGAA
pattern_5		1:90234055:C:A:R:wC	23	52	-	10.1429	9.76e-05	0.13	AAATAGAAAAAATAAAAAATAAAAAAAGAA
pattern_5		22:29431626:T:C:R:wC	25	54	-	10.1429	9.76e-05	0.13	AAAAGAAAAAAAATTTTAAAATAAATAGAC
pattern_5		22:29431626:T:C:A:wC	25	54	-	10.1429	9.76e-05	0.13	AAAAGAAAAAAAATTTTAAAATAAATAGAC
pattern_5		5:179137436:C:T:R:wC	62	91	+	10.1429	9.76e-05	0.13	TGAGACTCAATCTCAAAAAAAAAAAAAAAG
pattern_5		2:242682844:T:C:A:wC	71	100	-	10.1429	9.76e-05	0.13	GATTATGGTGACACAAAAAAAAAATGAGTA
pattern_5		12:125311934:C:T:R:wC	117	146	-	10.1429	9.76e-05	0.13	ATAATAATAATAATAATAATATTAACCCCT
pattern_4		16:19992996:G:A:R:wC	2	31	-	10.2262	9.77e-05	0.327	TTTAAAAATTTTAAAAATAAAATGTTTTTC
pattern_4		16:19992996:G:A:A:wC	2	31	-	10.2262	9.77e-05	0.327	TTTAAAAATTTTAAAAATAAAATGTTTTTC
pattern_2		5:118656898:T:C:A:wC	105	134	-	-24.4024	9.78e-05	0.142	TCCAAGTCTAGTCTTTTTTTTGAGATGGAG
pattern_3		1:247273748:C:T:R:wC	67	96	+	9.92857	9.79e-05	0.0446	TCTCTACTAAAATTACAAAAAATTAGCCGG
pattern_3		19:19709129:G:A:R:wC	74	103	-	9.92857	9.79e-05	0.0446	CTCCGTCTCAAAAAAAAAAAAAAAAAGGAA
pattern_3		9:100763455:C:T:R:wC	113	142	-	9.92857	9.79e-05	0.0446	CGTCTAAAAAAAAAAAAAAAAAATTAAACC
pattern_3		9:100763455:C:T:A:wC	113	142	-	9.92857	9.79e-05	0.0446	CGTCTAAAAAAAAAAAAAAAAAATTAAACC
pattern_3		20:54356185:G:C:R:wC	159	188	-	9.92857	9.79e-05	0.0446	TCTTGAAATAAAATAAACTTTATTTATCTA
pattern_1		3:101326815:C:T:A:wC	137	166	-	9.89286	9.79e-05	0.172	TCTCTATTAAAAATACAAAAAATTAGCTGG
pattern_0		2:61378186:C:A:A:wC	22	51	-	6.30952	9.8e-05	0.0613	GCTGCCCCTCCTGGGACCAGCCAATTCTTA
pattern_0		11:64140625:G:A:R:wC	120	149	-	6.30952	9.8e-05	0.0613	GACCACCCAGCCGGGTTCAAGTAACCTCCG
pattern_6		1:244488415:G:A:R:wC	36	65	+	8.88095	9.8e-05	0.324	ACCGGATTAAATGTAAAAGAATTTAATGAA
pattern_6		12:22763881:T:C:A:wC	76	105	+	8.88095	9.8e-05	0.324	ATAAATATATATTTATAATATAAACGCCTA
pattern_2		9:114841961:A:C:R:wC	21	50	+	-24.4268	9.82e-05	0.142	TCCTTTTTTTTTTTTTTTCGAGACAAAGTT
pattern_2		7:100702058:T:C:A:wC	8	37	-	-24.4268	9.82e-05	0.142	TAAATACAGGTGTTTTTCATGAAGATGGTA
pattern_5		19:16315727:C:T:A:wC	17	46	-	10.131	9.83e-05	0.13	CGAGACTCTGTCTCAAAAAAAAAAAAAAAG
pattern_5		13:95924863:C:T:R:wC	20	49	-	10.131	9.83e-05	0.13	GTTTATAATCCACTGAATTAATTTAGATTA
pattern_5		12:111978537:C:T:R:wC	67	96	-	10.131	9.83e-05	0.13	GAGTGACTCCATCTCAAAAAAAAAAAAAAA
pattern_5		18:51752453:C:T:R:wC	130	159	+	10.131	9.83e-05	0.13	CGAGACTCTGTCTCAAAAAAAAAAAAAGAA
pattern_5		9:19184484:A:C:A:wC	169	198	-	10.131	9.83e-05	0.13	GAAGTTCTTAAAATAAATGAAAATCGGCAA
pattern_5		9:19184484:A:C:R:wC	169	198	-	10.131	9.83e-05	0.13	GAAGTTCTTAAAATAAATGAAAATCGGCAA
pattern_4		7:6079662:T:C:A:wC	144	173	-	10.2143	9.85e-05	0.329	GTTTCAAAAAAAATAAAAAAATAAAACTAA
pattern_0		16:11319045:G:A:R:wC	148	177	+	6.29762	9.85e-05	0.0615	CCCCCGCTTCACCAGCTGCACTGTTTGATG
pattern_0		16:11319045:G:A:A:wC	148	177	+	6.29762	9.85e-05	0.0615	CCCCCGCTTCACCAGCTGCACTGTTTGATG
pattern_3		2:102574720:C:T:R:wC	2	31	-	9.91667	9.86e-05	0.0449	TTACACAGAAAATTAAAGAGAGGAACCAAA
pattern_3		3:105933487:C:A:A:wC	31	60	-	9.91667	9.86e-05	0.0449	CAATTAATTATTTTAACAATACAGAATGCT
pattern_3		1:72819884:T:C:R:wC	139	168	+	9.91667	9.86e-05	0.0449	TATATTTCAAGTATAAAATTTAATAATTTT
pattern_1		5:118869764:A:G:R:wC	32	61	+	9.88095	9.86e-05	0.173	TATCCAATACCTGTAAAATAATATTACTGA
pattern_2		2:86794333:T:G:A:wC	171	200	-	-24.4634	9.89e-05	0.143	AGGATTATTGTAAGTTTGGTGGAGAATGGT
pattern_5		5:98191736:T:C:A:wC	17	46	-	10.119	9.9e-05	0.131	AAGAGAGTTCTTTCTTAATAAAGAAAAACA
pattern_5		11:60135392:G:T:R:wC	142	171	-	10.119	9.9e-05	0.131	CAGTTGCAAGATTTAATAGAATGAAAACAG
pattern_4		12:57021006:T:C:R:wC	60	89	-	10.2024	9.92e-05	0.33	CCAAGCCTTGAAAGATAACATTTTCAGATT
pattern_1		11:95327412:A:G:R:wC	2	31	+	9.86905	9.93e-05	0.173	AAATAAAAATAAAAAATAATATAAAGGTAG
pattern_1		13:38289961:C:A:A:wC	84	113	+	9.86905	9.93e-05	0.173	ATTATCCAGAATTGGCATATATTAAAAATT
pattern_1		9:100116833:G:C:R:wC	100	129	-	9.86905	9.93e-05	0.173	TCTGAAAACAATCTGAAAATAATCAAAGAC
pattern_3		19:4791239:C:G:R:wC	8	37	+	9.90476	9.93e-05	0.0451	GTATGTAAATGAATAAATGAATATATGAAT
pattern_3		1:228371551:G:A:R:wC	66	95	+	9.90476	9.93e-05	0.0451	CCAAAAAAAAAAAAAAAAAAGAAACGTCAT
pattern_3		7:130445128:C:A:R:wC	56	85	-	9.90476	9.93e-05	0.0451	CTCTGTCTCAAATAAATAAATAAAAACAAA
pattern_3		9:139975755:G:A:R:wC	170	199	-	9.90476	9.93e-05	0.0451	GTCTCTACTAAAAAAAAAAAAAAATACAAA
pattern_0		19:33754396:G:A:R:wC	11	40	-	6.27381	9.95e-05	0.062	CCACTGTCAAGCCACGTGCAGGGACTCCGG
pattern_0		14:64236191:T:C:R:wC	35	64	-	6.27381	9.95e-05	0.062	TCTCGGCCTCCCAAAGTGCGGGATTACAGG
pattern_6		1:67481070:G:T:A:wC	36	65	+	8.84524	9.95e-05	0.327	ATTTACAAGGCTTTATTAAAAATTAACTTT
pattern_6		12:125311934:C:T:R:wC	129	158	-	8.84524	9.95e-05	0.327	CTGGTGGTTAAAATAATAATAATAATAATA
pattern_2		14:58841995:T:C:R:wC	3	32	+	-24.5	9.95e-05	0.143	TTTTTTTTTTTTTTTTTGACGGAGTCTTGC
pattern_2		17:64660752:T:C:A:wC	120	149	+	-24.5122	9.98e-05	0.143	TTTTTTTTTTTTTTTTTTTTGGCAATGTCT
pattern_4		4:119376994:C:G:R:wC	101	130	-	10.1905	9.99e-05	0.331	GATTCCACTTATATAAAATGTTCATAATAA
pattern_1		2:110316208:G:A:R:wC	26	55	+	9.85714	9.99e-05	0.173	TTAATATAAAATGTTAAGATCAGTTAATTA
pattern_1		2:105466005:G:A:R:wC	43	72	+	9.85714	9.99e-05	0.173	AGGAATAGTTTTTGAACTATATTTCTTTCT
pattern_1		10:78342790:G:A:A:wC	19	48	-	9.85714	9.99e-05	0.173	AAAACAAACAAACAATAAATAAATAAATTA
pattern_1		12:10597582:A:C:A:wC	20	49	-	9.85714	9.99e-05	0.173	AAAAAAAAAAAAAAAAAATTAGTGCATATA
pattern_1		12:118682338:C:T:R:wC	67	96	-	9.85714	9.99e-05	0.173	AAGAAAAAAGAAATTAACAAAATTCTTTAA
pattern_0		1:161008572:C:A:R:wC	29	58	+	6.2619	0.0001	0.0622	CCTAGGAGTCACGGCCGCCATGGCATCCCC
pattern_0		19:8500819:T:G:R:wC	53	82	+	6.2619	0.0001	0.0622	TCTTTGTCACCCAGGCTGCAGTGCAGTGTG
pattern_0		9:117134945:T:C:A:wC	145	174	-	6.2619	0.0001	0.0622	CCCATGGCTGCAGACTCCAAGTAGGTCCAA
pattern_3		2:65277190:A:C:A:wC	10	39	-	9.89286	0.0001	0.0454	TACTAATGAATGCTAAAACTATTGGGAAAA

# FIMO (Find Individual Motif Occurrences): Version 5.5.5 compiled on Jan  2 2025 at 11:01:40
# The format of this file is described at https://meme-suite.org/meme/doc/fimo-output-format.html#tsv_results.
# fimo --no-pgc -o k562_95033_malinois_hit_fimo k562_95033_modisco_motif_pwms.txt k562.hit.80.percent.train.95033.fa
